feedback_id,visitor_id,rating,category,feedback_date,sentiment_score,would_recommend
1,44846,4,Value,2024-01-01 00:00:00,0.27012444415462966,1
2,17370,2,Food,2024-01-01 01:00:00,0.9395255607436087,1
3,14022,4,Food,2024-01-01 02:00:00,0.2605086441102943,0
4,48007,3,Animals,2024-01-01 03:00:00,0.24239417124528606,1
5,582,4,Facilities,2024-01-01 04:00:00,0.5600619919843529,1
6,42168,2,Staff,2024-01-01 05:00:00,0.11171346212171862,1
7,6995,5,Staff,2024-01-01 06:00:00,0.7865286954090499,1
8,11174,3,Value,2024-01-01 07:00:00,0.6461656409875449,1
9,4465,3,Animals,2024-01-01 08:00:00,0.18591877546594193,1
10,34876,4,Animals,2024-01-01 09:00:00,0.470842597003879,1
11,41637,1,Animals,2024-01-01 10:00:00,0.3030135714062899,1
12,6243,3,Value,2024-01-01 11:00:00,0.2829354516576895,0
13,27884,1,Value,2024-01-01 12:00:00,0.4345056838122271,0
14,3113,3,Animals,2024-01-01 13:00:00,0.10078538154199956,1
15,38966,3,Facilities,2024-01-01 14:00:00,0.37452078052470716,0
16,31934,4,Staff,2024-01-01 15:00:00,0.6004858817218641,1
17,25592,2,Staff,2024-01-01 16:00:00,0.09073038388808097,1
18,10106,4,Animals,2024-01-01 17:00:00,0.2842018199751245,1
19,3578,5,Facilities,2024-01-01 18:00:00,0.5691408362315954,0
20,7386,4,Animals,2024-01-01 19:00:00,0.4561173266135202,1
21,11531,4,Value,2024-01-01 20:00:00,0.8074211488791712,1
22,41588,3,Value,2024-01-01 21:00:00,0.15969601653593135,1
23,35177,2,Facilities,2024-01-01 22:00:00,0.2696007195334321,1
24,9697,4,Facilities,2024-01-01 23:00:00,0.9252020288632047,1
25,44738,4,Food,2024-01-02 00:00:00,0.8375262904116301,1
26,40957,3,Staff,2024-01-02 01:00:00,0.9761543204522385,1
27,2524,3,Staff,2024-01-02 02:00:00,0.7858189615176453,1
28,49818,5,Animals,2024-01-02 03:00:00,0.987717107665509,1
29,49323,5,Staff,2024-01-02 04:00:00,0.8325504326377104,1
30,4982,5,Animals,2024-01-02 05:00:00,0.4967131455501609,1
31,7504,5,Animals,2024-01-02 06:00:00,0.6216665159082528,1
32,28752,4,Food,2024-01-02 07:00:00,0.3424312912621732,1
33,196,5,Value,2024-01-02 08:00:00,0.7992885550596632,1
34,11394,4,Staff,2024-01-02 09:00:00,0.3856038713676594,1
35,1615,5,Animals,2024-01-02 10:00:00,0.6423211324908517,1
36,22082,4,Staff,2024-01-02 11:00:00,0.5676267344383584,1
37,49673,4,Animals,2024-01-02 12:00:00,0.32802717432600215,0
38,20087,3,Value,2024-01-02 13:00:00,0.0007192780602586213,1
39,836,4,Staff,2024-01-02 14:00:00,0.6638366020888768,1
40,49252,3,Food,2024-01-02 15:00:00,0.31302614156712816,0
41,29403,3,Food,2024-01-02 16:00:00,0.7094216659978826,1
42,40358,2,Value,2024-01-02 17:00:00,0.6814105530063228,1
43,34067,3,Animals,2024-01-02 18:00:00,0.1867581110479445,1
44,35771,1,Facilities,2024-01-02 19:00:00,0.6047377988108085,1
45,25266,2,Food,2024-01-02 20:00:00,0.8544984968323861,0
46,2494,1,Animals,2024-01-02 21:00:00,0.38108913011154777,1
47,6903,4,Food,2024-01-02 22:00:00,0.7407650229918336,1
48,38427,3,Staff,2024-01-02 23:00:00,0.2053686897801449,1
49,28437,5,Animals,2024-01-03 00:00:00,0.16098608547712556,0
50,26527,5,Food,2024-01-03 01:00:00,0.8369980712622423,1
51,13195,1,Animals,2024-01-03 02:00:00,0.5894803755259579,1
52,11353,5,Animals,2024-01-03 03:00:00,0.27662951088650467,1
53,18297,5,Staff,2024-01-03 04:00:00,0.5007056713736308,0
54,24677,3,Facilities,2024-01-03 05:00:00,0.16175205513207325,0
55,17477,4,Staff,2024-01-03 06:00:00,0.6910104743254006,1
56,34638,5,Animals,2024-01-03 07:00:00,0.0670792069092565,1
57,43562,2,Food,2024-01-03 08:00:00,0.17507464004833695,1
58,4314,3,Facilities,2024-01-03 09:00:00,0.9585004871850077,1
59,11219,3,Facilities,2024-01-03 10:00:00,0.1570925726112835,1
60,7282,4,Food,2024-01-03 11:00:00,0.20150031364577425,1
61,43986,4,Facilities,2024-01-03 12:00:00,0.8706537554641779,1
62,38982,5,Animals,2024-01-03 13:00:00,0.9202640154724615,1
63,2234,5,Food,2024-01-03 14:00:00,0.7403378648373643,1
64,10048,5,Value,2024-01-03 15:00:00,0.1446151095259074,0
65,28707,4,Staff,2024-01-03 16:00:00,0.8854293702814842,1
66,24151,5,Food,2024-01-03 17:00:00,0.811667126815502,1
67,47375,2,Facilities,2024-01-03 18:00:00,0.5494597393004115,1
68,8273,5,Facilities,2024-01-03 19:00:00,0.699939790784172,1
69,40111,5,Animals,2024-01-03 20:00:00,0.16371067218486846,1
70,6808,5,Facilities,2024-01-03 21:00:00,0.04352876327116373,1
71,38720,4,Animals,2024-01-03 22:00:00,0.23846630873771268,1
72,49757,4,Value,2024-01-03 23:00:00,0.9301215077529402,1
73,46210,5,Facilities,2024-01-04 00:00:00,0.4847252745070477,1
74,2994,4,Animals,2024-01-04 01:00:00,0.12594514964605763,0
75,29874,4,Value,2024-01-04 02:00:00,0.37185499980415126,1
76,46043,4,Staff,2024-01-04 03:00:00,0.5869188112102814,1
77,42952,3,Facilities,2024-01-04 04:00:00,0.6097325022709689,1
78,18992,3,Staff,2024-01-04 05:00:00,0.642339080184287,0
79,1212,3,Value,2024-01-04 06:00:00,0.10405921865138212,1
80,39902,5,Staff,2024-01-04 07:00:00,0.29273835716200414,1
81,23609,3,Food,2024-01-04 08:00:00,0.2501425016981942,0
82,25720,3,Staff,2024-01-04 09:00:00,0.5669955739766702,0
83,10946,5,Food,2024-01-04 10:00:00,0.10878821990388843,1
84,21407,4,Food,2024-01-04 11:00:00,0.35411656848459305,1
85,42760,3,Staff,2024-01-04 12:00:00,0.24479260478706377,0
86,15417,5,Food,2024-01-04 13:00:00,0.8654432402982056,1
87,27430,3,Animals,2024-01-04 14:00:00,0.8428500487204764,1
88,49343,4,Facilities,2024-01-04 15:00:00,0.9837669985909951,1
89,47542,5,Food,2024-01-04 16:00:00,0.9889602035676307,0
90,17369,5,Animals,2024-01-04 17:00:00,0.9696402241474705,1
91,3412,3,Animals,2024-01-04 18:00:00,0.5816633018581955,1
92,22571,2,Food,2024-01-04 19:00:00,0.6783427328438348,0
93,34289,1,Facilities,2024-01-04 20:00:00,0.26309450345134466,1
94,4071,3,Staff,2024-01-04 21:00:00,0.3203295092999304,0
95,47052,2,Food,2024-01-04 22:00:00,0.7550535252125856,1
96,23645,3,Animals,2024-01-04 23:00:00,0.44743396883336095,1
97,2898,5,Staff,2024-01-05 00:00:00,0.6588274523378925,0
98,18082,4,Food,2024-01-05 01:00:00,0.39251500827988894,1
99,23356,2,Facilities,2024-01-05 02:00:00,0.4321809580834556,0
100,45024,2,Staff,2024-01-05 03:00:00,0.6467103157472855,1
101,23395,5,Facilities,2024-01-05 04:00:00,0.41803745182947794,0
102,9669,4,Food,2024-01-05 05:00:00,0.23275946159391137,1
103,6900,5,Animals,2024-01-05 06:00:00,0.13001105828178494,0
104,14142,3,Staff,2024-01-05 07:00:00,0.6300575680245045,1
105,2766,3,Animals,2024-01-05 08:00:00,0.35524725443704885,1
106,541,2,Staff,2024-01-05 09:00:00,0.975612251183811,1
107,32150,5,Food,2024-01-05 10:00:00,0.594201587181168,0
108,30198,4,Animals,2024-01-05 11:00:00,0.9980132889720911,1
109,771,3,Value,2024-01-05 12:00:00,0.671747293381097,1
110,9962,4,Facilities,2024-01-05 13:00:00,0.7702762614539546,1
111,17421,3,Staff,2024-01-05 14:00:00,0.5980342350925766,1
112,29503,5,Value,2024-01-05 15:00:00,0.22840797420787806,1
113,7910,4,Food,2024-01-05 16:00:00,0.1926630058702875,1
114,41379,5,Facilities,2024-01-05 17:00:00,0.7500185516613643,1
115,8220,3,Value,2024-01-05 18:00:00,0.708132856366135,1
116,45751,3,Facilities,2024-01-05 19:00:00,0.3352773032012786,1
117,48449,4,Animals,2024-01-05 20:00:00,0.5421133956936082,1
118,28181,3,Food,2024-01-05 21:00:00,0.770574339999856,0
119,42765,5,Facilities,2024-01-05 22:00:00,0.9204244013808073,1
120,46749,4,Food,2024-01-05 23:00:00,0.4646106180404418,0
121,25293,5,Value,2024-01-06 00:00:00,0.24819979248408153,1
122,31995,5,Animals,2024-01-06 01:00:00,0.7417445520987321,1
123,32415,5,Food,2024-01-06 02:00:00,0.504592378366903,1
124,23310,5,Food,2024-01-06 03:00:00,0.4419516480589898,1
125,38826,3,Food,2024-01-06 04:00:00,0.954838169120613,0
126,37995,4,Food,2024-01-06 05:00:00,0.2695223980070637,1
127,47994,4,Food,2024-01-06 06:00:00,0.6819278935602708,1
128,26604,4,Food,2024-01-06 07:00:00,0.4943216173084606,1
129,9586,3,Animals,2024-01-06 08:00:00,0.5871430341271341,0
130,35007,5,Value,2024-01-06 09:00:00,0.6635167484357045,1
131,41168,3,Staff,2024-01-06 10:00:00,0.6725967323861095,0
132,9964,4,Animals,2024-01-06 11:00:00,0.8948897367418218,1
133,18478,5,Facilities,2024-01-06 12:00:00,0.5646623615903824,1
134,12026,3,Value,2024-01-06 13:00:00,0.4718178520795565,1
135,23434,4,Staff,2024-01-06 14:00:00,0.68404844453204,1
136,27399,4,Value,2024-01-06 15:00:00,0.378278526781891,1
137,22473,5,Food,2024-01-06 16:00:00,0.22729640676486496,1
138,28924,5,Value,2024-01-06 17:00:00,0.34591620105737564,1
139,15015,3,Staff,2024-01-06 18:00:00,0.38490250101197476,1
140,4119,4,Facilities,2024-01-06 19:00:00,0.42319791309293553,1
141,15373,4,Food,2024-01-06 20:00:00,0.8306164701700262,1
142,1686,3,Facilities,2024-01-06 21:00:00,0.6315187521677983,1
143,24037,5,Food,2024-01-06 22:00:00,0.0433742590235785,1
144,11325,5,Food,2024-01-06 23:00:00,0.5801135284233871,1
145,30115,4,Animals,2024-01-07 00:00:00,0.18219773515949944,1
146,40103,4,Animals,2024-01-07 01:00:00,0.30709032399119673,1
147,5087,5,Staff,2024-01-07 02:00:00,0.7895825332537543,1
148,48392,4,Value,2024-01-07 03:00:00,0.6095853233276122,0
149,7930,4,Animals,2024-01-07 04:00:00,0.3414659611561265,1
150,7357,1,Facilities,2024-01-07 05:00:00,0.2968746449655444,1
151,36571,4,Facilities,2024-01-07 06:00:00,0.14334328647407857,0
152,4139,2,Animals,2024-01-07 07:00:00,0.276556905725435,1
153,6862,5,Animals,2024-01-07 08:00:00,0.653358246236497,0
154,42116,5,Value,2024-01-07 09:00:00,0.6271093602980801,1
155,44850,2,Animals,2024-01-07 10:00:00,0.3749795323463829,1
156,41545,5,Facilities,2024-01-07 11:00:00,0.4114455435996447,1
157,16957,5,Facilities,2024-01-07 12:00:00,0.5763239096579342,1
158,25941,3,Food,2024-01-07 13:00:00,0.374993011121482,1
159,23045,5,Staff,2024-01-07 14:00:00,0.7115163989690333,1
160,43560,1,Facilities,2024-01-07 15:00:00,0.08762634775742295,1
161,18308,3,Animals,2024-01-07 16:00:00,0.5789929124691993,1
162,12882,4,Facilities,2024-01-07 17:00:00,0.9546033320550331,0
163,4690,5,Staff,2024-01-07 18:00:00,0.6794143565751354,1
164,43348,4,Animals,2024-01-07 19:00:00,0.4202153419537027,1
165,45526,2,Value,2024-01-07 20:00:00,0.3405987115738458,1
166,6438,3,Value,2024-01-07 21:00:00,0.7167361977525621,1
167,7756,5,Food,2024-01-07 22:00:00,0.575754882646832,1
168,43915,5,Food,2024-01-07 23:00:00,0.6932796842149905,1
169,8234,4,Value,2024-01-08 00:00:00,0.2649365996026627,1
170,17410,5,Value,2024-01-08 01:00:00,0.5197786623537651,0
171,40435,5,Staff,2024-01-08 02:00:00,0.14278517093432708,1
172,40631,3,Animals,2024-01-08 03:00:00,0.14970083352366403,1
173,17512,3,Value,2024-01-08 04:00:00,0.5000742179210496,1
174,14309,4,Food,2024-01-08 05:00:00,0.9576239921348116,0
175,28440,4,Animals,2024-01-08 06:00:00,0.25441770355378357,1
176,46262,4,Value,2024-01-08 07:00:00,0.6648782688446884,1
177,5756,5,Animals,2024-01-08 08:00:00,0.1778799618154564,1
178,2947,5,Food,2024-01-08 09:00:00,0.7063966347861305,1
179,40147,5,Facilities,2024-01-08 10:00:00,0.9724462169107362,1
180,6459,5,Animals,2024-01-08 11:00:00,0.023324309771649343,1
181,47935,4,Animals,2024-01-08 12:00:00,0.6830297029622688,0
182,5485,4,Facilities,2024-01-08 13:00:00,0.48352584708102087,1
183,33712,5,Food,2024-01-08 14:00:00,0.6476702921674332,1
184,33357,2,Value,2024-01-08 15:00:00,0.18475383960888392,0
185,37024,3,Animals,2024-01-08 16:00:00,0.6279641943398887,1
186,31658,2,Facilities,2024-01-08 17:00:00,0.5590835918528123,1
187,17123,5,Facilities,2024-01-08 18:00:00,0.9938706518888986,1
188,5488,4,Value,2024-01-08 19:00:00,0.2950082196346894,1
189,46486,5,Staff,2024-01-08 20:00:00,0.7885901016449671,1
190,12558,5,Facilities,2024-01-08 21:00:00,0.9752323218062695,1
191,35486,5,Facilities,2024-01-08 22:00:00,0.8992158926930718,0
192,44703,4,Food,2024-01-08 23:00:00,0.2115164061017597,1
193,14364,4,Facilities,2024-01-09 00:00:00,0.5522261120640871,1
194,34834,4,Value,2024-01-09 01:00:00,0.8864954266560429,1
195,4873,4,Staff,2024-01-09 02:00:00,0.7110144919591149,1
196,6112,4,Staff,2024-01-09 03:00:00,0.6208792846210518,1
197,2488,5,Food,2024-01-09 04:00:00,0.3291498784470487,1
198,21790,3,Facilities,2024-01-09 05:00:00,0.7161109568021539,1
199,505,2,Animals,2024-01-09 06:00:00,0.09859854339791585,1
200,24660,3,Value,2024-01-09 07:00:00,0.7186034754359337,0
201,22425,4,Facilities,2024-01-09 08:00:00,0.5830844160574229,1
202,22261,2,Animals,2024-01-09 09:00:00,0.38375489003619956,1
203,22001,5,Staff,2024-01-09 10:00:00,0.9350924781417366,0
204,37296,4,Facilities,2024-01-09 11:00:00,0.5522933222788615,1
205,6609,4,Food,2024-01-09 12:00:00,0.5993879779410183,1
206,42927,3,Facilities,2024-01-09 13:00:00,0.9966223404219574,1
207,48134,2,Value,2024-01-09 14:00:00,0.7211426446460532,1
208,24294,5,Facilities,2024-01-09 15:00:00,0.16419517559207597,1
209,3339,4,Staff,2024-01-09 16:00:00,0.7414781382437967,1
210,2085,2,Food,2024-01-09 17:00:00,0.2537642518280798,1
211,29805,2,Staff,2024-01-09 18:00:00,0.9618891361944846,1
212,24176,5,Value,2024-01-09 19:00:00,0.6674460293180372,0
213,46097,4,Staff,2024-01-09 20:00:00,0.405197542475349,1
214,15080,5,Value,2024-01-09 21:00:00,0.21869606845189948,0
215,30200,3,Facilities,2024-01-09 22:00:00,0.4119385580640603,1
216,22622,3,Value,2024-01-09 23:00:00,0.27912938192934933,1
217,24343,4,Value,2024-01-10 00:00:00,0.4428933381051877,1
218,9754,4,Food,2024-01-10 01:00:00,0.8258801228336476,0
219,23821,5,Facilities,2024-01-10 02:00:00,0.7507581887927702,1
220,19191,5,Facilities,2024-01-10 03:00:00,0.6133163547258386,1
221,20092,5,Facilities,2024-01-10 04:00:00,0.26121335160325065,1
222,1545,5,Facilities,2024-01-10 05:00:00,0.001957280234403558,1
223,9964,4,Food,2024-01-10 06:00:00,0.6737630001068535,1
224,12489,4,Food,2024-01-10 07:00:00,0.9882658036542734,1
225,34228,4,Facilities,2024-01-10 08:00:00,0.32461097513808945,1
226,44909,3,Value,2024-01-10 09:00:00,0.6846186851324764,1
227,22723,3,Facilities,2024-01-10 10:00:00,0.5132626221290976,0
228,11056,4,Facilities,2024-01-10 11:00:00,0.7241762066461396,0
229,43152,4,Staff,2024-01-10 12:00:00,0.37583611310075493,1
230,8647,3,Food,2024-01-10 13:00:00,0.9028729577382437,1
231,14976,4,Staff,2024-01-10 14:00:00,0.016020484391473966,1
232,26939,4,Staff,2024-01-10 15:00:00,0.08292770404250893,1
233,23325,4,Animals,2024-01-10 16:00:00,0.2712158158886513,1
234,47949,3,Food,2024-01-10 17:00:00,0.08122696409720265,1
235,37683,2,Staff,2024-01-10 18:00:00,0.2343025625951578,1
236,23219,4,Food,2024-01-10 19:00:00,0.40630032252952286,1
237,39593,3,Value,2024-01-10 20:00:00,0.5495100985344622,1
238,22241,4,Staff,2024-01-10 21:00:00,0.17869760318078576,0
239,32511,4,Value,2024-01-10 22:00:00,0.4039446014982154,1
240,16634,4,Food,2024-01-10 23:00:00,0.279253228552821,1
241,41745,4,Animals,2024-01-11 00:00:00,0.2305276049149344,1
242,6824,5,Animals,2024-01-11 01:00:00,0.6790356320286071,1
243,47122,5,Facilities,2024-01-11 02:00:00,0.5342115051003364,1
244,3811,2,Facilities,2024-01-11 03:00:00,0.6302045716340925,1
245,8571,3,Facilities,2024-01-11 04:00:00,0.10463194037989698,0
246,15934,4,Food,2024-01-11 05:00:00,0.4611066522640682,0
247,23706,4,Value,2024-01-11 06:00:00,0.27929439709247195,0
248,44117,5,Animals,2024-01-11 07:00:00,0.5439434079968921,0
249,20523,5,Facilities,2024-01-11 08:00:00,0.25950366498502764,1
250,28135,2,Facilities,2024-01-11 09:00:00,0.9074793385016886,0
251,12012,4,Staff,2024-01-11 10:00:00,0.6765317298776591,0
252,24883,3,Staff,2024-01-11 11:00:00,0.49344227525527706,1
253,42879,5,Food,2024-01-11 12:00:00,0.10080891779496193,1
254,27433,2,Staff,2024-01-11 13:00:00,0.45072073231030996,1
255,34862,5,Food,2024-01-11 14:00:00,0.1459431286278402,1
256,11621,5,Animals,2024-01-11 15:00:00,0.48829996455293245,1
257,36866,3,Food,2024-01-11 16:00:00,0.6750530396314477,1
258,24061,2,Value,2024-01-11 17:00:00,0.477913033767018,1
259,31854,4,Facilities,2024-01-11 18:00:00,0.1288721769728821,1
260,1883,4,Value,2024-01-11 19:00:00,0.8845188478302192,0
261,13617,3,Value,2024-01-11 20:00:00,0.395892632034472,0
262,31481,3,Animals,2024-01-11 21:00:00,0.3054038527670969,1
263,28654,3,Facilities,2024-01-11 22:00:00,0.9124029814803895,1
264,49481,3,Animals,2024-01-11 23:00:00,0.289375831720009,1
265,15379,4,Value,2024-01-12 00:00:00,0.09349903260230186,0
266,6611,4,Value,2024-01-12 01:00:00,0.7635284612414193,1
267,2120,2,Value,2024-01-12 02:00:00,0.897838313855862,1
268,48171,4,Value,2024-01-12 03:00:00,0.9492584616610799,1
269,2959,5,Animals,2024-01-12 04:00:00,0.853796367942181,0
270,1083,1,Animals,2024-01-12 05:00:00,0.38302279113510906,1
271,44553,4,Staff,2024-01-12 06:00:00,0.2674138013051598,1
272,10205,5,Animals,2024-01-12 07:00:00,0.5481264485065376,1
273,34534,4,Staff,2024-01-12 08:00:00,0.6833555683142594,1
274,10466,4,Staff,2024-01-12 09:00:00,0.3472661546863576,0
275,10110,4,Staff,2024-01-12 10:00:00,0.7074646362485009,1
276,9311,4,Staff,2024-01-12 11:00:00,0.39670248534210684,1
277,49101,5,Staff,2024-01-12 12:00:00,0.13330982610403297,0
278,19731,3,Food,2024-01-12 13:00:00,0.6305181260199679,1
279,25421,5,Value,2024-01-12 14:00:00,0.10865361407260199,1
280,12836,4,Animals,2024-01-12 15:00:00,0.9673171271789611,1
281,28305,2,Animals,2024-01-12 16:00:00,0.7920543545972074,1
282,38831,4,Value,2024-01-12 17:00:00,0.31398729379809687,0
283,11906,3,Value,2024-01-12 18:00:00,0.06514930077660253,0
284,33327,4,Facilities,2024-01-12 19:00:00,0.6563729860965171,1
285,22804,1,Facilities,2024-01-12 20:00:00,0.8872004435785913,1
286,10203,5,Facilities,2024-01-12 21:00:00,0.9321377355948277,1
287,39227,4,Staff,2024-01-12 22:00:00,0.7636459925938228,1
288,26703,3,Value,2024-01-12 23:00:00,0.305816017176612,1
289,29836,5,Value,2024-01-13 00:00:00,0.34832804957726704,1
290,27587,3,Food,2024-01-13 01:00:00,0.2397967927282192,1
291,26641,3,Food,2024-01-13 02:00:00,0.30471533644339,1
292,18544,3,Facilities,2024-01-13 03:00:00,0.7003823859904783,0
293,14606,2,Value,2024-01-13 04:00:00,0.4619851975523881,1
294,4851,5,Food,2024-01-13 05:00:00,0.6159452810408925,1
295,18600,1,Value,2024-01-13 06:00:00,0.5584729988091798,1
296,15785,4,Staff,2024-01-13 07:00:00,0.26859724132877805,1
297,48676,3,Animals,2024-01-13 08:00:00,0.007445922179709075,1
298,21140,4,Food,2024-01-13 09:00:00,0.6971758777256483,1
299,49980,5,Staff,2024-01-13 10:00:00,0.6456918434008652,0
300,15226,3,Staff,2024-01-13 11:00:00,0.4249927131518829,1
301,40302,5,Food,2024-01-13 12:00:00,0.05383583828397642,0
302,23342,5,Animals,2024-01-13 13:00:00,0.5482994525494562,0
303,47551,4,Animals,2024-01-13 14:00:00,0.4188051200229701,1
304,47241,3,Food,2024-01-13 15:00:00,0.7331904400776783,1
305,13972,3,Staff,2024-01-13 16:00:00,0.5522425745683855,1
306,42089,4,Animals,2024-01-13 17:00:00,0.6565598315533069,1
307,11847,4,Food,2024-01-13 18:00:00,0.2641158355054428,0
308,16640,4,Facilities,2024-01-13 19:00:00,0.22539049534813005,1
309,26348,1,Value,2024-01-13 20:00:00,0.6188397564967283,1
310,22202,4,Animals,2024-01-13 21:00:00,0.8044381393579283,1
311,34470,3,Animals,2024-01-13 22:00:00,0.19456056663826837,1
312,24808,4,Animals,2024-01-13 23:00:00,0.9694246981185918,1
313,37061,4,Value,2024-01-14 00:00:00,0.025568318504441634,1
314,13251,4,Value,2024-01-14 01:00:00,0.9842969844747683,1
315,37496,5,Facilities,2024-01-14 02:00:00,0.3859004015087063,0
316,41230,5,Food,2024-01-14 03:00:00,0.04130995536194981,1
317,3278,4,Animals,2024-01-14 04:00:00,0.18338295129992976,0
318,39554,4,Animals,2024-01-14 05:00:00,0.0026709749465836374,1
319,13904,3,Value,2024-01-14 06:00:00,0.4383666593096749,1
320,9142,1,Facilities,2024-01-14 07:00:00,0.5373499257300157,1
321,12330,4,Value,2024-01-14 08:00:00,0.8115687900492109,1
322,27163,4,Animals,2024-01-14 09:00:00,0.35542965778904345,0
323,37021,4,Food,2024-01-14 10:00:00,0.45085008790364034,0
324,18861,1,Food,2024-01-14 11:00:00,0.3366251728661479,1
325,8207,1,Staff,2024-01-14 12:00:00,0.2689622213849565,0
326,17276,4,Staff,2024-01-14 13:00:00,0.9227893453153098,1
327,18866,5,Facilities,2024-01-14 14:00:00,0.08798089582550506,1
328,31452,5,Staff,2024-01-14 15:00:00,0.3493023774971076,1
329,6815,5,Facilities,2024-01-14 16:00:00,0.8969351443401069,1
330,2159,5,Value,2024-01-14 17:00:00,0.863809076293008,1
331,8458,4,Staff,2024-01-14 18:00:00,0.8830329215470896,1
332,1954,4,Food,2024-01-14 19:00:00,0.42202238020478866,1
333,7527,4,Facilities,2024-01-14 20:00:00,0.6067406395998728,1
334,23684,4,Food,2024-01-14 21:00:00,0.1363660338178665,1
335,33328,5,Facilities,2024-01-14 22:00:00,0.8398493473196357,1
336,27612,5,Facilities,2024-01-14 23:00:00,0.10070475011578706,0
337,19238,5,Animals,2024-01-15 00:00:00,0.7550613648336505,1
338,15184,4,Value,2024-01-15 01:00:00,0.44135999937188364,1
339,35546,4,Facilities,2024-01-15 02:00:00,0.1830553801303828,1
340,36196,5,Value,2024-01-15 03:00:00,0.7394623253917757,1
341,7807,5,Staff,2024-01-15 04:00:00,0.3564174283532284,1
342,44565,2,Food,2024-01-15 05:00:00,0.49567746776142263,1
343,17773,4,Value,2024-01-15 06:00:00,0.483488509544183,1
344,33443,4,Facilities,2024-01-15 07:00:00,0.6799763602737694,0
345,3644,2,Value,2024-01-15 08:00:00,0.031818732603270394,0
346,46699,4,Animals,2024-01-15 09:00:00,0.42210978207841754,1
347,27450,4,Food,2024-01-15 10:00:00,0.080389319820663,0
348,14432,4,Animals,2024-01-15 11:00:00,0.7189273834152811,1
349,14141,5,Animals,2024-01-15 12:00:00,0.048095398112491194,1
350,4618,3,Food,2024-01-15 13:00:00,0.1873618459020564,1
351,49253,3,Food,2024-01-15 14:00:00,0.7302254774235313,1
352,21854,4,Facilities,2024-01-15 15:00:00,0.4507706707495338,0
353,18992,5,Value,2024-01-15 16:00:00,0.9435907629890403,1
354,20797,3,Staff,2024-01-15 17:00:00,0.3484345544375833,1
355,18584,4,Facilities,2024-01-15 18:00:00,0.9405585881752038,1
356,29624,1,Animals,2024-01-15 19:00:00,0.48837208530888065,1
357,19976,3,Animals,2024-01-15 20:00:00,0.7150490530329648,1
358,45151,5,Food,2024-01-15 21:00:00,0.12390526064983776,1
359,15536,5,Value,2024-01-15 22:00:00,0.5637435453736415,1
360,30145,4,Facilities,2024-01-15 23:00:00,0.38974701022120495,1
361,38790,3,Value,2024-01-16 00:00:00,0.31448144192211736,1
362,26039,5,Animals,2024-01-16 01:00:00,0.10141316351872864,1
363,19405,4,Facilities,2024-01-16 02:00:00,0.015147538850091347,0
364,3147,4,Animals,2024-01-16 03:00:00,0.5879758051736109,1
365,43440,5,Staff,2024-01-16 04:00:00,0.621751922627921,1
366,1724,2,Animals,2024-01-16 05:00:00,0.2963522255387151,1
367,47635,5,Animals,2024-01-16 06:00:00,0.8080835716725316,1
368,28819,3,Animals,2024-01-16 07:00:00,0.21503121288942817,0
369,11704,4,Staff,2024-01-16 08:00:00,0.1519723783585718,1
370,5455,3,Value,2024-01-16 09:00:00,0.21849268817550016,1
371,48510,5,Facilities,2024-01-16 10:00:00,0.7812886707628848,1
372,40507,3,Staff,2024-01-16 11:00:00,0.6952361713535913,1
373,44145,4,Facilities,2024-01-16 12:00:00,0.5559362200170628,1
374,16702,5,Food,2024-01-16 13:00:00,0.2647777274157548,1
375,33038,2,Facilities,2024-01-16 14:00:00,0.16569120969054796,1
376,6811,4,Food,2024-01-16 15:00:00,0.07844164855728575,1
377,38806,4,Animals,2024-01-16 16:00:00,0.3904723171630695,0
378,46818,4,Facilities,2024-01-16 17:00:00,0.746033545999321,1
379,40458,4,Food,2024-01-16 18:00:00,0.10765435568619108,1
380,35158,4,Staff,2024-01-16 19:00:00,0.9095812598772329,0
381,44763,4,Animals,2024-01-16 20:00:00,0.4174348193874612,1
382,7534,4,Value,2024-01-16 21:00:00,0.22920831096178673,1
383,32801,5,Facilities,2024-01-16 22:00:00,0.3111354716280409,1
384,36551,4,Staff,2024-01-16 23:00:00,0.7692068101969043,1
385,47792,5,Facilities,2024-01-17 00:00:00,0.14478538444427225,1
386,12447,4,Facilities,2024-01-17 01:00:00,0.36831020983942786,1
387,30801,4,Facilities,2024-01-17 02:00:00,0.43942855202027065,1
388,14567,3,Facilities,2024-01-17 03:00:00,0.6464568714784493,1
389,16914,4,Staff,2024-01-17 04:00:00,0.7724754993011417,1
390,15006,3,Facilities,2024-01-17 05:00:00,0.27744248715398634,0
391,24739,5,Staff,2024-01-17 06:00:00,0.28680740625693757,1
392,29893,3,Animals,2024-01-17 07:00:00,0.03275061618250197,1
393,9120,4,Value,2024-01-17 08:00:00,0.9253582740209351,1
394,6958,2,Value,2024-01-17 09:00:00,0.029306272857555937,1
395,18912,4,Facilities,2024-01-17 10:00:00,0.7310095767688856,1
396,28220,4,Food,2024-01-17 11:00:00,0.35454078369338504,1
397,35515,4,Staff,2024-01-17 12:00:00,0.7785077435016078,0
398,17153,5,Facilities,2024-01-17 13:00:00,0.6217341217647895,1
399,17740,5,Food,2024-01-17 14:00:00,0.10476116063090024,1
400,39211,3,Food,2024-01-17 15:00:00,0.791021297644537,1
401,23135,5,Staff,2024-01-17 16:00:00,0.5781901253240423,0
402,42740,2,Facilities,2024-01-17 17:00:00,0.04446611502802489,1
403,7066,4,Food,2024-01-17 18:00:00,0.4450379587050465,0
404,30905,2,Facilities,2024-01-17 19:00:00,0.9475170204974875,1
405,9858,4,Value,2024-01-17 20:00:00,0.4755667493142597,1
406,6633,3,Animals,2024-01-17 21:00:00,0.07041621542781806,1
407,34622,4,Food,2024-01-17 22:00:00,0.939106158890594,1
408,2358,4,Facilities,2024-01-17 23:00:00,0.47309538537552487,1
409,11746,4,Food,2024-01-18 00:00:00,0.6667423412763004,1
410,39044,3,Value,2024-01-18 01:00:00,0.45997887634524126,1
411,30330,3,Value,2024-01-18 02:00:00,0.35677350688288323,1
412,3080,4,Animals,2024-01-18 03:00:00,0.6328685387405504,0
413,27614,3,Staff,2024-01-18 04:00:00,0.04211896906862311,1
414,4775,4,Food,2024-01-18 05:00:00,0.2228125414287354,1
415,38499,5,Value,2024-01-18 06:00:00,0.8911166799674206,0
416,30782,5,Food,2024-01-18 07:00:00,0.30397413403456097,1
417,1978,4,Food,2024-01-18 08:00:00,0.8588354771021395,1
418,38169,4,Food,2024-01-18 09:00:00,0.05711192622866401,1
419,39001,5,Staff,2024-01-18 10:00:00,0.13325044296013533,1
420,28311,3,Staff,2024-01-18 11:00:00,0.7262151145811949,1
421,24622,5,Facilities,2024-01-18 12:00:00,0.9460916634509949,0
422,49956,3,Animals,2024-01-18 13:00:00,0.8489080056454613,1
423,28533,5,Staff,2024-01-18 14:00:00,0.5974983911486825,1
424,18840,5,Animals,2024-01-18 15:00:00,0.18584948417281,1
425,43147,4,Facilities,2024-01-18 16:00:00,0.8044068161591609,1
426,47647,3,Value,2024-01-18 17:00:00,0.5560092097661516,1
427,35973,3,Facilities,2024-01-18 18:00:00,0.9674829351015937,1
428,6319,2,Animals,2024-01-18 19:00:00,0.568266691539888,1
429,9990,4,Animals,2024-01-18 20:00:00,0.6018709655671732,1
430,3758,4,Staff,2024-01-18 21:00:00,0.5491854695089302,1
431,41739,4,Facilities,2024-01-18 22:00:00,0.17387918561618765,1
432,28092,5,Value,2024-01-18 23:00:00,0.9207638567653265,0
433,316,5,Value,2024-01-19 00:00:00,0.2286721835760983,1
434,12272,4,Animals,2024-01-19 01:00:00,0.7927584797987564,1
435,11618,4,Value,2024-01-19 02:00:00,0.3031637047170761,1
436,14790,2,Value,2024-01-19 03:00:00,0.9133955305735214,1
437,36329,5,Animals,2024-01-19 04:00:00,0.15181377857535416,0
438,26121,4,Facilities,2024-01-19 05:00:00,0.15792788050679174,1
439,7428,1,Value,2024-01-19 06:00:00,0.3867569220094096,1
440,24733,2,Animals,2024-01-19 07:00:00,0.00013413479601753764,1
441,1362,3,Staff,2024-01-19 08:00:00,0.32971714931599294,1
442,28388,4,Staff,2024-01-19 09:00:00,0.2528756157615155,1
443,16464,4,Facilities,2024-01-19 10:00:00,0.11256654834737079,1
444,20953,5,Facilities,2024-01-19 11:00:00,0.47900528719485913,1
445,39675,4,Facilities,2024-01-19 12:00:00,0.3367112090631935,1
446,22048,5,Value,2024-01-19 13:00:00,0.765647468940863,1
447,28667,5,Animals,2024-01-19 14:00:00,0.05516792648388291,0
448,20849,3,Staff,2024-01-19 15:00:00,0.33603180938629185,1
449,40809,4,Animals,2024-01-19 16:00:00,0.13791905379501146,1
450,40682,4,Facilities,2024-01-19 17:00:00,0.12463524524628122,1
451,8706,4,Animals,2024-01-19 18:00:00,0.5847878634846178,0
452,10279,3,Animals,2024-01-19 19:00:00,0.2156245465734864,1
453,21620,1,Food,2024-01-19 20:00:00,0.9276960887269864,1
454,13831,4,Animals,2024-01-19 21:00:00,0.5630210477385118,1
455,23291,5,Staff,2024-01-19 22:00:00,0.3302667088463951,1
456,12251,1,Facilities,2024-01-19 23:00:00,0.8301352167672016,1
457,8652,3,Facilities,2024-01-20 00:00:00,0.03384754474447782,0
458,3776,4,Food,2024-01-20 01:00:00,0.10606783530222463,0
459,36729,4,Value,2024-01-20 02:00:00,0.3544162415938936,1
460,24617,4,Animals,2024-01-20 03:00:00,0.8135977126809304,1
461,25835,2,Facilities,2024-01-20 04:00:00,0.3989236842365338,1
462,9308,3,Food,2024-01-20 05:00:00,0.39271441750337277,1
463,17504,5,Value,2024-01-20 06:00:00,0.8644573292349059,1
464,7420,4,Staff,2024-01-20 07:00:00,0.3544659195817461,1
465,38363,4,Animals,2024-01-20 08:00:00,0.7487177403719314,1
466,40982,5,Value,2024-01-20 09:00:00,0.6751261526170491,0
467,29385,4,Food,2024-01-20 10:00:00,0.05456979912379445,0
468,17438,4,Value,2024-01-20 11:00:00,0.948927923119931,1
469,49392,1,Food,2024-01-20 12:00:00,0.5211172389352554,1
470,10458,4,Food,2024-01-20 13:00:00,0.9019692354583985,1
471,4570,5,Facilities,2024-01-20 14:00:00,0.049240348992339644,1
472,25698,3,Facilities,2024-01-20 15:00:00,0.7402296665078684,1
473,43979,5,Animals,2024-01-20 16:00:00,0.24131113997332587,1
474,34060,4,Value,2024-01-20 17:00:00,0.9211822905831417,1
475,18270,3,Staff,2024-01-20 18:00:00,0.11585548368643606,1
476,1197,2,Food,2024-01-20 19:00:00,0.22635829659321005,1
477,46859,4,Facilities,2024-01-20 20:00:00,0.9481007191154652,1
478,22243,4,Food,2024-01-20 21:00:00,0.3537439340033556,1
479,7037,2,Value,2024-01-20 22:00:00,0.642107450886616,0
480,42106,5,Staff,2024-01-20 23:00:00,0.7353343595768905,1
481,8592,3,Facilities,2024-01-21 00:00:00,0.8992234373921366,1
482,28992,5,Value,2024-01-21 01:00:00,0.12688061132159056,1
483,37808,5,Animals,2024-01-21 02:00:00,0.6342077885654451,0
484,38349,4,Food,2024-01-21 03:00:00,0.3208503849863883,1
485,26905,1,Food,2024-01-21 04:00:00,0.2609553659415359,0
486,34242,4,Animals,2024-01-21 05:00:00,0.2895238159416048,0
487,22430,3,Animals,2024-01-21 06:00:00,0.1074250199873108,1
488,11031,4,Value,2024-01-21 07:00:00,0.07365785917307421,1
489,7166,4,Animals,2024-01-21 08:00:00,0.42927766818564295,1
490,33960,5,Staff,2024-01-21 09:00:00,0.3806237711124759,1
491,47684,5,Food,2024-01-21 10:00:00,0.3236928947112291,0
492,26395,3,Food,2024-01-21 11:00:00,0.9810904821859805,0
493,11412,5,Facilities,2024-01-21 12:00:00,0.6651078981956351,1
494,36485,3,Staff,2024-01-21 13:00:00,0.39466134248646156,1
495,18129,3,Staff,2024-01-21 14:00:00,0.4448684107246236,1
496,11472,2,Food,2024-01-21 15:00:00,0.39300454931065754,1
497,12095,3,Staff,2024-01-21 16:00:00,0.6463557020701013,1
498,17664,4,Facilities,2024-01-21 17:00:00,0.6763228918910965,1
499,36965,4,Animals,2024-01-21 18:00:00,0.23776177704709245,1
500,44637,4,Animals,2024-01-21 19:00:00,0.7559512756423876,1
501,47255,4,Value,2024-01-21 20:00:00,0.9319413555220877,0
502,6554,4,Food,2024-01-21 21:00:00,0.275669121195549,1
503,47777,1,Animals,2024-01-21 22:00:00,0.5003229918973918,1
504,31819,4,Facilities,2024-01-21 23:00:00,0.7676208628784046,0
505,40600,3,Value,2024-01-22 00:00:00,0.0844146383380302,1
506,33128,5,Facilities,2024-01-22 01:00:00,0.7777359338771334,1
507,4406,1,Facilities,2024-01-22 02:00:00,0.35320622671365054,1
508,32521,4,Staff,2024-01-22 03:00:00,0.7361626606769127,1
509,23487,5,Food,2024-01-22 04:00:00,0.35634846517771324,0
510,32910,3,Facilities,2024-01-22 05:00:00,0.908130379782979,1
511,18927,4,Facilities,2024-01-22 06:00:00,0.9077578524675999,0
512,22357,3,Staff,2024-01-22 07:00:00,0.266873050543175,1
513,49079,4,Food,2024-01-22 08:00:00,0.2620389765136615,1
514,10043,2,Food,2024-01-22 09:00:00,0.6430254895106995,1
515,20946,5,Value,2024-01-22 10:00:00,0.633680892791499,1
516,25678,5,Food,2024-01-22 11:00:00,0.34015172343584466,1
517,6530,4,Value,2024-01-22 12:00:00,0.8174024039505798,1
518,46792,5,Staff,2024-01-22 13:00:00,0.989765782110411,1
519,12336,4,Facilities,2024-01-22 14:00:00,0.20472042169401217,1
520,12233,5,Animals,2024-01-22 15:00:00,0.2827237079336802,1
521,28263,3,Staff,2024-01-22 16:00:00,0.33853063404890715,0
522,8039,2,Staff,2024-01-22 17:00:00,0.8822789771189288,0
523,16696,4,Value,2024-01-22 18:00:00,0.31327769262086835,1
524,3187,4,Animals,2024-01-22 19:00:00,0.45954270848181733,1
525,16048,5,Value,2024-01-22 20:00:00,0.8404392904487106,1
526,21065,3,Food,2024-01-22 21:00:00,0.5894569956397178,1
527,42304,1,Staff,2024-01-22 22:00:00,0.7885372418286993,1
528,46259,5,Animals,2024-01-22 23:00:00,0.8829546795169693,1
529,27343,3,Animals,2024-01-23 00:00:00,0.09327448058070897,1
530,36655,4,Value,2024-01-23 01:00:00,0.6980245760897124,1
531,32704,5,Food,2024-01-23 02:00:00,0.5324269526383333,1
532,20240,3,Animals,2024-01-23 03:00:00,0.9567806404614648,1
533,35575,2,Value,2024-01-23 04:00:00,0.016553834855296712,1
534,17398,5,Staff,2024-01-23 05:00:00,0.2665754053367465,1
535,46027,5,Staff,2024-01-23 06:00:00,0.183057985455768,0
536,6272,5,Staff,2024-01-23 07:00:00,0.1269491843049375,1
537,38255,4,Facilities,2024-01-23 08:00:00,0.25233950545005146,1
538,28644,4,Staff,2024-01-23 09:00:00,0.9866671486048915,1
539,35335,5,Facilities,2024-01-23 10:00:00,0.11084569311053094,1
540,944,5,Staff,2024-01-23 11:00:00,0.09460640985070612,1
541,10338,5,Staff,2024-01-23 12:00:00,0.9304398798489074,1
542,14452,3,Value,2024-01-23 13:00:00,0.14819808860148587,1
543,48736,4,Facilities,2024-01-23 14:00:00,0.9620418997716974,1
544,6957,3,Value,2024-01-23 15:00:00,0.05516441262261862,1
545,33285,3,Value,2024-01-23 16:00:00,0.837155824252272,1
546,12038,5,Food,2024-01-23 17:00:00,0.2883294249888999,1
547,35265,5,Food,2024-01-23 18:00:00,0.8485409590411581,1
548,31126,3,Staff,2024-01-23 19:00:00,0.19086822043774643,0
549,28586,3,Animals,2024-01-23 20:00:00,0.24118847261942578,1
550,45755,3,Animals,2024-01-23 21:00:00,0.865971199179188,1
551,29202,5,Facilities,2024-01-23 22:00:00,0.46756299476776764,1
552,1017,5,Value,2024-01-23 23:00:00,0.03171985709386238,1
553,11250,5,Facilities,2024-01-24 00:00:00,0.3652803349098853,1
554,12561,2,Facilities,2024-01-24 01:00:00,0.15868769917065484,0
555,39984,3,Animals,2024-01-24 02:00:00,0.23201590232542357,1
556,29381,2,Food,2024-01-24 03:00:00,0.8997386510817028,0
557,12038,2,Animals,2024-01-24 04:00:00,0.5682742692146847,1
558,20224,4,Food,2024-01-24 05:00:00,0.26918200381713786,1
559,25893,5,Staff,2024-01-24 06:00:00,0.5417404272311233,0
560,16338,5,Value,2024-01-24 07:00:00,0.25097835548224634,1
561,49654,4,Food,2024-01-24 08:00:00,0.08420542360970185,1
562,36755,3,Animals,2024-01-24 09:00:00,0.3784987496689588,0
563,10883,4,Staff,2024-01-24 10:00:00,0.6007748153533474,1
564,15277,1,Animals,2024-01-24 11:00:00,0.1300421645824995,1
565,44828,4,Value,2024-01-24 12:00:00,0.2328238098313783,1
566,37325,1,Animals,2024-01-24 13:00:00,0.4968563343704684,1
567,31701,2,Value,2024-01-24 14:00:00,0.21234452508403046,0
568,13759,4,Facilities,2024-01-24 15:00:00,0.5964535159097262,1
569,20074,4,Staff,2024-01-24 16:00:00,0.4697312037367234,1
570,16997,2,Food,2024-01-24 17:00:00,0.7112595600898703,1
571,9188,4,Animals,2024-01-24 18:00:00,0.6621557012226531,1
572,3378,5,Value,2024-01-24 19:00:00,0.3190517638957774,0
573,1975,5,Facilities,2024-01-24 20:00:00,0.3403656568851916,1
574,49625,5,Food,2024-01-24 21:00:00,0.7070148038464122,0
575,27015,5,Facilities,2024-01-24 22:00:00,0.07979568985996,1
576,15044,3,Facilities,2024-01-24 23:00:00,0.04037262180517587,0
577,22266,5,Animals,2024-01-25 00:00:00,0.0037912187961512966,0
578,21469,4,Food,2024-01-25 01:00:00,0.09053508470181404,1
579,18289,5,Facilities,2024-01-25 02:00:00,0.7692282314189117,1
580,33113,4,Facilities,2024-01-25 03:00:00,0.924885145199673,1
581,36895,5,Facilities,2024-01-25 04:00:00,0.14010437948954813,1
582,42963,5,Staff,2024-01-25 05:00:00,0.4875329473463317,1
583,38947,3,Staff,2024-01-25 06:00:00,0.8497386751831139,1
584,22359,4,Food,2024-01-25 07:00:00,0.5616421314172158,1
585,21782,3,Value,2024-01-25 08:00:00,0.68923445388906,1
586,38605,4,Facilities,2024-01-25 09:00:00,0.3370857145072965,1
587,23599,3,Facilities,2024-01-25 10:00:00,0.3550423379131509,1
588,48923,5,Food,2024-01-25 11:00:00,0.9195367680592125,1
589,7386,4,Staff,2024-01-25 12:00:00,0.5710236715330625,1
590,35964,4,Value,2024-01-25 13:00:00,0.6860126059361412,1
591,19964,4,Animals,2024-01-25 14:00:00,0.934953230620564,1
592,8276,4,Food,2024-01-25 15:00:00,0.9625270658822137,0
593,9764,3,Food,2024-01-25 16:00:00,0.881463080912031,1
594,7202,4,Animals,2024-01-25 17:00:00,0.3108090652443867,1
595,45855,2,Staff,2024-01-25 18:00:00,0.5516966613937053,1
596,4528,3,Food,2024-01-25 19:00:00,0.5355585222652142,1
597,15055,5,Value,2024-01-25 20:00:00,0.2517151338153616,1
598,10522,5,Food,2024-01-25 21:00:00,0.9366762857069226,0
599,22552,1,Food,2024-01-25 22:00:00,0.6617355959082173,1
600,44089,3,Value,2024-01-25 23:00:00,0.5128652481423801,1
601,34700,4,Value,2024-01-26 00:00:00,0.0008892457725627745,1
602,35917,4,Value,2024-01-26 01:00:00,0.7108267697827683,1
603,44424,4,Facilities,2024-01-26 02:00:00,0.09452532063181007,0
604,14251,4,Food,2024-01-26 03:00:00,0.20391291803072864,1
605,41942,5,Food,2024-01-26 04:00:00,0.5120584503038147,0
606,47539,4,Value,2024-01-26 05:00:00,0.6648178251054814,1
607,28149,4,Staff,2024-01-26 06:00:00,0.515758552798175,1
608,25453,3,Food,2024-01-26 07:00:00,0.16039300669371181,1
609,38981,2,Animals,2024-01-26 08:00:00,0.696601837767956,1
610,47841,4,Animals,2024-01-26 09:00:00,0.08829396072978435,1
611,19529,3,Staff,2024-01-26 10:00:00,0.7894432651362574,1
612,2028,3,Staff,2024-01-26 11:00:00,0.9815272829282342,1
613,10170,4,Food,2024-01-26 12:00:00,0.08743829921105561,1
614,45744,2,Food,2024-01-26 13:00:00,0.8811665648025038,1
615,14555,5,Facilities,2024-01-26 14:00:00,0.018459887693732746,1
616,20417,4,Facilities,2024-01-26 15:00:00,0.24354851985784554,1
617,44456,4,Food,2024-01-26 16:00:00,0.7720262430621989,1
618,20389,4,Staff,2024-01-26 17:00:00,0.2273543673628332,1
619,14104,5,Animals,2024-01-26 18:00:00,0.7651100196699997,1
620,34027,5,Staff,2024-01-26 19:00:00,0.20610836987677494,1
621,28434,4,Food,2024-01-26 20:00:00,0.4581055429990283,1
622,35617,5,Value,2024-01-26 21:00:00,0.24919768051086,1
623,44910,4,Staff,2024-01-26 22:00:00,0.3112777760933757,0
624,38544,2,Value,2024-01-26 23:00:00,0.9066726271173356,1
625,1589,1,Value,2024-01-27 00:00:00,0.5315263995644518,0
626,16474,5,Food,2024-01-27 01:00:00,0.8989559647399066,1
627,13809,2,Food,2024-01-27 02:00:00,0.4886366195408741,1
628,2681,4,Food,2024-01-27 03:00:00,0.052561331845732195,0
629,7847,1,Facilities,2024-01-27 04:00:00,0.6560555498943139,1
630,49281,1,Staff,2024-01-27 05:00:00,0.8935937584518487,1
631,37899,4,Value,2024-01-27 06:00:00,0.4330187898881621,1
632,13487,5,Staff,2024-01-27 07:00:00,0.9653109903518522,1
633,37293,4,Animals,2024-01-27 08:00:00,0.3566264325852183,1
634,26953,4,Staff,2024-01-27 09:00:00,0.14708526856257653,0
635,7921,5,Staff,2024-01-27 10:00:00,0.08896444092263933,1
636,19845,5,Facilities,2024-01-27 11:00:00,0.8872698443204446,0
637,14034,5,Staff,2024-01-27 12:00:00,0.7938098090980783,0
638,18178,3,Facilities,2024-01-27 13:00:00,0.9891597463176186,1
639,44911,3,Value,2024-01-27 14:00:00,0.6515026142717248,0
640,3791,5,Value,2024-01-27 15:00:00,0.24242519370795224,1
641,6978,5,Value,2024-01-27 16:00:00,0.5277719498103814,0
642,45202,3,Value,2024-01-27 17:00:00,0.7722074214253756,0
643,23066,5,Facilities,2024-01-27 18:00:00,0.062025144914393704,1
644,19977,4,Animals,2024-01-27 19:00:00,0.7017079326606489,1
645,14806,5,Staff,2024-01-27 20:00:00,0.018368682126270852,1
646,40601,4,Food,2024-01-27 21:00:00,0.0805596544587408,0
647,35951,2,Facilities,2024-01-27 22:00:00,0.9139004747527304,1
648,16555,3,Facilities,2024-01-27 23:00:00,0.7242029394224495,1
649,19637,3,Animals,2024-01-28 00:00:00,0.9869169393833752,1
650,8626,5,Animals,2024-01-28 01:00:00,0.44092984339115104,1
651,10245,5,Value,2024-01-28 02:00:00,0.6696682634029048,1
652,18915,4,Value,2024-01-28 03:00:00,0.7123812204527542,1
653,32099,3,Food,2024-01-28 04:00:00,0.6021456210998415,1
654,38334,4,Staff,2024-01-28 05:00:00,0.7879834652273721,1
655,46269,5,Animals,2024-01-28 06:00:00,0.995754431203137,1
656,46945,5,Animals,2024-01-28 07:00:00,0.888255552080716,1
657,22639,5,Animals,2024-01-28 08:00:00,0.058134957287655276,0
658,9186,5,Value,2024-01-28 09:00:00,0.22593102426563805,1
659,28405,2,Facilities,2024-01-28 10:00:00,0.09191746161430292,1
660,35295,3,Animals,2024-01-28 11:00:00,0.6207546970693556,0
661,18448,4,Value,2024-01-28 12:00:00,0.7710974303258112,0
662,37224,3,Facilities,2024-01-28 13:00:00,0.8869987743850889,1
663,40199,5,Value,2024-01-28 14:00:00,0.17506763166413752,0
664,25444,3,Animals,2024-01-28 15:00:00,0.08109541428594513,1
665,49819,3,Animals,2024-01-28 16:00:00,0.2672542394550643,0
666,19900,4,Value,2024-01-28 17:00:00,0.23888157269004895,1
667,14612,5,Animals,2024-01-28 18:00:00,0.098096457233532,1
668,32671,1,Staff,2024-01-28 19:00:00,0.41743984643217313,1
669,41935,4,Facilities,2024-01-28 20:00:00,0.12300025923363078,1
670,7628,4,Food,2024-01-28 21:00:00,0.958757746979528,0
671,15851,5,Value,2024-01-28 22:00:00,0.719198546192758,1
672,15119,2,Staff,2024-01-28 23:00:00,0.14769726745122935,0
673,8853,5,Staff,2024-01-29 00:00:00,0.0007195376035680212,1
674,48052,5,Animals,2024-01-29 01:00:00,0.17702453655655015,1
675,38579,4,Animals,2024-01-29 02:00:00,0.7038424223757449,1
676,48118,5,Facilities,2024-01-29 03:00:00,0.908597127452987,1
677,5350,4,Facilities,2024-01-29 04:00:00,0.09559467553287093,1
678,35498,5,Value,2024-01-29 05:00:00,0.7584286976575928,1
679,43198,5,Food,2024-01-29 06:00:00,0.1779197523945787,1
680,6531,3,Food,2024-01-29 07:00:00,0.69755603458875,1
681,31604,4,Staff,2024-01-29 08:00:00,0.41087000278418884,1
682,30204,5,Staff,2024-01-29 09:00:00,0.4919108838390428,1
683,40839,4,Value,2024-01-29 10:00:00,0.338808490408275,1
684,48085,4,Staff,2024-01-29 11:00:00,0.14735001836168082,1
685,25133,2,Animals,2024-01-29 12:00:00,0.7464866339571293,1
686,27226,4,Facilities,2024-01-29 13:00:00,0.5188951710168976,1
687,34305,4,Animals,2024-01-29 14:00:00,0.26784964829198754,1
688,39865,4,Staff,2024-01-29 15:00:00,0.7658105510813159,1
689,3162,4,Facilities,2024-01-29 16:00:00,0.3582223707550324,0
690,2503,5,Animals,2024-01-29 17:00:00,0.6967659343797621,1
691,18519,5,Animals,2024-01-29 18:00:00,0.8343077581104097,1
692,29803,4,Animals,2024-01-29 19:00:00,0.049228582979516156,0
693,19424,3,Value,2024-01-29 20:00:00,0.2739872721284997,1
694,2364,4,Facilities,2024-01-29 21:00:00,0.7334736092675882,1
695,31194,4,Food,2024-01-29 22:00:00,0.7192482310490418,0
696,48579,5,Value,2024-01-29 23:00:00,0.0799211907394679,1
697,25601,2,Animals,2024-01-30 00:00:00,0.8107465841187382,1
698,43294,3,Staff,2024-01-30 01:00:00,0.2889775444257233,0
699,47765,4,Animals,2024-01-30 02:00:00,0.41981561977017356,1
700,20218,2,Food,2024-01-30 03:00:00,0.694682800134737,1
701,36583,4,Staff,2024-01-30 04:00:00,0.5470942054999284,1
702,33994,4,Staff,2024-01-30 05:00:00,0.08139843010313308,1
703,32561,5,Value,2024-01-30 06:00:00,0.12749097931945874,1
704,8730,5,Staff,2024-01-30 07:00:00,0.46076615701471846,0
705,38171,4,Staff,2024-01-30 08:00:00,0.6074287333495644,1
706,34143,5,Staff,2024-01-30 09:00:00,0.31989876170652454,1
707,18839,4,Animals,2024-01-30 10:00:00,0.3369197957822332,1
708,19241,4,Facilities,2024-01-30 11:00:00,0.3074808712995587,0
709,15296,5,Food,2024-01-30 12:00:00,0.9041856927131668,1
710,11606,3,Value,2024-01-30 13:00:00,0.7761916990685447,1
711,3165,3,Value,2024-01-30 14:00:00,0.8133156083476483,1
712,14898,3,Animals,2024-01-30 15:00:00,0.8530555772761313,1
713,26033,3,Animals,2024-01-30 16:00:00,0.7806525451053825,1
714,29709,5,Value,2024-01-30 17:00:00,0.561239373888931,1
715,26773,2,Facilities,2024-01-30 18:00:00,0.6406474057264384,1
716,21943,4,Food,2024-01-30 19:00:00,0.5847755028881477,1
717,23558,4,Food,2024-01-30 20:00:00,0.0528154206832786,1
718,15403,4,Food,2024-01-30 21:00:00,0.8186516103552067,1
719,12411,5,Value,2024-01-30 22:00:00,0.0065355962394264555,1
720,48649,1,Animals,2024-01-30 23:00:00,0.730245811603228,0
721,19867,5,Staff,2024-01-31 00:00:00,0.23597274160732595,1
722,48179,5,Facilities,2024-01-31 01:00:00,0.03481214982826897,0
723,49325,2,Animals,2024-01-31 02:00:00,0.8301719414689137,1
724,26443,3,Staff,2024-01-31 03:00:00,0.08412684480692534,1
725,16036,4,Staff,2024-01-31 04:00:00,0.6452021869273816,1
726,1120,5,Food,2024-01-31 05:00:00,0.6241879585854194,1
727,588,2,Value,2024-01-31 06:00:00,0.22463494707521903,1
728,31753,4,Facilities,2024-01-31 07:00:00,0.7870932589075403,1
729,9841,3,Food,2024-01-31 08:00:00,0.5172624715359476,1
730,13963,3,Value,2024-01-31 09:00:00,0.05768456394996446,1
731,44264,2,Animals,2024-01-31 10:00:00,0.08044474946554625,1
732,1157,5,Animals,2024-01-31 11:00:00,0.17946429644391326,1
733,31150,5,Facilities,2024-01-31 12:00:00,0.0022923735094055875,1
734,25546,4,Food,2024-01-31 13:00:00,0.3231293585673446,0
735,46513,3,Animals,2024-01-31 14:00:00,0.027175606414297726,1
736,30139,5,Staff,2024-01-31 15:00:00,0.18168073160261322,1
737,17056,5,Value,2024-01-31 16:00:00,0.45021933448338436,1
738,5400,4,Facilities,2024-01-31 17:00:00,0.26761862338106,1
739,37907,5,Food,2024-01-31 18:00:00,0.9670537392491564,0
740,25184,4,Facilities,2024-01-31 19:00:00,0.6361999269635302,1
741,22829,2,Facilities,2024-01-31 20:00:00,0.42537658567620085,0
742,31729,4,Food,2024-01-31 21:00:00,0.973408709019461,1
743,32819,4,Value,2024-01-31 22:00:00,0.9362892021735892,1
744,3620,2,Food,2024-01-31 23:00:00,0.45984967884063643,1
745,46699,4,Facilities,2024-02-01 00:00:00,0.863256610145921,1
746,43786,2,Animals,2024-02-01 01:00:00,0.5556540770604265,1
747,44606,5,Food,2024-02-01 02:00:00,0.27060302663625324,1
748,26361,5,Food,2024-02-01 03:00:00,0.08327476598782801,0
749,16056,4,Facilities,2024-02-01 04:00:00,0.3295697197070141,1
750,12477,5,Value,2024-02-01 05:00:00,0.6554203064348856,0
751,44739,4,Food,2024-02-01 06:00:00,0.9810581139922794,0
752,14038,4,Value,2024-02-01 07:00:00,0.894742333661172,1
753,41953,3,Value,2024-02-01 08:00:00,0.8983408037365075,1
754,23199,2,Value,2024-02-01 09:00:00,0.1212041892273944,1
755,20061,4,Facilities,2024-02-01 10:00:00,0.17291552911227126,1
756,8864,4,Animals,2024-02-01 11:00:00,0.40662598393352434,1
757,46337,4,Animals,2024-02-01 12:00:00,0.9416000300714111,1
758,48654,1,Animals,2024-02-01 13:00:00,0.12336597347418743,1
759,15129,3,Facilities,2024-02-01 14:00:00,0.5658902546327836,1
760,152,5,Facilities,2024-02-01 15:00:00,0.16239610132997473,1
761,25246,4,Facilities,2024-02-01 16:00:00,0.36936088594642913,1
762,12460,4,Staff,2024-02-01 17:00:00,0.2694866967072461,1
763,3207,2,Animals,2024-02-01 18:00:00,0.11474376869516478,0
764,38242,3,Facilities,2024-02-01 19:00:00,0.15969176011949238,1
765,49976,4,Facilities,2024-02-01 20:00:00,0.038621360156981144,1
766,11332,3,Facilities,2024-02-01 21:00:00,0.20581564315318268,1
767,9978,2,Facilities,2024-02-01 22:00:00,0.7498946358369248,0
768,36917,4,Food,2024-02-01 23:00:00,0.5666835122478547,1
769,40379,4,Value,2024-02-02 00:00:00,0.5591764749235401,1
770,45214,4,Facilities,2024-02-02 01:00:00,0.12748367383667658,1
771,47578,2,Value,2024-02-02 02:00:00,0.48141350802248617,0
772,46671,2,Facilities,2024-02-02 03:00:00,0.5717827930920676,1
773,46614,5,Staff,2024-02-02 04:00:00,0.3860904348687306,1
774,30040,5,Animals,2024-02-02 05:00:00,0.7227554056621837,1
775,2425,4,Staff,2024-02-02 06:00:00,0.42203090975679236,0
776,9291,2,Value,2024-02-02 07:00:00,0.727245213021771,1
777,21751,4,Facilities,2024-02-02 08:00:00,0.7964189848114482,0
778,40338,3,Food,2024-02-02 09:00:00,0.37743114501220076,1
779,23112,4,Staff,2024-02-02 10:00:00,0.6878546381163798,1
780,49310,5,Food,2024-02-02 11:00:00,0.13716485358744201,0
781,14350,5,Value,2024-02-02 12:00:00,0.6270808203617622,1
782,48174,3,Facilities,2024-02-02 13:00:00,0.017162863335814182,1
783,7963,4,Value,2024-02-02 14:00:00,0.9912703071060913,0
784,21993,2,Facilities,2024-02-02 15:00:00,0.47416218946032673,1
785,45446,4,Animals,2024-02-02 16:00:00,0.444616678213706,0
786,31739,5,Value,2024-02-02 17:00:00,0.25890218933978726,1
787,31805,4,Animals,2024-02-02 18:00:00,0.09446724186623434,0
788,11306,3,Value,2024-02-02 19:00:00,0.6243633623339143,1
789,4864,4,Staff,2024-02-02 20:00:00,0.746203806375283,1
790,33546,2,Food,2024-02-02 21:00:00,0.7834371074366527,1
791,367,2,Staff,2024-02-02 22:00:00,0.5124723459595069,0
792,48045,4,Animals,2024-02-02 23:00:00,0.016727437065912842,1
793,45273,4,Food,2024-02-03 00:00:00,0.2730548202001615,1
794,36781,1,Staff,2024-02-03 01:00:00,0.6790714501471253,1
795,35869,5,Facilities,2024-02-03 02:00:00,0.7635466598884089,1
796,32865,4,Animals,2024-02-03 03:00:00,0.47533713649793463,1
797,29983,4,Food,2024-02-03 04:00:00,0.8877591241954307,1
798,1156,1,Value,2024-02-03 05:00:00,0.6173123920121573,1
799,27222,2,Animals,2024-02-03 06:00:00,0.5606206469083952,1
800,7195,5,Food,2024-02-03 07:00:00,0.3774352445302446,0
801,7817,5,Value,2024-02-03 08:00:00,0.6234005927775373,1
802,44617,2,Animals,2024-02-03 09:00:00,0.05861554495561061,0
803,44254,4,Staff,2024-02-03 10:00:00,0.15592566909380712,1
804,20643,4,Staff,2024-02-03 11:00:00,0.2678211317648287,1
805,30702,4,Facilities,2024-02-03 12:00:00,0.8962423095740788,1
806,11488,5,Staff,2024-02-03 13:00:00,0.683122000342237,1
807,32529,3,Value,2024-02-03 14:00:00,0.9872253094474268,1
808,44537,2,Food,2024-02-03 15:00:00,0.5041446538525318,0
809,6681,4,Facilities,2024-02-03 16:00:00,0.7787368752319737,0
810,4281,4,Facilities,2024-02-03 17:00:00,0.856310343848618,1
811,15613,3,Animals,2024-02-03 18:00:00,0.8619484859263771,1
812,43882,5,Staff,2024-02-03 19:00:00,0.7688248753306861,1
813,28877,3,Facilities,2024-02-03 20:00:00,0.9908058978147618,1
814,26371,5,Animals,2024-02-03 21:00:00,0.34090545353560175,1
815,42449,5,Food,2024-02-03 22:00:00,0.7067335981044,0
816,13634,5,Food,2024-02-03 23:00:00,0.9658760308160026,1
817,42666,5,Food,2024-02-04 00:00:00,0.7104074073890716,1
818,38969,5,Staff,2024-02-04 01:00:00,0.02967359009869297,1
819,33893,3,Animals,2024-02-04 02:00:00,0.019057460237539958,1
820,34698,4,Value,2024-02-04 03:00:00,0.3723410594568515,0
821,33822,4,Facilities,2024-02-04 04:00:00,0.18038101784498572,1
822,36361,5,Animals,2024-02-04 05:00:00,0.9271935287125068,1
823,30634,2,Value,2024-02-04 06:00:00,0.3915577577509094,1
824,37249,4,Facilities,2024-02-04 07:00:00,0.163192058995277,1
825,34326,5,Staff,2024-02-04 08:00:00,0.6028537823744601,1
826,6066,4,Food,2024-02-04 09:00:00,0.6003571932265981,1
827,3750,5,Staff,2024-02-04 10:00:00,0.5127026795084964,1
828,16145,5,Food,2024-02-04 11:00:00,0.20629907858015817,1
829,36506,4,Staff,2024-02-04 12:00:00,0.11698891215302298,1
830,44766,3,Staff,2024-02-04 13:00:00,0.40773650974510545,1
831,48712,4,Staff,2024-02-04 14:00:00,0.2701015021578165,0
832,32601,4,Facilities,2024-02-04 15:00:00,0.3751428869297315,1
833,2193,4,Value,2024-02-04 16:00:00,0.9678603280666351,1
834,24812,5,Animals,2024-02-04 17:00:00,0.0032300837751059186,1
835,37780,2,Animals,2024-02-04 18:00:00,0.9945985428421623,1
836,21680,1,Facilities,2024-02-04 19:00:00,0.9265164360069361,1
837,32173,4,Animals,2024-02-04 20:00:00,0.40759969928138196,1
838,15313,4,Value,2024-02-04 21:00:00,0.29406566991593874,0
839,35232,4,Staff,2024-02-04 22:00:00,0.3758734386119533,1
840,49091,4,Facilities,2024-02-04 23:00:00,0.6574003382190217,1
841,36807,4,Food,2024-02-05 00:00:00,0.8133217610415496,1
842,10917,4,Value,2024-02-05 01:00:00,0.6526872205926437,0
843,46344,4,Food,2024-02-05 02:00:00,0.8942545270570664,0
844,44778,4,Food,2024-02-05 03:00:00,0.8791219178942473,1
845,11982,4,Facilities,2024-02-05 04:00:00,0.7016728807403051,1
846,47949,5,Facilities,2024-02-05 05:00:00,0.96351107758216,1
847,21445,5,Animals,2024-02-05 06:00:00,0.2811911729174644,1
848,23717,1,Facilities,2024-02-05 07:00:00,0.5000570060401823,1
849,44764,4,Facilities,2024-02-05 08:00:00,0.014803582560536932,1
850,10176,4,Facilities,2024-02-05 09:00:00,0.34157770923011743,1
851,39084,3,Food,2024-02-05 10:00:00,0.8368388226755625,1
852,22807,3,Facilities,2024-02-05 11:00:00,0.24370983017617864,1
853,10206,4,Staff,2024-02-05 12:00:00,0.7319421914108821,1
854,49503,5,Facilities,2024-02-05 13:00:00,0.4435423016864115,1
855,34176,4,Food,2024-02-05 14:00:00,0.16889261229550423,1
856,21945,3,Animals,2024-02-05 15:00:00,0.9446773233002946,1
857,15750,5,Food,2024-02-05 16:00:00,0.3380088417749081,1
858,22800,5,Facilities,2024-02-05 17:00:00,0.3579457863643929,0
859,15562,4,Animals,2024-02-05 18:00:00,0.675706775135534,1
860,24374,2,Facilities,2024-02-05 19:00:00,0.166258499700499,0
861,28235,4,Food,2024-02-05 20:00:00,0.07751372120193656,0
862,13377,2,Animals,2024-02-05 21:00:00,0.19765339021805028,1
863,49030,5,Facilities,2024-02-05 22:00:00,0.4916565889000376,0
864,49367,4,Staff,2024-02-05 23:00:00,0.702479858778938,1
865,39477,5,Food,2024-02-06 00:00:00,0.17481452891067029,1
866,48727,5,Staff,2024-02-06 01:00:00,0.2501996379314806,1
867,3443,5,Value,2024-02-06 02:00:00,0.23709666458883338,1
868,17346,3,Value,2024-02-06 03:00:00,0.6381230217059568,1
869,22889,3,Animals,2024-02-06 04:00:00,0.8662970991071489,1
870,49278,5,Facilities,2024-02-06 05:00:00,0.27471633376607296,1
871,4467,5,Staff,2024-02-06 06:00:00,0.17128694552170365,1
872,4181,5,Facilities,2024-02-06 07:00:00,0.16957058577697126,1
873,25627,3,Animals,2024-02-06 08:00:00,0.23561377033651898,1
874,28995,1,Animals,2024-02-06 09:00:00,0.3603909834499427,1
875,34483,4,Food,2024-02-06 10:00:00,0.2149425150207116,1
876,8161,4,Facilities,2024-02-06 11:00:00,0.35840773117485336,1
877,43292,5,Animals,2024-02-06 12:00:00,0.3895159682988101,1
878,3218,5,Value,2024-02-06 13:00:00,0.36167000228418344,1
879,1225,5,Staff,2024-02-06 14:00:00,0.3980923847762212,1
880,6009,5,Food,2024-02-06 15:00:00,0.17623211070036326,1
881,41025,5,Staff,2024-02-06 16:00:00,0.7723911916615083,1
882,36640,5,Facilities,2024-02-06 17:00:00,0.38482443815611156,0
883,40637,5,Staff,2024-02-06 18:00:00,0.8437309650452697,1
884,11870,4,Facilities,2024-02-06 19:00:00,0.8278125401855452,0
885,45906,4,Animals,2024-02-06 20:00:00,0.8896566345060215,0
886,46960,1,Staff,2024-02-06 21:00:00,0.39055990264952345,1
887,15682,4,Food,2024-02-06 22:00:00,0.26789635847494553,0
888,24133,4,Animals,2024-02-06 23:00:00,0.13248425836254873,1
889,48335,2,Staff,2024-02-07 00:00:00,0.4041101992694943,1
890,11216,4,Facilities,2024-02-07 01:00:00,0.6052200990392972,1
891,19086,4,Staff,2024-02-07 02:00:00,0.8148757684175607,1
892,25404,4,Facilities,2024-02-07 03:00:00,0.05058061595306074,1
893,26710,5,Staff,2024-02-07 04:00:00,0.9755599088207026,0
894,16502,3,Food,2024-02-07 05:00:00,0.15238235153819923,1
895,11680,4,Facilities,2024-02-07 06:00:00,0.9202574557723289,1
896,20958,4,Facilities,2024-02-07 07:00:00,0.8157808937475481,1
897,24036,4,Value,2024-02-07 08:00:00,0.94431208833034,1
898,17414,2,Food,2024-02-07 09:00:00,0.29698352067216893,1
899,16575,2,Facilities,2024-02-07 10:00:00,0.8266121427885921,1
900,24936,5,Value,2024-02-07 11:00:00,0.5916011024784099,1
901,35778,5,Food,2024-02-07 12:00:00,0.43653894989699915,1
902,36592,3,Value,2024-02-07 13:00:00,0.8912619678031957,1
903,23513,4,Facilities,2024-02-07 14:00:00,0.6520999679425968,1
904,4319,3,Facilities,2024-02-07 15:00:00,0.426586118381179,0
905,18441,4,Facilities,2024-02-07 16:00:00,0.9125807709166416,1
906,30355,4,Animals,2024-02-07 17:00:00,0.956027312198818,0
907,5717,5,Staff,2024-02-07 18:00:00,0.425074535599283,1
908,25086,5,Staff,2024-02-07 19:00:00,0.8936500769200842,1
909,27861,4,Facilities,2024-02-07 20:00:00,0.8766827534467578,0
910,11176,5,Animals,2024-02-07 21:00:00,0.13960526698254527,0
911,21282,5,Value,2024-02-07 22:00:00,0.8595948588065035,1
912,40940,3,Value,2024-02-07 23:00:00,0.7707313297143707,1
913,14271,5,Staff,2024-02-08 00:00:00,0.7294170430718283,1
914,42973,3,Animals,2024-02-08 01:00:00,0.21091761969832745,1
915,15574,4,Animals,2024-02-08 02:00:00,0.01653828208250807,1
916,48955,5,Food,2024-02-08 03:00:00,0.9248386919241602,0
917,15101,4,Facilities,2024-02-08 04:00:00,0.9316666852843307,1
918,4406,5,Value,2024-02-08 05:00:00,0.542026435626551,1
919,24551,5,Staff,2024-02-08 06:00:00,0.1118025392663704,1
920,6209,2,Animals,2024-02-08 07:00:00,0.16286352727064513,0
921,21168,5,Food,2024-02-08 08:00:00,0.46004980992610056,0
922,40144,5,Value,2024-02-08 09:00:00,0.8300847254658021,0
923,38646,3,Animals,2024-02-08 10:00:00,0.4577585079303017,1
924,33111,5,Animals,2024-02-08 11:00:00,0.20875740817833877,1
925,28179,5,Facilities,2024-02-08 12:00:00,0.9348692781029558,1
926,24252,3,Animals,2024-02-08 13:00:00,0.6990176273749599,1
927,43408,5,Staff,2024-02-08 14:00:00,0.4777923868242099,1
928,44953,3,Staff,2024-02-08 15:00:00,0.2873356422230231,1
929,2471,4,Food,2024-02-08 16:00:00,0.6359467398970354,0
930,528,5,Food,2024-02-08 17:00:00,0.06420361645931594,0
931,38185,2,Animals,2024-02-08 18:00:00,0.7401142290023949,1
932,41849,1,Facilities,2024-02-08 19:00:00,0.46580157662426847,1
933,49948,5,Food,2024-02-08 20:00:00,0.49542710842422144,0
934,32282,5,Animals,2024-02-08 21:00:00,0.8716915409727095,1
935,11159,3,Food,2024-02-08 22:00:00,0.7114101595874746,0
936,34384,1,Animals,2024-02-08 23:00:00,0.03929496696727053,1
937,42789,5,Value,2024-02-09 00:00:00,0.06645887380156035,1
938,2762,4,Staff,2024-02-09 01:00:00,0.7579452905705814,1
939,24783,5,Value,2024-02-09 02:00:00,0.40515368474129465,1
940,48388,4,Animals,2024-02-09 03:00:00,0.4817336525137459,0
941,4360,3,Animals,2024-02-09 04:00:00,0.47121540108268667,1
942,13687,3,Facilities,2024-02-09 05:00:00,0.6831489549297294,1
943,44036,4,Food,2024-02-09 06:00:00,0.3192842117571728,1
944,3087,3,Food,2024-02-09 07:00:00,0.8881571788064779,1
945,39707,3,Animals,2024-02-09 08:00:00,0.19527623106332304,1
946,20000,4,Facilities,2024-02-09 09:00:00,0.23460203768601595,1
947,47313,5,Food,2024-02-09 10:00:00,0.3660178173828179,1
948,38792,4,Animals,2024-02-09 11:00:00,0.36250423898576656,1
949,5238,3,Animals,2024-02-09 12:00:00,0.31447666237303507,1
950,48127,1,Value,2024-02-09 13:00:00,0.9221846998518376,1
951,48944,4,Value,2024-02-09 14:00:00,0.16892604057501304,1
952,15719,4,Staff,2024-02-09 15:00:00,0.904062266165339,1
953,9156,4,Food,2024-02-09 16:00:00,0.48930904563538635,0
954,47730,5,Value,2024-02-09 17:00:00,0.8379871345761819,1
955,5894,4,Facilities,2024-02-09 18:00:00,0.14287821824432045,1
956,7742,2,Staff,2024-02-09 19:00:00,0.9276704603063234,1
957,29225,2,Facilities,2024-02-09 20:00:00,0.26380309373331134,1
958,24540,3,Value,2024-02-09 21:00:00,0.8787304794574449,1
959,41925,1,Facilities,2024-02-09 22:00:00,0.8257224518694919,1
960,32757,2,Facilities,2024-02-09 23:00:00,0.6710915452562084,1
961,23208,2,Facilities,2024-02-10 00:00:00,0.0010447267561096707,1
962,42537,4,Food,2024-02-10 01:00:00,0.6116622606221989,1
963,33782,5,Facilities,2024-02-10 02:00:00,0.5753374764586872,1
964,44965,4,Value,2024-02-10 03:00:00,0.9375978832468157,1
965,33369,4,Facilities,2024-02-10 04:00:00,0.04843956280425954,1
966,48353,1,Facilities,2024-02-10 05:00:00,0.9860942240638157,1
967,7024,5,Facilities,2024-02-10 06:00:00,0.6397832826465002,0
968,19719,3,Animals,2024-02-10 07:00:00,0.19901254969524163,1
969,4551,4,Facilities,2024-02-10 08:00:00,0.14204720201525467,1
970,4188,1,Animals,2024-02-10 09:00:00,0.8965439285705932,1
971,44051,4,Staff,2024-02-10 10:00:00,0.04821454096798283,1
972,43999,5,Facilities,2024-02-10 11:00:00,0.22898856018490243,1
973,21352,4,Staff,2024-02-10 12:00:00,0.08837293554005354,1
974,2434,2,Staff,2024-02-10 13:00:00,0.28975116398630607,1
975,18236,4,Facilities,2024-02-10 14:00:00,0.9542344926337567,1
976,42317,5,Food,2024-02-10 15:00:00,0.722046965537193,1
977,13727,5,Staff,2024-02-10 16:00:00,0.4551853730936094,0
978,4146,5,Value,2024-02-10 17:00:00,0.424289631320076,1
979,36585,3,Animals,2024-02-10 18:00:00,0.6365164933256875,1
980,30432,3,Animals,2024-02-10 19:00:00,0.18061980424406,1
981,6525,1,Facilities,2024-02-10 20:00:00,0.5295687158516744,1
982,3711,4,Staff,2024-02-10 21:00:00,0.1578929053301522,1
983,21184,4,Food,2024-02-10 22:00:00,0.24035929647256815,1
984,7952,5,Food,2024-02-10 23:00:00,0.7061774295180223,1
985,47555,4,Food,2024-02-11 00:00:00,0.5646024923244087,1
986,40231,5,Animals,2024-02-11 01:00:00,0.9461149722580754,1
987,42794,3,Animals,2024-02-11 02:00:00,0.12948605962917525,1
988,23809,5,Facilities,2024-02-11 03:00:00,0.9986426114180887,1
989,6646,5,Value,2024-02-11 04:00:00,0.3536213339870432,1
990,38026,3,Staff,2024-02-11 05:00:00,0.329191407782113,1
991,44137,3,Food,2024-02-11 06:00:00,0.7007549156839019,0
992,14605,4,Value,2024-02-11 07:00:00,0.728963763699403,1
993,45277,4,Food,2024-02-11 08:00:00,0.9286180314028651,1
994,22726,5,Animals,2024-02-11 09:00:00,0.16733719183735118,1
995,39364,4,Food,2024-02-11 10:00:00,0.8490119598561002,1
996,30878,5,Staff,2024-02-11 11:00:00,0.5449537680314157,1
997,49389,4,Food,2024-02-11 12:00:00,0.7061559355872844,1
998,48931,1,Value,2024-02-11 13:00:00,0.4189581174697091,0
999,5692,2,Animals,2024-02-11 14:00:00,0.1855130790914079,1
1000,35967,3,Staff,2024-02-11 15:00:00,0.40433104093094707,1
1001,18250,4,Staff,2024-02-11 16:00:00,0.8011236783445358,0
1002,34467,3,Staff,2024-02-11 17:00:00,0.5348023012917803,1
1003,25402,3,Value,2024-02-11 18:00:00,0.4560983136200305,1
1004,21947,5,Food,2024-02-11 19:00:00,0.5098545405860989,0
1005,8819,4,Animals,2024-02-11 20:00:00,0.11552196239417378,1
1006,10235,1,Food,2024-02-11 21:00:00,0.060621975061483924,1
1007,49514,3,Value,2024-02-11 22:00:00,0.38994670321013036,1
1008,8950,3,Food,2024-02-11 23:00:00,0.422398108438083,0
1009,26759,5,Value,2024-02-12 00:00:00,0.19310247818249915,0
1010,31016,5,Food,2024-02-12 01:00:00,0.8395988389949511,1
1011,31232,4,Food,2024-02-12 02:00:00,0.6009459952201903,0
1012,2890,1,Staff,2024-02-12 03:00:00,0.7237495358918882,1
1013,46988,5,Facilities,2024-02-12 04:00:00,0.859780939757963,0
1014,44464,4,Value,2024-02-12 05:00:00,0.118229463666359,1
1015,41285,4,Animals,2024-02-12 06:00:00,0.18144145695042446,1
1016,12195,5,Facilities,2024-02-12 07:00:00,0.7061264141464776,0
1017,18982,5,Animals,2024-02-12 08:00:00,0.32745128178929683,1
1018,1179,4,Value,2024-02-12 09:00:00,0.3469902257091503,0
1019,2651,5,Animals,2024-02-12 10:00:00,0.4100951497582882,0
1020,22282,3,Value,2024-02-12 11:00:00,0.6989367425122134,1
1021,23008,4,Staff,2024-02-12 12:00:00,0.36994801356494567,0
1022,41798,5,Food,2024-02-12 13:00:00,0.8182708776892444,1
1023,4740,4,Staff,2024-02-12 14:00:00,0.8860639715848696,1
1024,25210,3,Value,2024-02-12 15:00:00,0.7695532364441142,1
1025,25033,5,Staff,2024-02-12 16:00:00,0.7527608901919498,1
1026,41917,4,Facilities,2024-02-12 17:00:00,0.3046598371544923,1
1027,11213,5,Staff,2024-02-12 18:00:00,0.6475629701717487,1
1028,17067,4,Facilities,2024-02-12 19:00:00,0.2614814735959903,1
1029,45358,2,Value,2024-02-12 20:00:00,0.842734363561096,1
1030,16880,5,Animals,2024-02-12 21:00:00,0.12414069351641599,1
1031,31317,5,Animals,2024-02-12 22:00:00,0.47237906451962564,1
1032,39590,5,Food,2024-02-12 23:00:00,0.7578708775292099,1
1033,33193,5,Animals,2024-02-13 00:00:00,0.7129114363244636,1
1034,6328,2,Value,2024-02-13 01:00:00,0.9765159430354716,1
1035,42544,4,Animals,2024-02-13 02:00:00,0.44527071608426827,1
1036,3201,5,Staff,2024-02-13 03:00:00,0.72965375753963,1
1037,26689,5,Value,2024-02-13 04:00:00,0.318195885426374,1
1038,25825,4,Staff,2024-02-13 05:00:00,0.8805147117739275,1
1039,7609,5,Value,2024-02-13 06:00:00,0.14347244484886457,1
1040,48155,2,Animals,2024-02-13 07:00:00,0.5910777306681131,1
1041,48828,5,Animals,2024-02-13 08:00:00,0.7440466379368074,1
1042,47626,2,Animals,2024-02-13 09:00:00,0.9665582111301896,1
1043,21593,3,Facilities,2024-02-13 10:00:00,0.5301844368185596,1
1044,18568,5,Facilities,2024-02-13 11:00:00,0.7799007986470069,1
1045,2732,4,Staff,2024-02-13 12:00:00,0.19810731471737464,1
1046,34721,4,Animals,2024-02-13 13:00:00,0.5637011202620731,1
1047,28895,5,Staff,2024-02-13 14:00:00,0.9845188758281511,1
1048,5055,5,Facilities,2024-02-13 15:00:00,0.2999879524501643,1
1049,43970,4,Animals,2024-02-13 16:00:00,0.22882993013406216,1
1050,37754,4,Staff,2024-02-13 17:00:00,0.8972122434656619,1
1051,10806,5,Value,2024-02-13 18:00:00,0.23880097791085964,1
1052,44071,2,Staff,2024-02-13 19:00:00,0.23827133779936105,1
1053,35496,5,Animals,2024-02-13 20:00:00,0.08749620676206171,1
1054,20702,5,Animals,2024-02-13 21:00:00,0.47914150216507245,0
1055,40882,5,Value,2024-02-13 22:00:00,0.046756773175810507,1
1056,28994,4,Facilities,2024-02-13 23:00:00,0.9878860633739364,1
1057,14120,4,Animals,2024-02-14 00:00:00,0.031981060330357636,1
1058,12686,4,Facilities,2024-02-14 01:00:00,0.48923679477827087,1
1059,10359,4,Value,2024-02-14 02:00:00,0.0031892043072326848,0
1060,48098,4,Animals,2024-02-14 03:00:00,0.7078733520528775,1
1061,17934,4,Animals,2024-02-14 04:00:00,0.4675149351067509,1
1062,34148,4,Animals,2024-02-14 05:00:00,0.10458926647576894,1
1063,46209,4,Animals,2024-02-14 06:00:00,0.3509660400298181,1
1064,33510,4,Staff,2024-02-14 07:00:00,0.7642404387841422,1
1065,20409,5,Staff,2024-02-14 08:00:00,0.2689458953137044,0
1066,11923,4,Facilities,2024-02-14 09:00:00,0.13800687311395565,0
1067,33353,4,Facilities,2024-02-14 10:00:00,0.7458837902557452,1
1068,13263,4,Value,2024-02-14 11:00:00,0.6511529016975603,1
1069,31337,4,Staff,2024-02-14 12:00:00,0.9182091413851453,1
1070,13687,4,Animals,2024-02-14 13:00:00,0.40304124719487733,1
1071,14220,2,Staff,2024-02-14 14:00:00,0.8395417358569569,1
1072,8332,4,Facilities,2024-02-14 15:00:00,0.6957626024613527,1
1073,32453,2,Animals,2024-02-14 16:00:00,0.79236502444934,1
1074,13560,3,Food,2024-02-14 17:00:00,0.791208783390085,1
1075,18058,3,Facilities,2024-02-14 18:00:00,0.5828994493522588,0
1076,26351,5,Food,2024-02-14 19:00:00,0.7658771420690372,0
1077,20839,4,Staff,2024-02-14 20:00:00,0.6882870854968344,1
1078,5647,5,Staff,2024-02-14 21:00:00,0.9830943179888123,1
1079,6881,3,Value,2024-02-14 22:00:00,0.3438825789708091,0
1080,45126,2,Food,2024-02-14 23:00:00,0.2906983106394784,1
1081,28543,4,Food,2024-02-15 00:00:00,0.5879411133218582,1
1082,8480,3,Food,2024-02-15 01:00:00,0.8704252471679649,1
1083,11038,3,Value,2024-02-15 02:00:00,0.08083474176309313,1
1084,17904,4,Staff,2024-02-15 03:00:00,0.961794475093514,1
1085,23147,4,Staff,2024-02-15 04:00:00,0.7474296071276664,1
1086,18460,1,Facilities,2024-02-15 05:00:00,0.7816406375896746,1
1087,8769,5,Animals,2024-02-15 06:00:00,0.8044096102888058,1
1088,1566,3,Facilities,2024-02-15 07:00:00,0.0635379944457316,1
1089,49598,5,Animals,2024-02-15 08:00:00,0.5956422808008931,1
1090,16645,2,Facilities,2024-02-15 09:00:00,0.3766117238531077,1
1091,4161,3,Food,2024-02-15 10:00:00,0.27557640426623997,1
1092,42594,4,Food,2024-02-15 11:00:00,0.754714180763541,1
1093,6647,4,Animals,2024-02-15 12:00:00,0.06628132660984065,0
1094,33941,4,Staff,2024-02-15 13:00:00,0.12857966990131264,1
1095,33201,2,Facilities,2024-02-15 14:00:00,0.21739616677853413,1
1096,39208,4,Facilities,2024-02-15 15:00:00,0.6086888536076221,1
1097,35601,4,Value,2024-02-15 16:00:00,0.7337496152824917,1
1098,16928,4,Animals,2024-02-15 17:00:00,0.9758899364844389,1
1099,30394,4,Staff,2024-02-15 18:00:00,0.8317555790739536,0
1100,29741,4,Staff,2024-02-15 19:00:00,0.22562411028309182,1
1101,34552,5,Food,2024-02-15 20:00:00,0.6139036635964843,1
1102,33435,2,Facilities,2024-02-15 21:00:00,0.6782919991717267,1
1103,27033,3,Animals,2024-02-15 22:00:00,0.115211061595484,1
1104,9458,4,Facilities,2024-02-15 23:00:00,0.6975039635742621,1
1105,44026,3,Staff,2024-02-16 00:00:00,0.3334541012761477,1
1106,13459,4,Value,2024-02-16 01:00:00,0.8813339604347105,0
1107,29385,5,Animals,2024-02-16 02:00:00,0.44441365319845816,0
1108,40532,4,Value,2024-02-16 03:00:00,0.01344598805404884,0
1109,15817,2,Animals,2024-02-16 04:00:00,0.2234697629388861,0
1110,19590,5,Food,2024-02-16 05:00:00,0.4797315720121337,1
1111,40777,5,Staff,2024-02-16 06:00:00,0.15353983127875914,0
1112,43008,4,Animals,2024-02-16 07:00:00,0.8286106237506148,0
1113,38070,5,Staff,2024-02-16 08:00:00,0.29192137497165205,1
1114,11885,4,Facilities,2024-02-16 09:00:00,0.0553998326452374,1
1115,22591,5,Facilities,2024-02-16 10:00:00,0.317147578656494,0
1116,32558,5,Staff,2024-02-16 11:00:00,0.16883709005397063,1
1117,28173,3,Animals,2024-02-16 12:00:00,0.5664217495903334,1
1118,31411,5,Staff,2024-02-16 13:00:00,0.06451776865957692,1
1119,16461,2,Animals,2024-02-16 14:00:00,0.8874511834895338,0
1120,30575,5,Facilities,2024-02-16 15:00:00,0.6861102053858666,1
1121,7624,4,Value,2024-02-16 16:00:00,0.9225216197590151,1
1122,3698,3,Value,2024-02-16 17:00:00,0.5882801021135303,1
1123,14028,4,Staff,2024-02-16 18:00:00,0.7167834293463101,1
1124,5812,2,Animals,2024-02-16 19:00:00,0.7725312464073946,0
1125,18796,1,Animals,2024-02-16 20:00:00,0.33824612904528695,0
1126,34992,2,Staff,2024-02-16 21:00:00,0.9913069318401889,1
1127,24366,4,Facilities,2024-02-16 22:00:00,0.009554435034588638,1
1128,32046,4,Food,2024-02-16 23:00:00,0.48197950239115794,1
1129,26396,2,Food,2024-02-17 00:00:00,0.2622403522623826,0
1130,47770,5,Animals,2024-02-17 01:00:00,0.3201038307757186,1
1131,18571,3,Facilities,2024-02-17 02:00:00,0.7543461571976614,1
1132,8566,3,Staff,2024-02-17 03:00:00,0.6895655224083451,1
1133,31002,4,Facilities,2024-02-17 04:00:00,0.1000721625952542,1
1134,30323,5,Food,2024-02-17 05:00:00,0.7822752083880351,1
1135,33945,2,Value,2024-02-17 06:00:00,0.6989017012716165,1
1136,46307,2,Food,2024-02-17 07:00:00,0.4764755324470482,1
1137,27984,2,Food,2024-02-17 08:00:00,0.20721691842050882,0
1138,41302,5,Animals,2024-02-17 09:00:00,0.12557521531610794,1
1139,26888,4,Animals,2024-02-17 10:00:00,0.8862630715047708,0
1140,43884,4,Value,2024-02-17 11:00:00,0.5569840237161914,1
1141,10164,2,Animals,2024-02-17 12:00:00,0.3002737058206465,1
1142,49754,3,Staff,2024-02-17 13:00:00,0.08896882880471446,1
1143,48418,4,Staff,2024-02-17 14:00:00,0.6798941129851243,1
1144,10787,3,Animals,2024-02-17 15:00:00,0.016935399279212504,1
1145,30188,5,Facilities,2024-02-17 16:00:00,0.006981997980383126,1
1146,3434,5,Food,2024-02-17 17:00:00,0.4014840584227456,1
1147,43466,4,Food,2024-02-17 18:00:00,0.8067190447948632,1
1148,21342,1,Food,2024-02-17 19:00:00,0.755377811962914,1
1149,20979,2,Food,2024-02-17 20:00:00,0.18059771954403492,1
1150,21047,5,Food,2024-02-17 21:00:00,0.9325815053022875,1
1151,12918,4,Value,2024-02-17 22:00:00,0.4434348743992298,1
1152,49588,5,Animals,2024-02-17 23:00:00,0.7540016122783603,1
1153,28944,4,Facilities,2024-02-18 00:00:00,0.4984065240066837,1
1154,229,5,Staff,2024-02-18 01:00:00,0.4138606075618866,1
1155,23667,2,Value,2024-02-18 02:00:00,0.027366360522885103,1
1156,9222,4,Value,2024-02-18 03:00:00,0.6823938485505515,1
1157,33349,2,Animals,2024-02-18 04:00:00,0.610134513036432,1
1158,9978,5,Staff,2024-02-18 05:00:00,0.31020595630830716,1
1159,48149,4,Animals,2024-02-18 06:00:00,0.78031209039769,0
1160,12609,5,Staff,2024-02-18 07:00:00,0.39955976119036263,1
1161,45552,4,Facilities,2024-02-18 08:00:00,0.4773120814900307,0
1162,18413,5,Food,2024-02-18 09:00:00,0.9234345023011482,1
1163,29888,5,Staff,2024-02-18 10:00:00,0.9452823324116904,1
1164,34872,3,Value,2024-02-18 11:00:00,0.2364676490651142,1
1165,28112,2,Value,2024-02-18 12:00:00,0.5397781224110032,0
1166,24465,1,Facilities,2024-02-18 13:00:00,0.5278827110770594,0
1167,2818,5,Food,2024-02-18 14:00:00,0.8035516090569321,1
1168,31810,3,Value,2024-02-18 15:00:00,0.700650611605128,1
1169,839,4,Facilities,2024-02-18 16:00:00,0.12774432902797317,1
1170,43478,5,Staff,2024-02-18 17:00:00,0.778779983110683,1
1171,11301,2,Value,2024-02-18 18:00:00,0.16626438508042296,1
1172,40544,5,Staff,2024-02-18 19:00:00,0.4711599299034548,1
1173,27469,2,Facilities,2024-02-18 20:00:00,0.9150851187700668,1
1174,15222,3,Value,2024-02-18 21:00:00,0.005323213406440042,1
1175,5169,4,Facilities,2024-02-18 22:00:00,0.8580484094414627,1
1176,36512,5,Animals,2024-02-18 23:00:00,0.5532177047954623,1
1177,8732,5,Facilities,2024-02-19 00:00:00,0.21887718358353947,1
1178,17525,4,Animals,2024-02-19 01:00:00,0.6759227955683685,0
1179,26015,4,Staff,2024-02-19 02:00:00,0.3322629570096506,1
1180,38801,4,Value,2024-02-19 03:00:00,0.17597638556051654,1
1181,25047,2,Staff,2024-02-19 04:00:00,0.11696189556209002,1
1182,32001,2,Value,2024-02-19 05:00:00,0.043133486676598665,0
1183,45563,4,Facilities,2024-02-19 06:00:00,0.6659285848675002,1
1184,41599,4,Facilities,2024-02-19 07:00:00,0.944921733319837,0
1185,7426,1,Animals,2024-02-19 08:00:00,0.9300914464630623,1
1186,42425,5,Animals,2024-02-19 09:00:00,0.8930748341201197,0
1187,734,5,Food,2024-02-19 10:00:00,0.2445911770345901,1
1188,635,5,Animals,2024-02-19 11:00:00,0.1302630090044793,1
1189,3348,3,Value,2024-02-19 12:00:00,0.4078365814108822,1
1190,46200,3,Staff,2024-02-19 13:00:00,0.9587419227956561,1
1191,29131,1,Staff,2024-02-19 14:00:00,0.1934205590457052,1
1192,26527,5,Animals,2024-02-19 15:00:00,0.11556713461222745,1
1193,42509,3,Facilities,2024-02-19 16:00:00,0.7670058657422383,1
1194,35367,5,Animals,2024-02-19 17:00:00,0.7833080021537682,1
1195,34004,5,Value,2024-02-19 18:00:00,0.5871668100396966,1
1196,17272,2,Facilities,2024-02-19 19:00:00,0.34315762905778746,1
1197,47645,5,Value,2024-02-19 20:00:00,0.20058261784159181,1
1198,26530,4,Food,2024-02-19 21:00:00,0.3398712020484487,1
1199,40648,1,Food,2024-02-19 22:00:00,0.045312857273777096,1
1200,40880,3,Animals,2024-02-19 23:00:00,0.407777359754557,0
1201,35653,4,Staff,2024-02-20 00:00:00,0.7427185264651869,1
1202,29702,4,Staff,2024-02-20 01:00:00,0.17465398516538488,1
1203,49347,3,Animals,2024-02-20 02:00:00,0.573038054479063,1
1204,23615,5,Value,2024-02-20 03:00:00,0.20489081188945402,1
1205,38285,3,Staff,2024-02-20 04:00:00,0.4277425772093526,1
1206,19169,5,Food,2024-02-20 05:00:00,0.8187509966927542,1
1207,857,3,Food,2024-02-20 06:00:00,0.2111115965836946,1
1208,45985,5,Facilities,2024-02-20 07:00:00,0.7288384609873633,1
1209,5977,5,Staff,2024-02-20 08:00:00,0.7072911042541569,1
1210,8626,5,Animals,2024-02-20 09:00:00,0.8860109924167537,0
1211,19124,2,Food,2024-02-20 10:00:00,0.2969150035860726,1
1212,42055,5,Animals,2024-02-20 11:00:00,0.8839983454855618,1
1213,45603,4,Facilities,2024-02-20 12:00:00,0.6175139510620352,1
1214,4590,5,Food,2024-02-20 13:00:00,0.4094198224112606,1
1215,9144,4,Staff,2024-02-20 14:00:00,0.40903710712427965,1
1216,43895,4,Facilities,2024-02-20 15:00:00,0.8335177162359545,1
1217,28310,4,Animals,2024-02-20 16:00:00,0.126024954250187,1
1218,1180,3,Food,2024-02-20 17:00:00,0.6979462247330871,1
1219,14524,5,Value,2024-02-20 18:00:00,0.06004659972430859,1
1220,24623,4,Value,2024-02-20 19:00:00,0.867003752225592,1
1221,28632,5,Staff,2024-02-20 20:00:00,0.2077911966298509,0
1222,28722,5,Food,2024-02-20 21:00:00,0.39105670860876385,1
1223,28083,4,Animals,2024-02-20 22:00:00,0.8773399824924816,1
1224,6132,2,Facilities,2024-02-20 23:00:00,0.5946605842520606,1
1225,12688,5,Staff,2024-02-21 00:00:00,0.1329414932997609,1
1226,40820,3,Animals,2024-02-21 01:00:00,0.5088589064411281,1
1227,49990,4,Facilities,2024-02-21 02:00:00,0.7208133058757256,1
1228,11020,3,Facilities,2024-02-21 03:00:00,0.21206737349491145,1
1229,30083,2,Animals,2024-02-21 04:00:00,0.9701230058162542,1
1230,43241,4,Animals,2024-02-21 05:00:00,0.6126786700773086,0
1231,30190,5,Staff,2024-02-21 06:00:00,0.34771896917454503,1
1232,10327,2,Value,2024-02-21 07:00:00,0.3473898177231579,1
1233,13201,4,Facilities,2024-02-21 08:00:00,0.41276087122985605,0
1234,15511,4,Animals,2024-02-21 09:00:00,0.9447639181773454,1
1235,38742,5,Value,2024-02-21 10:00:00,0.7347779664891487,1
1236,42594,5,Staff,2024-02-21 11:00:00,0.8074964165496167,1
1237,10991,5,Value,2024-02-21 12:00:00,0.14784732242728005,1
1238,31722,4,Food,2024-02-21 13:00:00,0.3394547035684139,0
1239,14998,3,Food,2024-02-21 14:00:00,0.6413492281558404,1
1240,8610,3,Value,2024-02-21 15:00:00,0.5763845834597809,0
1241,49607,5,Facilities,2024-02-21 16:00:00,0.1271844015076744,1
1242,24375,3,Animals,2024-02-21 17:00:00,0.40944666089793114,1
1243,19638,3,Food,2024-02-21 18:00:00,0.07368797409561023,1
1244,25963,5,Food,2024-02-21 19:00:00,0.6845190228118643,1
1245,4662,5,Staff,2024-02-21 20:00:00,0.5135030723217827,1
1246,2723,5,Food,2024-02-21 21:00:00,0.22296164078364555,1
1247,23488,5,Value,2024-02-21 22:00:00,0.9457316199476087,1
1248,32969,4,Value,2024-02-21 23:00:00,0.3084943029857331,1
1249,45218,5,Food,2024-02-22 00:00:00,2.5693082463029704e-05,1
1250,21668,4,Animals,2024-02-22 01:00:00,0.2924334933355406,1
1251,17232,4,Value,2024-02-22 02:00:00,0.7657091374407787,1
1252,14953,4,Staff,2024-02-22 03:00:00,0.33758245061128944,1
1253,107,5,Value,2024-02-22 04:00:00,0.4190042423001725,1
1254,38948,3,Food,2024-02-22 05:00:00,0.647718879160521,0
1255,13706,4,Facilities,2024-02-22 06:00:00,0.2744338835901159,0
1256,30357,5,Animals,2024-02-22 07:00:00,0.8487588066020391,1
1257,4510,3,Food,2024-02-22 08:00:00,0.9872284119831357,1
1258,2370,3,Food,2024-02-22 09:00:00,0.6066465196821469,1
1259,16936,5,Staff,2024-02-22 10:00:00,0.20976171439131863,1
1260,10080,3,Food,2024-02-22 11:00:00,0.3854161520827183,1
1261,12077,5,Facilities,2024-02-22 12:00:00,0.2175519630654218,0
1262,13238,3,Value,2024-02-22 13:00:00,0.341937523168094,1
1263,28911,4,Value,2024-02-22 14:00:00,0.023126559338491726,0
1264,49471,5,Staff,2024-02-22 15:00:00,0.085392126240039,0
1265,45845,5,Facilities,2024-02-22 16:00:00,0.014786883154896957,1
1266,28720,5,Food,2024-02-22 17:00:00,0.27482594121442605,1
1267,19964,2,Value,2024-02-22 18:00:00,0.6294558871235383,1
1268,16996,4,Animals,2024-02-22 19:00:00,0.22114753043778912,1
1269,46294,4,Staff,2024-02-22 20:00:00,0.08771590897285886,1
1270,40158,5,Food,2024-02-22 21:00:00,0.22698690964567692,1
1271,24178,4,Staff,2024-02-22 22:00:00,0.9181184463923888,0
1272,37755,3,Food,2024-02-22 23:00:00,0.5626860336067337,0
1273,4061,5,Facilities,2024-02-23 00:00:00,0.8158693660027744,1
1274,31276,5,Food,2024-02-23 01:00:00,0.5109119842957247,1
1275,44412,4,Staff,2024-02-23 02:00:00,0.4979436210258834,1
1276,10228,3,Animals,2024-02-23 03:00:00,0.5015442286640728,1
1277,6950,4,Food,2024-02-23 04:00:00,0.21829688139936498,1
1278,47781,3,Facilities,2024-02-23 05:00:00,0.9020313305537125,1
1279,2088,4,Animals,2024-02-23 06:00:00,0.23398525875635723,1
1280,21099,3,Facilities,2024-02-23 07:00:00,0.9251309164670029,0
1281,23731,2,Value,2024-02-23 08:00:00,0.48565183497577535,1
1282,34195,4,Food,2024-02-23 09:00:00,0.5283432043519525,0
1283,9824,2,Facilities,2024-02-23 10:00:00,0.2833405957467625,1
1284,23226,4,Staff,2024-02-23 11:00:00,0.4311844310265779,1
1285,8033,4,Value,2024-02-23 12:00:00,0.5839448384288233,0
1286,34033,3,Facilities,2024-02-23 13:00:00,0.06902791829802868,1
1287,4676,4,Value,2024-02-23 14:00:00,0.9733020944059175,1
1288,23512,4,Food,2024-02-23 15:00:00,0.6867951708696384,1
1289,8331,5,Food,2024-02-23 16:00:00,0.7618704135818519,1
1290,37097,2,Value,2024-02-23 17:00:00,0.5250204988783339,1
1291,8801,4,Animals,2024-02-23 18:00:00,0.68895355165158,0
1292,28237,5,Food,2024-02-23 19:00:00,0.9743409408093201,1
1293,17844,4,Animals,2024-02-23 20:00:00,0.11421397856016902,1
1294,3422,4,Staff,2024-02-23 21:00:00,0.02782601941967011,1
1295,13247,3,Animals,2024-02-23 22:00:00,0.33305360172246723,0
1296,2647,5,Value,2024-02-23 23:00:00,0.4097580108851807,0
1297,17179,5,Food,2024-02-24 00:00:00,0.13117536147720577,1
1298,19716,4,Staff,2024-02-24 01:00:00,0.5681455033285591,0
1299,34211,5,Value,2024-02-24 02:00:00,0.9350404773126089,0
1300,11503,4,Value,2024-02-24 03:00:00,0.6456276854722105,0
1301,6041,5,Food,2024-02-24 04:00:00,0.30422326204497574,1
1302,1405,4,Food,2024-02-24 05:00:00,0.8922447296186579,1
1303,35191,5,Staff,2024-02-24 06:00:00,0.7830467599820152,1
1304,48885,4,Facilities,2024-02-24 07:00:00,0.3205454009273583,1
1305,11544,2,Animals,2024-02-24 08:00:00,0.9664720244017749,0
1306,32853,3,Facilities,2024-02-24 09:00:00,0.9667371563563968,1
1307,9483,4,Staff,2024-02-24 10:00:00,0.12959455512128926,0
1308,45929,4,Facilities,2024-02-24 11:00:00,0.47137497679030704,1
1309,29314,5,Staff,2024-02-24 12:00:00,0.8346247086318866,1
1310,36801,5,Value,2024-02-24 13:00:00,0.029647724478776172,1
1311,23396,2,Value,2024-02-24 14:00:00,0.26491702379816784,1
1312,4443,3,Staff,2024-02-24 15:00:00,0.5885407686849681,0
1313,47010,2,Staff,2024-02-24 16:00:00,0.9370923755416319,1
1314,7526,4,Value,2024-02-24 17:00:00,0.5610748744813315,1
1315,29519,3,Animals,2024-02-24 18:00:00,0.8510510146675841,1
1316,47787,3,Value,2024-02-24 19:00:00,0.17234715809872359,0
1317,10905,5,Value,2024-02-24 20:00:00,0.3802737029208165,1
1318,21456,4,Animals,2024-02-24 21:00:00,0.6821552147730924,1
1319,42832,2,Value,2024-02-24 22:00:00,0.6286703692998392,1
1320,20750,3,Food,2024-02-24 23:00:00,0.4035990571585967,1
1321,1377,5,Staff,2024-02-25 00:00:00,0.8916354031078737,1
1322,49262,3,Staff,2024-02-25 01:00:00,0.37127312871532947,1
1323,8936,4,Animals,2024-02-25 02:00:00,0.5343463061313324,1
1324,45546,2,Value,2024-02-25 03:00:00,0.21007144153061463,1
1325,26591,2,Staff,2024-02-25 04:00:00,0.049726841836395086,1
1326,18431,3,Staff,2024-02-25 05:00:00,0.9195883098757716,1
1327,24646,3,Facilities,2024-02-25 06:00:00,0.3354908942207139,1
1328,28092,4,Facilities,2024-02-25 07:00:00,0.964151272525968,1
1329,14109,5,Food,2024-02-25 08:00:00,0.3615575153089394,1
1330,15681,2,Value,2024-02-25 09:00:00,0.5264372268197544,1
1331,27294,5,Facilities,2024-02-25 10:00:00,0.6368181589846786,1
1332,127,5,Facilities,2024-02-25 11:00:00,0.3878753111536758,1
1333,22089,4,Value,2024-02-25 12:00:00,0.9752288331100873,1
1334,40215,4,Value,2024-02-25 13:00:00,0.9979780549715186,1
1335,49482,1,Animals,2024-02-25 14:00:00,0.5154570051638816,1
1336,35486,4,Food,2024-02-25 15:00:00,0.10595657728823005,1
1337,4112,3,Value,2024-02-25 16:00:00,0.44418166363706413,0
1338,15242,4,Facilities,2024-02-25 17:00:00,0.24180058802321058,1
1339,28719,5,Facilities,2024-02-25 18:00:00,0.16772178861970632,1
1340,40527,4,Animals,2024-02-25 19:00:00,0.9305757672742613,1
1341,46849,4,Value,2024-02-25 20:00:00,0.3982536567535808,1
1342,42206,4,Value,2024-02-25 21:00:00,0.41563950255581983,1
1343,28886,5,Value,2024-02-25 22:00:00,0.06112551230886509,1
1344,48853,1,Facilities,2024-02-25 23:00:00,0.3066919113476346,0
1345,24558,4,Value,2024-02-26 00:00:00,0.7386110198934578,1
1346,26975,2,Animals,2024-02-26 01:00:00,0.9360369334001615,1
1347,26224,5,Facilities,2024-02-26 02:00:00,0.6893837883423732,1
1348,16872,5,Value,2024-02-26 03:00:00,0.2565573619429755,1
1349,49350,4,Value,2024-02-26 04:00:00,0.5041880868055915,1
1350,39346,5,Staff,2024-02-26 05:00:00,0.7023030979811077,1
1351,11005,5,Animals,2024-02-26 06:00:00,0.43383868382690094,0
1352,26258,2,Facilities,2024-02-26 07:00:00,0.7035026449385114,1
1353,15757,5,Facilities,2024-02-26 08:00:00,0.8717767976043247,1
1354,28368,3,Facilities,2024-02-26 09:00:00,0.1999883708928648,1
1355,49485,5,Facilities,2024-02-26 10:00:00,0.1824686209305112,1
1356,15321,5,Value,2024-02-26 11:00:00,0.45071755010988024,0
1357,49491,3,Animals,2024-02-26 12:00:00,0.020281887682864985,1
1358,33952,5,Facilities,2024-02-26 13:00:00,0.5106312096703156,1
1359,42385,4,Food,2024-02-26 14:00:00,0.4307329037782557,1
1360,18683,4,Value,2024-02-26 15:00:00,0.1056120069865294,1
1361,24954,4,Food,2024-02-26 16:00:00,0.34974104649026416,1
1362,43665,3,Facilities,2024-02-26 17:00:00,0.7329337709948736,1
1363,19852,4,Value,2024-02-26 18:00:00,0.07949377027507021,1
1364,19928,5,Food,2024-02-26 19:00:00,0.6809051931537778,0
1365,39456,3,Food,2024-02-26 20:00:00,0.8439688176222749,1
1366,15759,5,Value,2024-02-26 21:00:00,0.22174820869543188,1
1367,15903,4,Animals,2024-02-26 22:00:00,0.9412798275111323,0
1368,11868,4,Animals,2024-02-26 23:00:00,0.5269368106808163,1
1369,18028,4,Facilities,2024-02-27 00:00:00,0.04241870233010869,1
1370,2477,4,Facilities,2024-02-27 01:00:00,0.9516310138478656,1
1371,14870,5,Staff,2024-02-27 02:00:00,0.3000180397953992,1
1372,2207,2,Facilities,2024-02-27 03:00:00,0.728402332644645,0
1373,40676,3,Food,2024-02-27 04:00:00,0.12068316657991407,0
1374,1429,3,Food,2024-02-27 05:00:00,0.6694162545515602,1
1375,24565,5,Value,2024-02-27 06:00:00,0.1981160597718491,1
1376,10744,2,Value,2024-02-27 07:00:00,0.08179947388187259,0
1377,28853,1,Facilities,2024-02-27 08:00:00,0.6402607985399037,1
1378,46302,2,Animals,2024-02-27 09:00:00,0.5519039849618687,1
1379,19412,3,Value,2024-02-27 10:00:00,0.4534820975863687,1
1380,5433,5,Animals,2024-02-27 11:00:00,0.8633207197030343,1
1381,38694,5,Food,2024-02-27 12:00:00,0.213426837722561,0
1382,20806,4,Facilities,2024-02-27 13:00:00,0.5315451789857946,1
1383,11495,5,Facilities,2024-02-27 14:00:00,0.9012093056192922,1
1384,27494,4,Facilities,2024-02-27 15:00:00,0.4678250738603874,1
1385,48847,5,Staff,2024-02-27 16:00:00,0.9878786222394005,1
1386,12414,3,Food,2024-02-27 17:00:00,0.9900779434635248,1
1387,47875,4,Animals,2024-02-27 18:00:00,0.686169161931601,0
1388,2550,4,Animals,2024-02-27 19:00:00,0.6992706696276774,1
1389,14721,2,Animals,2024-02-27 20:00:00,0.02114236062713226,1
1390,32867,4,Value,2024-02-27 21:00:00,0.8999366972655262,1
1391,35664,4,Value,2024-02-27 22:00:00,0.09475151078086586,1
1392,4076,4,Animals,2024-02-27 23:00:00,0.8832540346418398,1
1393,23359,1,Facilities,2024-02-28 00:00:00,0.7669447951715359,1
1394,24923,5,Facilities,2024-02-28 01:00:00,0.6966892680809754,1
1395,30816,5,Animals,2024-02-28 02:00:00,0.650788772963034,1
1396,42744,4,Value,2024-02-28 03:00:00,0.5544517920305753,1
1397,16362,3,Animals,2024-02-28 04:00:00,0.3349757085074362,0
1398,43550,4,Food,2024-02-28 05:00:00,0.8662411844085895,1
1399,27931,3,Staff,2024-02-28 06:00:00,0.20647893735313194,1
1400,39312,4,Food,2024-02-28 07:00:00,0.35111572265318425,0
1401,29556,3,Food,2024-02-28 08:00:00,0.9277096427696115,1
1402,5405,3,Food,2024-02-28 09:00:00,0.04830390021692099,1
1403,15692,5,Facilities,2024-02-28 10:00:00,0.18556700570226914,1
1404,48005,4,Staff,2024-02-28 11:00:00,0.6033966877455956,1
1405,5379,3,Animals,2024-02-28 12:00:00,0.4403092274891547,1
1406,35501,3,Animals,2024-02-28 13:00:00,0.03327955603310584,1
1407,7621,5,Value,2024-02-28 14:00:00,0.7434938567994303,0
1408,18650,5,Food,2024-02-28 15:00:00,0.10908032813768309,1
1409,14793,5,Value,2024-02-28 16:00:00,0.4732860072654276,1
1410,42015,3,Food,2024-02-28 17:00:00,0.47604968057902375,1
1411,36079,5,Staff,2024-02-28 18:00:00,0.5279535998120392,0
1412,35444,3,Value,2024-02-28 19:00:00,0.6394062984371808,1
1413,21094,1,Staff,2024-02-28 20:00:00,0.6300174316050144,1
1414,40563,1,Value,2024-02-28 21:00:00,0.49506827065225634,1
1415,46982,4,Value,2024-02-28 22:00:00,0.9821336404141908,1
1416,27624,5,Staff,2024-02-28 23:00:00,0.9736500159800267,1
1417,23875,4,Value,2024-02-29 00:00:00,0.7268481859004087,1
1418,10395,4,Staff,2024-02-29 01:00:00,0.2216367969274008,1
1419,226,4,Animals,2024-02-29 02:00:00,0.7491734267374031,0
1420,9694,5,Staff,2024-02-29 03:00:00,0.6895317757869678,1
1421,7969,5,Animals,2024-02-29 04:00:00,0.5285805616300402,1
1422,30938,2,Staff,2024-02-29 05:00:00,0.9579308176353724,1
1423,25131,3,Staff,2024-02-29 06:00:00,0.6088702062302498,1
1424,13629,3,Food,2024-02-29 07:00:00,0.6030965324683049,1
1425,43743,2,Food,2024-02-29 08:00:00,0.3113827272913562,1
1426,41291,3,Staff,2024-02-29 09:00:00,0.751332570794564,1
1427,4122,4,Animals,2024-02-29 10:00:00,0.6327713193427343,1
1428,8387,3,Animals,2024-02-29 11:00:00,0.4358927483008125,1
1429,41717,5,Food,2024-02-29 12:00:00,0.9116395152358129,1
1430,49221,5,Value,2024-02-29 13:00:00,0.0005693473712566899,1
1431,6377,4,Food,2024-02-29 14:00:00,0.5082620752039971,1
1432,49475,4,Animals,2024-02-29 15:00:00,0.5939292894518317,1
1433,11801,4,Staff,2024-02-29 16:00:00,0.3082737539101458,1
1434,49564,4,Value,2024-02-29 17:00:00,0.7158985783620584,0
1435,41045,5,Staff,2024-02-29 18:00:00,0.5084314567983058,1
1436,43933,3,Staff,2024-02-29 19:00:00,0.7802783955390802,1
1437,6478,5,Value,2024-02-29 20:00:00,0.21609549804357986,1
1438,44863,5,Food,2024-02-29 21:00:00,0.33715600249141164,1
1439,24891,2,Value,2024-02-29 22:00:00,0.03148247200314702,1
1440,123,4,Food,2024-02-29 23:00:00,0.5837629959429212,1
1441,13554,1,Staff,2024-03-01 00:00:00,0.8363912792018414,1
1442,4741,5,Animals,2024-03-01 01:00:00,0.618982815117599,1
1443,11574,3,Food,2024-03-01 02:00:00,0.3532899659390535,1
1444,16223,4,Animals,2024-03-01 03:00:00,0.027244474901903515,1
1445,41220,2,Animals,2024-03-01 04:00:00,0.7654105672258349,1
1446,7509,4,Staff,2024-03-01 05:00:00,0.6950733866265442,1
1447,44165,4,Staff,2024-03-01 06:00:00,0.14136471468822176,1
1448,14779,4,Value,2024-03-01 07:00:00,0.6206751344603159,1
1449,40487,5,Animals,2024-03-01 08:00:00,0.41652375037141665,1
1450,28984,4,Animals,2024-03-01 09:00:00,0.46988602439657257,0
1451,36497,3,Value,2024-03-01 10:00:00,0.005321774140837565,1
1452,23353,4,Facilities,2024-03-01 11:00:00,0.8543232747851922,1
1453,43700,4,Staff,2024-03-01 12:00:00,0.4942000963880774,0
1454,35895,4,Value,2024-03-01 13:00:00,0.4249156695720243,1
1455,8471,3,Value,2024-03-01 14:00:00,0.37171727162082346,1
1456,27793,5,Facilities,2024-03-01 15:00:00,0.21810529276856438,0
1457,25867,4,Value,2024-03-01 16:00:00,0.8169392052619643,1
1458,7303,5,Animals,2024-03-01 17:00:00,0.0010302300681563903,1
1459,16433,5,Staff,2024-03-01 18:00:00,0.5787948747294233,1
1460,10151,4,Staff,2024-03-01 19:00:00,0.27931880033631373,1
1461,46460,3,Food,2024-03-01 20:00:00,0.3512624886846488,1
1462,13402,5,Animals,2024-03-01 21:00:00,0.49624747953545045,1
1463,43792,3,Animals,2024-03-01 22:00:00,0.8905197745684004,1
1464,2526,5,Animals,2024-03-01 23:00:00,0.4540469007599891,1
1465,2687,5,Staff,2024-03-02 00:00:00,0.05720821150180666,1
1466,14405,5,Animals,2024-03-02 01:00:00,0.4355727290911121,0
1467,39636,4,Animals,2024-03-02 02:00:00,0.33586561807719906,1
1468,23130,5,Animals,2024-03-02 03:00:00,0.2054721300501191,1
1469,13144,4,Value,2024-03-02 04:00:00,0.9727463573099742,1
1470,9104,4,Staff,2024-03-02 05:00:00,0.1947580653088814,0
1471,15680,4,Animals,2024-03-02 06:00:00,0.8921180935661773,1
1472,17193,1,Facilities,2024-03-02 07:00:00,0.8521829808472126,1
1473,35618,4,Food,2024-03-02 08:00:00,0.7318318141763929,1
1474,7752,5,Animals,2024-03-02 09:00:00,0.9937502690551061,1
1475,35600,3,Staff,2024-03-02 10:00:00,0.37109760684206594,1
1476,45831,5,Staff,2024-03-02 11:00:00,0.12357119608545275,1
1477,14281,5,Staff,2024-03-02 12:00:00,0.15507191237454332,0
1478,22074,4,Food,2024-03-02 13:00:00,0.4067884608886154,0
1479,19503,3,Food,2024-03-02 14:00:00,0.031259241611401145,1
1480,42088,5,Staff,2024-03-02 15:00:00,0.5725293416215319,1
1481,26734,3,Food,2024-03-02 16:00:00,0.05237680114925536,1
1482,45773,3,Staff,2024-03-02 17:00:00,0.7966062749916866,1
1483,44487,5,Food,2024-03-02 18:00:00,0.049637031400188936,1
1484,35547,4,Animals,2024-03-02 19:00:00,0.007535307760265564,0
1485,4701,4,Value,2024-03-02 20:00:00,0.6717480783426084,0
1486,21475,2,Staff,2024-03-02 21:00:00,0.5360917286347731,0
1487,31115,3,Animals,2024-03-02 22:00:00,0.15971116250901485,0
1488,8656,3,Animals,2024-03-02 23:00:00,0.4409580116724783,1
1489,17926,3,Staff,2024-03-03 00:00:00,0.9222344969990401,1
1490,28931,5,Value,2024-03-03 01:00:00,0.05718640235846195,1
1491,24332,2,Animals,2024-03-03 02:00:00,0.3637174543649476,1
1492,43580,3,Food,2024-03-03 03:00:00,0.559411742305147,1
1493,34948,4,Facilities,2024-03-03 04:00:00,0.895949938571069,1
1494,22403,4,Animals,2024-03-03 05:00:00,0.15573062597323772,1
1495,15497,5,Food,2024-03-03 06:00:00,0.5266121236997536,1
1496,41302,5,Animals,2024-03-03 07:00:00,0.5710219232063615,1
1497,16332,4,Staff,2024-03-03 08:00:00,0.41647647310924096,1
1498,37397,5,Animals,2024-03-03 09:00:00,0.04190372270356202,1
1499,42469,1,Value,2024-03-03 10:00:00,0.3907200174387797,1
1500,31901,5,Facilities,2024-03-03 11:00:00,0.31907975597197147,1
1501,33511,2,Staff,2024-03-03 12:00:00,0.2914861108986211,0
1502,43286,5,Food,2024-03-03 13:00:00,0.287807424618158,1
1503,1088,5,Food,2024-03-03 14:00:00,0.548012427698293,1
1504,41342,5,Facilities,2024-03-03 15:00:00,0.36318207531300295,1
1505,5763,4,Animals,2024-03-03 16:00:00,0.13278296267880196,1
1506,29126,3,Value,2024-03-03 17:00:00,0.8202658748175047,1
1507,11053,2,Staff,2024-03-03 18:00:00,0.6308596615702359,1
1508,21459,2,Food,2024-03-03 19:00:00,0.48747646670118894,1
1509,2973,4,Staff,2024-03-03 20:00:00,0.39527615272854855,1
1510,20012,2,Food,2024-03-03 21:00:00,0.9792078900348284,1
1511,5967,4,Staff,2024-03-03 22:00:00,0.43682656357256844,1
1512,17176,5,Food,2024-03-03 23:00:00,0.3130147392911008,1
1513,32023,3,Facilities,2024-03-04 00:00:00,0.03648372445838166,0
1514,36855,4,Value,2024-03-04 01:00:00,0.3614438222354295,1
1515,30382,4,Staff,2024-03-04 02:00:00,0.5690747349025903,0
1516,31967,3,Staff,2024-03-04 03:00:00,0.8909713459798048,0
1517,2788,2,Food,2024-03-04 04:00:00,0.8811956380599125,0
1518,47903,5,Animals,2024-03-04 05:00:00,0.2516111945932582,1
1519,25862,3,Animals,2024-03-04 06:00:00,0.9283516514739706,1
1520,7227,3,Facilities,2024-03-04 07:00:00,0.8294149354303579,1
1521,44971,1,Value,2024-03-04 08:00:00,0.7151052085827081,1
1522,11971,4,Facilities,2024-03-04 09:00:00,0.9155091355815783,1
1523,14734,5,Staff,2024-03-04 10:00:00,0.31782144731472817,1
1524,21267,4,Food,2024-03-04 11:00:00,0.5195591539733357,0
1525,12271,3,Facilities,2024-03-04 12:00:00,0.8686106386244357,1
1526,37354,5,Food,2024-03-04 13:00:00,0.22727788160567708,1
1527,43237,2,Value,2024-03-04 14:00:00,0.42637038147836526,1
1528,15308,5,Food,2024-03-04 15:00:00,0.7381441218161643,1
1529,31083,4,Food,2024-03-04 16:00:00,0.5372802645563662,1
1530,17727,3,Animals,2024-03-04 17:00:00,0.5109892879096936,0
1531,45097,1,Facilities,2024-03-04 18:00:00,0.6517469353687072,1
1532,8592,4,Food,2024-03-04 19:00:00,0.02330172526305707,1
1533,22677,4,Food,2024-03-04 20:00:00,0.3612775069989851,1
1534,45324,4,Food,2024-03-04 21:00:00,0.20324499637418447,1
1535,38523,4,Animals,2024-03-04 22:00:00,0.8652926918029586,1
1536,27097,4,Food,2024-03-04 23:00:00,0.8198123219330161,1
1537,23677,4,Value,2024-03-05 00:00:00,0.44434822288118525,0
1538,39426,4,Facilities,2024-03-05 01:00:00,0.749700328236321,1
1539,12919,4,Facilities,2024-03-05 02:00:00,0.6410759427236439,0
1540,15777,2,Staff,2024-03-05 03:00:00,0.012769589163996509,1
1541,23463,5,Food,2024-03-05 04:00:00,0.06586036406968943,1
1542,38786,4,Food,2024-03-05 05:00:00,0.5511880238477997,1
1543,21383,5,Facilities,2024-03-05 06:00:00,0.968812821307577,1
1544,14121,4,Value,2024-03-05 07:00:00,0.8089494871512832,1
1545,24195,3,Food,2024-03-05 08:00:00,0.9094038920871581,1
1546,23503,5,Food,2024-03-05 09:00:00,0.9483283370447817,1
1547,2011,3,Value,2024-03-05 10:00:00,0.4532629872064803,1
1548,26723,1,Value,2024-03-05 11:00:00,0.5051668451227821,1
1549,3647,4,Animals,2024-03-05 12:00:00,0.19539560249613785,1
1550,11515,5,Facilities,2024-03-05 13:00:00,0.8765035645242059,1
1551,38040,5,Food,2024-03-05 14:00:00,0.6490351873858109,1
1552,38993,5,Value,2024-03-05 15:00:00,0.08815228626333016,0
1553,37860,1,Value,2024-03-05 16:00:00,0.438959277746823,1
1554,19509,1,Facilities,2024-03-05 17:00:00,0.7548603450131139,1
1555,25230,5,Staff,2024-03-05 18:00:00,0.48562673868092043,1
1556,7399,4,Animals,2024-03-05 19:00:00,0.26178877263645484,1
1557,23974,5,Value,2024-03-05 20:00:00,0.4740976998878089,1
1558,21283,4,Value,2024-03-05 21:00:00,0.9037618951103868,0
1559,46792,4,Food,2024-03-05 22:00:00,0.7154333620087723,0
1560,43678,5,Facilities,2024-03-05 23:00:00,0.18474040399540026,1
1561,13826,3,Facilities,2024-03-06 00:00:00,0.9182869038840343,1
1562,3807,4,Value,2024-03-06 01:00:00,0.2618569018138005,1
1563,37691,1,Value,2024-03-06 02:00:00,0.18922586501166083,1
1564,5875,5,Food,2024-03-06 03:00:00,0.3882334939648904,1
1565,43082,3,Animals,2024-03-06 04:00:00,0.3942415030919153,1
1566,38426,5,Food,2024-03-06 05:00:00,0.5243275852696022,1
1567,23501,5,Facilities,2024-03-06 06:00:00,0.7354606332958207,1
1568,33425,3,Staff,2024-03-06 07:00:00,0.8795086609731948,1
1569,11827,5,Staff,2024-03-06 08:00:00,0.691494764723139,1
1570,48981,3,Value,2024-03-06 09:00:00,0.5256538618255717,1
1571,114,3,Staff,2024-03-06 10:00:00,0.6784131719695261,1
1572,19616,2,Staff,2024-03-06 11:00:00,0.9988579161656357,1
1573,4716,3,Staff,2024-03-06 12:00:00,0.734189438895655,1
1574,7352,4,Food,2024-03-06 13:00:00,0.449794693384171,1
1575,10297,3,Staff,2024-03-06 14:00:00,0.23901167992636496,1
1576,2986,4,Food,2024-03-06 15:00:00,0.23090910916692298,1
1577,29006,1,Staff,2024-03-06 16:00:00,0.9973976439654721,1
1578,14194,3,Animals,2024-03-06 17:00:00,0.025695052374386518,1
1579,36454,4,Staff,2024-03-06 18:00:00,0.8445489385099656,1
1580,45700,5,Staff,2024-03-06 19:00:00,0.049373830586393996,1
1581,3253,4,Value,2024-03-06 20:00:00,0.11855150497537248,0
1582,44882,4,Animals,2024-03-06 21:00:00,0.4611164638584584,1
1583,6052,1,Food,2024-03-06 22:00:00,0.5036757056907211,1
1584,39230,4,Value,2024-03-06 23:00:00,0.8310090775211946,1
1585,20496,3,Facilities,2024-03-07 00:00:00,0.33577984603018884,1
1586,37473,4,Animals,2024-03-07 01:00:00,0.9821071693512643,1
1587,42916,5,Value,2024-03-07 02:00:00,0.24102710426561091,0
1588,32222,4,Staff,2024-03-07 03:00:00,0.7387878969740701,0
1589,6525,4,Food,2024-03-07 04:00:00,0.03660268480941342,1
1590,33003,4,Staff,2024-03-07 05:00:00,0.3601661170887822,1
1591,16138,5,Animals,2024-03-07 06:00:00,0.4030564267403408,0
1592,35738,5,Staff,2024-03-07 07:00:00,0.47209400498100795,1
1593,9932,4,Facilities,2024-03-07 08:00:00,0.6228704039865345,1
1594,49896,3,Facilities,2024-03-07 09:00:00,0.7571377855095887,0
1595,22658,5,Facilities,2024-03-07 10:00:00,0.061600323181756456,0
1596,13992,5,Food,2024-03-07 11:00:00,0.8399614839642904,1
1597,22082,5,Value,2024-03-07 12:00:00,0.29402361331450855,1
1598,31389,4,Facilities,2024-03-07 13:00:00,0.4025249364173952,0
1599,13840,4,Animals,2024-03-07 14:00:00,0.798023969384991,0
1600,35744,2,Value,2024-03-07 15:00:00,0.7821724307561985,1
1601,13760,5,Value,2024-03-07 16:00:00,0.10791222652542098,0
1602,5405,5,Food,2024-03-07 17:00:00,0.6815789335103363,1
1603,11323,1,Value,2024-03-07 18:00:00,0.6810180603737322,1
1604,45854,5,Staff,2024-03-07 19:00:00,0.5679442033402398,1
1605,726,5,Value,2024-03-07 20:00:00,0.06146266060097505,1
1606,20147,4,Staff,2024-03-07 21:00:00,0.6383568517602293,1
1607,13131,4,Facilities,2024-03-07 22:00:00,0.9241263404543583,1
1608,11337,2,Value,2024-03-07 23:00:00,0.05501272924127443,1
1609,42517,2,Food,2024-03-08 00:00:00,0.1207250965686617,1
1610,18789,5,Value,2024-03-08 01:00:00,0.007983870161092477,0
1611,3160,4,Facilities,2024-03-08 02:00:00,0.6755309615616352,1
1612,9122,4,Staff,2024-03-08 03:00:00,0.37530191554244086,1
1613,45743,4,Food,2024-03-08 04:00:00,0.05512491794054142,1
1614,7480,2,Value,2024-03-08 05:00:00,0.6239646135695488,1
1615,31024,4,Animals,2024-03-08 06:00:00,0.4578174386940318,0
1616,13988,4,Food,2024-03-08 07:00:00,0.11331156738298298,0
1617,39393,5,Facilities,2024-03-08 08:00:00,0.30572980284864004,1
1618,12239,4,Staff,2024-03-08 09:00:00,0.6181748697424563,1
1619,48461,4,Food,2024-03-08 10:00:00,0.9288732478847211,0
1620,18475,2,Value,2024-03-08 11:00:00,0.23769191224473984,1
1621,11665,1,Food,2024-03-08 12:00:00,0.670285784370583,1
1622,27444,4,Food,2024-03-08 13:00:00,0.1003458745207173,1
1623,44535,4,Value,2024-03-08 14:00:00,0.5377139895575922,1
1624,16076,4,Facilities,2024-03-08 15:00:00,0.38429258721675164,1
1625,15931,5,Food,2024-03-08 16:00:00,0.44464873762996104,1
1626,4650,5,Animals,2024-03-08 17:00:00,0.5919433440156899,0
1627,10433,4,Value,2024-03-08 18:00:00,0.1632476811763529,0
1628,38280,4,Animals,2024-03-08 19:00:00,0.46049045223399354,1
1629,35068,4,Facilities,2024-03-08 20:00:00,0.44094226755313626,1
1630,35785,5,Animals,2024-03-08 21:00:00,0.0600534060788942,1
1631,14292,4,Value,2024-03-08 22:00:00,0.6931526281355449,1
1632,22787,5,Animals,2024-03-08 23:00:00,0.7013157098227377,1
1633,32647,5,Food,2024-03-09 00:00:00,0.48557548793980965,1
1634,12806,5,Facilities,2024-03-09 01:00:00,0.26726541385268077,1
1635,46253,1,Value,2024-03-09 02:00:00,0.07143444175759872,1
1636,10321,1,Staff,2024-03-09 03:00:00,0.8536045153480329,0
1637,7362,3,Animals,2024-03-09 04:00:00,0.26867567153992256,1
1638,14040,4,Facilities,2024-03-09 05:00:00,0.2631146785135844,1
1639,37017,3,Value,2024-03-09 06:00:00,0.8465398127842967,1
1640,18907,5,Staff,2024-03-09 07:00:00,0.016117473826660733,1
1641,8884,2,Facilities,2024-03-09 08:00:00,0.6858362626737062,1
1642,46323,4,Facilities,2024-03-09 09:00:00,0.7224561382307958,0
1643,12718,3,Staff,2024-03-09 10:00:00,0.11066346678360084,1
1644,19721,3,Food,2024-03-09 11:00:00,0.19339619930570773,1
1645,48932,2,Value,2024-03-09 12:00:00,0.4465047239033605,1
1646,45008,5,Value,2024-03-09 13:00:00,0.3650168520238535,1
1647,44723,1,Animals,2024-03-09 14:00:00,0.8999774993070628,0
1648,3569,5,Value,2024-03-09 15:00:00,0.8290543871950796,1
1649,23502,4,Staff,2024-03-09 16:00:00,0.9535290872353396,1
1650,18499,4,Staff,2024-03-09 17:00:00,0.8401872336624944,1
1651,29826,3,Food,2024-03-09 18:00:00,0.9486431826710728,1
1652,20387,4,Animals,2024-03-09 19:00:00,0.8089847804718278,0
1653,29517,4,Staff,2024-03-09 20:00:00,0.9709419433853327,1
1654,46167,2,Value,2024-03-09 21:00:00,0.31551491255756947,1
1655,7585,2,Staff,2024-03-09 22:00:00,0.8247168642692974,1
1656,41453,4,Value,2024-03-09 23:00:00,0.34555460767338997,0
1657,46327,4,Facilities,2024-03-10 00:00:00,0.8467152227984108,1
1658,27437,3,Staff,2024-03-10 01:00:00,0.5540524694374667,1
1659,18211,3,Food,2024-03-10 02:00:00,0.14568616370236964,0
1660,35425,5,Staff,2024-03-10 03:00:00,0.2566424506078677,1
1661,23970,5,Value,2024-03-10 04:00:00,0.3746466372976299,1
1662,17640,2,Facilities,2024-03-10 05:00:00,0.8467326995500508,1
1663,40099,4,Food,2024-03-10 06:00:00,0.21453886779362852,1
1664,34039,5,Value,2024-03-10 07:00:00,0.19011518280691198,0
1665,31009,4,Food,2024-03-10 08:00:00,0.48006856596223557,1
1666,33189,5,Animals,2024-03-10 09:00:00,0.9328006138717192,1
1667,23146,3,Value,2024-03-10 10:00:00,0.23543929719232704,1
1668,9962,4,Staff,2024-03-10 11:00:00,0.9154047960955303,1
1669,20081,1,Food,2024-03-10 12:00:00,0.5370182257839923,1
1670,22102,4,Animals,2024-03-10 13:00:00,0.5329483613131106,1
1671,8164,4,Food,2024-03-10 14:00:00,0.8051967287574452,1
1672,12566,4,Facilities,2024-03-10 15:00:00,0.9271250739638719,1
1673,7685,1,Staff,2024-03-10 16:00:00,0.6210657015502611,1
1674,39005,4,Value,2024-03-10 17:00:00,0.34651483500060676,0
1675,47066,4,Staff,2024-03-10 18:00:00,0.4729414033649946,0
1676,20512,1,Food,2024-03-10 19:00:00,0.5926077096859727,1
1677,19370,5,Staff,2024-03-10 20:00:00,0.8789408782512101,1
1678,28363,4,Food,2024-03-10 21:00:00,0.5412326609395915,0
1679,21344,5,Staff,2024-03-10 22:00:00,0.6689595287756851,1
1680,13715,5,Animals,2024-03-10 23:00:00,0.2752817632507041,1
1681,44246,3,Value,2024-03-11 00:00:00,0.018072376685928426,0
1682,31480,5,Value,2024-03-11 01:00:00,0.7757176006511832,1
1683,43110,5,Facilities,2024-03-11 02:00:00,0.4095677845518515,1
1684,29349,3,Food,2024-03-11 03:00:00,0.43971399244128473,1
1685,39735,5,Staff,2024-03-11 04:00:00,0.7663377922674522,1
1686,19405,4,Staff,2024-03-11 05:00:00,0.11073128692820089,1
1687,26134,4,Food,2024-03-11 06:00:00,0.7794124077372545,1
1688,28717,5,Food,2024-03-11 07:00:00,0.9747332105206729,1
1689,21540,4,Food,2024-03-11 08:00:00,0.5230019984376957,1
1690,14068,1,Staff,2024-03-11 09:00:00,0.1284886885216432,1
1691,6260,5,Staff,2024-03-11 10:00:00,0.29680702979351437,0
1692,10515,4,Animals,2024-03-11 11:00:00,0.5235464477695699,1
1693,36886,5,Animals,2024-03-11 12:00:00,0.25348075754042787,1
1694,10357,4,Value,2024-03-11 13:00:00,0.43023737311485244,1
1695,5010,5,Staff,2024-03-11 14:00:00,0.9764363377356143,1
1696,2426,4,Staff,2024-03-11 15:00:00,0.28566766601418203,1
1697,1775,5,Food,2024-03-11 16:00:00,0.5096723109483133,1
1698,45948,1,Value,2024-03-11 17:00:00,0.26730106492979255,0
1699,17574,5,Food,2024-03-11 18:00:00,0.0915943921008251,1
1700,21721,3,Staff,2024-03-11 19:00:00,0.31674960828489385,0
1701,23879,4,Food,2024-03-11 20:00:00,0.7682523561857915,1
1702,17478,4,Food,2024-03-11 21:00:00,0.863373378681804,1
1703,10222,4,Value,2024-03-11 22:00:00,0.16230926018114133,1
1704,38959,4,Food,2024-03-11 23:00:00,0.35177367244854774,1
1705,30259,4,Animals,2024-03-12 00:00:00,0.8993528441068407,0
1706,23913,3,Animals,2024-03-12 01:00:00,0.5110644545175814,1
1707,39406,5,Staff,2024-03-12 02:00:00,0.21729902824888525,0
1708,25940,5,Facilities,2024-03-12 03:00:00,0.09888457315952215,1
1709,3180,4,Staff,2024-03-12 04:00:00,0.711407469798758,1
1710,2522,4,Value,2024-03-12 05:00:00,0.7303630207509155,1
1711,22602,4,Facilities,2024-03-12 06:00:00,0.6255721258015052,1
1712,41947,4,Value,2024-03-12 07:00:00,0.28348597474977943,1
1713,22198,2,Food,2024-03-12 08:00:00,0.2984091168045513,0
1714,47114,4,Facilities,2024-03-12 09:00:00,0.6104534392257398,0
1715,33338,3,Animals,2024-03-12 10:00:00,0.254428175870415,1
1716,42735,5,Staff,2024-03-12 11:00:00,0.861251592316696,1
1717,30992,4,Value,2024-03-12 12:00:00,0.401542349665562,1
1718,31537,5,Staff,2024-03-12 13:00:00,0.09625373883375565,1
1719,46262,4,Staff,2024-03-12 14:00:00,0.14759010318164045,0
1720,14387,4,Animals,2024-03-12 15:00:00,0.35683547869534593,1
1721,14701,4,Staff,2024-03-12 16:00:00,0.4484151379337591,0
1722,38699,4,Food,2024-03-12 17:00:00,0.14303619403777668,0
1723,13201,5,Facilities,2024-03-12 18:00:00,0.3111288697703819,1
1724,34397,5,Animals,2024-03-12 19:00:00,0.836004818516613,0
1725,10446,2,Animals,2024-03-12 20:00:00,0.002891691899744364,1
1726,41488,4,Staff,2024-03-12 21:00:00,0.07875037036328203,1
1727,38099,2,Facilities,2024-03-12 22:00:00,0.01103229697597885,1
1728,13404,3,Animals,2024-03-12 23:00:00,0.8090468693472174,0
1729,46039,3,Food,2024-03-13 00:00:00,0.4054969268771247,0
1730,28390,3,Staff,2024-03-13 01:00:00,0.31950602994766064,1
1731,37834,4,Facilities,2024-03-13 02:00:00,0.3518303051961824,1
1732,23682,1,Staff,2024-03-13 03:00:00,0.5390427166365254,0
1733,909,4,Food,2024-03-13 04:00:00,0.4178728832237427,1
1734,30252,4,Staff,2024-03-13 05:00:00,0.832866738384435,0
1735,31023,4,Value,2024-03-13 06:00:00,0.7673912646328065,1
1736,2593,4,Value,2024-03-13 07:00:00,0.5577382880200171,1
1737,8876,2,Facilities,2024-03-13 08:00:00,0.23734711041978074,1
1738,28553,4,Staff,2024-03-13 09:00:00,0.8848467505569352,0
1739,12882,3,Animals,2024-03-13 10:00:00,0.8581538084082756,0
1740,27780,5,Animals,2024-03-13 11:00:00,0.09131840336233266,0
1741,19040,3,Staff,2024-03-13 12:00:00,0.869833943605632,1
1742,29733,4,Value,2024-03-13 13:00:00,0.6110111910444291,1
1743,20182,3,Staff,2024-03-13 14:00:00,0.3891813344536108,1
1744,3867,4,Staff,2024-03-13 15:00:00,0.441417087588751,0
1745,28564,4,Animals,2024-03-13 16:00:00,0.016730896037993603,0
1746,6204,3,Staff,2024-03-13 17:00:00,0.2855128340919185,1
1747,2570,3,Food,2024-03-13 18:00:00,0.7301626135058982,1
1748,18950,5,Animals,2024-03-13 19:00:00,0.9279705006117546,1
1749,7892,3,Value,2024-03-13 20:00:00,0.9423187364295441,0
1750,26458,5,Food,2024-03-13 21:00:00,0.7282498494842811,0
1751,1072,4,Food,2024-03-13 22:00:00,0.0017874958964595455,1
1752,30931,3,Staff,2024-03-13 23:00:00,0.551567562657168,0
1753,32094,3,Value,2024-03-14 00:00:00,0.24971233980953578,1
1754,40110,3,Facilities,2024-03-14 01:00:00,0.16995499249124357,1
1755,24516,4,Facilities,2024-03-14 02:00:00,0.11092280621791595,1
1756,30685,4,Food,2024-03-14 03:00:00,0.3881770192568186,1
1757,36508,4,Staff,2024-03-14 04:00:00,0.9001730316056907,1
1758,11674,3,Animals,2024-03-14 05:00:00,0.9641105656193683,0
1759,26807,1,Staff,2024-03-14 06:00:00,0.3030260045984825,1
1760,17008,3,Food,2024-03-14 07:00:00,0.29754214199482376,1
1761,31796,4,Animals,2024-03-14 08:00:00,0.8732342660160013,1
1762,2863,5,Animals,2024-03-14 09:00:00,0.5103924503263075,1
1763,32354,3,Staff,2024-03-14 10:00:00,0.3481894060769041,1
1764,47827,3,Value,2024-03-14 11:00:00,0.5676249814051354,1
1765,43269,5,Food,2024-03-14 12:00:00,0.1297969455132637,1
1766,43517,3,Facilities,2024-03-14 13:00:00,0.13686782227041416,0
1767,10372,3,Staff,2024-03-14 14:00:00,0.7720649957513229,1
1768,6991,3,Food,2024-03-14 15:00:00,0.2648944662575312,1
1769,19659,4,Facilities,2024-03-14 16:00:00,0.4117507301464858,1
1770,33282,4,Staff,2024-03-14 17:00:00,0.9770509989184321,1
1771,21527,2,Animals,2024-03-14 18:00:00,0.6234219891217556,1
1772,44620,5,Staff,2024-03-14 19:00:00,0.1261851074044984,1
1773,5293,4,Staff,2024-03-14 20:00:00,0.012184002451414044,1
1774,15668,3,Facilities,2024-03-14 21:00:00,0.27341460424944675,0
1775,33386,5,Staff,2024-03-14 22:00:00,0.218622587479661,1
1776,7371,5,Value,2024-03-14 23:00:00,0.6850651566631905,0
1777,22129,4,Staff,2024-03-15 00:00:00,0.7625614046954092,1
1778,12816,4,Food,2024-03-15 01:00:00,0.9369530304264893,0
1779,27159,4,Animals,2024-03-15 02:00:00,0.23088708743111308,1
1780,29357,4,Staff,2024-03-15 03:00:00,0.6501980288450304,1
1781,31063,4,Animals,2024-03-15 04:00:00,0.5367191143684367,1
1782,48806,3,Staff,2024-03-15 05:00:00,0.49160233394798625,1
1783,41031,5,Value,2024-03-15 06:00:00,0.6453745797700117,1
1784,19914,4,Food,2024-03-15 07:00:00,0.06438393931510422,1
1785,37958,2,Value,2024-03-15 08:00:00,0.35381416781255215,1
1786,36665,2,Value,2024-03-15 09:00:00,0.552381803824647,0
1787,15885,5,Value,2024-03-15 10:00:00,0.7119219631984366,1
1788,42359,2,Staff,2024-03-15 11:00:00,0.315183496815591,1
1789,41339,5,Animals,2024-03-15 12:00:00,0.357812237354422,1
1790,29644,4,Animals,2024-03-15 13:00:00,0.595302915359343,1
1791,46498,4,Animals,2024-03-15 14:00:00,0.06960529832375884,1
1792,546,4,Staff,2024-03-15 15:00:00,0.7916811608636432,0
1793,21648,5,Food,2024-03-15 16:00:00,0.3870417703596565,1
1794,8776,5,Food,2024-03-15 17:00:00,0.9430883899839139,1
1795,49052,4,Value,2024-03-15 18:00:00,0.7527058245550506,0
1796,49794,4,Facilities,2024-03-15 19:00:00,0.9879841608364374,1
1797,34659,5,Food,2024-03-15 20:00:00,0.5654284503291018,0
1798,40667,5,Facilities,2024-03-15 21:00:00,0.8585538100680721,1
1799,18117,2,Animals,2024-03-15 22:00:00,0.22200974114694583,1
1800,2824,5,Staff,2024-03-15 23:00:00,0.9098023850496726,1
1801,3800,5,Food,2024-03-16 00:00:00,0.495352398841609,1
1802,45682,5,Animals,2024-03-16 01:00:00,0.050426751609431886,0
1803,30591,4,Facilities,2024-03-16 02:00:00,0.05280126162047716,1
1804,4375,2,Animals,2024-03-16 03:00:00,0.37008802295418797,1
1805,2098,3,Animals,2024-03-16 04:00:00,0.7477489249210358,1
1806,37714,4,Facilities,2024-03-16 05:00:00,0.7016114721825334,1
1807,34874,4,Facilities,2024-03-16 06:00:00,0.20077633945310147,1
1808,39781,4,Facilities,2024-03-16 07:00:00,0.9194651385669443,1
1809,2950,4,Value,2024-03-16 08:00:00,0.4141203952452803,1
1810,31312,4,Animals,2024-03-16 09:00:00,0.25359661394015065,1
1811,36509,5,Value,2024-03-16 10:00:00,0.9358510649645727,0
1812,22689,2,Value,2024-03-16 11:00:00,0.09330525541536083,1
1813,26545,4,Value,2024-03-16 12:00:00,0.7604509935115438,1
1814,29137,2,Staff,2024-03-16 13:00:00,0.7694371910625687,1
1815,45256,3,Animals,2024-03-16 14:00:00,0.6287552045335599,0
1816,4568,3,Food,2024-03-16 15:00:00,0.8040808899892306,0
1817,22148,4,Facilities,2024-03-16 16:00:00,0.4621153195615598,1
1818,8548,4,Animals,2024-03-16 17:00:00,0.8785115419539073,0
1819,12256,3,Value,2024-03-16 18:00:00,0.3228946541358111,1
1820,34840,4,Facilities,2024-03-16 19:00:00,0.32111835713643866,1
1821,4475,5,Staff,2024-03-16 20:00:00,0.4361741143865142,1
1822,7422,1,Animals,2024-03-16 21:00:00,0.2527414594030505,1
1823,23632,5,Value,2024-03-16 22:00:00,0.8421193927775054,1
1824,29470,3,Facilities,2024-03-16 23:00:00,0.5118139071919776,1
1825,22304,2,Staff,2024-03-17 00:00:00,0.20208054513858353,1
1826,14924,3,Food,2024-03-17 01:00:00,0.174046404176189,0
1827,23893,3,Staff,2024-03-17 02:00:00,0.35602020922243793,1
1828,8612,4,Staff,2024-03-17 03:00:00,0.08598804658852488,1
1829,45899,4,Staff,2024-03-17 04:00:00,0.9910242949688878,1
1830,18961,5,Facilities,2024-03-17 05:00:00,0.7021134470225096,1
1831,16054,3,Facilities,2024-03-17 06:00:00,0.25528954521864566,1
1832,21796,3,Value,2024-03-17 07:00:00,0.9612449263834779,1
1833,44865,4,Animals,2024-03-17 08:00:00,0.4840626780455872,1
1834,18507,4,Food,2024-03-17 09:00:00,0.2948814122145541,1
1835,20584,5,Staff,2024-03-17 10:00:00,0.29855631057994947,1
1836,24143,5,Staff,2024-03-17 11:00:00,0.9313808636269492,1
1837,47330,3,Staff,2024-03-17 12:00:00,0.7587422842502952,1
1838,28860,4,Facilities,2024-03-17 13:00:00,0.2859810487548332,1
1839,43650,4,Facilities,2024-03-17 14:00:00,0.9990718487923314,1
1840,4951,2,Animals,2024-03-17 15:00:00,0.9264882238530601,0
1841,7457,3,Food,2024-03-17 16:00:00,0.33912240708387165,1
1842,49293,4,Facilities,2024-03-17 17:00:00,0.46363257314738215,1
1843,36947,4,Food,2024-03-17 18:00:00,0.5203124177774278,1
1844,7276,2,Value,2024-03-17 19:00:00,0.34618196503750465,1
1845,22054,5,Food,2024-03-17 20:00:00,0.36602880991353426,1
1846,15132,4,Staff,2024-03-17 21:00:00,0.24167417730554286,1
1847,33552,4,Food,2024-03-17 22:00:00,0.46959755067934905,1
1848,43512,2,Food,2024-03-17 23:00:00,0.6951835357462584,1
1849,8086,3,Staff,2024-03-18 00:00:00,0.45419227454312827,1
1850,12720,1,Facilities,2024-03-18 01:00:00,0.017737803617842274,0
1851,49760,1,Food,2024-03-18 02:00:00,0.6235977112725242,1
1852,47585,4,Staff,2024-03-18 03:00:00,0.10480892829668997,1
1853,13562,5,Value,2024-03-18 04:00:00,0.06416113726122552,1
1854,11028,3,Food,2024-03-18 05:00:00,0.49336324953139854,1
1855,3266,5,Facilities,2024-03-18 06:00:00,0.7944027471258832,0
1856,47618,2,Food,2024-03-18 07:00:00,0.4169957093254618,1
1857,19655,4,Value,2024-03-18 08:00:00,0.34159317712114756,1
1858,48948,5,Value,2024-03-18 09:00:00,0.8592523748163937,1
1859,40161,5,Facilities,2024-03-18 10:00:00,0.6599459167009065,1
1860,42188,4,Facilities,2024-03-18 11:00:00,0.4802928356951224,1
1861,30651,5,Food,2024-03-18 12:00:00,0.8239149473925601,1
1862,20932,5,Animals,2024-03-18 13:00:00,0.8458398030250732,1
1863,34258,4,Staff,2024-03-18 14:00:00,0.267548349093195,1
1864,17198,3,Animals,2024-03-18 15:00:00,0.5977641124652622,1
1865,182,3,Food,2024-03-18 16:00:00,0.3223683836710778,1
1866,43725,5,Animals,2024-03-18 17:00:00,0.519547973729869,1
1867,33804,5,Animals,2024-03-18 18:00:00,0.00878064000213108,1
1868,32836,3,Facilities,2024-03-18 19:00:00,0.9779070732315828,1
1869,23955,5,Value,2024-03-18 20:00:00,0.5363339613990743,1
1870,33883,3,Value,2024-03-18 21:00:00,0.7984406074157991,1
1871,13599,4,Food,2024-03-18 22:00:00,0.8445329941434266,1
1872,10205,4,Value,2024-03-18 23:00:00,0.3243067007393855,1
1873,39198,4,Facilities,2024-03-19 00:00:00,0.5645013138997078,1
1874,22248,3,Staff,2024-03-19 01:00:00,0.2907972767829202,1
1875,44247,4,Animals,2024-03-19 02:00:00,0.6511734514620263,1
1876,35015,3,Staff,2024-03-19 03:00:00,0.6581998206594158,1
1877,6720,5,Staff,2024-03-19 04:00:00,0.652984344339849,1
1878,34174,1,Staff,2024-03-19 05:00:00,0.37818736181211976,0
1879,20809,4,Food,2024-03-19 06:00:00,0.09238999842417583,0
1880,49971,4,Value,2024-03-19 07:00:00,0.10692770082453229,1
1881,2195,4,Food,2024-03-19 08:00:00,0.4179116350112382,0
1882,16568,3,Facilities,2024-03-19 09:00:00,0.6866466828047184,1
1883,42005,4,Facilities,2024-03-19 10:00:00,0.6992167115111433,1
1884,20074,3,Facilities,2024-03-19 11:00:00,0.6466920186959063,1
1885,43585,4,Food,2024-03-19 12:00:00,0.30407109394406273,1
1886,23801,5,Food,2024-03-19 13:00:00,0.9125961999778925,1
1887,21760,5,Facilities,2024-03-19 14:00:00,0.5460573111680335,1
1888,37457,4,Value,2024-03-19 15:00:00,0.27390376463300203,1
1889,20382,4,Food,2024-03-19 16:00:00,0.5610898969162753,1
1890,9465,3,Facilities,2024-03-19 17:00:00,0.6646642960200329,1
1891,46929,5,Animals,2024-03-19 18:00:00,0.8081105486483201,1
1892,5157,4,Facilities,2024-03-19 19:00:00,0.6821384303933279,0
1893,18003,5,Animals,2024-03-19 20:00:00,0.10253237965982365,1
1894,8892,5,Value,2024-03-19 21:00:00,0.3140958098144645,1
1895,36479,4,Animals,2024-03-19 22:00:00,0.6304353575802243,1
1896,37658,5,Facilities,2024-03-19 23:00:00,0.10685893614305153,1
1897,9203,4,Facilities,2024-03-20 00:00:00,0.43715871908253157,1
1898,42728,4,Animals,2024-03-20 01:00:00,0.2730060315662126,1
1899,16669,2,Facilities,2024-03-20 02:00:00,0.7578588107615014,1
1900,21012,4,Animals,2024-03-20 03:00:00,0.3178157161766567,0
1901,1612,4,Staff,2024-03-20 04:00:00,0.6686847573941516,1
1902,43753,3,Food,2024-03-20 05:00:00,0.41366812245457196,1
1903,44394,3,Facilities,2024-03-20 06:00:00,0.07784784098545816,0
1904,5659,2,Value,2024-03-20 07:00:00,0.341160437327482,1
1905,17639,4,Animals,2024-03-20 08:00:00,0.07938580895932645,0
1906,9144,5,Food,2024-03-20 09:00:00,0.4646160288384016,1
1907,37140,2,Facilities,2024-03-20 10:00:00,0.6600798107358737,1
1908,5219,5,Staff,2024-03-20 11:00:00,0.198947484228436,1
1909,28669,3,Value,2024-03-20 12:00:00,0.8595015600899923,0
1910,47346,4,Animals,2024-03-20 13:00:00,0.6533053347278527,0
1911,9065,4,Value,2024-03-20 14:00:00,0.48269937055469503,1
1912,7100,4,Staff,2024-03-20 15:00:00,0.4659307694763938,1
1913,46566,3,Food,2024-03-20 16:00:00,0.5098069072817528,0
1914,29818,5,Facilities,2024-03-20 17:00:00,0.6753397589723195,1
1915,1753,5,Staff,2024-03-20 18:00:00,0.8084315198726207,1
1916,48282,2,Animals,2024-03-20 19:00:00,0.1543099730983022,1
1917,46743,5,Value,2024-03-20 20:00:00,0.14415808410634945,0
1918,7067,3,Food,2024-03-20 21:00:00,0.3986032829208783,0
1919,11423,4,Value,2024-03-20 22:00:00,0.7738585818844745,1
1920,38587,5,Food,2024-03-20 23:00:00,0.25133506903795255,1
1921,13951,5,Food,2024-03-21 00:00:00,0.050386854057799635,0
1922,46510,4,Facilities,2024-03-21 01:00:00,0.1293290638679362,1
1923,43454,3,Value,2024-03-21 02:00:00,0.8500842884275431,1
1924,40859,4,Facilities,2024-03-21 03:00:00,0.6390690023511976,1
1925,18457,3,Animals,2024-03-21 04:00:00,0.547462085076316,0
1926,29156,5,Facilities,2024-03-21 05:00:00,0.9068597580352896,0
1927,46824,4,Animals,2024-03-21 06:00:00,0.13551749235095578,1
1928,20871,5,Facilities,2024-03-21 07:00:00,0.3532369346658617,1
1929,31043,3,Food,2024-03-21 08:00:00,0.07379821086607685,1
1930,3408,4,Animals,2024-03-21 09:00:00,0.25801187468577713,1
1931,14261,5,Facilities,2024-03-21 10:00:00,0.032159678592865615,0
1932,1469,4,Facilities,2024-03-21 11:00:00,0.6584254087932276,0
1933,33426,1,Facilities,2024-03-21 12:00:00,0.7620223440316317,1
1934,25405,3,Food,2024-03-21 13:00:00,0.36813009063698,1
1935,30270,4,Facilities,2024-03-21 14:00:00,0.3630867665318184,1
1936,10369,3,Food,2024-03-21 15:00:00,0.13637511671167057,1
1937,31321,1,Value,2024-03-21 16:00:00,0.6320477878277779,1
1938,16882,4,Staff,2024-03-21 17:00:00,0.24949438095887577,1
1939,1488,4,Value,2024-03-21 18:00:00,0.29006386647914706,0
1940,44559,5,Animals,2024-03-21 19:00:00,0.6879897767973302,0
1941,25186,2,Animals,2024-03-21 20:00:00,0.7499518743429577,0
1942,287,1,Animals,2024-03-21 21:00:00,0.041066005632998115,1
1943,24538,4,Staff,2024-03-21 22:00:00,0.37684328847656745,0
1944,38523,4,Food,2024-03-21 23:00:00,0.37279030948190406,1
1945,19802,4,Animals,2024-03-22 00:00:00,0.8241124220787961,1
1946,4556,5,Animals,2024-03-22 01:00:00,0.8548159904260294,1
1947,49622,5,Staff,2024-03-22 02:00:00,0.4913866016978661,1
1948,8282,3,Food,2024-03-22 03:00:00,0.8723163344357158,1
1949,28998,3,Animals,2024-03-22 04:00:00,0.9700924092493065,0
1950,24263,2,Facilities,2024-03-22 05:00:00,0.8436499861299901,0
1951,39578,3,Facilities,2024-03-22 06:00:00,0.3904133721290083,0
1952,47098,2,Animals,2024-03-22 07:00:00,0.9785457822296628,1
1953,9940,5,Animals,2024-03-22 08:00:00,0.0646909151052033,1
1954,20100,4,Facilities,2024-03-22 09:00:00,0.1863423299687259,0
1955,19413,5,Staff,2024-03-22 10:00:00,0.37420480119942856,1
1956,35794,3,Value,2024-03-22 11:00:00,0.8048615991640488,1
1957,7924,5,Animals,2024-03-22 12:00:00,0.5353561001437692,1
1958,5175,5,Animals,2024-03-22 13:00:00,0.2700523936702902,0
1959,751,4,Food,2024-03-22 14:00:00,0.1663391667322771,1
1960,7990,2,Staff,2024-03-22 15:00:00,0.41268655394076703,1
1961,4487,2,Food,2024-03-22 16:00:00,0.6658775936906978,1
1962,34655,4,Food,2024-03-22 17:00:00,0.6338342885054069,1
1963,29966,3,Food,2024-03-22 18:00:00,0.6170271255982964,0
1964,4551,4,Food,2024-03-22 19:00:00,0.2652775741802531,1
1965,1101,2,Staff,2024-03-22 20:00:00,0.3779216810704136,1
1966,21644,2,Animals,2024-03-22 21:00:00,0.5949671717557323,1
1967,11396,5,Food,2024-03-22 22:00:00,0.9095731106643954,0
1968,4569,1,Value,2024-03-22 23:00:00,0.12006671035376015,1
1969,28609,4,Animals,2024-03-23 00:00:00,0.6790682729635906,1
1970,12548,4,Staff,2024-03-23 01:00:00,0.5727328877688983,0
1971,18280,4,Animals,2024-03-23 02:00:00,0.6179338834797223,1
1972,49031,5,Staff,2024-03-23 03:00:00,0.1338180542130345,1
1973,13285,3,Facilities,2024-03-23 04:00:00,0.6134023795110288,1
1974,3420,5,Staff,2024-03-23 05:00:00,0.539550636403379,0
1975,49279,4,Staff,2024-03-23 06:00:00,0.9935126860029996,0
1976,36355,1,Staff,2024-03-23 07:00:00,0.9112773774645536,1
1977,48458,5,Facilities,2024-03-23 08:00:00,0.09597369042775106,1
1978,3775,3,Staff,2024-03-23 09:00:00,0.443999449110421,1
1979,22401,2,Facilities,2024-03-23 10:00:00,0.7822696596074838,1
1980,17154,3,Animals,2024-03-23 11:00:00,0.08541305387032694,0
1981,45468,3,Animals,2024-03-23 12:00:00,0.5207824331117807,0
1982,1852,5,Food,2024-03-23 13:00:00,0.9572509905834139,0
1983,14516,3,Value,2024-03-23 14:00:00,0.11535401997044825,1
1984,42178,4,Value,2024-03-23 15:00:00,0.021258019847270826,1
1985,5589,3,Animals,2024-03-23 16:00:00,0.4170061308280266,1
1986,21145,4,Facilities,2024-03-23 17:00:00,0.009969890684215277,1
1987,8460,5,Food,2024-03-23 18:00:00,0.8981117348273665,0
1988,29089,5,Animals,2024-03-23 19:00:00,0.8991817600725367,0
1989,20780,5,Facilities,2024-03-23 20:00:00,0.5912019847611905,1
1990,7013,5,Staff,2024-03-23 21:00:00,0.3621714374072107,0
1991,2405,2,Value,2024-03-23 22:00:00,0.7736794240218456,0
1992,17095,2,Facilities,2024-03-23 23:00:00,0.5947503006652101,1
1993,49515,5,Food,2024-03-24 00:00:00,0.8083111668695387,0
1994,892,5,Facilities,2024-03-24 01:00:00,0.9768848471158749,1
1995,11616,2,Facilities,2024-03-24 02:00:00,0.9404384287593377,1
1996,44809,3,Animals,2024-03-24 03:00:00,0.03811153480298535,1
1997,30378,4,Facilities,2024-03-24 04:00:00,0.9065885252109253,1
1998,11423,1,Value,2024-03-24 05:00:00,0.6217830771151823,1
1999,43428,4,Facilities,2024-03-24 06:00:00,0.687510714654353,1
2000,16001,5,Animals,2024-03-24 07:00:00,0.9020250659738206,0
2001,39937,4,Food,2024-03-24 08:00:00,0.5566745494450959,1
2002,45877,2,Food,2024-03-24 09:00:00,0.8272261438532992,1
2003,33089,2,Staff,2024-03-24 10:00:00,0.6137743640261856,1
2004,15867,4,Animals,2024-03-24 11:00:00,0.13978249631647832,0
2005,47986,5,Staff,2024-03-24 12:00:00,0.7948371060655894,1
2006,14539,4,Food,2024-03-24 13:00:00,0.593100565913437,1
2007,18130,4,Facilities,2024-03-24 14:00:00,0.10935268563066924,1
2008,49,4,Food,2024-03-24 15:00:00,0.11746169615366564,1
2009,33302,5,Food,2024-03-24 16:00:00,0.1856134950325018,1
2010,40469,3,Animals,2024-03-24 17:00:00,0.03306212724357149,1
2011,2424,4,Staff,2024-03-24 18:00:00,0.6214528640167525,1
2012,25475,3,Animals,2024-03-24 19:00:00,0.18685442243916917,1
2013,46822,4,Staff,2024-03-24 20:00:00,0.6239005128927072,1
2014,38894,4,Facilities,2024-03-24 21:00:00,0.8911777229809452,1
2015,635,2,Facilities,2024-03-24 22:00:00,0.5571560271370997,1
2016,11058,5,Animals,2024-03-24 23:00:00,0.1653569982741253,1
2017,19070,5,Animals,2024-03-25 00:00:00,0.32191393935407697,1
2018,44355,5,Staff,2024-03-25 01:00:00,0.5812533723201866,1
2019,40950,5,Food,2024-03-25 02:00:00,0.26406979570759437,1
2020,16831,4,Staff,2024-03-25 03:00:00,0.031942210968195606,0
2021,33806,4,Staff,2024-03-25 04:00:00,0.16829132380216416,1
2022,37609,4,Facilities,2024-03-25 05:00:00,0.5688726962080081,1
2023,5994,5,Staff,2024-03-25 06:00:00,0.47225574637001877,1
2024,13748,3,Staff,2024-03-25 07:00:00,0.8583676343486222,1
2025,31760,4,Animals,2024-03-25 08:00:00,0.48048284031567623,1
2026,33012,4,Food,2024-03-25 09:00:00,0.510585994148696,0
2027,16249,4,Animals,2024-03-25 10:00:00,0.6217727799090023,1
2028,29308,5,Food,2024-03-25 11:00:00,0.2328975790836081,1
2029,34781,3,Value,2024-03-25 12:00:00,0.48003536591528306,1
2030,22995,4,Value,2024-03-25 13:00:00,0.931110138440349,1
2031,18825,5,Animals,2024-03-25 14:00:00,0.7583781293599776,1
2032,37498,3,Facilities,2024-03-25 15:00:00,0.6538618568343374,1
2033,43780,1,Animals,2024-03-25 16:00:00,0.2983303549190931,0
2034,39750,5,Food,2024-03-25 17:00:00,0.38835044632529914,1
2035,18685,4,Staff,2024-03-25 18:00:00,0.2336947301801564,1
2036,3863,4,Staff,2024-03-25 19:00:00,0.6787077563795818,1
2037,37130,4,Staff,2024-03-25 20:00:00,0.3352282320994706,0
2038,43409,5,Staff,2024-03-25 21:00:00,0.6946359047055376,1
2039,37488,5,Staff,2024-03-25 22:00:00,0.5877487078438809,0
2040,45557,1,Food,2024-03-25 23:00:00,0.47040822532880466,1
2041,901,4,Staff,2024-03-26 00:00:00,0.3460905855519377,1
2042,27426,3,Staff,2024-03-26 01:00:00,0.9797507931204119,1
2043,44730,5,Food,2024-03-26 02:00:00,0.5377643808534006,1
2044,32170,5,Animals,2024-03-26 03:00:00,0.8776591548997718,1
2045,7483,1,Staff,2024-03-26 04:00:00,0.14772740069484458,1
2046,9099,2,Food,2024-03-26 05:00:00,0.983230283951093,1
2047,29924,3,Food,2024-03-26 06:00:00,0.6782611839277239,0
2048,22212,3,Food,2024-03-26 07:00:00,0.800533891315035,1
2049,15691,3,Animals,2024-03-26 08:00:00,0.035693159197480395,1
2050,22047,4,Facilities,2024-03-26 09:00:00,0.31094456101399304,1
2051,26036,3,Animals,2024-03-26 10:00:00,0.4392833950570362,1
2052,4331,2,Value,2024-03-26 11:00:00,0.6654534263103716,0
2053,30289,5,Staff,2024-03-26 12:00:00,0.34364429212974323,1
2054,25094,2,Food,2024-03-26 13:00:00,0.9060566898197919,1
2055,21655,5,Food,2024-03-26 14:00:00,0.36177669612738217,1
2056,27524,4,Animals,2024-03-26 15:00:00,0.3930999361587173,1
2057,27156,4,Animals,2024-03-26 16:00:00,0.8805759450810449,0
2058,7037,4,Food,2024-03-26 17:00:00,0.864313948037499,1
2059,38199,5,Value,2024-03-26 18:00:00,0.07649027485417104,1
2060,39273,3,Facilities,2024-03-26 19:00:00,0.30311250465555417,1
2061,5749,4,Food,2024-03-26 20:00:00,0.8085223480429562,0
2062,8022,5,Staff,2024-03-26 21:00:00,0.1883269866945254,0
2063,6987,3,Animals,2024-03-26 22:00:00,0.8396443944029471,1
2064,18065,5,Value,2024-03-26 23:00:00,0.42260720313135525,1
2065,25100,4,Animals,2024-03-27 00:00:00,0.6796696879470802,1
2066,26408,5,Food,2024-03-27 01:00:00,0.1817747655303772,1
2067,47721,4,Value,2024-03-27 02:00:00,0.83328744852034,1
2068,25178,5,Value,2024-03-27 03:00:00,0.12968154339273152,1
2069,7200,5,Animals,2024-03-27 04:00:00,0.1324434179031848,1
2070,15237,4,Staff,2024-03-27 05:00:00,0.2498603693447632,1
2071,35716,4,Food,2024-03-27 06:00:00,0.7226483195447253,1
2072,15434,4,Animals,2024-03-27 07:00:00,0.6772488068237399,1
2073,23543,5,Facilities,2024-03-27 08:00:00,0.020790232559935506,1
2074,43136,4,Staff,2024-03-27 09:00:00,0.7061617974903455,1
2075,36245,2,Facilities,2024-03-27 10:00:00,0.19960871365013289,0
2076,17612,3,Animals,2024-03-27 11:00:00,0.33348574110881823,1
2077,49928,4,Food,2024-03-27 12:00:00,0.4141117223444335,1
2078,10209,1,Value,2024-03-27 13:00:00,0.30187018040890923,1
2079,31421,3,Facilities,2024-03-27 14:00:00,0.1331972403112881,1
2080,49872,5,Animals,2024-03-27 15:00:00,0.2027424162023438,0
2081,16885,4,Animals,2024-03-27 16:00:00,0.9042516186600493,1
2082,37447,5,Facilities,2024-03-27 17:00:00,0.46911157497661593,1
2083,443,4,Staff,2024-03-27 18:00:00,0.06864828618942687,0
2084,42414,1,Food,2024-03-27 19:00:00,0.055376971692955856,1
2085,34274,3,Animals,2024-03-27 20:00:00,0.46579414129573415,0
2086,17776,2,Staff,2024-03-27 21:00:00,0.5592072239585085,1
2087,10440,2,Facilities,2024-03-27 22:00:00,0.7763560945393825,1
2088,19254,3,Staff,2024-03-27 23:00:00,0.8061148052578514,1
2089,36152,5,Animals,2024-03-28 00:00:00,0.7351613647920496,1
2090,4659,2,Facilities,2024-03-28 01:00:00,0.6193608106632593,1
2091,22151,4,Value,2024-03-28 02:00:00,0.3893296648250383,1
2092,27572,4,Food,2024-03-28 03:00:00,0.7727192458783003,1
2093,36061,4,Facilities,2024-03-28 04:00:00,0.1110206174547711,1
2094,18601,4,Staff,2024-03-28 05:00:00,0.18904552565438415,0
2095,28929,5,Facilities,2024-03-28 06:00:00,0.571849257865942,0
2096,41407,2,Staff,2024-03-28 07:00:00,0.49897538836810096,1
2097,27557,2,Food,2024-03-28 08:00:00,0.9405378461237816,0
2098,25982,3,Animals,2024-03-28 09:00:00,0.5015047271672164,1
2099,7728,4,Food,2024-03-28 10:00:00,0.05695857318164255,1
2100,33101,2,Value,2024-03-28 11:00:00,0.04024100639504358,1
2101,14748,4,Value,2024-03-28 12:00:00,0.9470385412573111,1
2102,33124,1,Facilities,2024-03-28 13:00:00,0.3574907065718166,0
2103,3414,3,Facilities,2024-03-28 14:00:00,0.8389714874381518,0
2104,39069,3,Animals,2024-03-28 15:00:00,0.480226777956571,1
2105,10787,2,Value,2024-03-28 16:00:00,0.6085859931780262,1
2106,35354,4,Staff,2024-03-28 17:00:00,0.02993160332496514,1
2107,27948,2,Value,2024-03-28 18:00:00,0.030448419527103532,1
2108,32873,5,Food,2024-03-28 19:00:00,0.2033993456921247,1
2109,34260,3,Staff,2024-03-28 20:00:00,0.09632414771844444,1
2110,29338,5,Animals,2024-03-28 21:00:00,0.6137563399634558,1
2111,28408,4,Food,2024-03-28 22:00:00,0.424034777969607,1
2112,26419,3,Animals,2024-03-28 23:00:00,0.7490237023244605,0
2113,47161,4,Staff,2024-03-29 00:00:00,0.8523194012766501,1
2114,13823,5,Food,2024-03-29 01:00:00,0.2300666199839202,0
2115,49942,5,Animals,2024-03-29 02:00:00,0.6603636678721168,1
2116,45617,5,Value,2024-03-29 03:00:00,0.767611342663433,1
2117,28988,4,Facilities,2024-03-29 04:00:00,0.7046825242891768,1
2118,26454,5,Food,2024-03-29 05:00:00,0.6376500643356833,0
2119,19939,5,Facilities,2024-03-29 06:00:00,0.3506466278427949,1
2120,40772,2,Staff,2024-03-29 07:00:00,0.7199498171295232,1
2121,43010,5,Value,2024-03-29 08:00:00,0.43504858939817237,1
2122,5651,5,Animals,2024-03-29 09:00:00,0.16030686818196216,1
2123,5129,3,Food,2024-03-29 10:00:00,0.34909523808457543,1
2124,11628,4,Value,2024-03-29 11:00:00,0.2787895488327401,1
2125,38789,2,Facilities,2024-03-29 12:00:00,0.3829474869762234,1
2126,23782,5,Animals,2024-03-29 13:00:00,0.0021825297208912797,1
2127,22855,4,Staff,2024-03-29 14:00:00,0.0954347428388086,1
2128,10584,1,Animals,2024-03-29 15:00:00,0.1339472872147175,0
2129,30823,4,Value,2024-03-29 16:00:00,0.2088024891497383,0
2130,36279,3,Value,2024-03-29 17:00:00,0.3830834791816571,1
2131,29433,1,Animals,2024-03-29 18:00:00,0.4009454958147186,1
2132,41813,4,Value,2024-03-29 19:00:00,0.24260869149809583,1
2133,18569,4,Food,2024-03-29 20:00:00,0.6890331980331766,1
2134,3448,4,Food,2024-03-29 21:00:00,0.7630440788157334,1
2135,45785,5,Staff,2024-03-29 22:00:00,0.08203628308791744,1
2136,4023,3,Food,2024-03-29 23:00:00,0.95783974867889,0
2137,37817,5,Animals,2024-03-30 00:00:00,0.2905623447623389,1
2138,46809,5,Food,2024-03-30 01:00:00,0.9896036518072595,1
2139,28229,4,Staff,2024-03-30 02:00:00,0.108899339518439,1
2140,19759,4,Food,2024-03-30 03:00:00,0.08571664998443851,1
2141,6240,4,Value,2024-03-30 04:00:00,0.41766102152756057,1
2142,10363,4,Animals,2024-03-30 05:00:00,0.6666680907035961,1
2143,49056,3,Animals,2024-03-30 06:00:00,0.14074643599452175,1
2144,13840,1,Staff,2024-03-30 07:00:00,0.10802497935380928,0
2145,49985,4,Food,2024-03-30 08:00:00,0.1346765493985571,1
2146,43005,5,Staff,2024-03-30 09:00:00,0.6346930889642967,1
2147,17183,4,Value,2024-03-30 10:00:00,0.7703778438511091,0
2148,32332,5,Animals,2024-03-30 11:00:00,0.46141689471613834,0
2149,23865,2,Facilities,2024-03-30 12:00:00,0.19732335197735307,1
2150,29991,3,Facilities,2024-03-30 13:00:00,0.12789991475570484,1
2151,45365,3,Food,2024-03-30 14:00:00,0.6610947562732565,1
2152,18980,4,Facilities,2024-03-30 15:00:00,0.05573066766260737,1
2153,1737,4,Animals,2024-03-30 16:00:00,0.28117534929569765,1
2154,40546,3,Food,2024-03-30 17:00:00,0.34234079185647603,1
2155,15918,3,Value,2024-03-30 18:00:00,0.3300687523988922,1
2156,17886,4,Animals,2024-03-30 19:00:00,0.6098238342448983,1
2157,2,2,Value,2024-03-30 20:00:00,0.8822517699193833,1
2158,4474,5,Animals,2024-03-30 21:00:00,0.6654900325528363,1
2159,7928,4,Food,2024-03-30 22:00:00,0.972382296057834,1
2160,5145,5,Animals,2024-03-30 23:00:00,0.34330308047590985,1
2161,33864,3,Staff,2024-03-31 00:00:00,0.9607343704082667,1
2162,15211,4,Staff,2024-03-31 01:00:00,0.20437463829264357,1
2163,18510,5,Staff,2024-03-31 02:00:00,0.33844097457672284,1
2164,33090,2,Animals,2024-03-31 03:00:00,0.008984025093716985,1
2165,22355,5,Facilities,2024-03-31 04:00:00,0.7855270408302236,0
2166,6312,4,Staff,2024-03-31 05:00:00,0.30121534603824196,1
2167,2004,5,Animals,2024-03-31 06:00:00,0.9910518320947543,1
2168,36762,2,Facilities,2024-03-31 07:00:00,0.19021770525053483,1
2169,40103,4,Food,2024-03-31 08:00:00,0.49215900896503983,1
2170,27744,5,Food,2024-03-31 09:00:00,0.10140312298860532,1
2171,974,2,Facilities,2024-03-31 10:00:00,0.31923077745723705,0
2172,8582,4,Staff,2024-03-31 11:00:00,0.4223506668445721,1
2173,45460,4,Food,2024-03-31 12:00:00,0.970872044022055,1
2174,939,4,Animals,2024-03-31 13:00:00,0.05906012890081358,1
2175,26114,3,Facilities,2024-03-31 14:00:00,0.6766329888072373,1
2176,37085,3,Animals,2024-03-31 15:00:00,0.16033826485880343,1
2177,23619,4,Food,2024-03-31 16:00:00,0.5199781908618096,1
2178,20718,4,Animals,2024-03-31 17:00:00,0.9373223933783649,1
2179,36927,5,Facilities,2024-03-31 18:00:00,0.4963147108383953,1
2180,15488,3,Food,2024-03-31 19:00:00,0.653212876178714,1
2181,21516,4,Facilities,2024-03-31 20:00:00,0.11241328840001685,1
2182,49712,5,Food,2024-03-31 21:00:00,0.4773489117984039,1
2183,17957,2,Staff,2024-03-31 22:00:00,0.3276491363732543,1
2184,5826,2,Food,2024-03-31 23:00:00,0.6834525784628369,1
2185,10822,4,Food,2024-04-01 00:00:00,0.12398355149001172,1
2186,12923,4,Animals,2024-04-01 01:00:00,0.5135548788414551,1
2187,31783,5,Value,2024-04-01 02:00:00,0.3676227536847386,1
2188,46513,4,Facilities,2024-04-01 03:00:00,0.5742133866834178,1
2189,20868,1,Value,2024-04-01 04:00:00,0.16048097763445646,0
2190,9219,5,Animals,2024-04-01 05:00:00,0.464340509350317,0
2191,21616,5,Staff,2024-04-01 06:00:00,0.0329165379057349,1
2192,9683,1,Animals,2024-04-01 07:00:00,0.422174099919587,1
2193,15210,4,Value,2024-04-01 08:00:00,0.158930238621252,0
2194,10482,4,Food,2024-04-01 09:00:00,0.8875698717934513,0
2195,8757,5,Facilities,2024-04-01 10:00:00,0.6283162834110476,1
2196,32493,2,Food,2024-04-01 11:00:00,0.5905889404115638,1
2197,29677,4,Animals,2024-04-01 12:00:00,0.021497519211865268,1
2198,27068,5,Facilities,2024-04-01 13:00:00,0.11136460877969523,1
2199,26428,3,Animals,2024-04-01 14:00:00,0.7837852094332031,1
2200,25671,5,Value,2024-04-01 15:00:00,0.781557955004258,1
2201,34359,5,Facilities,2024-04-01 16:00:00,0.24643666160046818,1
2202,6585,5,Food,2024-04-01 17:00:00,0.2130952720593362,1
2203,9737,5,Facilities,2024-04-01 18:00:00,0.20883094920988732,1
2204,43038,5,Staff,2024-04-01 19:00:00,0.17520795221374563,0
2205,8804,3,Value,2024-04-01 20:00:00,0.5343970049526405,1
2206,29493,3,Value,2024-04-01 21:00:00,0.21878932282152008,1
2207,81,5,Food,2024-04-01 22:00:00,0.3047963783007429,1
2208,40244,5,Facilities,2024-04-01 23:00:00,0.3982643183355544,0
2209,23085,4,Facilities,2024-04-02 00:00:00,0.18472858667894154,1
2210,26915,4,Staff,2024-04-02 01:00:00,0.5959783333556457,1
2211,48106,4,Staff,2024-04-02 02:00:00,0.4988280030360792,1
2212,34958,4,Animals,2024-04-02 03:00:00,0.9917092470711196,1
2213,24241,5,Food,2024-04-02 04:00:00,0.6413531227144275,1
2214,23886,3,Facilities,2024-04-02 05:00:00,0.8644410267375111,1
2215,19495,5,Facilities,2024-04-02 06:00:00,0.4114378301553405,1
2216,17035,2,Value,2024-04-02 07:00:00,0.035352807410943154,1
2217,1318,5,Facilities,2024-04-02 08:00:00,0.8862966246927889,1
2218,8555,3,Animals,2024-04-02 09:00:00,0.49021424544418524,1
2219,30705,4,Food,2024-04-02 10:00:00,0.08033121418062505,1
2220,38447,5,Food,2024-04-02 11:00:00,0.12171302903930903,0
2221,30499,4,Animals,2024-04-02 12:00:00,0.17344208599692634,0
2222,4993,5,Staff,2024-04-02 13:00:00,0.17870662711756125,1
2223,40396,5,Value,2024-04-02 14:00:00,0.26929738444770823,1
2224,40579,2,Food,2024-04-02 15:00:00,0.37606096694457936,1
2225,45855,3,Facilities,2024-04-02 16:00:00,0.14126019134556733,1
2226,3952,4,Value,2024-04-02 17:00:00,0.6144279444692436,1
2227,7888,3,Food,2024-04-02 18:00:00,0.9653988904631181,1
2228,17802,5,Value,2024-04-02 19:00:00,0.6370193687403842,1
2229,37399,1,Food,2024-04-02 20:00:00,0.03388468003147793,1
2230,3616,5,Food,2024-04-02 21:00:00,0.4843647460749755,1
2231,47413,5,Food,2024-04-02 22:00:00,0.02022718354882458,1
2232,17628,3,Facilities,2024-04-02 23:00:00,0.30249639977114195,1
2233,11728,5,Animals,2024-04-03 00:00:00,0.567854601034327,1
2234,11944,5,Animals,2024-04-03 01:00:00,0.882260909613749,1
2235,38067,4,Food,2024-04-03 02:00:00,0.9973126912036777,0
2236,15259,4,Animals,2024-04-03 03:00:00,0.31830586201061595,1
2237,31561,2,Food,2024-04-03 04:00:00,0.4372839081313762,1
2238,23407,4,Food,2024-04-03 05:00:00,0.3773966409861982,0
2239,17619,1,Value,2024-04-03 06:00:00,0.24648073813249372,1
2240,35360,5,Value,2024-04-03 07:00:00,0.7937543605609444,1
2241,4937,4,Staff,2024-04-03 08:00:00,0.9512024916486832,1
2242,6211,4,Value,2024-04-03 09:00:00,0.7794289026193503,1
2243,49654,4,Animals,2024-04-03 10:00:00,0.1153343102457689,1
2244,28671,5,Food,2024-04-03 11:00:00,0.6104227143936376,1
2245,17446,3,Staff,2024-04-03 12:00:00,0.8779574182150328,0
2246,48973,1,Staff,2024-04-03 13:00:00,0.34635923159910054,0
2247,16307,4,Food,2024-04-03 14:00:00,0.6357590133018763,1
2248,31443,3,Animals,2024-04-03 15:00:00,0.06065984981594974,1
2249,13991,4,Value,2024-04-03 16:00:00,0.264341883814768,1
2250,45011,5,Animals,2024-04-03 17:00:00,0.9054160294360019,1
2251,10164,3,Facilities,2024-04-03 18:00:00,0.9051554466723161,1
2252,23738,4,Food,2024-04-03 19:00:00,0.8272168832249899,1
2253,41456,5,Facilities,2024-04-03 20:00:00,0.5562081619164614,1
2254,13726,4,Food,2024-04-03 21:00:00,0.17274671405844388,1
2255,43888,5,Animals,2024-04-03 22:00:00,0.27176187239437943,1
2256,21867,5,Staff,2024-04-03 23:00:00,0.8799372984102127,0
2257,19314,4,Facilities,2024-04-04 00:00:00,0.1924384582605575,1
2258,40585,5,Animals,2024-04-04 01:00:00,0.3514252864825781,1
2259,4060,4,Staff,2024-04-04 02:00:00,0.9488009298107801,0
2260,47038,5,Staff,2024-04-04 03:00:00,0.6520831583859606,1
2261,4575,2,Facilities,2024-04-04 04:00:00,0.6974038135169044,1
2262,16525,3,Animals,2024-04-04 05:00:00,0.12330026504384106,1
2263,8331,3,Facilities,2024-04-04 06:00:00,0.8485238878500563,0
2264,10561,5,Facilities,2024-04-04 07:00:00,0.9344489355524053,1
2265,22716,3,Value,2024-04-04 08:00:00,0.9048592008340892,0
2266,11822,3,Animals,2024-04-04 09:00:00,0.40463373234404143,1
2267,623,4,Food,2024-04-04 10:00:00,0.595128353988602,1
2268,24476,4,Facilities,2024-04-04 11:00:00,0.632211106204956,0
2269,12666,4,Staff,2024-04-04 12:00:00,0.1863701625991967,1
2270,19399,3,Value,2024-04-04 13:00:00,0.8493857210469182,0
2271,22937,3,Value,2024-04-04 14:00:00,0.8785132081884391,1
2272,27337,4,Food,2024-04-04 15:00:00,0.3960109780689989,0
2273,33583,4,Animals,2024-04-04 16:00:00,0.5526667501674165,1
2274,39103,5,Facilities,2024-04-04 17:00:00,0.9959458949182539,1
2275,25503,4,Food,2024-04-04 18:00:00,0.06867225864084314,1
2276,11238,3,Food,2024-04-04 19:00:00,0.49936750684810616,1
2277,17729,3,Value,2024-04-04 20:00:00,0.918335051214172,0
2278,22602,3,Food,2024-04-04 21:00:00,0.5834870290335953,1
2279,49737,5,Facilities,2024-04-04 22:00:00,0.548323550459004,0
2280,20892,3,Animals,2024-04-04 23:00:00,0.6531139955647958,1
2281,7941,4,Food,2024-04-05 00:00:00,0.32226478078165643,1
2282,1012,4,Animals,2024-04-05 01:00:00,0.6369839409280903,1
2283,40671,4,Facilities,2024-04-05 02:00:00,0.10335383853243463,1
2284,15889,4,Food,2024-04-05 03:00:00,0.268249041539946,1
2285,571,3,Staff,2024-04-05 04:00:00,0.8492457429012183,1
2286,40981,4,Staff,2024-04-05 05:00:00,0.6580923134114118,1
2287,32342,4,Staff,2024-04-05 06:00:00,0.0008628639108692049,1
2288,4021,4,Facilities,2024-04-05 07:00:00,0.5691671835815724,0
2289,13728,1,Food,2024-04-05 08:00:00,0.8519480588612472,1
2290,48434,2,Value,2024-04-05 09:00:00,0.964101627216644,0
2291,45362,5,Food,2024-04-05 10:00:00,0.11662726087247954,1
2292,38347,2,Facilities,2024-04-05 11:00:00,0.17957282428887644,1
2293,32919,3,Food,2024-04-05 12:00:00,0.8452637330226813,0
2294,36252,4,Facilities,2024-04-05 13:00:00,0.9316653980779617,1
2295,29280,1,Facilities,2024-04-05 14:00:00,0.4851276001065069,1
2296,44725,3,Value,2024-04-05 15:00:00,0.041969897456266114,1
2297,40701,2,Food,2024-04-05 16:00:00,0.10230028793086943,1
2298,38767,4,Animals,2024-04-05 17:00:00,0.19185125822806803,1
2299,21633,4,Food,2024-04-05 18:00:00,0.38261469666207304,1
2300,22819,3,Animals,2024-04-05 19:00:00,0.9409252788844744,1
2301,9836,5,Staff,2024-04-05 20:00:00,0.7515804393906028,1
2302,28541,4,Staff,2024-04-05 21:00:00,0.8751569072480748,1
2303,19466,3,Animals,2024-04-05 22:00:00,0.607101920456644,1
2304,6354,4,Facilities,2024-04-05 23:00:00,0.062173916221052505,1
2305,38993,3,Animals,2024-04-06 00:00:00,0.06818506500463417,0
2306,42947,2,Facilities,2024-04-06 01:00:00,0.6746004417297929,1
2307,25073,5,Animals,2024-04-06 02:00:00,0.06170933619326058,1
2308,19221,2,Facilities,2024-04-06 03:00:00,0.6177472442997084,0
2309,27425,2,Food,2024-04-06 04:00:00,0.9695077745268295,0
2310,22308,3,Value,2024-04-06 05:00:00,0.88795785868763,1
2311,47012,4,Staff,2024-04-06 06:00:00,0.5099797254302117,1
2312,24492,4,Staff,2024-04-06 07:00:00,0.7093679893401996,0
2313,23274,1,Facilities,2024-04-06 08:00:00,0.9359326244271062,1
2314,34860,5,Staff,2024-04-06 09:00:00,0.44371564597831603,0
2315,26282,5,Facilities,2024-04-06 10:00:00,0.3171382033956959,1
2316,27353,2,Value,2024-04-06 11:00:00,0.2468793843448004,1
2317,36565,3,Food,2024-04-06 12:00:00,0.4620518057233216,1
2318,13402,1,Value,2024-04-06 13:00:00,0.7350656949298426,1
2319,5762,3,Food,2024-04-06 14:00:00,0.38802298070547514,1
2320,12312,4,Facilities,2024-04-06 15:00:00,0.16618573288268368,1
2321,44617,3,Facilities,2024-04-06 16:00:00,0.566147498121137,1
2322,39752,4,Animals,2024-04-06 17:00:00,0.6535416452743296,1
2323,41286,3,Facilities,2024-04-06 18:00:00,0.692051790951485,1
2324,11252,2,Animals,2024-04-06 19:00:00,0.024641158614393754,0
2325,15267,4,Food,2024-04-06 20:00:00,0.747467314517082,1
2326,28296,4,Food,2024-04-06 21:00:00,0.2989404083467072,1
2327,49482,4,Animals,2024-04-06 22:00:00,0.035698882113185504,1
2328,38661,2,Staff,2024-04-06 23:00:00,0.5708637361825397,0
2329,10050,5,Animals,2024-04-07 00:00:00,0.6478187921444115,1
2330,45089,4,Food,2024-04-07 01:00:00,0.04355634468905878,1
2331,28213,5,Value,2024-04-07 02:00:00,0.7951824925960759,1
2332,21783,1,Facilities,2024-04-07 03:00:00,0.4415523738727477,1
2333,32727,4,Facilities,2024-04-07 04:00:00,0.3556609816473054,1
2334,20326,4,Staff,2024-04-07 05:00:00,0.9870344827300569,1
2335,30175,3,Animals,2024-04-07 06:00:00,0.8063458942676885,1
2336,15711,3,Staff,2024-04-07 07:00:00,0.26108180212431553,1
2337,31251,4,Value,2024-04-07 08:00:00,0.13301372423701463,0
2338,32141,5,Food,2024-04-07 09:00:00,0.3847091935304471,0
2339,40531,3,Facilities,2024-04-07 10:00:00,0.6172598672217604,1
2340,26395,4,Food,2024-04-07 11:00:00,0.18515633554498545,1
2341,24750,3,Animals,2024-04-07 12:00:00,0.08349136218463737,0
2342,45481,1,Food,2024-04-07 13:00:00,0.5940912925869172,1
2343,15393,3,Food,2024-04-07 14:00:00,0.7629219956146377,1
2344,8766,3,Value,2024-04-07 15:00:00,0.3537473273734636,0
2345,3250,4,Animals,2024-04-07 16:00:00,0.47254787568119616,1
2346,14118,5,Animals,2024-04-07 17:00:00,0.8468286377972647,0
2347,13560,5,Animals,2024-04-07 18:00:00,0.004684459987558731,1
2348,27643,5,Staff,2024-04-07 19:00:00,0.7465262979114473,1
2349,10982,4,Value,2024-04-07 20:00:00,0.4426339435021228,0
2350,45363,4,Food,2024-04-07 21:00:00,0.39322041822239095,1
2351,20953,5,Facilities,2024-04-07 22:00:00,0.5062451265794955,1
2352,37343,2,Food,2024-04-07 23:00:00,0.5735597823259941,1
2353,18095,3,Value,2024-04-08 00:00:00,0.43356009979970367,1
2354,4730,4,Staff,2024-04-08 01:00:00,0.367219129918367,1
2355,26669,5,Facilities,2024-04-08 02:00:00,0.5579953645161358,0
2356,34337,4,Animals,2024-04-08 03:00:00,0.1825136116194186,1
2357,19440,5,Value,2024-04-08 04:00:00,0.25144516466921096,1
2358,1509,1,Value,2024-04-08 05:00:00,0.28406055380459483,1
2359,46399,5,Animals,2024-04-08 06:00:00,0.060874061132000556,1
2360,8795,4,Animals,2024-04-08 07:00:00,0.9796462945560109,1
2361,19104,2,Food,2024-04-08 08:00:00,0.42378984340461456,1
2362,14894,2,Animals,2024-04-08 09:00:00,0.9085248002776676,1
2363,25418,4,Food,2024-04-08 10:00:00,0.6531609405829348,1
2364,37951,3,Food,2024-04-08 11:00:00,0.802478661479732,1
2365,36603,1,Staff,2024-04-08 12:00:00,0.2929206065509383,1
2366,25426,3,Animals,2024-04-08 13:00:00,0.05565762413879405,0
2367,33472,5,Staff,2024-04-08 14:00:00,0.021987050033023703,0
2368,3912,5,Animals,2024-04-08 15:00:00,0.9367477697614187,1
2369,14825,4,Animals,2024-04-08 16:00:00,0.23162787374663718,1
2370,28182,4,Value,2024-04-08 17:00:00,0.9284229878297405,1
2371,32017,3,Food,2024-04-08 18:00:00,0.36713822948201325,1
2372,26092,5,Facilities,2024-04-08 19:00:00,0.7554735249344225,1
2373,19871,1,Value,2024-04-08 20:00:00,0.8209267416605213,0
2374,31400,3,Staff,2024-04-08 21:00:00,0.35804871657220205,1
2375,19298,5,Staff,2024-04-08 22:00:00,0.9485951743694433,1
2376,34238,4,Facilities,2024-04-08 23:00:00,0.13036764199834427,1
2377,41461,2,Food,2024-04-09 00:00:00,0.2966822344040968,1
2378,16398,5,Facilities,2024-04-09 01:00:00,0.32814315228926616,1
2379,4989,4,Food,2024-04-09 02:00:00,0.0996074769849703,1
2380,42675,4,Staff,2024-04-09 03:00:00,0.0718976446850288,1
2381,13880,3,Facilities,2024-04-09 04:00:00,0.6803880078187066,1
2382,18251,5,Food,2024-04-09 05:00:00,0.6996581933609108,1
2383,13065,5,Facilities,2024-04-09 06:00:00,0.7356280444060305,1
2384,20791,2,Animals,2024-04-09 07:00:00,0.011169231597812579,1
2385,28135,3,Value,2024-04-09 08:00:00,0.16096003618515864,1
2386,44592,4,Food,2024-04-09 09:00:00,0.5493924048168377,1
2387,40261,5,Animals,2024-04-09 10:00:00,0.35141786788374696,1
2388,9284,2,Animals,2024-04-09 11:00:00,0.9531471059923742,0
2389,29019,4,Staff,2024-04-09 12:00:00,0.6950099864897336,1
2390,22386,4,Facilities,2024-04-09 13:00:00,0.21193345460828017,1
2391,22804,4,Animals,2024-04-09 14:00:00,0.5946805127796007,1
2392,16957,4,Value,2024-04-09 15:00:00,0.34358469242546386,1
2393,47823,5,Animals,2024-04-09 16:00:00,0.5290612033365331,1
2394,9906,3,Animals,2024-04-09 17:00:00,0.5787275780558963,1
2395,12160,5,Food,2024-04-09 18:00:00,0.07329082260523523,1
2396,41794,5,Facilities,2024-04-09 19:00:00,0.690933421755176,1
2397,40739,5,Food,2024-04-09 20:00:00,0.6262005962659359,1
2398,38426,4,Staff,2024-04-09 21:00:00,0.9391148457328355,1
2399,17943,4,Food,2024-04-09 22:00:00,0.32511830046448875,1
2400,43707,5,Value,2024-04-09 23:00:00,0.42779741298050233,1
2401,4078,5,Facilities,2024-04-10 00:00:00,0.48491847715450664,1
2402,2492,2,Food,2024-04-10 01:00:00,0.7266365479163807,1
2403,37971,5,Facilities,2024-04-10 02:00:00,0.3528310137763918,1
2404,36877,1,Animals,2024-04-10 03:00:00,0.27761324931534226,1
2405,21489,5,Facilities,2024-04-10 04:00:00,0.398774229045069,1
2406,20501,5,Food,2024-04-10 05:00:00,0.197500601626577,1
2407,22687,4,Facilities,2024-04-10 06:00:00,0.011013902547006738,1
2408,21824,5,Animals,2024-04-10 07:00:00,0.7131385992321341,0
2409,32666,4,Food,2024-04-10 08:00:00,0.7612967847856394,1
2410,28852,4,Facilities,2024-04-10 09:00:00,0.9258692242478059,1
2411,1756,4,Value,2024-04-10 10:00:00,0.5989279355072289,1
2412,47203,3,Staff,2024-04-10 11:00:00,0.5364639752789783,1
2413,38898,5,Food,2024-04-10 12:00:00,0.48119017783823315,0
2414,45611,5,Animals,2024-04-10 13:00:00,0.14711685732289037,1
2415,10499,4,Facilities,2024-04-10 14:00:00,0.809304541831501,1
2416,21903,5,Animals,2024-04-10 15:00:00,0.41914875943177354,1
2417,12185,3,Food,2024-04-10 16:00:00,0.6286070724181605,0
2418,24834,3,Value,2024-04-10 17:00:00,0.16427609574930457,1
2419,36708,4,Staff,2024-04-10 18:00:00,0.5765201554496533,1
2420,46089,4,Food,2024-04-10 19:00:00,0.3537260046487155,1
2421,56,5,Food,2024-04-10 20:00:00,0.44610474313374604,1
2422,39408,4,Staff,2024-04-10 21:00:00,0.17117026785407963,1
2423,40814,5,Value,2024-04-10 22:00:00,0.1896910933672269,1
2424,260,3,Animals,2024-04-10 23:00:00,0.24227278581862322,0
2425,7235,3,Value,2024-04-11 00:00:00,0.16900402651383306,1
2426,14961,5,Staff,2024-04-11 01:00:00,0.5844330341508117,0
2427,49137,2,Food,2024-04-11 02:00:00,0.5984822746702935,1
2428,26970,2,Facilities,2024-04-11 03:00:00,0.18421019560487184,1
2429,25712,3,Value,2024-04-11 04:00:00,0.2699098184574732,1
2430,25464,5,Food,2024-04-11 05:00:00,0.7395942926909642,1
2431,27538,2,Value,2024-04-11 06:00:00,0.47189706388693997,1
2432,25129,2,Staff,2024-04-11 07:00:00,0.7343654459131782,0
2433,30516,5,Value,2024-04-11 08:00:00,0.9544687328917728,1
2434,11797,3,Facilities,2024-04-11 09:00:00,0.875495114911483,1
2435,26847,5,Staff,2024-04-11 10:00:00,0.9372351464819059,1
2436,21318,4,Facilities,2024-04-11 11:00:00,0.6292003872459753,1
2437,12652,5,Facilities,2024-04-11 12:00:00,0.05564972483142716,1
2438,43506,5,Animals,2024-04-11 13:00:00,0.4568289270525375,1
2439,46325,3,Value,2024-04-11 14:00:00,0.33836437459585755,1
2440,14492,4,Facilities,2024-04-11 15:00:00,0.14736729564448492,1
2441,36224,2,Facilities,2024-04-11 16:00:00,0.25609789092097557,1
2442,30776,3,Staff,2024-04-11 17:00:00,0.6810766146728933,1
2443,2942,3,Animals,2024-04-11 18:00:00,0.2625824740513151,1
2444,15677,3,Staff,2024-04-11 19:00:00,0.2707618378700407,1
2445,2808,4,Staff,2024-04-11 20:00:00,0.7922472817645817,1
2446,31040,4,Staff,2024-04-11 21:00:00,0.264009411521437,1
2447,14973,4,Food,2024-04-11 22:00:00,0.21288845910881937,1
2448,48384,4,Value,2024-04-11 23:00:00,0.008022311141636762,1
2449,39497,4,Food,2024-04-12 00:00:00,0.5948719421217293,1
2450,41317,3,Value,2024-04-12 01:00:00,0.888474648892956,1
2451,37249,4,Value,2024-04-12 02:00:00,0.2804756737922539,1
2452,16765,4,Animals,2024-04-12 03:00:00,0.5062745930606652,1
2453,28804,5,Staff,2024-04-12 04:00:00,0.9115033252984582,1
2454,14949,3,Animals,2024-04-12 05:00:00,0.5039149423016199,1
2455,14227,4,Value,2024-04-12 06:00:00,0.10106427023167508,1
2456,277,4,Facilities,2024-04-12 07:00:00,0.20137567567641013,1
2457,21910,4,Value,2024-04-12 08:00:00,0.5162301410826998,1
2458,11462,4,Animals,2024-04-12 09:00:00,0.5875730529122121,0
2459,27030,5,Food,2024-04-12 10:00:00,0.4602331151279574,1
2460,14449,1,Animals,2024-04-12 11:00:00,0.19285918717289685,1
2461,15972,3,Animals,2024-04-12 12:00:00,0.07609509395271219,1
2462,290,3,Animals,2024-04-12 13:00:00,0.8538686328710162,0
2463,9718,5,Value,2024-04-12 14:00:00,0.5433965211548341,1
2464,8469,4,Facilities,2024-04-12 15:00:00,0.4546910951592996,1
2465,29888,5,Food,2024-04-12 16:00:00,0.5063570428765064,1
2466,23282,4,Staff,2024-04-12 17:00:00,0.07970156483942625,1
2467,48056,5,Food,2024-04-12 18:00:00,0.44786579820390304,1
2468,49767,4,Staff,2024-04-12 19:00:00,0.8461512873488646,1
2469,19252,5,Animals,2024-04-12 20:00:00,0.1440014499403135,0
2470,21569,5,Food,2024-04-12 21:00:00,0.44826724830100795,1
2471,35333,5,Value,2024-04-12 22:00:00,0.35822931885055576,1
2472,16667,3,Facilities,2024-04-12 23:00:00,0.05001515107160748,1
2473,28183,2,Animals,2024-04-13 00:00:00,0.8309442670818168,1
2474,14640,3,Food,2024-04-13 01:00:00,0.24010765812447687,1
2475,49804,5,Animals,2024-04-13 02:00:00,0.20434708810708868,1
2476,32618,4,Food,2024-04-13 03:00:00,0.5418962950814857,1
2477,44842,4,Staff,2024-04-13 04:00:00,0.6918155253466068,0
2478,45371,4,Animals,2024-04-13 05:00:00,0.9747794066049086,1
2479,14098,3,Staff,2024-04-13 06:00:00,0.659323328225909,1
2480,17661,5,Value,2024-04-13 07:00:00,0.06811878248093828,0
2481,28831,5,Value,2024-04-13 08:00:00,0.5694334767489757,1
2482,3235,4,Facilities,2024-04-13 09:00:00,0.7493172971567242,0
2483,11620,5,Animals,2024-04-13 10:00:00,0.8807951657557775,1
2484,10239,2,Food,2024-04-13 11:00:00,0.8941118629593348,1
2485,20428,3,Food,2024-04-13 12:00:00,0.855938515859365,1
2486,26343,4,Facilities,2024-04-13 13:00:00,0.845181515773289,1
2487,47182,4,Staff,2024-04-13 14:00:00,0.22584689731555707,0
2488,10224,4,Value,2024-04-13 15:00:00,0.559844074380306,0
2489,44512,4,Staff,2024-04-13 16:00:00,0.49199308702548483,1
2490,26204,2,Food,2024-04-13 17:00:00,0.12945857980292186,1
2491,17691,4,Facilities,2024-04-13 18:00:00,0.6588251711435037,1
2492,8910,4,Staff,2024-04-13 19:00:00,0.9979717701299863,1
2493,27287,3,Food,2024-04-13 20:00:00,0.4165143257516306,1
2494,29232,1,Value,2024-04-13 21:00:00,0.44547238888836305,1
2495,23991,4,Staff,2024-04-13 22:00:00,0.19073896819676672,1
2496,4657,4,Staff,2024-04-13 23:00:00,0.5001422311563618,1
2497,43077,5,Food,2024-04-14 00:00:00,0.8165090106637494,1
2498,6086,5,Facilities,2024-04-14 01:00:00,0.6327801795475007,1
2499,36914,4,Facilities,2024-04-14 02:00:00,0.34936284097227843,1
2500,21854,4,Staff,2024-04-14 03:00:00,0.6399188066184498,0
2501,21271,3,Animals,2024-04-14 04:00:00,0.761195369523398,1
2502,31838,2,Animals,2024-04-14 05:00:00,0.7665726566241341,0
2503,35284,3,Facilities,2024-04-14 06:00:00,0.5215302473489984,1
2504,17496,3,Facilities,2024-04-14 07:00:00,0.14141715218159268,0
2505,22869,3,Facilities,2024-04-14 08:00:00,0.5079835041143062,0
2506,31569,4,Food,2024-04-14 09:00:00,0.2699078328812581,0
2507,15000,4,Staff,2024-04-14 10:00:00,0.09706052572931279,1
2508,33629,4,Staff,2024-04-14 11:00:00,0.7728406897017692,1
2509,28505,5,Staff,2024-04-14 12:00:00,0.6486480719093759,1
2510,25125,4,Staff,2024-04-14 13:00:00,0.13350940874659112,1
2511,37156,2,Animals,2024-04-14 14:00:00,0.55396991784994,1
2512,10689,2,Food,2024-04-14 15:00:00,0.38863672646563663,1
2513,1225,4,Food,2024-04-14 16:00:00,0.5587635359325392,1
2514,24380,3,Staff,2024-04-14 17:00:00,0.09869043885582962,1
2515,43051,3,Staff,2024-04-14 18:00:00,0.642685281353579,1
2516,10467,3,Value,2024-04-14 19:00:00,0.12044667038872514,1
2517,6143,4,Facilities,2024-04-14 20:00:00,0.4196830509551214,1
2518,34619,4,Animals,2024-04-14 21:00:00,0.34787172134692335,1
2519,34545,3,Food,2024-04-14 22:00:00,0.7191318199202786,1
2520,45839,1,Value,2024-04-14 23:00:00,0.8277092741440374,1
2521,33537,2,Food,2024-04-15 00:00:00,0.2147040521670217,1
2522,35306,4,Food,2024-04-15 01:00:00,0.3428382923169554,0
2523,31269,4,Staff,2024-04-15 02:00:00,0.40295152046861327,1
2524,26046,5,Staff,2024-04-15 03:00:00,0.5198492122964851,1
2525,48551,4,Value,2024-04-15 04:00:00,0.6171379736563836,1
2526,49266,5,Animals,2024-04-15 05:00:00,0.9835715191335465,1
2527,30496,2,Staff,2024-04-15 06:00:00,0.6791600864081075,0
2528,10722,4,Staff,2024-04-15 07:00:00,0.6555005822464138,1
2529,15256,3,Facilities,2024-04-15 08:00:00,0.04509646135564194,1
2530,45616,4,Food,2024-04-15 09:00:00,0.36455547290249124,0
2531,30000,5,Staff,2024-04-15 10:00:00,0.7548987817279307,1
2532,42718,3,Value,2024-04-15 11:00:00,0.6099812786287293,1
2533,44092,4,Value,2024-04-15 12:00:00,0.9456802822614908,0
2534,42312,3,Staff,2024-04-15 13:00:00,0.8044909601420874,0
2535,25315,4,Value,2024-04-15 14:00:00,0.6151758763969445,1
2536,39798,2,Facilities,2024-04-15 15:00:00,0.4038794662862105,1
2537,43822,5,Staff,2024-04-15 16:00:00,0.3292898852072914,0
2538,6533,5,Staff,2024-04-15 17:00:00,0.5511606450194108,1
2539,18530,4,Food,2024-04-15 18:00:00,0.6151332459020101,1
2540,23953,4,Value,2024-04-15 19:00:00,0.5800393262032186,1
2541,46492,2,Staff,2024-04-15 20:00:00,0.8169152628915235,1
2542,3311,5,Staff,2024-04-15 21:00:00,0.4725768858720574,1
2543,38653,3,Food,2024-04-15 22:00:00,0.4464284335529314,0
2544,10189,4,Staff,2024-04-15 23:00:00,0.6757122563610912,1
2545,43500,5,Facilities,2024-04-16 00:00:00,0.7687682057903447,1
2546,41123,5,Value,2024-04-16 01:00:00,0.5033877661307334,1
2547,17117,2,Animals,2024-04-16 02:00:00,0.8321920870884698,1
2548,42526,2,Facilities,2024-04-16 03:00:00,0.14508273238289426,1
2549,29746,4,Animals,2024-04-16 04:00:00,0.4118424594016845,1
2550,11062,3,Facilities,2024-04-16 05:00:00,0.02527922528486004,0
2551,2796,2,Facilities,2024-04-16 06:00:00,0.3552558397068396,0
2552,30150,4,Facilities,2024-04-16 07:00:00,0.6373729554191803,0
2553,23446,3,Staff,2024-04-16 08:00:00,0.8492582247048882,0
2554,38263,3,Facilities,2024-04-16 09:00:00,0.4776417906562911,1
2555,43441,5,Food,2024-04-16 10:00:00,0.9068918384939034,1
2556,23999,4,Value,2024-04-16 11:00:00,0.003755650341536021,1
2557,12848,5,Facilities,2024-04-16 12:00:00,0.44811868837182056,0
2558,8255,4,Value,2024-04-16 13:00:00,0.010332723157259194,1
2559,24851,4,Staff,2024-04-16 14:00:00,0.22659746598000574,1
2560,19817,4,Value,2024-04-16 15:00:00,0.4843442126954457,1
2561,2494,5,Staff,2024-04-16 16:00:00,0.4158604252814876,1
2562,23742,4,Value,2024-04-16 17:00:00,0.3013797717344461,1
2563,4796,4,Animals,2024-04-16 18:00:00,0.6274776654428101,1
2564,43910,4,Facilities,2024-04-16 19:00:00,0.7132676367314035,1
2565,15994,5,Value,2024-04-16 20:00:00,0.3388575583579908,0
2566,32726,5,Staff,2024-04-16 21:00:00,0.5778750951915628,1
2567,18557,5,Staff,2024-04-16 22:00:00,0.3147958600472438,0
2568,27636,5,Value,2024-04-16 23:00:00,0.1567648845649462,1
2569,9671,3,Staff,2024-04-17 00:00:00,0.06362518647250814,1
2570,7269,4,Animals,2024-04-17 01:00:00,0.5451389181702163,1
2571,17735,4,Value,2024-04-17 02:00:00,0.9697701711772054,1
2572,49454,5,Animals,2024-04-17 03:00:00,0.7542133685560152,1
2573,9877,1,Facilities,2024-04-17 04:00:00,0.9356158997697631,1
2574,27544,5,Food,2024-04-17 05:00:00,0.22740958252469,0
2575,4723,5,Value,2024-04-17 06:00:00,0.30931856789618895,1
2576,30332,3,Staff,2024-04-17 07:00:00,0.852072569835056,1
2577,18655,4,Value,2024-04-17 08:00:00,0.22075708624318413,1
2578,40086,4,Staff,2024-04-17 09:00:00,0.6888119775874649,1
2579,15646,1,Staff,2024-04-17 10:00:00,0.19468208688100652,1
2580,35532,1,Food,2024-04-17 11:00:00,0.7426169332819601,0
2581,37383,2,Food,2024-04-17 12:00:00,0.8072453605866885,1
2582,32648,2,Staff,2024-04-17 13:00:00,0.6065788305738997,1
2583,8807,3,Facilities,2024-04-17 14:00:00,0.98010234108996,1
2584,44061,5,Food,2024-04-17 15:00:00,0.7377127090944472,1
2585,24147,5,Animals,2024-04-17 16:00:00,0.6346001765086807,1
2586,20007,2,Staff,2024-04-17 17:00:00,0.28355993497359155,1
2587,3157,4,Staff,2024-04-17 18:00:00,0.1916760655265637,1
2588,45451,4,Animals,2024-04-17 19:00:00,0.5193760014301794,0
2589,44784,3,Facilities,2024-04-17 20:00:00,0.7450329058762963,1
2590,46544,4,Staff,2024-04-17 21:00:00,0.7569718156485998,1
2591,28443,5,Animals,2024-04-17 22:00:00,0.22805601664839892,1
2592,31182,4,Staff,2024-04-17 23:00:00,0.12113224081517537,0
2593,7138,2,Staff,2024-04-18 00:00:00,0.9183966430523621,1
2594,28536,2,Value,2024-04-18 01:00:00,0.5375500976587493,1
2595,13889,4,Food,2024-04-18 02:00:00,0.7178463293654332,0
2596,22519,4,Food,2024-04-18 03:00:00,0.4726649261371718,1
2597,45462,2,Animals,2024-04-18 04:00:00,0.9670847056483977,1
2598,20750,3,Facilities,2024-04-18 05:00:00,0.05335154245377571,0
2599,34699,4,Facilities,2024-04-18 06:00:00,0.2257969839662901,0
2600,23011,4,Value,2024-04-18 07:00:00,0.762442692766783,1
2601,22248,3,Staff,2024-04-18 08:00:00,0.056537240098178954,1
2602,26543,4,Staff,2024-04-18 09:00:00,0.577511642525398,0
2603,1260,5,Staff,2024-04-18 10:00:00,0.05957643008485691,1
2604,46178,3,Value,2024-04-18 11:00:00,0.6693308981138738,1
2605,46134,1,Facilities,2024-04-18 12:00:00,0.9427389428923297,1
2606,21355,1,Animals,2024-04-18 13:00:00,0.772517057545608,1
2607,36806,4,Value,2024-04-18 14:00:00,0.32492330935359914,1
2608,6481,4,Food,2024-04-18 15:00:00,0.9119915196464976,1
2609,22467,1,Facilities,2024-04-18 16:00:00,0.3774022489578436,1
2610,23242,3,Staff,2024-04-18 17:00:00,0.6841383048341282,0
2611,27138,5,Facilities,2024-04-18 18:00:00,0.7760871143304029,0
2612,12593,5,Value,2024-04-18 19:00:00,0.3335755705029003,1
2613,9457,4,Facilities,2024-04-18 20:00:00,0.2802286462845478,0
2614,8170,5,Animals,2024-04-18 21:00:00,0.3045040094227801,1
2615,9253,1,Value,2024-04-18 22:00:00,0.33468483764811685,1
2616,11314,1,Facilities,2024-04-18 23:00:00,0.15966537322312835,1
2617,39812,5,Food,2024-04-19 00:00:00,0.4713328502548687,0
2618,4820,3,Facilities,2024-04-19 01:00:00,0.8674214575563236,0
2619,118,4,Value,2024-04-19 02:00:00,0.46854047925379894,0
2620,25949,1,Food,2024-04-19 03:00:00,0.01438061740649954,1
2621,18008,5,Food,2024-04-19 04:00:00,0.14851052425266797,0
2622,35912,4,Animals,2024-04-19 05:00:00,0.1957068965561073,1
2623,29911,5,Facilities,2024-04-19 06:00:00,0.8900538825500053,1
2624,20842,5,Value,2024-04-19 07:00:00,0.62380075163135,0
2625,14386,5,Value,2024-04-19 08:00:00,0.7116585643054283,1
2626,48800,3,Animals,2024-04-19 09:00:00,0.6870311550286371,1
2627,12680,3,Facilities,2024-04-19 10:00:00,0.1820539497864414,1
2628,25687,2,Facilities,2024-04-19 11:00:00,0.6821894504076977,1
2629,18919,5,Value,2024-04-19 12:00:00,0.09439686880478404,1
2630,35672,5,Facilities,2024-04-19 13:00:00,0.4909901347770578,0
2631,24702,4,Value,2024-04-19 14:00:00,0.31820473575064245,1
2632,24452,2,Facilities,2024-04-19 15:00:00,0.6397090029427773,0
2633,33809,5,Food,2024-04-19 16:00:00,0.6849967255628083,1
2634,29980,3,Animals,2024-04-19 17:00:00,0.2374075486210545,1
2635,43551,5,Value,2024-04-19 18:00:00,0.37447103927498737,1
2636,13950,4,Animals,2024-04-19 19:00:00,0.5137694797090965,1
2637,21084,2,Staff,2024-04-19 20:00:00,0.3287766209250116,1
2638,18152,3,Animals,2024-04-19 21:00:00,0.07432269255372104,1
2639,30192,2,Food,2024-04-19 22:00:00,0.667226449570827,1
2640,17403,4,Food,2024-04-19 23:00:00,0.48741399170958033,1
2641,16271,2,Value,2024-04-20 00:00:00,0.6156663148014627,1
2642,24977,3,Value,2024-04-20 01:00:00,0.2315862342193109,1
2643,3445,1,Food,2024-04-20 02:00:00,0.47565120719902954,1
2644,295,3,Value,2024-04-20 03:00:00,0.22228680676459645,0
2645,15108,4,Value,2024-04-20 04:00:00,0.43216076352119137,1
2646,43504,4,Staff,2024-04-20 05:00:00,0.41091172902574136,1
2647,39305,4,Value,2024-04-20 06:00:00,0.41076089453616627,1
2648,42281,3,Value,2024-04-20 07:00:00,0.9533413879022659,0
2649,22728,4,Food,2024-04-20 08:00:00,0.6519029317781703,1
2650,34474,5,Staff,2024-04-20 09:00:00,0.3518133654682456,1
2651,10196,5,Staff,2024-04-20 10:00:00,0.5945088429424706,1
2652,47976,3,Food,2024-04-20 11:00:00,0.7535324118668079,1
2653,15862,4,Staff,2024-04-20 12:00:00,0.7667338119813514,1
2654,46234,4,Facilities,2024-04-20 13:00:00,0.6549025681188702,1
2655,18478,2,Animals,2024-04-20 14:00:00,0.435861659361092,1
2656,8152,2,Staff,2024-04-20 15:00:00,0.608470158670341,1
2657,13948,5,Food,2024-04-20 16:00:00,0.9943036821888875,1
2658,5514,2,Facilities,2024-04-20 17:00:00,0.32032735430670334,1
2659,5249,3,Food,2024-04-20 18:00:00,0.9181433200502973,1
2660,25930,5,Animals,2024-04-20 19:00:00,0.35371428906219193,1
2661,39749,4,Food,2024-04-20 20:00:00,0.2035548105784395,1
2662,37533,3,Staff,2024-04-20 21:00:00,0.11104948084805477,1
2663,44952,5,Animals,2024-04-20 22:00:00,0.030847258038332104,0
2664,14102,4,Animals,2024-04-20 23:00:00,0.9040515257527235,1
2665,31761,4,Food,2024-04-21 00:00:00,0.5192705610796239,1
2666,18580,5,Staff,2024-04-21 01:00:00,0.9992182141062345,1
2667,24824,5,Staff,2024-04-21 02:00:00,0.27786722480657067,1
2668,46724,1,Staff,2024-04-21 03:00:00,0.31295720437142327,1
2669,42193,5,Value,2024-04-21 04:00:00,0.799422533990831,1
2670,28072,4,Facilities,2024-04-21 05:00:00,0.10099398542054427,1
2671,5786,3,Staff,2024-04-21 06:00:00,0.44075169503017775,1
2672,22700,3,Food,2024-04-21 07:00:00,0.05649954328302931,1
2673,40216,4,Value,2024-04-21 08:00:00,0.2496545267786524,0
2674,39129,4,Facilities,2024-04-21 09:00:00,0.5792173087290533,1
2675,8771,3,Staff,2024-04-21 10:00:00,0.17748296756957538,1
2676,24139,4,Value,2024-04-21 11:00:00,0.7349906384714667,0
2677,1953,5,Staff,2024-04-21 12:00:00,0.29051538545575695,0
2678,6686,5,Value,2024-04-21 13:00:00,0.3065647354846016,1
2679,28577,3,Value,2024-04-21 14:00:00,0.06762480351289246,1
2680,9292,3,Animals,2024-04-21 15:00:00,0.9365587365028527,0
2681,24693,3,Staff,2024-04-21 16:00:00,0.9699919554227486,0
2682,19171,2,Facilities,2024-04-21 17:00:00,0.9350520854891234,1
2683,8468,5,Food,2024-04-21 18:00:00,0.41844003015698694,1
2684,6947,4,Value,2024-04-21 19:00:00,0.06902767743730287,1
2685,20657,3,Value,2024-04-21 20:00:00,0.31979874078394843,1
2686,43611,5,Facilities,2024-04-21 21:00:00,0.472217020207617,1
2687,30103,5,Animals,2024-04-21 22:00:00,0.5433758191765348,1
2688,16404,5,Animals,2024-04-21 23:00:00,0.3374977598723857,1
2689,33939,4,Animals,2024-04-22 00:00:00,0.24666826961200938,1
2690,17834,4,Staff,2024-04-22 01:00:00,0.6397368911233033,1
2691,5549,5,Staff,2024-04-22 02:00:00,0.3802871959890177,1
2692,16609,4,Staff,2024-04-22 03:00:00,0.9713349987417639,0
2693,16614,5,Animals,2024-04-22 04:00:00,0.0982854643338339,1
2694,42802,1,Staff,2024-04-22 05:00:00,0.581362968171535,0
2695,46591,4,Value,2024-04-22 06:00:00,0.07263087177422989,1
2696,37038,5,Value,2024-04-22 07:00:00,0.8129093757187602,1
2697,810,2,Food,2024-04-22 08:00:00,0.7378398446712742,0
2698,45774,5,Staff,2024-04-22 09:00:00,0.5053556282578922,1
2699,25661,4,Value,2024-04-22 10:00:00,0.6560998028784737,1
2700,23802,5,Facilities,2024-04-22 11:00:00,0.0034739940920479606,0
2701,32576,5,Food,2024-04-22 12:00:00,0.9857753234507209,1
2702,36418,5,Staff,2024-04-22 13:00:00,0.12810613188884556,1
2703,5643,4,Staff,2024-04-22 14:00:00,0.07354269091534282,1
2704,31810,5,Food,2024-04-22 15:00:00,0.8011564398212914,1
2705,17715,2,Food,2024-04-22 16:00:00,0.542318150975239,1
2706,1148,3,Food,2024-04-22 17:00:00,0.757146778784784,1
2707,39595,3,Facilities,2024-04-22 18:00:00,0.6183063022950791,1
2708,15997,2,Staff,2024-04-22 19:00:00,0.9829431017552998,1
2709,14395,4,Facilities,2024-04-22 20:00:00,0.01770698914871216,0
2710,12156,4,Animals,2024-04-22 21:00:00,0.9918522134971742,1
2711,33926,4,Value,2024-04-22 22:00:00,0.666499173758846,1
2712,3220,4,Value,2024-04-22 23:00:00,0.3874595658908746,1
2713,19980,2,Facilities,2024-04-23 00:00:00,0.3375699509480339,1
2714,10102,3,Value,2024-04-23 01:00:00,0.12082316780055047,0
2715,17537,1,Facilities,2024-04-23 02:00:00,0.2642690888315201,0
2716,9097,3,Food,2024-04-23 03:00:00,0.24536875161717597,0
2717,25886,5,Value,2024-04-23 04:00:00,0.6386618106910098,0
2718,36141,4,Animals,2024-04-23 05:00:00,0.5553205837139179,1
2719,5362,4,Animals,2024-04-23 06:00:00,0.23495281842415394,0
2720,17643,5,Food,2024-04-23 07:00:00,0.3670501618044857,1
2721,20646,3,Facilities,2024-04-23 08:00:00,0.7327955676941341,1
2722,44227,5,Facilities,2024-04-23 09:00:00,0.9516346510700496,1
2723,38926,4,Animals,2024-04-23 10:00:00,0.7750938631538902,1
2724,21865,4,Facilities,2024-04-23 11:00:00,0.918119601926867,0
2725,23757,5,Food,2024-04-23 12:00:00,0.9253783867459999,1
2726,45898,5,Staff,2024-04-23 13:00:00,0.3570119127439876,1
2727,23134,5,Staff,2024-04-23 14:00:00,0.9168877505545461,1
2728,23769,5,Staff,2024-04-23 15:00:00,0.28068208441789466,1
2729,6798,2,Animals,2024-04-23 16:00:00,0.4443327058663107,1
2730,45279,5,Staff,2024-04-23 17:00:00,0.48576941038326515,1
2731,8513,5,Value,2024-04-23 18:00:00,0.849951041925103,1
2732,31219,5,Animals,2024-04-23 19:00:00,0.06251890559667139,1
2733,35925,5,Staff,2024-04-23 20:00:00,0.47430393184839903,1
2734,26162,4,Staff,2024-04-23 21:00:00,0.3836682509188606,1
2735,21308,4,Value,2024-04-23 22:00:00,0.0830924267260924,0
2736,24056,2,Food,2024-04-23 23:00:00,0.240693005172276,1
2737,20788,4,Value,2024-04-24 00:00:00,0.4889342783987045,0
2738,27581,4,Facilities,2024-04-24 01:00:00,0.06291816559557983,1
2739,6086,5,Animals,2024-04-24 02:00:00,0.22124761999633857,0
2740,37289,2,Animals,2024-04-24 03:00:00,0.1786928612415739,1
2741,12538,3,Staff,2024-04-24 04:00:00,0.4125690095554563,1
2742,12421,5,Facilities,2024-04-24 05:00:00,0.9798913754992451,1
2743,41941,5,Facilities,2024-04-24 06:00:00,0.5790762733821999,1
2744,28420,4,Value,2024-04-24 07:00:00,0.4713722156697787,1
2745,16602,3,Staff,2024-04-24 08:00:00,0.8135495067752114,1
2746,22525,4,Food,2024-04-24 09:00:00,0.8908007686223067,1
2747,23448,4,Facilities,2024-04-24 10:00:00,0.10299033033211036,1
2748,41243,4,Food,2024-04-24 11:00:00,0.14566631260695972,1
2749,44611,3,Staff,2024-04-24 12:00:00,0.557478883869316,1
2750,99,4,Food,2024-04-24 13:00:00,0.3493858076071059,1
2751,25943,2,Value,2024-04-24 14:00:00,0.7337470549903496,1
2752,40850,5,Value,2024-04-24 15:00:00,0.07988987136218795,1
2753,18824,3,Staff,2024-04-24 16:00:00,0.8509703402846419,1
2754,9002,4,Staff,2024-04-24 17:00:00,0.716746244506124,1
2755,38827,3,Facilities,2024-04-24 18:00:00,0.7241258459100078,1
2756,47209,2,Staff,2024-04-24 19:00:00,0.5994766121256869,1
2757,12168,5,Animals,2024-04-24 20:00:00,0.4585058979637524,1
2758,22858,3,Value,2024-04-24 21:00:00,0.16879197805917978,1
2759,48782,2,Food,2024-04-24 22:00:00,0.6489886424279273,0
2760,13312,4,Value,2024-04-24 23:00:00,0.916681193731512,1
2761,17035,5,Food,2024-04-25 00:00:00,0.3832019167409717,1
2762,46966,5,Animals,2024-04-25 01:00:00,0.5250526750109037,1
2763,3167,4,Food,2024-04-25 02:00:00,0.8316527480017059,1
2764,12736,3,Value,2024-04-25 03:00:00,0.10705879573270904,1
2765,36805,5,Value,2024-04-25 04:00:00,0.6167559268413533,1
2766,38684,3,Value,2024-04-25 05:00:00,0.3688028538954744,1
2767,15558,5,Animals,2024-04-25 06:00:00,0.880264687069992,0
2768,42837,5,Value,2024-04-25 07:00:00,0.35078655626753297,0
2769,1550,4,Animals,2024-04-25 08:00:00,0.6002754331428517,1
2770,41806,2,Food,2024-04-25 09:00:00,0.7425506366518191,1
2771,22639,3,Facilities,2024-04-25 10:00:00,0.40321095397640794,0
2772,6824,2,Animals,2024-04-25 11:00:00,0.10404516221334104,1
2773,1392,3,Facilities,2024-04-25 12:00:00,0.6235327900339568,1
2774,2817,4,Food,2024-04-25 13:00:00,0.43615357006014066,1
2775,4574,4,Animals,2024-04-25 14:00:00,0.24109862223403167,1
2776,10355,4,Staff,2024-04-25 15:00:00,0.5115238136063809,0
2777,45057,1,Facilities,2024-04-25 16:00:00,0.5052176864584285,1
2778,28974,3,Staff,2024-04-25 17:00:00,0.3476155112394903,1
2779,14365,4,Food,2024-04-25 18:00:00,0.05351925704252203,1
2780,34492,1,Staff,2024-04-25 19:00:00,0.9522467153319898,1
2781,38774,5,Food,2024-04-25 20:00:00,0.011441015884216865,1
2782,25243,5,Animals,2024-04-25 21:00:00,0.44776121010607095,1
2783,36590,5,Food,2024-04-25 22:00:00,0.35125398006243935,0
2784,41542,3,Animals,2024-04-25 23:00:00,0.1904716514682715,0
2785,20260,4,Animals,2024-04-26 00:00:00,0.9579957361319505,1
2786,32190,5,Food,2024-04-26 01:00:00,0.5532790455257897,1
2787,35576,4,Staff,2024-04-26 02:00:00,0.7362125748655652,1
2788,31754,3,Value,2024-04-26 03:00:00,0.05262017278189324,1
2789,27526,4,Staff,2024-04-26 04:00:00,0.7719383808385005,1
2790,7387,4,Facilities,2024-04-26 05:00:00,0.9824224535585525,0
2791,16029,4,Facilities,2024-04-26 06:00:00,0.3174330042210768,1
2792,12737,5,Food,2024-04-26 07:00:00,0.48284308505855367,1
2793,25908,4,Staff,2024-04-26 08:00:00,0.9959585705319886,1
2794,1480,5,Staff,2024-04-26 09:00:00,0.4383912487140226,1
2795,10173,4,Facilities,2024-04-26 10:00:00,0.5074630371788256,1
2796,12504,3,Staff,2024-04-26 11:00:00,0.01171798570646665,1
2797,15130,3,Food,2024-04-26 12:00:00,0.8171861967286009,1
2798,27323,5,Facilities,2024-04-26 13:00:00,0.662928604955255,1
2799,43816,1,Food,2024-04-26 14:00:00,0.6137443845841083,1
2800,30477,4,Animals,2024-04-26 15:00:00,0.474180431454282,1
2801,640,4,Facilities,2024-04-26 16:00:00,0.3879635830828253,1
2802,22704,4,Staff,2024-04-26 17:00:00,0.00944706210691082,1
2803,16636,4,Value,2024-04-26 18:00:00,0.9969982318856817,1
2804,29740,5,Food,2024-04-26 19:00:00,0.19862498462045175,1
2805,44914,3,Staff,2024-04-26 20:00:00,0.2183714454318335,1
2806,27540,3,Facilities,2024-04-26 21:00:00,0.4826507726893372,1
2807,41391,5,Facilities,2024-04-26 22:00:00,0.016490477815216287,1
2808,37045,4,Staff,2024-04-26 23:00:00,0.06639489745174065,0
2809,3345,3,Food,2024-04-27 00:00:00,0.32648293902385195,1
2810,5927,3,Staff,2024-04-27 01:00:00,0.9692778446572341,1
2811,46561,4,Animals,2024-04-27 02:00:00,0.7484148767228185,0
2812,39690,4,Value,2024-04-27 03:00:00,0.6896959162706473,0
2813,7263,5,Facilities,2024-04-27 04:00:00,0.22077459603800587,1
2814,45555,5,Animals,2024-04-27 05:00:00,0.9728702256684952,1
2815,33703,5,Animals,2024-04-27 06:00:00,0.28002688817434074,0
2816,39039,4,Value,2024-04-27 07:00:00,0.3492379308761432,1
2817,9483,4,Facilities,2024-04-27 08:00:00,0.44675389907008567,1
2818,5095,4,Staff,2024-04-27 09:00:00,0.2851545336481389,1
2819,24065,4,Animals,2024-04-27 10:00:00,0.7108279247940774,0
2820,39290,4,Food,2024-04-27 11:00:00,0.03541680964508376,1
2821,22069,4,Food,2024-04-27 12:00:00,0.7967596951201866,1
2822,23711,3,Staff,2024-04-27 13:00:00,0.9614351880652001,1
2823,15794,5,Animals,2024-04-27 14:00:00,0.9971716088284511,1
2824,47149,5,Facilities,2024-04-27 15:00:00,0.9683015180001443,1
2825,19176,5,Value,2024-04-27 16:00:00,0.15040094052114028,0
2826,23550,5,Staff,2024-04-27 17:00:00,0.026998761468995047,0
2827,35128,4,Food,2024-04-27 18:00:00,0.4987505622545575,1
2828,7417,4,Food,2024-04-27 19:00:00,0.4286940865916319,1
2829,36763,1,Value,2024-04-27 20:00:00,0.9172703716476523,1
2830,37392,4,Facilities,2024-04-27 21:00:00,0.17840537774583187,1
2831,8602,4,Food,2024-04-27 22:00:00,0.0759779986640704,1
2832,4186,5,Value,2024-04-27 23:00:00,0.14503051973894587,1
2833,49751,4,Value,2024-04-28 00:00:00,0.49751839625077465,1
2834,4342,2,Food,2024-04-28 01:00:00,0.2868456202820462,1
2835,8407,4,Value,2024-04-28 02:00:00,0.5596409465074815,1
2836,16392,5,Animals,2024-04-28 03:00:00,0.9375986080409854,1
2837,18086,2,Food,2024-04-28 04:00:00,0.7743065154633958,1
2838,13476,3,Facilities,2024-04-28 05:00:00,0.44666535414647013,1
2839,43458,4,Value,2024-04-28 06:00:00,0.10528210431219276,1
2840,47772,3,Food,2024-04-28 07:00:00,0.41300708269476827,1
2841,28195,3,Facilities,2024-04-28 08:00:00,0.23800756918799715,1
2842,33444,1,Animals,2024-04-28 09:00:00,0.3631833252137263,1
2843,46071,4,Animals,2024-04-28 10:00:00,0.12846353387791576,1
2844,8512,4,Food,2024-04-28 11:00:00,0.20862085407744113,1
2845,48805,2,Facilities,2024-04-28 12:00:00,0.7517081504951131,1
2846,40733,5,Food,2024-04-28 13:00:00,0.7392885618890782,1
2847,8282,3,Food,2024-04-28 14:00:00,0.13567000930364403,1
2848,39192,2,Facilities,2024-04-28 15:00:00,0.48651710957454686,1
2849,36163,5,Facilities,2024-04-28 16:00:00,0.4511302331880498,1
2850,31818,4,Staff,2024-04-28 17:00:00,0.8760462849901769,1
2851,451,5,Value,2024-04-28 18:00:00,0.6943328112728304,1
2852,24123,5,Facilities,2024-04-28 19:00:00,0.48872921244988576,1
2853,23036,4,Facilities,2024-04-28 20:00:00,0.2573262611668363,1
2854,9764,4,Animals,2024-04-28 21:00:00,0.29924629762791244,1
2855,25967,5,Staff,2024-04-28 22:00:00,0.6971577906993006,1
2856,16072,5,Animals,2024-04-28 23:00:00,0.09122220748807042,1
2857,8107,4,Food,2024-04-29 00:00:00,0.28438406854838194,0
2858,48122,2,Staff,2024-04-29 01:00:00,0.29050379006925187,0
2859,27826,5,Value,2024-04-29 02:00:00,0.39016527589456285,0
2860,49391,1,Food,2024-04-29 03:00:00,0.28969914307261135,1
2861,21636,3,Food,2024-04-29 04:00:00,0.8719385688716813,1
2862,46645,2,Food,2024-04-29 05:00:00,0.7236546695072216,0
2863,420,5,Facilities,2024-04-29 06:00:00,0.35395208754557805,0
2864,29307,5,Facilities,2024-04-29 07:00:00,0.21515925382748824,1
2865,19135,2,Food,2024-04-29 08:00:00,0.9580858520859674,1
2866,14784,2,Value,2024-04-29 09:00:00,0.6672276810670877,1
2867,32980,5,Animals,2024-04-29 10:00:00,0.9453108645785736,1
2868,35366,5,Value,2024-04-29 11:00:00,0.7654909589009001,1
2869,38184,4,Food,2024-04-29 12:00:00,0.46086200102173547,1
2870,40158,4,Staff,2024-04-29 13:00:00,0.7450135277320445,1
2871,21210,3,Animals,2024-04-29 14:00:00,0.6159236910615906,1
2872,39293,4,Value,2024-04-29 15:00:00,0.5233577396072667,0
2873,17906,5,Food,2024-04-29 16:00:00,0.7097696223502256,0
2874,6027,5,Animals,2024-04-29 17:00:00,0.11760295315020175,1
2875,9861,3,Animals,2024-04-29 18:00:00,0.4531481680299627,1
2876,44326,4,Staff,2024-04-29 19:00:00,0.019215888004838755,1
2877,4174,4,Food,2024-04-29 20:00:00,0.0653823649078874,1
2878,1554,3,Animals,2024-04-29 21:00:00,0.8253578091523219,1
2879,36253,5,Facilities,2024-04-29 22:00:00,0.858988032074652,0
2880,6557,2,Animals,2024-04-29 23:00:00,0.4525257433070098,1
2881,14085,5,Value,2024-04-30 00:00:00,0.16142289405146204,0
2882,24509,3,Food,2024-04-30 01:00:00,0.9219574287278035,1
2883,16503,5,Staff,2024-04-30 02:00:00,0.628423241948189,1
2884,4473,5,Value,2024-04-30 03:00:00,0.04380426298732498,1
2885,19186,4,Food,2024-04-30 04:00:00,0.006855451590816797,1
2886,2230,2,Food,2024-04-30 05:00:00,0.655656354778945,0
2887,3167,3,Facilities,2024-04-30 06:00:00,0.7220291406688178,1
2888,13033,5,Animals,2024-04-30 07:00:00,0.310314268262708,1
2889,48654,5,Staff,2024-04-30 08:00:00,0.21107041874295662,1
2890,25085,5,Animals,2024-04-30 09:00:00,0.23968539103966513,1
2891,33722,5,Value,2024-04-30 10:00:00,0.2713044574306773,1
2892,47922,5,Staff,2024-04-30 11:00:00,0.20843850528802443,0
2893,29012,5,Food,2024-04-30 12:00:00,0.2537686782433263,1
2894,29391,5,Animals,2024-04-30 13:00:00,0.021347748202620975,1
2895,12523,4,Staff,2024-04-30 14:00:00,0.9020756237584006,1
2896,28617,5,Value,2024-04-30 15:00:00,0.9362009394654338,0
2897,42053,3,Value,2024-04-30 16:00:00,0.06617561367889979,1
2898,21412,3,Staff,2024-04-30 17:00:00,0.722715258924857,1
2899,38038,5,Animals,2024-04-30 18:00:00,0.42095025104029704,0
2900,31652,3,Staff,2024-04-30 19:00:00,0.9629385620423309,0
2901,30635,3,Facilities,2024-04-30 20:00:00,0.8010310283014269,0
2902,22038,2,Food,2024-04-30 21:00:00,0.41122283331632825,1
2903,22625,2,Value,2024-04-30 22:00:00,0.8902894447132487,1
2904,46073,4,Staff,2024-04-30 23:00:00,0.9300414591284141,1
2905,2174,2,Staff,2024-05-01 00:00:00,0.7795558787593961,1
2906,48886,4,Staff,2024-05-01 01:00:00,0.9109710320460435,1
2907,18054,3,Staff,2024-05-01 02:00:00,0.5397139884339174,1
2908,14902,4,Animals,2024-05-01 03:00:00,0.46352013935015335,0
2909,38402,4,Staff,2024-05-01 04:00:00,0.9476654007879391,1
2910,38296,5,Food,2024-05-01 05:00:00,0.9014733908642091,1
2911,49922,5,Animals,2024-05-01 06:00:00,0.523076165918236,1
2912,5742,3,Value,2024-05-01 07:00:00,0.24726666046741064,0
2913,44414,4,Staff,2024-05-01 08:00:00,0.5630316069644224,0
2914,3193,4,Value,2024-05-01 09:00:00,0.1834844798356423,1
2915,1385,2,Value,2024-05-01 10:00:00,0.15771608884723043,1
2916,35245,2,Staff,2024-05-01 11:00:00,0.8531427821691355,1
2917,29218,4,Facilities,2024-05-01 12:00:00,0.4863636411961352,1
2918,32443,4,Facilities,2024-05-01 13:00:00,0.5200415709021028,1
2919,4053,5,Animals,2024-05-01 14:00:00,0.6912308885883743,1
2920,39579,1,Food,2024-05-01 15:00:00,0.30638371821696786,1
2921,35730,5,Animals,2024-05-01 16:00:00,0.38490681552390216,1
2922,36425,4,Facilities,2024-05-01 17:00:00,0.8744101215926863,1
2923,33961,1,Staff,2024-05-01 18:00:00,0.49050832954665236,1
2924,9799,5,Animals,2024-05-01 19:00:00,0.5013912565923467,0
2925,20578,3,Value,2024-05-01 20:00:00,0.6004218105713586,1
2926,10043,3,Facilities,2024-05-01 21:00:00,0.768962402995559,1
2927,27800,4,Facilities,2024-05-01 22:00:00,0.9914956845846309,1
2928,3850,5,Facilities,2024-05-01 23:00:00,0.003655077430721132,1
2929,7283,3,Food,2024-05-02 00:00:00,0.3402240760497186,1
2930,17304,3,Value,2024-05-02 01:00:00,0.09935200153906776,0
2931,47527,2,Staff,2024-05-02 02:00:00,0.1821111394231354,1
2932,36212,3,Food,2024-05-02 03:00:00,0.4093259468906215,1
2933,42448,2,Animals,2024-05-02 04:00:00,0.9236603524457427,0
2934,31781,5,Staff,2024-05-02 05:00:00,0.8605120388994878,1
2935,49998,1,Staff,2024-05-02 06:00:00,0.0756954183274221,1
2936,48745,3,Food,2024-05-02 07:00:00,0.1970775676156744,1
2937,35709,4,Value,2024-05-02 08:00:00,0.6489922827430052,1
2938,12465,5,Value,2024-05-02 09:00:00,0.42073786226655907,0
2939,17664,4,Animals,2024-05-02 10:00:00,0.4837731081308184,0
2940,27495,3,Animals,2024-05-02 11:00:00,0.7862295192464879,0
2941,7878,5,Food,2024-05-02 12:00:00,0.898669611967894,0
2942,37035,2,Staff,2024-05-02 13:00:00,0.08830453247340087,1
2943,48230,4,Food,2024-05-02 14:00:00,0.9382899281345964,0
2944,10971,5,Food,2024-05-02 15:00:00,0.4500718547136804,1
2945,9651,4,Food,2024-05-02 16:00:00,0.6575708628978134,0
2946,36373,3,Food,2024-05-02 17:00:00,0.5453590070884586,0
2947,10809,3,Animals,2024-05-02 18:00:00,0.09650127446992807,0
2948,40517,2,Facilities,2024-05-02 19:00:00,0.2955403496450367,1
2949,15900,4,Value,2024-05-02 20:00:00,0.5095686220126447,0
2950,15172,2,Value,2024-05-02 21:00:00,0.09345325249031933,0
2951,20046,4,Staff,2024-05-02 22:00:00,0.3846642650970341,1
2952,4344,4,Facilities,2024-05-02 23:00:00,0.9629451516993415,1
2953,44919,4,Animals,2024-05-03 00:00:00,0.892420599212015,1
2954,13990,3,Value,2024-05-03 01:00:00,0.9900206285340636,1
2955,14879,4,Food,2024-05-03 02:00:00,0.6594510991286587,1
2956,10787,4,Staff,2024-05-03 03:00:00,0.9442562306073501,1
2957,13601,4,Animals,2024-05-03 04:00:00,0.29313580935955164,1
2958,2487,5,Food,2024-05-03 05:00:00,0.02021763468735649,1
2959,23058,5,Value,2024-05-03 06:00:00,0.0393895406964857,1
2960,20440,5,Staff,2024-05-03 07:00:00,0.3750218613342138,1
2961,33295,5,Facilities,2024-05-03 08:00:00,0.40849320790088206,0
2962,9830,5,Food,2024-05-03 09:00:00,0.772508044976944,1
2963,35397,4,Food,2024-05-03 10:00:00,0.9829406000434769,1
2964,775,5,Value,2024-05-03 11:00:00,0.4933433270735912,1
2965,508,4,Animals,2024-05-03 12:00:00,0.40983048021707946,1
2966,17355,5,Staff,2024-05-03 13:00:00,0.4652338279119862,0
2967,49160,4,Value,2024-05-03 14:00:00,0.047180234516920105,1
2968,38464,4,Food,2024-05-03 15:00:00,0.24662736384543715,1
2969,46932,4,Food,2024-05-03 16:00:00,0.17750903163181753,1
2970,7524,4,Staff,2024-05-03 17:00:00,0.17350698691111,0
2971,19151,4,Food,2024-05-03 18:00:00,0.9965620660288662,1
2972,30969,4,Facilities,2024-05-03 19:00:00,0.8372996899465938,1
2973,29847,3,Animals,2024-05-03 20:00:00,0.47958269255418273,1
2974,11751,5,Value,2024-05-03 21:00:00,0.45872992777781263,1
2975,28734,3,Food,2024-05-03 22:00:00,0.6387313848267151,1
2976,18314,3,Facilities,2024-05-03 23:00:00,0.9103555626605084,1
2977,17126,3,Staff,2024-05-04 00:00:00,0.8957347981784038,1
2978,26439,4,Animals,2024-05-04 01:00:00,0.9759277015966327,1
2979,9337,1,Facilities,2024-05-04 02:00:00,0.1820219852034658,0
2980,41717,4,Facilities,2024-05-04 03:00:00,0.7094778433736334,0
2981,41071,4,Value,2024-05-04 04:00:00,0.49126198616718286,1
2982,22477,5,Value,2024-05-04 05:00:00,0.8977641971370749,1
2983,9244,3,Staff,2024-05-04 06:00:00,0.5095558588807826,1
2984,4624,4,Food,2024-05-04 07:00:00,0.9633565208298968,0
2985,35718,4,Value,2024-05-04 08:00:00,0.9331671388213152,0
2986,38168,4,Staff,2024-05-04 09:00:00,0.6302861225235425,1
2987,34473,4,Facilities,2024-05-04 10:00:00,0.15169100344036712,1
2988,49877,5,Animals,2024-05-04 11:00:00,0.19702356285032163,1
2989,37300,5,Animals,2024-05-04 12:00:00,0.46289062767888656,1
2990,11494,4,Value,2024-05-04 13:00:00,0.1800673106135543,1
2991,14669,3,Staff,2024-05-04 14:00:00,0.29722990523780957,1
2992,42481,3,Animals,2024-05-04 15:00:00,0.0841902610321692,0
2993,31477,5,Value,2024-05-04 16:00:00,0.8282109946703441,1
2994,43180,3,Food,2024-05-04 17:00:00,0.014489980457968565,0
2995,604,5,Facilities,2024-05-04 18:00:00,0.1527070146973163,0
2996,41088,5,Facilities,2024-05-04 19:00:00,0.4215819698994876,1
2997,47533,4,Food,2024-05-04 20:00:00,0.401537809969293,1
2998,47935,5,Animals,2024-05-04 21:00:00,0.7821308445952961,1
2999,3806,4,Staff,2024-05-04 22:00:00,0.5753966876550971,0
3000,7144,2,Animals,2024-05-04 23:00:00,0.22155315098636597,0
3001,13317,2,Food,2024-05-05 00:00:00,0.8900329597556453,1
3002,4026,3,Food,2024-05-05 01:00:00,0.7293350852063438,1
3003,5959,3,Food,2024-05-05 02:00:00,0.09009786354297733,1
3004,35811,2,Staff,2024-05-05 03:00:00,0.4334507399980463,0
3005,46094,5,Staff,2024-05-05 04:00:00,0.40218556137941286,1
3006,41854,5,Animals,2024-05-05 05:00:00,0.8128668160965643,1
3007,32842,5,Facilities,2024-05-05 06:00:00,0.9015597008044951,1
3008,39699,3,Facilities,2024-05-05 07:00:00,0.07902792506794654,1
3009,25593,5,Animals,2024-05-05 08:00:00,0.05756927317548044,0
3010,22422,5,Value,2024-05-05 09:00:00,0.8178306756007673,1
3011,20684,2,Value,2024-05-05 10:00:00,0.9155337707985998,1
3012,40975,4,Facilities,2024-05-05 11:00:00,0.695990268590395,1
3013,49596,4,Staff,2024-05-05 12:00:00,0.9949560347095944,1
3014,31900,5,Animals,2024-05-05 13:00:00,0.7392083146639882,1
3015,8629,3,Staff,2024-05-05 14:00:00,0.04971350538947372,1
3016,23809,4,Food,2024-05-05 15:00:00,0.34494029631882217,0
3017,4212,4,Facilities,2024-05-05 16:00:00,0.6568888542870713,0
3018,14117,4,Food,2024-05-05 17:00:00,0.6107393072690009,1
3019,1309,4,Facilities,2024-05-05 18:00:00,0.8813206243914313,0
3020,31996,3,Food,2024-05-05 19:00:00,0.8832336866344555,0
3021,40467,4,Animals,2024-05-05 20:00:00,0.4013978457362787,1
3022,42452,3,Value,2024-05-05 21:00:00,0.9654754020279871,1
3023,14596,5,Value,2024-05-05 22:00:00,0.12849705232581676,1
3024,21054,4,Value,2024-05-05 23:00:00,0.5624528950259212,0
3025,38279,5,Staff,2024-05-06 00:00:00,0.9928680972472522,1
3026,40409,2,Food,2024-05-06 01:00:00,0.32443095240752573,1
3027,10414,3,Facilities,2024-05-06 02:00:00,0.1769342393332275,1
3028,11862,4,Food,2024-05-06 03:00:00,0.4344269916016168,1
3029,38008,3,Animals,2024-05-06 04:00:00,0.16166068861231575,1
3030,45017,4,Value,2024-05-06 05:00:00,0.08515681765513616,0
3031,23887,3,Value,2024-05-06 06:00:00,0.08213453582037988,0
3032,26035,4,Staff,2024-05-06 07:00:00,0.22844614209749725,0
3033,42920,4,Animals,2024-05-06 08:00:00,0.9690975152269765,1
3034,24883,2,Animals,2024-05-06 09:00:00,0.5982094683712172,1
3035,12366,5,Animals,2024-05-06 10:00:00,0.1852300928794266,1
3036,45844,3,Food,2024-05-06 11:00:00,0.09703668639420049,1
3037,20663,5,Value,2024-05-06 12:00:00,0.01822598398507813,0
3038,33497,5,Animals,2024-05-06 13:00:00,0.6863172671277189,0
3039,12942,4,Facilities,2024-05-06 14:00:00,0.6216951992196086,0
3040,5566,3,Staff,2024-05-06 15:00:00,0.23269959273069385,1
3041,16088,4,Staff,2024-05-06 16:00:00,0.8400641782967055,0
3042,33550,5,Food,2024-05-06 17:00:00,0.3874353905195025,1
3043,7440,5,Value,2024-05-06 18:00:00,0.0031948054595463127,1
3044,10642,4,Animals,2024-05-06 19:00:00,0.3233770754061117,1
3045,43926,5,Animals,2024-05-06 20:00:00,0.3022474502623821,1
3046,2342,5,Staff,2024-05-06 21:00:00,0.7750281714855933,1
3047,34086,5,Value,2024-05-06 22:00:00,0.2350609751573648,0
3048,29668,3,Animals,2024-05-06 23:00:00,0.7487457537250302,1
3049,28906,4,Value,2024-05-07 00:00:00,0.6224228447116914,1
3050,41646,3,Animals,2024-05-07 01:00:00,0.35761703682045065,0
3051,39028,2,Food,2024-05-07 02:00:00,0.7528508758302335,1
3052,22598,4,Animals,2024-05-07 03:00:00,0.38001694018262344,1
3053,41871,1,Staff,2024-05-07 04:00:00,0.40380740796878645,0
3054,33150,3,Facilities,2024-05-07 05:00:00,0.43639924291813115,1
3055,12697,4,Food,2024-05-07 06:00:00,0.3038168071425046,1
3056,21590,4,Food,2024-05-07 07:00:00,0.09159626136102139,1
3057,28890,4,Animals,2024-05-07 08:00:00,0.9015020415290088,1
3058,13705,4,Staff,2024-05-07 09:00:00,0.653473801900743,1
3059,41022,4,Food,2024-05-07 10:00:00,0.23840246989659575,0
3060,6527,4,Animals,2024-05-07 11:00:00,0.09239998876878142,1
3061,26215,5,Value,2024-05-07 12:00:00,0.3361220996605736,1
3062,29151,4,Animals,2024-05-07 13:00:00,0.6821705897454796,0
3063,40086,4,Staff,2024-05-07 14:00:00,0.6168487766807697,0
3064,13479,5,Staff,2024-05-07 15:00:00,0.6902245751701164,1
3065,44076,3,Staff,2024-05-07 16:00:00,0.6091439655953772,1
3066,38379,5,Food,2024-05-07 17:00:00,0.09470597120898605,1
3067,28854,5,Food,2024-05-07 18:00:00,0.4566370946398026,1
3068,39410,5,Value,2024-05-07 19:00:00,0.9297223191169993,1
3069,28939,4,Animals,2024-05-07 20:00:00,0.8572871998667978,1
3070,33488,3,Facilities,2024-05-07 21:00:00,0.6569502611624405,0
3071,36859,3,Food,2024-05-07 22:00:00,0.07298441499629604,1
3072,45688,3,Value,2024-05-07 23:00:00,0.41591936349233405,1
3073,26875,4,Animals,2024-05-08 00:00:00,0.2159220382423166,1
3074,24651,3,Facilities,2024-05-08 01:00:00,0.0017484616639084072,1
3075,20408,5,Staff,2024-05-08 02:00:00,0.056777699876508714,1
3076,6763,3,Value,2024-05-08 03:00:00,0.7628123898507435,0
3077,9748,3,Animals,2024-05-08 04:00:00,0.321846315852821,1
3078,49144,3,Value,2024-05-08 05:00:00,0.11051488786050034,1
3079,37271,4,Facilities,2024-05-08 06:00:00,0.639441355671155,0
3080,17495,4,Value,2024-05-08 07:00:00,0.922697680836425,1
3081,44515,3,Staff,2024-05-08 08:00:00,0.6102455427955317,1
3082,36543,4,Food,2024-05-08 09:00:00,0.9600837759762086,1
3083,1262,2,Value,2024-05-08 10:00:00,0.3099212718869482,1
3084,48126,3,Food,2024-05-08 11:00:00,0.26256328350007774,1
3085,38872,1,Facilities,2024-05-08 12:00:00,0.8996026394345309,1
3086,8699,4,Facilities,2024-05-08 13:00:00,0.15385845908273665,1
3087,6416,5,Food,2024-05-08 14:00:00,0.9250588546591791,1
3088,29310,5,Animals,2024-05-08 15:00:00,0.6703791105772962,1
3089,11416,5,Animals,2024-05-08 16:00:00,0.48167214116441937,1
3090,30938,5,Food,2024-05-08 17:00:00,0.668196645303631,0
3091,31107,3,Animals,2024-05-08 18:00:00,0.7729167117255119,1
3092,1128,5,Food,2024-05-08 19:00:00,0.6011750328610739,1
3093,17376,4,Facilities,2024-05-08 20:00:00,0.44938591735722844,1
3094,33225,3,Food,2024-05-08 21:00:00,0.5056971505537281,1
3095,6097,5,Staff,2024-05-08 22:00:00,0.08544081090148725,1
3096,28727,4,Facilities,2024-05-08 23:00:00,0.10950469608998192,1
3097,43199,1,Facilities,2024-05-09 00:00:00,0.006670006541201978,1
3098,32891,4,Food,2024-05-09 01:00:00,0.3699394797678469,1
3099,31402,4,Staff,2024-05-09 02:00:00,0.22139102698903101,0
3100,15160,4,Facilities,2024-05-09 03:00:00,0.22297896937500739,1
3101,535,5,Animals,2024-05-09 04:00:00,0.4002828025325592,1
3102,38384,3,Value,2024-05-09 05:00:00,0.3590143106329876,0
3103,45306,4,Staff,2024-05-09 06:00:00,0.410912467988628,1
3104,33119,5,Facilities,2024-05-09 07:00:00,0.4260012072714324,1
3105,37918,5,Food,2024-05-09 08:00:00,0.1434529301748929,0
3106,27659,4,Staff,2024-05-09 09:00:00,0.9390153486190046,1
3107,43527,4,Facilities,2024-05-09 10:00:00,0.9543377048410232,1
3108,7819,1,Animals,2024-05-09 11:00:00,0.19198954931468604,1
3109,4477,5,Food,2024-05-09 12:00:00,0.03780205197971398,0
3110,27432,2,Facilities,2024-05-09 13:00:00,0.19083598721836392,1
3111,36784,5,Value,2024-05-09 14:00:00,0.902020340940689,1
3112,47331,2,Staff,2024-05-09 15:00:00,0.29311823986823227,1
3113,36923,4,Staff,2024-05-09 16:00:00,0.23611822780110414,1
3114,21419,5,Animals,2024-05-09 17:00:00,0.8012785508194726,0
3115,37562,3,Animals,2024-05-09 18:00:00,0.5023678070790687,1
3116,42094,4,Animals,2024-05-09 19:00:00,0.19766376207264125,1
3117,11343,4,Staff,2024-05-09 20:00:00,0.46707313896368285,1
3118,35910,1,Food,2024-05-09 21:00:00,0.35333988062761224,1
3119,40220,2,Staff,2024-05-09 22:00:00,0.41994467253393775,0
3120,42069,4,Value,2024-05-09 23:00:00,0.5062400276682996,1
3121,13576,5,Staff,2024-05-10 00:00:00,0.23023871432814513,0
3122,25367,3,Food,2024-05-10 01:00:00,0.6944553787490788,0
3123,12372,3,Value,2024-05-10 02:00:00,0.501535457009597,1
3124,14338,3,Value,2024-05-10 03:00:00,0.9476048878945341,1
3125,45114,4,Food,2024-05-10 04:00:00,0.6947137028276915,1
3126,28639,5,Animals,2024-05-10 05:00:00,0.21862611735781712,1
3127,33114,3,Value,2024-05-10 06:00:00,0.9003614298106616,1
3128,48061,2,Staff,2024-05-10 07:00:00,0.7164507118446828,1
3129,42069,5,Animals,2024-05-10 08:00:00,0.39348408634629717,0
3130,6807,5,Value,2024-05-10 09:00:00,0.38039465349897594,1
3131,27377,3,Staff,2024-05-10 10:00:00,0.9162908420060488,1
3132,14261,2,Facilities,2024-05-10 11:00:00,0.7951736462462503,1
3133,17559,3,Food,2024-05-10 12:00:00,0.5291039842318521,1
3134,24676,5,Value,2024-05-10 13:00:00,0.6410141576397378,1
3135,40888,5,Food,2024-05-10 14:00:00,0.9865498773920337,1
3136,39553,4,Food,2024-05-10 15:00:00,0.8948472837555073,1
3137,8047,4,Staff,2024-05-10 16:00:00,0.4309947076727728,1
3138,42777,1,Facilities,2024-05-10 17:00:00,0.8168004171662202,0
3139,17511,2,Animals,2024-05-10 18:00:00,0.9457440582627255,1
3140,41942,4,Facilities,2024-05-10 19:00:00,0.6133922488679767,0
3141,40564,4,Food,2024-05-10 20:00:00,0.3030480408335384,1
3142,11675,5,Value,2024-05-10 21:00:00,0.382984227127653,1
3143,12143,4,Food,2024-05-10 22:00:00,0.8687656992686,1
3144,21669,2,Staff,2024-05-10 23:00:00,0.4858274914485762,1
3145,19045,3,Value,2024-05-11 00:00:00,0.7957821667836136,1
3146,22423,4,Value,2024-05-11 01:00:00,0.7145331126414126,1
3147,38842,3,Food,2024-05-11 02:00:00,0.6447819938302447,1
3148,41204,5,Value,2024-05-11 03:00:00,0.16636185256511338,1
3149,763,4,Food,2024-05-11 04:00:00,0.16212704070214135,1
3150,33699,2,Food,2024-05-11 05:00:00,0.8042117844882591,1
3151,22829,3,Facilities,2024-05-11 06:00:00,0.9326102498466236,1
3152,42974,4,Staff,2024-05-11 07:00:00,0.9133403300613938,1
3153,39670,3,Food,2024-05-11 08:00:00,0.7673510832270388,0
3154,31961,3,Value,2024-05-11 09:00:00,0.2788814136895146,1
3155,6611,2,Facilities,2024-05-11 10:00:00,0.852914368058455,1
3156,20857,5,Facilities,2024-05-11 11:00:00,0.6209540784634877,0
3157,20623,4,Animals,2024-05-11 12:00:00,0.5343904347032393,1
3158,34337,4,Facilities,2024-05-11 13:00:00,0.5220780501726814,1
3159,29569,3,Value,2024-05-11 14:00:00,0.8911401120579605,1
3160,40831,4,Food,2024-05-11 15:00:00,0.6166241861769731,0
3161,27919,5,Food,2024-05-11 16:00:00,0.7814939588223704,1
3162,9219,4,Facilities,2024-05-11 17:00:00,0.2529693704083934,1
3163,30988,4,Animals,2024-05-11 18:00:00,0.8511902683019701,0
3164,36003,5,Staff,2024-05-11 19:00:00,0.5561077336274144,1
3165,32666,2,Staff,2024-05-11 20:00:00,0.504806248244527,1
3166,38621,3,Food,2024-05-11 21:00:00,0.14977734203528914,1
3167,42898,2,Animals,2024-05-11 22:00:00,0.0481287541804889,1
3168,4095,4,Facilities,2024-05-11 23:00:00,0.6662948205121599,1
3169,44092,5,Animals,2024-05-12 00:00:00,0.13701936079704014,0
3170,48469,4,Value,2024-05-12 01:00:00,0.8716228859686262,1
3171,49698,5,Staff,2024-05-12 02:00:00,0.561405550543047,1
3172,11525,5,Food,2024-05-12 03:00:00,0.7828175406859444,1
3173,14551,4,Value,2024-05-12 04:00:00,0.25790687142387714,0
3174,24443,2,Food,2024-05-12 05:00:00,0.3774732911465125,1
3175,38795,4,Food,2024-05-12 06:00:00,0.40582122149932365,1
3176,44984,5,Animals,2024-05-12 07:00:00,0.007169628569129949,1
3177,16279,3,Staff,2024-05-12 08:00:00,0.7881290023455849,1
3178,27870,2,Staff,2024-05-12 09:00:00,0.1159904710613171,0
3179,49349,2,Food,2024-05-12 10:00:00,0.13820846996502512,1
3180,23554,5,Value,2024-05-12 11:00:00,0.8247584672937256,1
3181,45888,5,Staff,2024-05-12 12:00:00,0.12906411934156026,1
3182,8033,3,Food,2024-05-12 13:00:00,0.1540813882344546,0
3183,48294,2,Value,2024-05-12 14:00:00,0.15143378408783426,1
3184,14843,4,Staff,2024-05-12 15:00:00,0.11551436616652178,1
3185,37322,3,Food,2024-05-12 16:00:00,0.6195272702107679,1
3186,2,5,Food,2024-05-12 17:00:00,0.42452908113377574,1
3187,46583,2,Animals,2024-05-12 18:00:00,0.9721751546896934,0
3188,49833,3,Food,2024-05-12 19:00:00,0.6775429889289211,1
3189,41289,4,Food,2024-05-12 20:00:00,0.8179586948458841,1
3190,29797,4,Value,2024-05-12 21:00:00,0.11149391742613302,1
3191,13743,4,Animals,2024-05-12 22:00:00,0.6063536136046876,1
3192,47921,2,Animals,2024-05-12 23:00:00,0.39481077118227004,1
3193,34560,5,Staff,2024-05-13 00:00:00,0.46933075814239855,0
3194,39693,4,Food,2024-05-13 01:00:00,0.6759470920524014,1
3195,18433,5,Food,2024-05-13 02:00:00,0.9839797562638155,1
3196,39011,2,Value,2024-05-13 03:00:00,0.08577039045393586,1
3197,3445,2,Food,2024-05-13 04:00:00,0.007367983449913629,1
3198,6227,1,Value,2024-05-13 05:00:00,0.7316906218255604,1
3199,11837,4,Animals,2024-05-13 06:00:00,0.7088785901713819,1
3200,13879,5,Animals,2024-05-13 07:00:00,0.2470479926781447,1
3201,2285,3,Staff,2024-05-13 08:00:00,0.8275313134965816,1
3202,31847,4,Facilities,2024-05-13 09:00:00,0.6892328635115046,1
3203,15833,4,Facilities,2024-05-13 10:00:00,0.6664400359323829,1
3204,4430,5,Staff,2024-05-13 11:00:00,0.80073566983593,0
3205,20908,5,Facilities,2024-05-13 12:00:00,0.43107578816727044,0
3206,20118,5,Staff,2024-05-13 13:00:00,0.5252671949767553,1
3207,23217,3,Value,2024-05-13 14:00:00,0.20649075497126423,0
3208,4666,5,Value,2024-05-13 15:00:00,0.7880115509517693,1
3209,7733,3,Staff,2024-05-13 16:00:00,0.6291973541802369,1
3210,1400,5,Staff,2024-05-13 17:00:00,0.7948945727447327,1
3211,45283,4,Food,2024-05-13 18:00:00,0.0986679911155327,1
3212,42275,2,Value,2024-05-13 19:00:00,0.924702713040726,1
3213,10720,4,Animals,2024-05-13 20:00:00,0.006827082463839784,0
3214,8743,3,Food,2024-05-13 21:00:00,0.8418755764916024,1
3215,44476,5,Food,2024-05-13 22:00:00,0.8742440170192849,1
3216,4339,4,Value,2024-05-13 23:00:00,0.9432622452209434,1
3217,27782,2,Staff,2024-05-14 00:00:00,0.31149383250063134,1
3218,22946,3,Food,2024-05-14 01:00:00,0.8647806659692013,1
3219,17091,4,Facilities,2024-05-14 02:00:00,0.26404676045387876,0
3220,46621,5,Food,2024-05-14 03:00:00,0.9772689210349367,0
3221,37422,1,Staff,2024-05-14 04:00:00,0.49471347550452016,1
3222,7043,2,Staff,2024-05-14 05:00:00,0.8263368836325579,1
3223,44881,1,Food,2024-05-14 06:00:00,0.4328346302120717,1
3224,38245,5,Animals,2024-05-14 07:00:00,0.3877635417711943,0
3225,1102,5,Animals,2024-05-14 08:00:00,0.30118884738614815,1
3226,25728,4,Facilities,2024-05-14 09:00:00,0.5923459835434891,1
3227,22224,1,Value,2024-05-14 10:00:00,0.4796020275283873,0
3228,45479,5,Animals,2024-05-14 11:00:00,0.7637622484239985,1
3229,30934,5,Facilities,2024-05-14 12:00:00,0.6654022749191174,1
3230,46670,3,Animals,2024-05-14 13:00:00,0.5101021600176864,1
3231,48149,5,Staff,2024-05-14 14:00:00,0.5776230809581429,0
3232,2535,5,Value,2024-05-14 15:00:00,0.15137455247302467,1
3233,34539,5,Staff,2024-05-14 16:00:00,0.16101253752566191,1
3234,16469,5,Animals,2024-05-14 17:00:00,0.3813870918847183,0
3235,20557,5,Value,2024-05-14 18:00:00,0.5873500390553175,1
3236,11951,3,Facilities,2024-05-14 19:00:00,0.5309173299720104,0
3237,46741,4,Animals,2024-05-14 20:00:00,0.47957020186915167,1
3238,770,3,Value,2024-05-14 21:00:00,0.7026191940912279,0
3239,6568,4,Staff,2024-05-14 22:00:00,0.16022812102593909,1
3240,14513,3,Animals,2024-05-14 23:00:00,0.8759037148874875,1
3241,39100,5,Food,2024-05-15 00:00:00,0.7765088069180252,1
3242,15702,3,Facilities,2024-05-15 01:00:00,0.2300471595906317,1
3243,1657,4,Food,2024-05-15 02:00:00,0.1729522106408904,1
3244,5324,4,Food,2024-05-15 03:00:00,0.1125541234846974,1
3245,24046,1,Value,2024-05-15 04:00:00,0.758217994676753,1
3246,49621,3,Animals,2024-05-15 05:00:00,0.8538592449987141,1
3247,44823,5,Animals,2024-05-15 06:00:00,0.8415927744171873,1
3248,27425,4,Animals,2024-05-15 07:00:00,0.15274910655107732,0
3249,16225,4,Animals,2024-05-15 08:00:00,0.6560462495354562,1
3250,12563,4,Staff,2024-05-15 09:00:00,0.256617139290086,1
3251,32006,2,Value,2024-05-15 10:00:00,0.2434005420941785,1
3252,49883,5,Animals,2024-05-15 11:00:00,0.5794068187076801,1
3253,24479,5,Value,2024-05-15 12:00:00,0.23656467473287401,1
3254,37449,5,Food,2024-05-15 13:00:00,0.12735232736311575,1
3255,32787,2,Facilities,2024-05-15 14:00:00,0.47468420466286043,1
3256,46273,3,Food,2024-05-15 15:00:00,0.10592914286528854,1
3257,1900,2,Food,2024-05-15 16:00:00,0.6482391756063857,1
3258,26347,2,Animals,2024-05-15 17:00:00,0.5094068738184951,1
3259,31815,4,Facilities,2024-05-15 18:00:00,0.5168342662780261,0
3260,27886,5,Food,2024-05-15 19:00:00,0.535117216793777,0
3261,33345,3,Facilities,2024-05-15 20:00:00,0.9032459586505736,1
3262,32455,5,Facilities,2024-05-15 21:00:00,0.8100522728440362,0
3263,39006,3,Value,2024-05-15 22:00:00,0.5367660621435967,1
3264,42280,2,Value,2024-05-15 23:00:00,0.41194852031864326,1
3265,43694,4,Animals,2024-05-16 00:00:00,0.9923469759569877,1
3266,7113,4,Facilities,2024-05-16 01:00:00,0.0720144496762557,1
3267,8282,4,Staff,2024-05-16 02:00:00,0.0032934973564483494,0
3268,37643,5,Animals,2024-05-16 03:00:00,0.14779376694594215,1
3269,31293,5,Food,2024-05-16 04:00:00,0.7393714664769228,1
3270,4686,4,Facilities,2024-05-16 05:00:00,0.9381232382667443,1
3271,40575,2,Staff,2024-05-16 06:00:00,0.1307388782614034,1
3272,49174,5,Facilities,2024-05-16 07:00:00,0.37666750848765296,1
3273,16208,5,Value,2024-05-16 08:00:00,0.19685903559424545,1
3274,18738,3,Animals,2024-05-16 09:00:00,0.09574522538388697,1
3275,24731,5,Value,2024-05-16 10:00:00,0.7634467604314441,1
3276,45279,4,Facilities,2024-05-16 11:00:00,0.06299280007740415,1
3277,41940,3,Staff,2024-05-16 12:00:00,0.2826879527642271,0
3278,23319,4,Food,2024-05-16 13:00:00,0.5807984267193436,0
3279,16716,4,Value,2024-05-16 14:00:00,0.4076687243568977,1
3280,41203,5,Value,2024-05-16 15:00:00,0.024537848328976097,1
3281,47953,4,Value,2024-05-16 16:00:00,0.05462188332061446,1
3282,35246,5,Value,2024-05-16 17:00:00,0.037387790363920814,1
3283,28973,5,Value,2024-05-16 18:00:00,0.052934178791714026,1
3284,10958,4,Food,2024-05-16 19:00:00,0.7857368465365987,1
3285,8795,4,Facilities,2024-05-16 20:00:00,0.11459856468843566,1
3286,41189,4,Food,2024-05-16 21:00:00,0.13570578449491544,1
3287,38664,5,Animals,2024-05-16 22:00:00,0.786317101913583,1
3288,14490,4,Staff,2024-05-16 23:00:00,0.5419200751930217,1
3289,18224,4,Value,2024-05-17 00:00:00,0.3597180177095811,0
3290,25256,1,Facilities,2024-05-17 01:00:00,0.08286495093077106,1
3291,44186,1,Value,2024-05-17 02:00:00,0.11835270436581113,1
3292,16494,4,Animals,2024-05-17 03:00:00,0.5408360399019834,1
3293,40001,5,Animals,2024-05-17 04:00:00,0.1581347211111438,1
3294,33211,5,Food,2024-05-17 05:00:00,0.3221150725143235,0
3295,43459,5,Animals,2024-05-17 06:00:00,0.3526090732687859,0
3296,22686,4,Food,2024-05-17 07:00:00,0.4486864977627423,1
3297,49641,4,Facilities,2024-05-17 08:00:00,0.97430835891183,1
3298,29463,4,Food,2024-05-17 09:00:00,0.3300501483442416,0
3299,22999,4,Facilities,2024-05-17 10:00:00,0.26357143653421566,1
3300,4754,3,Food,2024-05-17 11:00:00,0.9492237452317612,1
3301,8987,5,Animals,2024-05-17 12:00:00,0.9648204308744817,1
3302,4078,1,Value,2024-05-17 13:00:00,0.9421995335198586,1
3303,14309,3,Staff,2024-05-17 14:00:00,0.11627598745756274,1
3304,695,5,Staff,2024-05-17 15:00:00,0.958911299384969,1
3305,39819,5,Facilities,2024-05-17 16:00:00,0.4120042308568128,1
3306,33139,5,Facilities,2024-05-17 17:00:00,0.19189664044332055,1
3307,41558,4,Animals,2024-05-17 18:00:00,0.5910077784240079,1
3308,48663,4,Staff,2024-05-17 19:00:00,0.35636850850551427,1
3309,3421,5,Staff,2024-05-17 20:00:00,0.9830568261271254,1
3310,8590,4,Staff,2024-05-17 21:00:00,0.030806646372681823,1
3311,14417,2,Food,2024-05-17 22:00:00,0.2944882720167621,1
3312,37051,2,Facilities,2024-05-17 23:00:00,0.7182341548314012,1
3313,16169,3,Staff,2024-05-18 00:00:00,0.817860404049678,0
3314,41895,4,Food,2024-05-18 01:00:00,0.4594000689785759,0
3315,42707,4,Food,2024-05-18 02:00:00,0.3187793271844538,1
3316,16015,3,Food,2024-05-18 03:00:00,0.6346733089136161,1
3317,26706,4,Animals,2024-05-18 04:00:00,0.24807890998433313,1
3318,8469,5,Facilities,2024-05-18 05:00:00,0.17435511792447644,1
3319,36415,1,Value,2024-05-18 06:00:00,0.8779132064547643,0
3320,25328,4,Staff,2024-05-18 07:00:00,0.9370848952023271,0
3321,38384,4,Food,2024-05-18 08:00:00,0.6583355470476139,1
3322,14034,5,Facilities,2024-05-18 09:00:00,0.8723565430972727,1
3323,30740,3,Animals,2024-05-18 10:00:00,0.20016149580231157,1
3324,27685,4,Food,2024-05-18 11:00:00,0.7177794821384984,1
3325,19784,3,Animals,2024-05-18 12:00:00,0.8570956553420495,0
3326,36592,5,Staff,2024-05-18 13:00:00,0.6001071119801658,1
3327,46645,3,Value,2024-05-18 14:00:00,0.978331302637427,0
3328,348,4,Food,2024-05-18 15:00:00,0.11825122257600373,1
3329,2179,3,Food,2024-05-18 16:00:00,0.3547101445808516,0
3330,25169,4,Staff,2024-05-18 17:00:00,0.49995553492648825,1
3331,49053,4,Staff,2024-05-18 18:00:00,0.6520137301671022,0
3332,36733,4,Value,2024-05-18 19:00:00,0.48495508275268784,1
3333,25008,4,Staff,2024-05-18 20:00:00,0.167723935114946,1
3334,4923,5,Staff,2024-05-18 21:00:00,0.6546190858623668,1
3335,44527,5,Animals,2024-05-18 22:00:00,0.8536795442127686,1
3336,25226,4,Staff,2024-05-18 23:00:00,0.49862030127285917,1
3337,35018,4,Facilities,2024-05-19 00:00:00,0.07702830213423528,1
3338,19958,5,Facilities,2024-05-19 01:00:00,0.17607727017886088,1
3339,16395,5,Food,2024-05-19 02:00:00,0.31647116901870775,1
3340,549,3,Animals,2024-05-19 03:00:00,0.8453262504120213,1
3341,10975,4,Food,2024-05-19 04:00:00,0.9758240922466295,1
3342,31238,3,Value,2024-05-19 05:00:00,0.044429453075535696,1
3343,29302,2,Animals,2024-05-19 06:00:00,0.6007506192144632,0
3344,45857,5,Food,2024-05-19 07:00:00,0.6421044657165171,1
3345,23856,4,Staff,2024-05-19 08:00:00,0.8890510449208585,0
3346,6137,3,Food,2024-05-19 09:00:00,0.6813961121577405,1
3347,33224,2,Animals,2024-05-19 10:00:00,0.8356363888030289,1
3348,32117,4,Facilities,2024-05-19 11:00:00,0.4656487778575614,0
3349,15538,5,Animals,2024-05-19 12:00:00,0.5231570908371327,1
3350,24087,3,Food,2024-05-19 13:00:00,0.34587204306727903,1
3351,46137,3,Staff,2024-05-19 14:00:00,0.8387308146308883,1
3352,28889,4,Value,2024-05-19 15:00:00,0.8394345857741401,0
3353,19129,4,Food,2024-05-19 16:00:00,0.572483912369192,1
3354,4297,3,Animals,2024-05-19 17:00:00,0.9860731159598582,0
3355,39862,2,Animals,2024-05-19 18:00:00,0.4865933813348058,1
3356,23042,5,Value,2024-05-19 19:00:00,0.8539095365711994,1
3357,234,3,Facilities,2024-05-19 20:00:00,0.5271135622983195,1
3358,36307,3,Staff,2024-05-19 21:00:00,0.3684290071179581,0
3359,30542,5,Animals,2024-05-19 22:00:00,0.3132730816451228,1
3360,46008,2,Staff,2024-05-19 23:00:00,0.9931014093113666,1
3361,10899,4,Food,2024-05-20 00:00:00,0.25241400332957376,0
3362,4488,4,Animals,2024-05-20 01:00:00,0.6108391610014526,1
3363,14503,2,Value,2024-05-20 02:00:00,0.5674838873673037,1
3364,1178,3,Animals,2024-05-20 03:00:00,0.04853433745781377,1
3365,47963,3,Facilities,2024-05-20 04:00:00,0.9610299149603989,1
3366,36001,3,Staff,2024-05-20 05:00:00,0.9746450911198562,1
3367,14884,4,Staff,2024-05-20 06:00:00,0.4267558969208697,1
3368,26225,4,Facilities,2024-05-20 07:00:00,0.9740337989058806,0
3369,33949,5,Staff,2024-05-20 08:00:00,0.3368869271227789,0
3370,32940,4,Food,2024-05-20 09:00:00,0.48346674793628575,1
3371,6068,4,Animals,2024-05-20 10:00:00,0.1113463278196356,1
3372,12860,5,Animals,2024-05-20 11:00:00,0.19060098961080119,0
3373,17032,4,Animals,2024-05-20 12:00:00,0.49506410972037773,1
3374,37162,1,Food,2024-05-20 13:00:00,0.6186038987433699,1
3375,9116,3,Value,2024-05-20 14:00:00,0.1559989880934003,1
3376,46987,5,Animals,2024-05-20 15:00:00,0.5410660975954318,1
3377,34251,5,Staff,2024-05-20 16:00:00,0.05504624917775025,1
3378,21165,4,Animals,2024-05-20 17:00:00,0.91803775817612,1
3379,17430,5,Staff,2024-05-20 18:00:00,0.7003123335256207,1
3380,18919,5,Facilities,2024-05-20 19:00:00,0.8199108340309817,0
3381,15238,5,Value,2024-05-20 20:00:00,0.6545540192790863,1
3382,15845,4,Food,2024-05-20 21:00:00,0.13468791576118033,1
3383,28478,4,Animals,2024-05-20 22:00:00,0.20050557573211958,0
3384,29522,5,Value,2024-05-20 23:00:00,0.8524192462845263,1
3385,47543,2,Food,2024-05-21 00:00:00,0.2455857193388955,1
3386,34898,5,Staff,2024-05-21 01:00:00,0.37962164307988133,1
3387,13840,2,Staff,2024-05-21 02:00:00,0.3433067652846258,0
3388,47645,4,Facilities,2024-05-21 03:00:00,0.1405751092932057,0
3389,6975,3,Facilities,2024-05-21 04:00:00,0.7351609550303847,0
3390,33899,4,Animals,2024-05-21 05:00:00,0.34945641733983657,1
3391,22206,5,Value,2024-05-21 06:00:00,0.405871528107667,1
3392,1745,5,Animals,2024-05-21 07:00:00,0.7906615518896499,0
3393,11716,3,Facilities,2024-05-21 08:00:00,0.4023651661517028,1
3394,7862,4,Facilities,2024-05-21 09:00:00,0.2949376310688847,1
3395,26512,2,Value,2024-05-21 10:00:00,0.506582816910238,0
3396,41649,2,Value,2024-05-21 11:00:00,0.3758969975437074,1
3397,45110,5,Food,2024-05-21 12:00:00,0.04239619749605328,1
3398,36677,4,Facilities,2024-05-21 13:00:00,0.706938645665478,0
3399,23081,4,Facilities,2024-05-21 14:00:00,0.7379329213346235,1
3400,26882,3,Animals,2024-05-21 15:00:00,0.1369216583773295,1
3401,9817,4,Facilities,2024-05-21 16:00:00,0.8779868802283416,1
3402,11425,4,Animals,2024-05-21 17:00:00,0.9729048307972397,0
3403,39999,2,Animals,2024-05-21 18:00:00,0.623476413112551,1
3404,42325,2,Animals,2024-05-21 19:00:00,0.782882341835726,1
3405,3344,4,Value,2024-05-21 20:00:00,0.42010667906600097,1
3406,28509,3,Animals,2024-05-21 21:00:00,0.7303618088328064,1
3407,41986,4,Staff,2024-05-21 22:00:00,0.2827189406181123,1
3408,38038,4,Facilities,2024-05-21 23:00:00,0.6479485694384496,1
3409,23076,3,Value,2024-05-22 00:00:00,0.9345989669250756,1
3410,29521,4,Food,2024-05-22 01:00:00,0.34776349536370865,0
3411,26767,3,Food,2024-05-22 02:00:00,0.06446278274011719,1
3412,44647,4,Value,2024-05-22 03:00:00,0.70954706459544,0
3413,35360,5,Staff,2024-05-22 04:00:00,0.9620935146273843,1
3414,40535,4,Staff,2024-05-22 05:00:00,0.8565397665382518,1
3415,25027,5,Staff,2024-05-22 06:00:00,0.5838715450700762,0
3416,34790,3,Animals,2024-05-22 07:00:00,0.2117089170842894,0
3417,45479,4,Staff,2024-05-22 08:00:00,0.6718477369291808,1
3418,47043,4,Food,2024-05-22 09:00:00,0.9154503349262274,1
3419,24779,4,Staff,2024-05-22 10:00:00,0.6991860040127553,0
3420,29815,3,Value,2024-05-22 11:00:00,0.6439322426751168,1
3421,44823,5,Value,2024-05-22 12:00:00,0.002613622443200403,0
3422,37364,4,Animals,2024-05-22 13:00:00,0.18034614593734122,1
3423,41358,4,Food,2024-05-22 14:00:00,0.4547002441009931,1
3424,9004,5,Facilities,2024-05-22 15:00:00,0.6517996751754465,1
3425,7453,4,Animals,2024-05-22 16:00:00,0.3351704896899065,1
3426,45789,4,Value,2024-05-22 17:00:00,0.39955849156156664,1
3427,11960,3,Facilities,2024-05-22 18:00:00,0.3769280833598173,0
3428,14493,4,Value,2024-05-22 19:00:00,0.7875757723994522,1
3429,47100,4,Value,2024-05-22 20:00:00,0.03297306803123279,1
3430,20298,5,Facilities,2024-05-22 21:00:00,0.20215736347593594,1
3431,1032,3,Staff,2024-05-22 22:00:00,0.8055654933809832,1
3432,33116,4,Staff,2024-05-22 23:00:00,0.32197167006011573,1
3433,3624,3,Animals,2024-05-23 00:00:00,0.29680244578406867,1
3434,28644,5,Facilities,2024-05-23 01:00:00,0.16931987059445464,0
3435,45458,3,Animals,2024-05-23 02:00:00,0.44510880459930524,1
3436,47522,1,Value,2024-05-23 03:00:00,0.48367000238838587,1
3437,42574,5,Food,2024-05-23 04:00:00,0.32695875996485035,1
3438,22095,1,Facilities,2024-05-23 05:00:00,0.03343557553219345,0
3439,11997,4,Animals,2024-05-23 06:00:00,0.011434372352522204,1
3440,6207,4,Facilities,2024-05-23 07:00:00,0.6993868683732202,1
3441,25856,4,Facilities,2024-05-23 08:00:00,0.6179660231510108,1
3442,22377,4,Food,2024-05-23 09:00:00,0.8287091434069653,1
3443,5711,5,Animals,2024-05-23 10:00:00,0.0072061273149640614,1
3444,378,3,Facilities,2024-05-23 11:00:00,0.3374688518323532,1
3445,4387,5,Staff,2024-05-23 12:00:00,0.18588442813752204,1
3446,36936,3,Staff,2024-05-23 13:00:00,0.44941597477895934,1
3447,48472,3,Value,2024-05-23 14:00:00,0.16632964284221907,1
3448,44200,5,Value,2024-05-23 15:00:00,0.14509920270876575,0
3449,26073,5,Food,2024-05-23 16:00:00,0.40803072859350786,0
3450,12018,4,Staff,2024-05-23 17:00:00,0.7425229033111664,1
3451,12866,3,Staff,2024-05-23 18:00:00,0.7304713047576925,1
3452,33602,4,Staff,2024-05-23 19:00:00,0.4215194056508501,0
3453,22328,4,Food,2024-05-23 20:00:00,0.3128686636427239,1
3454,45228,5,Value,2024-05-23 21:00:00,0.4111428249205097,1
3455,11966,3,Staff,2024-05-23 22:00:00,0.5658775109290324,1
3456,48503,4,Staff,2024-05-23 23:00:00,0.7669911414232476,1
3457,712,4,Food,2024-05-24 00:00:00,0.6061735066722872,1
3458,27998,5,Staff,2024-05-24 01:00:00,0.25728678951879747,1
3459,24655,5,Food,2024-05-24 02:00:00,0.9790158230352627,1
3460,42063,5,Facilities,2024-05-24 03:00:00,0.564617956498519,0
3461,9112,3,Food,2024-05-24 04:00:00,0.5158743721113737,1
3462,23223,4,Staff,2024-05-24 05:00:00,0.10453426475905037,0
3463,42661,4,Animals,2024-05-24 06:00:00,0.690784640282448,1
3464,41755,3,Value,2024-05-24 07:00:00,0.5274382377513316,0
3465,40375,3,Food,2024-05-24 08:00:00,0.3071651327334479,0
3466,35309,3,Animals,2024-05-24 09:00:00,0.5324780598104035,1
3467,34106,1,Value,2024-05-24 10:00:00,0.8972006749077867,0
3468,8147,1,Staff,2024-05-24 11:00:00,0.6819870802990231,1
3469,16898,1,Food,2024-05-24 12:00:00,0.421769498823686,1
3470,3244,5,Food,2024-05-24 13:00:00,0.6920583214030639,1
3471,48354,5,Facilities,2024-05-24 14:00:00,0.41763317583924575,1
3472,25493,5,Value,2024-05-24 15:00:00,0.28409565819864,1
3473,14031,3,Value,2024-05-24 16:00:00,0.008205430228918953,1
3474,35112,5,Food,2024-05-24 17:00:00,0.003964633816392893,1
3475,14555,3,Facilities,2024-05-24 18:00:00,0.7008651978594003,1
3476,19892,5,Animals,2024-05-24 19:00:00,0.9321995087588313,1
3477,31326,3,Animals,2024-05-24 20:00:00,0.03338620856594199,1
3478,4642,4,Facilities,2024-05-24 21:00:00,0.07193805559831601,1
3479,2735,5,Facilities,2024-05-24 22:00:00,0.7068183281432575,0
3480,25546,4,Food,2024-05-24 23:00:00,0.39101209676784277,0
3481,39909,3,Animals,2024-05-25 00:00:00,0.6512239685279118,1
3482,40239,3,Animals,2024-05-25 01:00:00,0.6921103444428203,0
3483,47144,2,Staff,2024-05-25 02:00:00,0.7521239549895227,1
3484,49880,5,Animals,2024-05-25 03:00:00,0.7956056031980198,1
3485,19040,5,Facilities,2024-05-25 04:00:00,0.4062819210048568,1
3486,17781,4,Facilities,2024-05-25 05:00:00,0.18014557431422473,1
3487,46857,3,Food,2024-05-25 06:00:00,0.22874733324079388,1
3488,11736,4,Facilities,2024-05-25 07:00:00,0.05351427257207719,1
3489,33586,5,Animals,2024-05-25 08:00:00,0.11009471532972204,1
3490,23610,5,Value,2024-05-25 09:00:00,0.19885801110286216,0
3491,12170,4,Animals,2024-05-25 10:00:00,0.004932160687622589,1
3492,48363,5,Food,2024-05-25 11:00:00,0.5984644729089136,1
3493,14490,5,Food,2024-05-25 12:00:00,0.8968605222081469,1
3494,23980,3,Facilities,2024-05-25 13:00:00,0.9141343354445087,1
3495,41717,3,Facilities,2024-05-25 14:00:00,0.13767555334161763,1
3496,49314,5,Facilities,2024-05-25 15:00:00,0.7177999183994934,0
3497,25316,5,Animals,2024-05-25 16:00:00,0.2981626135375184,1
3498,12272,4,Value,2024-05-25 17:00:00,0.6650282492419626,0
3499,26979,3,Facilities,2024-05-25 18:00:00,0.09402232428697455,1
3500,21790,3,Food,2024-05-25 19:00:00,0.7932745269378806,0
3501,29873,5,Animals,2024-05-25 20:00:00,0.10027291932771143,1
3502,30064,3,Staff,2024-05-25 21:00:00,0.8366933021685782,0
3503,5606,2,Food,2024-05-25 22:00:00,0.8117079445174838,1
3504,14597,4,Value,2024-05-25 23:00:00,0.14146648476496582,1
3505,35060,5,Facilities,2024-05-26 00:00:00,0.2814766437171632,1
3506,11779,4,Staff,2024-05-26 01:00:00,0.5987626090255288,1
3507,42841,2,Value,2024-05-26 02:00:00,0.2584874633461304,1
3508,13662,5,Staff,2024-05-26 03:00:00,0.3809162262595984,1
3509,28506,2,Value,2024-05-26 04:00:00,0.4702565246144045,1
3510,8364,5,Food,2024-05-26 05:00:00,0.10775578771085559,1
3511,27745,5,Facilities,2024-05-26 06:00:00,0.2477046634465524,1
3512,27102,2,Value,2024-05-26 07:00:00,0.7417764675139897,1
3513,43122,5,Animals,2024-05-26 08:00:00,0.7966903172401153,1
3514,41090,4,Facilities,2024-05-26 09:00:00,0.6788647494258455,1
3515,44838,5,Facilities,2024-05-26 10:00:00,0.3727671582741804,1
3516,35416,5,Staff,2024-05-26 11:00:00,0.0029488959661008174,1
3517,6298,4,Animals,2024-05-26 12:00:00,0.44712267337470346,0
3518,792,5,Staff,2024-05-26 13:00:00,0.4929935260634464,1
3519,28880,3,Animals,2024-05-26 14:00:00,0.2621749390435296,1
3520,29729,4,Facilities,2024-05-26 15:00:00,0.9183206103356956,1
3521,1994,5,Food,2024-05-26 16:00:00,0.049271136848603514,1
3522,44721,4,Value,2024-05-26 17:00:00,0.8533780586798148,1
3523,6609,2,Facilities,2024-05-26 18:00:00,0.10156009386576725,1
3524,44240,5,Animals,2024-05-26 19:00:00,0.8196196264496541,1
3525,845,5,Food,2024-05-26 20:00:00,0.15798993339877831,1
3526,44475,4,Value,2024-05-26 21:00:00,0.2909849233005033,1
3527,38040,4,Facilities,2024-05-26 22:00:00,0.9460912454397732,1
3528,32884,4,Facilities,2024-05-26 23:00:00,0.7827738888536988,1
3529,44829,4,Animals,2024-05-27 00:00:00,0.31144428453401163,1
3530,6021,3,Facilities,2024-05-27 01:00:00,0.984467112549515,1
3531,19818,3,Value,2024-05-27 02:00:00,0.33078829280877264,1
3532,20424,5,Facilities,2024-05-27 03:00:00,0.980987406103581,1
3533,10253,4,Animals,2024-05-27 04:00:00,0.35316503968478175,1
3534,41292,1,Animals,2024-05-27 05:00:00,0.48708693145297555,1
3535,8790,4,Value,2024-05-27 06:00:00,0.9370938379289695,1
3536,932,4,Animals,2024-05-27 07:00:00,0.4728095549524165,1
3537,4807,2,Staff,2024-05-27 08:00:00,0.6975776621963097,1
3538,29564,5,Staff,2024-05-27 09:00:00,0.23072071753710344,1
3539,10619,2,Food,2024-05-27 10:00:00,0.9033103160556536,0
3540,374,4,Food,2024-05-27 11:00:00,0.4129814457183779,1
3541,33240,5,Animals,2024-05-27 12:00:00,0.11141835091761287,1
3542,16968,4,Staff,2024-05-27 13:00:00,0.05955323863420714,1
3543,4815,5,Facilities,2024-05-27 14:00:00,0.8904285648869407,1
3544,29405,5,Value,2024-05-27 15:00:00,0.08792531621695177,1
3545,48150,4,Staff,2024-05-27 16:00:00,0.07111792159806163,1
3546,30370,4,Food,2024-05-27 17:00:00,0.7971817076116693,0
3547,43786,5,Value,2024-05-27 18:00:00,0.5847333923656017,0
3548,23515,5,Facilities,2024-05-27 19:00:00,0.15379519250621687,1
3549,3695,3,Staff,2024-05-27 20:00:00,0.5422420710341382,1
3550,32862,5,Value,2024-05-27 21:00:00,0.5985951477309275,1
3551,10068,5,Animals,2024-05-27 22:00:00,0.37855134541164115,0
3552,18396,1,Staff,2024-05-27 23:00:00,0.038773532252638465,1
3553,18412,2,Value,2024-05-28 00:00:00,0.9422431113544122,1
3554,9584,5,Animals,2024-05-28 01:00:00,0.9137166342344618,1
3555,48829,4,Facilities,2024-05-28 02:00:00,0.7961606021335715,1
3556,31619,2,Staff,2024-05-28 03:00:00,0.6885367642343762,1
3557,14483,4,Staff,2024-05-28 04:00:00,0.5069430174555629,1
3558,36524,4,Animals,2024-05-28 05:00:00,0.32135841155837275,1
3559,9019,1,Animals,2024-05-28 06:00:00,0.9595414383292004,1
3560,45385,5,Facilities,2024-05-28 07:00:00,0.8470322034204348,1
3561,17516,4,Food,2024-05-28 08:00:00,0.0010473421364879387,1
3562,31685,5,Value,2024-05-28 09:00:00,0.3538091134821335,1
3563,49028,4,Facilities,2024-05-28 10:00:00,0.10373852315146836,1
3564,35789,1,Facilities,2024-05-28 11:00:00,0.8419041813270154,1
3565,45027,4,Value,2024-05-28 12:00:00,0.4058799480783487,0
3566,37567,5,Animals,2024-05-28 13:00:00,0.6720552363899419,0
3567,30408,4,Staff,2024-05-28 14:00:00,0.5477586738485013,1
3568,41497,5,Value,2024-05-28 15:00:00,0.34333915153609884,1
3569,4653,3,Food,2024-05-28 16:00:00,0.7716710981582136,1
3570,39243,2,Facilities,2024-05-28 17:00:00,0.7698873973653501,1
3571,9871,4,Animals,2024-05-28 18:00:00,0.1285705145093856,0
3572,17944,5,Staff,2024-05-28 19:00:00,0.04791575557894279,1
3573,5011,3,Staff,2024-05-28 20:00:00,0.41704040638738005,1
3574,7397,3,Facilities,2024-05-28 21:00:00,0.9931949334590446,1
3575,14969,4,Facilities,2024-05-28 22:00:00,0.1437631492780317,1
3576,46344,4,Animals,2024-05-28 23:00:00,0.9761415859417588,0
3577,15739,4,Value,2024-05-29 00:00:00,0.8334962872207481,1
3578,17384,4,Facilities,2024-05-29 01:00:00,0.18645175734981811,1
3579,13040,5,Animals,2024-05-29 02:00:00,0.7452106267515304,1
3580,1199,3,Animals,2024-05-29 03:00:00,0.18805737750402773,1
3581,18033,5,Food,2024-05-29 04:00:00,0.2728653982257838,1
3582,41667,2,Food,2024-05-29 05:00:00,0.9734360011085766,1
3583,20874,3,Food,2024-05-29 06:00:00,0.8289201146653762,0
3584,13828,4,Facilities,2024-05-29 07:00:00,0.40237895179799765,1
3585,2196,4,Staff,2024-05-29 08:00:00,0.8461720801732419,0
3586,3968,5,Animals,2024-05-29 09:00:00,0.7913268360001796,1
3587,33418,1,Facilities,2024-05-29 10:00:00,0.218795680381214,1
3588,31787,4,Facilities,2024-05-29 11:00:00,0.5482810078289296,1
3589,19659,5,Facilities,2024-05-29 12:00:00,0.4356486214266688,1
3590,36449,5,Animals,2024-05-29 13:00:00,0.3244266569761751,0
3591,29025,5,Animals,2024-05-29 14:00:00,0.7749201408298614,1
3592,40583,5,Facilities,2024-05-29 15:00:00,0.8261153131529485,1
3593,333,2,Staff,2024-05-29 16:00:00,0.7719985077212635,0
3594,22777,4,Food,2024-05-29 17:00:00,0.04835350108434244,1
3595,46961,5,Facilities,2024-05-29 18:00:00,0.9744842086080158,1
3596,45080,4,Facilities,2024-05-29 19:00:00,0.9223052746324718,1
3597,11997,4,Value,2024-05-29 20:00:00,0.4391669120145031,1
3598,10212,4,Staff,2024-05-29 21:00:00,0.7608585387893516,1
3599,1364,3,Facilities,2024-05-29 22:00:00,0.05280576572744233,1
3600,43602,4,Value,2024-05-29 23:00:00,0.33326985842386436,1
3601,38115,4,Facilities,2024-05-30 00:00:00,0.2227207700784153,1
3602,22477,4,Staff,2024-05-30 01:00:00,0.09253686097080605,1
3603,32043,5,Animals,2024-05-30 02:00:00,0.9624793740786324,1
3604,44692,4,Staff,2024-05-30 03:00:00,0.6100648458766283,1
3605,49428,4,Facilities,2024-05-30 04:00:00,0.08399967850585544,0
3606,33412,4,Staff,2024-05-30 05:00:00,0.7229033103148826,1
3607,42458,4,Food,2024-05-30 06:00:00,0.42825270887523004,1
3608,15658,1,Food,2024-05-30 07:00:00,0.06054233857853453,1
3609,45504,2,Value,2024-05-30 08:00:00,0.3766809344917653,1
3610,48954,3,Animals,2024-05-30 09:00:00,0.9445411145497752,0
3611,34829,5,Food,2024-05-30 10:00:00,0.9712738371378133,1
3612,7234,5,Facilities,2024-05-30 11:00:00,0.2093603775176105,1
3613,2583,3,Animals,2024-05-30 12:00:00,0.3571601934661809,1
3614,41188,3,Animals,2024-05-30 13:00:00,0.07535818163293373,1
3615,31183,4,Animals,2024-05-30 14:00:00,0.9703349160752122,1
3616,48554,4,Value,2024-05-30 15:00:00,0.5187255751456181,0
3617,17585,5,Staff,2024-05-30 16:00:00,0.3292318986853774,1
3618,8984,4,Value,2024-05-30 17:00:00,0.5339275176760282,1
3619,41732,3,Facilities,2024-05-30 18:00:00,0.9124401201340399,1
3620,13922,3,Value,2024-05-30 19:00:00,0.5863388867830832,1
3621,35241,4,Facilities,2024-05-30 20:00:00,0.3338847470826046,1
3622,33977,5,Facilities,2024-05-30 21:00:00,0.827357128118733,0
3623,30296,5,Animals,2024-05-30 22:00:00,0.6484414442810612,1
3624,48186,2,Value,2024-05-30 23:00:00,0.9303525442363596,1
3625,456,1,Facilities,2024-05-31 00:00:00,0.4184217795594989,1
3626,8853,5,Animals,2024-05-31 01:00:00,0.013453208833002606,1
3627,922,2,Value,2024-05-31 02:00:00,0.15307958395434718,1
3628,30716,4,Staff,2024-05-31 03:00:00,0.5784265962730151,1
3629,39780,2,Food,2024-05-31 04:00:00,0.6905823286506274,1
3630,17780,5,Facilities,2024-05-31 05:00:00,0.18711663989533822,1
3631,6865,4,Animals,2024-05-31 06:00:00,0.826018726027583,1
3632,12555,4,Value,2024-05-31 07:00:00,0.46229058392363953,1
3633,33162,5,Food,2024-05-31 08:00:00,0.49058226092872326,1
3634,5611,4,Value,2024-05-31 09:00:00,0.2081847642402822,1
3635,44276,5,Facilities,2024-05-31 10:00:00,0.5788332603307179,1
3636,20380,4,Food,2024-05-31 11:00:00,0.7514675767796802,0
3637,8821,5,Facilities,2024-05-31 12:00:00,0.6571327146332367,0
3638,42175,4,Value,2024-05-31 13:00:00,0.5830537785853503,1
3639,7544,5,Animals,2024-05-31 14:00:00,0.45265662555920216,1
3640,14092,4,Facilities,2024-05-31 15:00:00,0.32170267119445684,1
3641,32691,4,Animals,2024-05-31 16:00:00,0.7116999875972334,0
3642,4818,5,Facilities,2024-05-31 17:00:00,0.2298042476151153,0
3643,36929,1,Staff,2024-05-31 18:00:00,0.6934016540472502,1
3644,1123,3,Facilities,2024-05-31 19:00:00,0.826548844849002,1
3645,46947,5,Facilities,2024-05-31 20:00:00,0.7556875766946982,1
3646,22429,4,Animals,2024-05-31 21:00:00,0.16502690602628622,1
3647,20587,4,Staff,2024-05-31 22:00:00,0.3378127947498545,1
3648,14360,3,Food,2024-05-31 23:00:00,0.7433861306945273,1
3649,8683,3,Facilities,2024-06-01 00:00:00,0.3618624352532185,0
3650,10253,2,Facilities,2024-06-01 01:00:00,0.9431372776673465,1
3651,26903,4,Food,2024-06-01 02:00:00,0.8464760145198437,0
3652,27311,4,Value,2024-06-01 03:00:00,0.9717351271257209,1
3653,48420,5,Value,2024-06-01 04:00:00,0.7544655593720765,0
3654,23866,2,Facilities,2024-06-01 05:00:00,0.32219556020420514,1
3655,30231,5,Value,2024-06-01 06:00:00,0.0031761682618701714,1
3656,24855,5,Value,2024-06-01 07:00:00,0.13019966536805738,1
3657,11837,4,Food,2024-06-01 08:00:00,0.2536174509766169,1
3658,39496,4,Staff,2024-06-01 09:00:00,0.755685621094982,1
3659,43364,4,Staff,2024-06-01 10:00:00,0.1309346564168259,1
3660,1366,3,Animals,2024-06-01 11:00:00,0.7668240728672533,1
3661,22060,4,Animals,2024-06-01 12:00:00,0.380822917889988,1
3662,39284,4,Food,2024-06-01 13:00:00,0.849312401489478,1
3663,40521,2,Value,2024-06-01 14:00:00,0.6323185394035225,0
3664,36054,3,Staff,2024-06-01 15:00:00,0.8575650086499248,0
3665,14525,4,Staff,2024-06-01 16:00:00,0.5942343355407617,1
3666,24068,5,Facilities,2024-06-01 17:00:00,0.6286350768636914,0
3667,19310,5,Staff,2024-06-01 18:00:00,0.3024906769595027,1
3668,11463,4,Facilities,2024-06-01 19:00:00,0.47392641585440076,1
3669,13157,4,Food,2024-06-01 20:00:00,0.7534759568904393,0
3670,49148,4,Staff,2024-06-01 21:00:00,0.029520417713376212,0
3671,27809,4,Staff,2024-06-01 22:00:00,0.19223758999421015,1
3672,24628,5,Animals,2024-06-01 23:00:00,0.9118756228752607,1
3673,26964,5,Animals,2024-06-02 00:00:00,0.5719483353312105,1
3674,41886,4,Value,2024-06-02 01:00:00,0.8564052518673535,1
3675,44010,4,Staff,2024-06-02 02:00:00,0.12231153800595096,1
3676,47377,4,Food,2024-06-02 03:00:00,0.053891785942806414,1
3677,5198,4,Food,2024-06-02 04:00:00,0.7552658141504888,1
3678,47043,5,Staff,2024-06-02 05:00:00,0.9337931561137172,1
3679,6702,5,Animals,2024-06-02 06:00:00,0.5897363479445776,0
3680,7190,5,Food,2024-06-02 07:00:00,0.22102802098214747,1
3681,41034,3,Value,2024-06-02 08:00:00,0.6191081425533765,1
3682,34286,4,Animals,2024-06-02 09:00:00,0.5965263101534791,1
3683,14012,5,Value,2024-06-02 10:00:00,0.680223768781194,0
3684,40912,3,Animals,2024-06-02 11:00:00,0.6527629632839336,1
3685,37090,4,Facilities,2024-06-02 12:00:00,0.6540500939703706,1
3686,3732,4,Food,2024-06-02 13:00:00,0.6867278664215397,1
3687,37527,3,Value,2024-06-02 14:00:00,0.8368829073599141,1
3688,40740,3,Animals,2024-06-02 15:00:00,0.8639051918633187,0
3689,31999,4,Value,2024-06-02 16:00:00,0.6341633116917753,1
3690,33503,4,Staff,2024-06-02 17:00:00,0.5680127036994522,1
3691,16201,2,Staff,2024-06-02 18:00:00,0.9821036848347643,1
3692,34493,3,Food,2024-06-02 19:00:00,0.3366779476883579,1
3693,21031,1,Value,2024-06-02 20:00:00,0.5528721321481773,0
3694,11844,3,Animals,2024-06-02 21:00:00,0.2023862996581005,1
3695,19073,4,Staff,2024-06-02 22:00:00,0.4215152449159385,1
3696,7134,4,Animals,2024-06-02 23:00:00,0.9584053683928199,1
3697,4222,4,Value,2024-06-03 00:00:00,0.059999944342160494,1
3698,37110,3,Facilities,2024-06-03 01:00:00,0.4082791974157336,1
3699,14620,3,Value,2024-06-03 02:00:00,0.8257284333033389,1
3700,1058,4,Facilities,2024-06-03 03:00:00,0.8043938636515663,1
3701,18097,5,Facilities,2024-06-03 04:00:00,0.3051408204323056,1
3702,1936,2,Value,2024-06-03 05:00:00,0.5957931692556404,1
3703,26334,3,Animals,2024-06-03 06:00:00,0.05447341605900968,1
3704,5637,3,Food,2024-06-03 07:00:00,0.3029287829571935,1
3705,33244,4,Facilities,2024-06-03 08:00:00,0.0686803060102611,0
3706,36692,4,Staff,2024-06-03 09:00:00,0.7910288661355765,1
3707,48124,4,Facilities,2024-06-03 10:00:00,0.3397102881222962,1
3708,22713,3,Facilities,2024-06-03 11:00:00,0.03605998967179269,0
3709,29454,5,Facilities,2024-06-03 12:00:00,0.3575937030338452,1
3710,24820,4,Animals,2024-06-03 13:00:00,0.6284111093352577,1
3711,35080,5,Animals,2024-06-03 14:00:00,0.6242931179512997,1
3712,10944,5,Value,2024-06-03 15:00:00,0.3539687403969094,1
3713,21671,2,Value,2024-06-03 16:00:00,0.19574355744542193,1
3714,42289,1,Animals,2024-06-03 17:00:00,0.6535758564621482,0
3715,26323,5,Animals,2024-06-03 18:00:00,0.44884383724967114,0
3716,38722,3,Animals,2024-06-03 19:00:00,0.8346348119958729,1
3717,39029,4,Animals,2024-06-03 20:00:00,0.10151417685722741,1
3718,20259,2,Food,2024-06-03 21:00:00,0.2779611061796522,1
3719,20270,2,Food,2024-06-03 22:00:00,0.7125722382278562,1
3720,19661,3,Facilities,2024-06-03 23:00:00,0.3383026380677514,1
3721,26954,5,Animals,2024-06-04 00:00:00,0.14777386167301199,1
3722,10557,4,Facilities,2024-06-04 01:00:00,0.7026955008478488,0
3723,15578,3,Staff,2024-06-04 02:00:00,0.8792485791485223,1
3724,48619,3,Staff,2024-06-04 03:00:00,0.7207062406958898,0
3725,10302,3,Facilities,2024-06-04 04:00:00,0.727345500007742,1
3726,46349,3,Value,2024-06-04 05:00:00,0.27086882485236474,1
3727,15886,5,Staff,2024-06-04 06:00:00,0.38181686216062083,1
3728,6311,4,Value,2024-06-04 07:00:00,0.7661676988820096,1
3729,17605,4,Value,2024-06-04 08:00:00,0.07430637700537401,1
3730,20449,2,Food,2024-06-04 09:00:00,0.46343856683591034,1
3731,48140,3,Animals,2024-06-04 10:00:00,0.4489427013101642,1
3732,33722,5,Animals,2024-06-04 11:00:00,0.7054853462698666,0
3733,38104,2,Facilities,2024-06-04 12:00:00,0.4124542605824746,1
3734,44998,5,Animals,2024-06-04 13:00:00,0.9579158661469384,1
3735,29670,4,Value,2024-06-04 14:00:00,0.4345444312480863,1
3736,5405,4,Staff,2024-06-04 15:00:00,0.4970509704198073,1
3737,20894,4,Facilities,2024-06-04 16:00:00,0.2229919785445149,1
3738,13171,4,Food,2024-06-04 17:00:00,0.27568966048423105,1
3739,19750,5,Animals,2024-06-04 18:00:00,0.4641036356247398,0
3740,15851,4,Value,2024-06-04 19:00:00,0.5622388132821524,1
3741,43098,4,Value,2024-06-04 20:00:00,0.9219744446702324,1
3742,6607,4,Staff,2024-06-04 21:00:00,0.3505546796888749,1
3743,48020,3,Food,2024-06-04 22:00:00,0.0078496131779201,1
3744,32559,3,Facilities,2024-06-04 23:00:00,0.2849174821761037,1
3745,48880,4,Facilities,2024-06-05 00:00:00,0.25870107546223675,1
3746,38271,4,Animals,2024-06-05 01:00:00,0.3417716863089513,1
3747,9063,1,Food,2024-06-05 02:00:00,0.8183532147428112,1
3748,36006,4,Food,2024-06-05 03:00:00,0.21429808565348363,1
3749,3188,4,Food,2024-06-05 04:00:00,0.6099217892149489,1
3750,45248,4,Value,2024-06-05 05:00:00,0.9136723829756568,0
3751,18602,3,Staff,2024-06-05 06:00:00,0.19631793695855682,1
3752,38443,3,Facilities,2024-06-05 07:00:00,0.6652249091441589,1
3753,19646,4,Food,2024-06-05 08:00:00,0.37463560487976943,1
3754,4867,3,Value,2024-06-05 09:00:00,0.26488794860028464,1
3755,36478,5,Animals,2024-06-05 10:00:00,0.7960150622743983,1
3756,1814,3,Value,2024-06-05 11:00:00,0.6313810273619294,1
3757,21002,3,Animals,2024-06-05 12:00:00,0.5030886757558647,1
3758,12358,3,Animals,2024-06-05 13:00:00,0.2533558566627887,1
3759,30894,3,Food,2024-06-05 14:00:00,0.0005985167664274149,1
3760,21763,4,Facilities,2024-06-05 15:00:00,0.9295164603913725,0
3761,10246,4,Facilities,2024-06-05 16:00:00,0.6674145895984255,1
3762,28332,4,Food,2024-06-05 17:00:00,0.22400002553763187,0
3763,18088,3,Facilities,2024-06-05 18:00:00,0.19218884944767378,1
3764,36455,5,Staff,2024-06-05 19:00:00,0.3003371049105472,1
3765,7086,5,Food,2024-06-05 20:00:00,0.002824085979863278,1
3766,44925,5,Staff,2024-06-05 21:00:00,0.09670931942132266,1
3767,15938,4,Staff,2024-06-05 22:00:00,0.24286923037902308,1
3768,38978,5,Value,2024-06-05 23:00:00,0.521450092479475,1
3769,40199,4,Food,2024-06-06 00:00:00,0.9485967596583764,0
3770,41412,5,Food,2024-06-06 01:00:00,0.08025051985406306,1
3771,5127,5,Value,2024-06-06 02:00:00,0.22705671935029703,1
3772,3212,5,Food,2024-06-06 03:00:00,0.7016906209674907,1
3773,26504,3,Animals,2024-06-06 04:00:00,0.18287816533125512,0
3774,28110,5,Food,2024-06-06 05:00:00,0.7885393879710697,1
3775,36550,5,Facilities,2024-06-06 06:00:00,0.9546089226361638,1
3776,35354,3,Facilities,2024-06-06 07:00:00,0.9614292466722626,0
3777,633,3,Facilities,2024-06-06 08:00:00,0.8150090765905066,1
3778,36107,5,Facilities,2024-06-06 09:00:00,0.961637959816334,1
3779,26906,4,Facilities,2024-06-06 10:00:00,0.9142039618333154,1
3780,10550,5,Value,2024-06-06 11:00:00,0.263642680236437,1
3781,26988,2,Facilities,2024-06-06 12:00:00,0.8496618817451016,1
3782,30742,5,Value,2024-06-06 13:00:00,0.3037857584160648,1
3783,43358,2,Staff,2024-06-06 14:00:00,0.7144614160519329,1
3784,47982,5,Animals,2024-06-06 15:00:00,0.3080005162897034,0
3785,28290,5,Value,2024-06-06 16:00:00,0.30308494537531594,1
3786,25374,3,Facilities,2024-06-06 17:00:00,0.26416441204162866,1
3787,41210,5,Facilities,2024-06-06 18:00:00,0.04229617721472079,1
3788,9480,5,Food,2024-06-06 19:00:00,0.3469361739788186,0
3789,40242,3,Facilities,2024-06-06 20:00:00,0.11392224618538616,1
3790,22853,5,Value,2024-06-06 21:00:00,0.30972841267978346,1
3791,47530,4,Staff,2024-06-06 22:00:00,0.5110262811101391,1
3792,18407,5,Value,2024-06-06 23:00:00,0.8939425598409352,1
3793,44606,2,Value,2024-06-07 00:00:00,0.6345472411039228,0
3794,16895,3,Value,2024-06-07 01:00:00,0.37554984152580295,0
3795,14447,5,Food,2024-06-07 02:00:00,0.31179777267778475,1
3796,23977,3,Staff,2024-06-07 03:00:00,0.17409251952192883,1
3797,42063,5,Facilities,2024-06-07 04:00:00,0.5211565799878074,0
3798,9876,5,Facilities,2024-06-07 05:00:00,0.5755419847496472,1
3799,20410,5,Value,2024-06-07 06:00:00,0.027649143016476474,1
3800,3610,4,Staff,2024-06-07 07:00:00,0.3598687933511977,1
3801,37473,1,Food,2024-06-07 08:00:00,0.14104888458931197,1
3802,16288,5,Staff,2024-06-07 09:00:00,0.6789418741275636,1
3803,25727,4,Food,2024-06-07 10:00:00,0.8231003789816858,1
3804,2793,1,Value,2024-06-07 11:00:00,0.6680720593704013,0
3805,30064,4,Value,2024-06-07 12:00:00,0.6779106508225454,1
3806,35062,4,Animals,2024-06-07 13:00:00,0.6108330285283343,1
3807,40511,4,Staff,2024-06-07 14:00:00,0.24358018073653998,1
3808,7133,1,Food,2024-06-07 15:00:00,0.6469649787588867,1
3809,33302,4,Value,2024-06-07 16:00:00,0.03339825757784598,1
3810,45686,1,Facilities,2024-06-07 17:00:00,0.2468287643519289,1
3811,32294,4,Value,2024-06-07 18:00:00,0.515474508683286,1
3812,32030,3,Staff,2024-06-07 19:00:00,0.2860626710603825,1
3813,19458,4,Animals,2024-06-07 20:00:00,0.12561669152280242,1
3814,14170,2,Animals,2024-06-07 21:00:00,0.6497227175180683,0
3815,42999,1,Food,2024-06-07 22:00:00,0.14144630843379902,0
3816,23911,5,Food,2024-06-07 23:00:00,0.1784973018469892,0
3817,32387,3,Value,2024-06-08 00:00:00,0.5276741878395078,1
3818,45437,4,Animals,2024-06-08 01:00:00,0.6187053718958682,1
3819,49980,3,Animals,2024-06-08 02:00:00,0.7214247828757586,0
3820,15419,5,Animals,2024-06-08 03:00:00,0.34326452832402277,1
3821,35380,4,Food,2024-06-08 04:00:00,0.3441618922924057,1
3822,32501,3,Animals,2024-06-08 05:00:00,0.8721661938503744,0
3823,29624,4,Staff,2024-06-08 06:00:00,0.9335941582806225,1
3824,16554,3,Facilities,2024-06-08 07:00:00,0.29539836622339233,0
3825,23504,3,Staff,2024-06-08 08:00:00,0.9047018145533999,0
3826,30261,4,Food,2024-06-08 09:00:00,0.9673214620974289,1
3827,18402,5,Value,2024-06-08 10:00:00,0.40477727113376893,1
3828,36141,3,Food,2024-06-08 11:00:00,0.11602882513279011,1
3829,22297,4,Food,2024-06-08 12:00:00,0.6449643535331107,1
3830,16074,4,Animals,2024-06-08 13:00:00,0.6536204719102021,1
3831,25976,5,Animals,2024-06-08 14:00:00,0.612337699247699,1
3832,31493,1,Animals,2024-06-08 15:00:00,0.3889858518122026,1
3833,3571,3,Value,2024-06-08 16:00:00,0.8126631684118049,1
3834,8493,5,Value,2024-06-08 17:00:00,0.27824983060805597,1
3835,9030,3,Facilities,2024-06-08 18:00:00,0.2747937961780601,1
3836,24467,4,Facilities,2024-06-08 19:00:00,0.6354539321510079,0
3837,16433,5,Staff,2024-06-08 20:00:00,0.6979513551713186,1
3838,9621,4,Facilities,2024-06-08 21:00:00,0.5967998820568318,1
3839,45008,5,Facilities,2024-06-08 22:00:00,0.6639623960794171,1
3840,18245,2,Staff,2024-06-08 23:00:00,0.8265189336597707,1
3841,22704,4,Staff,2024-06-09 00:00:00,0.9907199089479108,1
3842,37042,3,Food,2024-06-09 01:00:00,0.5183900199862478,1
3843,9297,1,Facilities,2024-06-09 02:00:00,0.6700744185301024,1
3844,31768,5,Value,2024-06-09 03:00:00,0.022818929389972986,0
3845,13902,3,Facilities,2024-06-09 04:00:00,0.9204152862373399,1
3846,47439,4,Food,2024-06-09 05:00:00,0.8037512594888724,1
3847,13070,3,Food,2024-06-09 06:00:00,0.8627863487042988,1
3848,35010,5,Staff,2024-06-09 07:00:00,0.39584158872705677,1
3849,49701,3,Animals,2024-06-09 08:00:00,0.6513842840626427,1
3850,12587,3,Staff,2024-06-09 09:00:00,0.7300417171780023,1
3851,15463,4,Staff,2024-06-09 10:00:00,0.8004034911858496,1
3852,5496,3,Value,2024-06-09 11:00:00,0.3304148169786776,1
3853,39125,4,Staff,2024-06-09 12:00:00,0.1561453611872723,0
3854,45554,4,Value,2024-06-09 13:00:00,0.016898943928600807,1
3855,6434,3,Staff,2024-06-09 14:00:00,0.006404531771935118,0
3856,27982,4,Animals,2024-06-09 15:00:00,0.6001637250068401,1
3857,25450,3,Value,2024-06-09 16:00:00,0.5576120313645888,1
3858,19955,5,Animals,2024-06-09 17:00:00,0.9579014900636901,1
3859,13086,5,Animals,2024-06-09 18:00:00,0.48213502912153794,1
3860,39742,4,Facilities,2024-06-09 19:00:00,0.2669346336474173,1
3861,1488,5,Animals,2024-06-09 20:00:00,0.3998595757214033,1
3862,18331,4,Animals,2024-06-09 21:00:00,0.6572703160712643,0
3863,43515,4,Food,2024-06-09 22:00:00,0.21923874720911196,0
3864,13730,2,Food,2024-06-09 23:00:00,0.6179827497735036,0
3865,45273,4,Animals,2024-06-10 00:00:00,0.34819325030363757,1
3866,10329,4,Value,2024-06-10 01:00:00,0.5266189611109685,1
3867,47804,4,Value,2024-06-10 02:00:00,0.9229539118637485,1
3868,31481,5,Food,2024-06-10 03:00:00,0.2847818642567336,0
3869,19490,5,Facilities,2024-06-10 04:00:00,0.4183015983075047,1
3870,18678,3,Food,2024-06-10 05:00:00,0.3723424905184355,1
3871,23240,5,Animals,2024-06-10 06:00:00,0.7419859408531014,1
3872,26314,5,Facilities,2024-06-10 07:00:00,0.8646973927531068,0
3873,6964,2,Staff,2024-06-10 08:00:00,0.5742856517152921,1
3874,28025,3,Facilities,2024-06-10 09:00:00,0.1489358247534528,1
3875,38989,3,Food,2024-06-10 10:00:00,0.45545131959602625,1
3876,34031,5,Staff,2024-06-10 11:00:00,0.8151518902143902,1
3877,48017,4,Facilities,2024-06-10 12:00:00,0.42517950681917527,1
3878,6453,1,Animals,2024-06-10 13:00:00,0.2969351502075809,1
3879,46463,4,Animals,2024-06-10 14:00:00,0.1816754621032206,1
3880,47464,1,Staff,2024-06-10 15:00:00,0.04055445731718632,0
3881,7827,2,Staff,2024-06-10 16:00:00,0.15034830799887366,1
3882,32320,1,Staff,2024-06-10 17:00:00,0.7802316827231494,0
3883,29961,2,Staff,2024-06-10 18:00:00,0.700553775076385,1
3884,32469,5,Staff,2024-06-10 19:00:00,0.5440177629460802,1
3885,41599,5,Animals,2024-06-10 20:00:00,0.5769871725575778,1
3886,7991,4,Staff,2024-06-10 21:00:00,0.8676053633542838,1
3887,47084,5,Food,2024-06-10 22:00:00,0.39594105251075196,1
3888,3073,3,Staff,2024-06-10 23:00:00,0.007476871397390061,1
3889,47542,5,Food,2024-06-11 00:00:00,0.5683246750050482,0
3890,39493,5,Value,2024-06-11 01:00:00,0.5920448949570662,0
3891,14713,5,Animals,2024-06-11 02:00:00,0.7105417620481657,1
3892,41019,5,Facilities,2024-06-11 03:00:00,0.22338576802441046,0
3893,19453,1,Value,2024-06-11 04:00:00,0.3251824899465129,1
3894,3187,3,Value,2024-06-11 05:00:00,0.8328352897555615,0
3895,15059,1,Facilities,2024-06-11 06:00:00,0.1603529601738123,1
3896,215,5,Food,2024-06-11 07:00:00,0.641052271399416,1
3897,9604,4,Animals,2024-06-11 08:00:00,0.6210465115339396,1
3898,9411,4,Value,2024-06-11 09:00:00,0.843525050241593,1
3899,24416,5,Facilities,2024-06-11 10:00:00,0.2958770724279942,1
3900,7213,2,Animals,2024-06-11 11:00:00,0.26080821214617556,1
3901,26632,4,Food,2024-06-11 12:00:00,0.05076806892223373,0
3902,32824,1,Staff,2024-06-11 13:00:00,0.6452114714867295,1
3903,39388,3,Animals,2024-06-11 14:00:00,0.8091275418344374,1
3904,8816,3,Facilities,2024-06-11 15:00:00,0.9133146235842863,0
3905,28479,5,Animals,2024-06-11 16:00:00,0.5839660789078956,1
3906,42449,2,Staff,2024-06-11 17:00:00,0.4306922878652447,1
3907,4213,4,Facilities,2024-06-11 18:00:00,0.5250579187806318,1
3908,22859,5,Staff,2024-06-11 19:00:00,0.5812357688398272,1
3909,48622,5,Animals,2024-06-11 20:00:00,0.7044759321186966,1
3910,49312,4,Value,2024-06-11 21:00:00,0.6572902729879814,1
3911,14218,4,Staff,2024-06-11 22:00:00,0.6183880232051289,1
3912,40775,5,Facilities,2024-06-11 23:00:00,0.33205616901502755,1
3913,37970,4,Staff,2024-06-12 00:00:00,0.4713459138577305,0
3914,45927,5,Staff,2024-06-12 01:00:00,0.5362923946472508,1
3915,37852,4,Facilities,2024-06-12 02:00:00,0.9278401400442099,0
3916,34559,3,Value,2024-06-12 03:00:00,0.6987743670201159,0
3917,19393,2,Staff,2024-06-12 04:00:00,0.1544951264066936,1
3918,39959,2,Animals,2024-06-12 05:00:00,0.680222009035995,0
3919,9391,3,Food,2024-06-12 06:00:00,0.7264327984321898,1
3920,31302,3,Facilities,2024-06-12 07:00:00,0.15190798982755616,1
3921,17615,4,Staff,2024-06-12 08:00:00,0.3103075653467705,1
3922,41401,4,Staff,2024-06-12 09:00:00,0.5558985433808968,0
3923,11729,5,Facilities,2024-06-12 10:00:00,0.6393675751103318,1
3924,22593,5,Staff,2024-06-12 11:00:00,0.28109579149780106,0
3925,16230,3,Food,2024-06-12 12:00:00,0.7986360636600559,0
3926,2781,3,Value,2024-06-12 13:00:00,0.33659825577255165,1
3927,39024,5,Value,2024-06-12 14:00:00,0.7116168547329018,1
3928,12956,5,Food,2024-06-12 15:00:00,0.97129179410889,1
3929,34458,5,Animals,2024-06-12 16:00:00,0.12345523062413177,1
3930,48687,4,Food,2024-06-12 17:00:00,0.549572112951146,1
3931,48198,4,Facilities,2024-06-12 18:00:00,0.4423224310608216,1
3932,47747,4,Value,2024-06-12 19:00:00,0.8164217871575822,1
3933,72,4,Animals,2024-06-12 20:00:00,0.8502762032302786,0
3934,44601,4,Staff,2024-06-12 21:00:00,0.14639281587571285,1
3935,38967,5,Animals,2024-06-12 22:00:00,0.35702821511020966,1
3936,10556,5,Value,2024-06-12 23:00:00,0.20152350422711918,1
3937,46212,2,Food,2024-06-13 00:00:00,0.5059090805560034,1
3938,22840,4,Value,2024-06-13 01:00:00,0.060405333406991724,1
3939,48297,4,Food,2024-06-13 02:00:00,0.04263092758568787,0
3940,21564,3,Value,2024-06-13 03:00:00,0.8913238606788237,1
3941,5238,5,Food,2024-06-13 04:00:00,0.5927904476215946,1
3942,33937,3,Value,2024-06-13 05:00:00,0.23539839476203184,1
3943,698,4,Value,2024-06-13 06:00:00,0.6167602645377588,1
3944,26844,4,Animals,2024-06-13 07:00:00,0.16918759951156048,1
3945,21571,4,Facilities,2024-06-13 08:00:00,0.32033996195001546,1
3946,7418,4,Animals,2024-06-13 09:00:00,0.9259838218781488,1
3947,40622,4,Staff,2024-06-13 10:00:00,0.8140090428105665,1
3948,11263,3,Staff,2024-06-13 11:00:00,0.5808759415215979,1
3949,19289,4,Facilities,2024-06-13 12:00:00,0.4910372681867471,0
3950,13315,5,Staff,2024-06-13 13:00:00,0.31089245095336526,1
3951,43374,1,Value,2024-06-13 14:00:00,0.2664170630900753,1
3952,30499,4,Animals,2024-06-13 15:00:00,0.41634604040084533,1
3953,27245,3,Staff,2024-06-13 16:00:00,0.12201227454454533,1
3954,38034,4,Value,2024-06-13 17:00:00,0.3901965830284274,1
3955,22114,4,Animals,2024-06-13 18:00:00,0.6802649098772681,1
3956,2050,4,Animals,2024-06-13 19:00:00,0.7093796757616426,0
3957,18357,4,Staff,2024-06-13 20:00:00,0.2122532282737445,1
3958,11140,3,Animals,2024-06-13 21:00:00,0.40649868338656914,0
3959,31347,3,Facilities,2024-06-13 22:00:00,0.42515817057155925,0
3960,13170,4,Facilities,2024-06-13 23:00:00,0.9266761702534245,1
3961,42782,5,Staff,2024-06-14 00:00:00,0.9463566696314069,1
3962,13223,4,Food,2024-06-14 01:00:00,0.6880970473308133,1
3963,1396,5,Food,2024-06-14 02:00:00,0.3325948262260149,1
3964,38660,5,Value,2024-06-14 03:00:00,0.45194973190381016,1
3965,29341,5,Food,2024-06-14 04:00:00,0.5048151782450926,1
3966,25285,5,Value,2024-06-14 05:00:00,0.05644312933161333,0
3967,12030,4,Animals,2024-06-14 06:00:00,0.7294478630845358,1
3968,36547,4,Food,2024-06-14 07:00:00,0.5796384016107242,1
3969,19491,2,Facilities,2024-06-14 08:00:00,0.3294458392364128,1
3970,12460,5,Staff,2024-06-14 09:00:00,0.8748491653695136,1
3971,26477,4,Animals,2024-06-14 10:00:00,0.4775831360945709,1
3972,36784,4,Animals,2024-06-14 11:00:00,0.1512421641788334,0
3973,42790,2,Animals,2024-06-14 12:00:00,0.587778531477488,0
3974,3101,4,Facilities,2024-06-14 13:00:00,0.9394391255845043,1
3975,7134,4,Staff,2024-06-14 14:00:00,0.717252408240961,1
3976,19177,5,Value,2024-06-14 15:00:00,0.273214495209405,0
3977,17755,5,Value,2024-06-14 16:00:00,0.2014126689716924,1
3978,25713,4,Animals,2024-06-14 17:00:00,0.2054131154672144,1
3979,9207,4,Food,2024-06-14 18:00:00,0.24466946837670578,1
3980,42796,1,Value,2024-06-14 19:00:00,0.9475104444691607,0
3981,5586,5,Staff,2024-06-14 20:00:00,0.46847050299887105,1
3982,41326,4,Food,2024-06-14 21:00:00,0.8274589379358847,1
3983,17376,4,Value,2024-06-14 22:00:00,0.6511925237462461,1
3984,36639,4,Facilities,2024-06-14 23:00:00,0.6150351936103942,1
3985,10048,4,Animals,2024-06-15 00:00:00,0.24467140768852047,1
3986,36347,3,Food,2024-06-15 01:00:00,0.2279632911446149,1
3987,29028,5,Food,2024-06-15 02:00:00,0.40752080127937307,1
3988,31153,5,Food,2024-06-15 03:00:00,0.7078963440748804,1
3989,29836,3,Animals,2024-06-15 04:00:00,0.5957749800315106,0
3990,12896,4,Facilities,2024-06-15 05:00:00,0.06951069528175469,1
3991,18544,2,Facilities,2024-06-15 06:00:00,0.928093936998889,1
3992,3878,5,Value,2024-06-15 07:00:00,0.2189564330299737,1
3993,37352,4,Value,2024-06-15 08:00:00,0.16055941359467352,1
3994,10285,1,Food,2024-06-15 09:00:00,0.32126505972195585,1
3995,27584,4,Facilities,2024-06-15 10:00:00,0.6959466889460562,1
3996,45984,1,Animals,2024-06-15 11:00:00,0.6678208773610593,1
3997,43333,4,Facilities,2024-06-15 12:00:00,0.6299531502800229,1
3998,2437,4,Value,2024-06-15 13:00:00,0.41492916129861335,1
3999,30156,5,Food,2024-06-15 14:00:00,0.6324940766268841,1
4000,10641,4,Animals,2024-06-15 15:00:00,0.6703163653326,1
4001,20817,5,Value,2024-06-15 16:00:00,0.9618810232988181,0
4002,2979,5,Animals,2024-06-15 17:00:00,0.34570807339397536,0
4003,33825,4,Animals,2024-06-15 18:00:00,0.7434433948047231,1
4004,37925,3,Animals,2024-06-15 19:00:00,0.3625448976057025,0
4005,25913,4,Animals,2024-06-15 20:00:00,0.03478052114016705,1
4006,10688,4,Value,2024-06-15 21:00:00,0.5841955637776879,1
4007,21551,4,Value,2024-06-15 22:00:00,0.10065556218278815,1
4008,5174,2,Animals,2024-06-15 23:00:00,0.6766524777344036,0
4009,9713,3,Staff,2024-06-16 00:00:00,0.14122923261738995,1
4010,16038,3,Staff,2024-06-16 01:00:00,0.19506296410716573,1
4011,24353,4,Food,2024-06-16 02:00:00,0.17446005827686262,1
4012,27484,4,Value,2024-06-16 03:00:00,0.9961572362219042,1
4013,18346,5,Value,2024-06-16 04:00:00,0.8379937524691192,1
4014,37547,3,Animals,2024-06-16 05:00:00,0.04883061424281987,1
4015,41251,4,Facilities,2024-06-16 06:00:00,0.9730772140307958,1
4016,22640,4,Animals,2024-06-16 07:00:00,0.4251252395041918,1
4017,20867,1,Value,2024-06-16 08:00:00,0.6182018443085296,1
4018,44024,4,Staff,2024-06-16 09:00:00,0.8452386712753192,1
4019,33585,5,Staff,2024-06-16 10:00:00,0.6054230134042796,1
4020,13923,3,Facilities,2024-06-16 11:00:00,0.19969233326143154,1
4021,47377,3,Facilities,2024-06-16 12:00:00,0.2883171493298009,1
4022,35542,5,Animals,2024-06-16 13:00:00,0.913815614591728,1
4023,39122,4,Animals,2024-06-16 14:00:00,0.32747766641202936,1
4024,25916,4,Food,2024-06-16 15:00:00,0.07468918983183515,1
4025,22587,4,Value,2024-06-16 16:00:00,0.43651979399852414,0
4026,31714,5,Food,2024-06-16 17:00:00,0.19285352418917368,1
4027,48573,5,Facilities,2024-06-16 18:00:00,0.798927715903056,1
4028,33813,4,Value,2024-06-16 19:00:00,0.27551313663879773,1
4029,6147,1,Food,2024-06-16 20:00:00,0.09508478286884514,0
4030,23042,5,Facilities,2024-06-16 21:00:00,0.99580372189236,1
4031,49527,1,Food,2024-06-16 22:00:00,0.5497648156468712,1
4032,22101,4,Value,2024-06-16 23:00:00,0.5060372302492556,1
4033,30186,5,Facilities,2024-06-17 00:00:00,0.24586829610294236,1
4034,3047,4,Staff,2024-06-17 01:00:00,0.022532267049536592,1
4035,2576,4,Food,2024-06-17 02:00:00,0.2643619932150937,1
4036,35397,4,Staff,2024-06-17 03:00:00,0.11067874432751146,1
4037,16193,1,Staff,2024-06-17 04:00:00,0.23378982799071002,0
4038,28456,4,Staff,2024-06-17 05:00:00,0.3864956295407579,1
4039,24665,3,Staff,2024-06-17 06:00:00,0.3349275161963041,0
4040,43162,4,Animals,2024-06-17 07:00:00,0.5642600996506637,1
4041,10029,4,Facilities,2024-06-17 08:00:00,0.4596473354774786,1
4042,14289,4,Food,2024-06-17 09:00:00,0.9861725376554226,1
4043,40880,5,Staff,2024-06-17 10:00:00,0.24813494060117525,1
4044,11862,3,Facilities,2024-06-17 11:00:00,0.49175443461189805,1
4045,47373,4,Animals,2024-06-17 12:00:00,0.17409935780361196,1
4046,31313,3,Staff,2024-06-17 13:00:00,0.508022498184424,1
4047,41477,5,Facilities,2024-06-17 14:00:00,0.9980667810926427,1
4048,39274,3,Food,2024-06-17 15:00:00,0.07671425228372808,1
4049,27968,5,Facilities,2024-06-17 16:00:00,0.02847670197351526,1
4050,39580,3,Facilities,2024-06-17 17:00:00,0.5207455987592027,1
4051,34508,5,Value,2024-06-17 18:00:00,0.05110642463269688,0
4052,42761,4,Animals,2024-06-17 19:00:00,0.5039007729459614,1
4053,34055,4,Animals,2024-06-17 20:00:00,0.6542255549321163,1
4054,12729,1,Food,2024-06-17 21:00:00,0.10848676385807454,1
4055,24520,5,Staff,2024-06-17 22:00:00,0.2200417565730831,1
4056,1154,4,Staff,2024-06-17 23:00:00,0.21712265626813376,1
4057,21944,5,Food,2024-06-18 00:00:00,0.8961576507439235,1
4058,35091,4,Value,2024-06-18 01:00:00,0.11362705771896064,1
4059,11128,5,Animals,2024-06-18 02:00:00,0.24295304684555752,1
4060,19537,4,Facilities,2024-06-18 03:00:00,0.9123964986623808,1
4061,48450,3,Facilities,2024-06-18 04:00:00,0.912721425676928,1
4062,9302,5,Value,2024-06-18 05:00:00,0.37536103127157094,1
4063,13451,4,Staff,2024-06-18 06:00:00,0.8319321190769011,0
4064,34503,4,Value,2024-06-18 07:00:00,0.7307545148186563,1
4065,45689,4,Staff,2024-06-18 08:00:00,0.366239037441505,0
4066,31217,4,Animals,2024-06-18 09:00:00,0.3947566903848637,0
4067,1864,1,Value,2024-06-18 10:00:00,0.562929721471875,1
4068,8920,4,Value,2024-06-18 11:00:00,0.3416199719963955,1
4069,20446,5,Animals,2024-06-18 12:00:00,0.677068288536641,0
4070,46542,4,Facilities,2024-06-18 13:00:00,0.3175036819848066,1
4071,23958,4,Animals,2024-06-18 14:00:00,0.7942370589013991,1
4072,49105,1,Staff,2024-06-18 15:00:00,0.29766626586375944,1
4073,46984,5,Value,2024-06-18 16:00:00,0.7357724182787089,1
4074,24603,4,Food,2024-06-18 17:00:00,0.32710128860088916,1
4075,17963,4,Animals,2024-06-18 18:00:00,0.23377201854453422,0
4076,35427,5,Animals,2024-06-18 19:00:00,0.7661709793093717,1
4077,34013,5,Food,2024-06-18 20:00:00,0.1215335682856662,1
4078,1292,5,Food,2024-06-18 21:00:00,0.4017226466837842,0
4079,18624,5,Value,2024-06-18 22:00:00,0.5607190352385086,0
4080,47782,3,Animals,2024-06-18 23:00:00,0.0627657132501408,1
4081,24028,3,Facilities,2024-06-19 00:00:00,0.25036426749794227,1
4082,29545,4,Animals,2024-06-19 01:00:00,0.1866011026579767,1
4083,10434,4,Food,2024-06-19 02:00:00,0.6607381808351537,1
4084,24535,2,Staff,2024-06-19 03:00:00,0.493104910655598,1
4085,31820,1,Value,2024-06-19 04:00:00,0.07849973686945377,1
4086,19591,4,Staff,2024-06-19 05:00:00,0.7794848793736657,1
4087,13147,4,Staff,2024-06-19 06:00:00,0.6733885276278698,1
4088,47237,5,Facilities,2024-06-19 07:00:00,0.14338230456686085,1
4089,23517,3,Animals,2024-06-19 08:00:00,0.5637759910331936,1
4090,36633,3,Food,2024-06-19 09:00:00,0.5880933411290201,1
4091,24913,4,Animals,2024-06-19 10:00:00,0.7403982010605238,1
4092,9802,4,Food,2024-06-19 11:00:00,0.9280528867480813,1
4093,9424,3,Facilities,2024-06-19 12:00:00,0.6500156475759188,0
4094,43849,4,Food,2024-06-19 13:00:00,0.5070723774372019,1
4095,32746,4,Value,2024-06-19 14:00:00,0.2117842923931036,1
4096,29135,3,Food,2024-06-19 15:00:00,0.43751503529278224,1
4097,3851,4,Facilities,2024-06-19 16:00:00,0.07633498385618409,1
4098,39024,3,Facilities,2024-06-19 17:00:00,0.838747781580414,0
4099,21090,3,Value,2024-06-19 18:00:00,0.9121200724773825,1
4100,37579,2,Facilities,2024-06-19 19:00:00,0.9620520990226591,1
4101,10486,5,Staff,2024-06-19 20:00:00,0.1609820787744174,1
4102,12859,5,Animals,2024-06-19 21:00:00,0.44489154510315754,1
4103,39874,1,Value,2024-06-19 22:00:00,0.9772159563340147,1
4104,30007,4,Food,2024-06-19 23:00:00,0.5396274832727029,1
4105,4502,4,Food,2024-06-20 00:00:00,0.5914770582958648,1
4106,9821,1,Animals,2024-06-20 01:00:00,0.5637389489139613,1
4107,1199,4,Animals,2024-06-20 02:00:00,0.9806868617472466,1
4108,44350,5,Animals,2024-06-20 03:00:00,0.35300744460340416,0
4109,18386,5,Value,2024-06-20 04:00:00,0.8838777771836431,1
4110,27575,5,Staff,2024-06-20 05:00:00,0.28993793082194064,1
4111,5033,4,Value,2024-06-20 06:00:00,0.48454715117709735,1
4112,23118,4,Food,2024-06-20 07:00:00,0.44850258862082226,1
4113,38602,4,Value,2024-06-20 08:00:00,0.24477139149396543,0
4114,22523,5,Animals,2024-06-20 09:00:00,0.8187259684722935,0
4115,43695,5,Facilities,2024-06-20 10:00:00,0.41110942755070545,0
4116,28628,5,Value,2024-06-20 11:00:00,0.32583884422550846,0
4117,7837,5,Animals,2024-06-20 12:00:00,0.6411769400844527,1
4118,16026,2,Animals,2024-06-20 13:00:00,0.2418714161830301,1
4119,17323,2,Food,2024-06-20 14:00:00,0.36799611971574553,1
4120,10597,3,Value,2024-06-20 15:00:00,0.17534493131124784,0
4121,39769,3,Facilities,2024-06-20 16:00:00,0.2583924992295735,1
4122,42927,4,Value,2024-06-20 17:00:00,0.4436434156488036,1
4123,40250,5,Staff,2024-06-20 18:00:00,0.11379592422262286,1
4124,3235,3,Value,2024-06-20 19:00:00,0.21164361713151225,1
4125,25434,5,Staff,2024-06-20 20:00:00,0.700603021152084,1
4126,40217,4,Value,2024-06-20 21:00:00,0.11751661335280195,0
4127,4154,5,Food,2024-06-20 22:00:00,0.8959528034845368,1
4128,22266,5,Food,2024-06-20 23:00:00,0.7962223848431265,0
4129,22995,5,Food,2024-06-21 00:00:00,0.6520028088260209,1
4130,31854,5,Food,2024-06-21 01:00:00,0.28133201568624666,1
4131,38317,3,Facilities,2024-06-21 02:00:00,0.32386663227912127,1
4132,45324,4,Food,2024-06-21 03:00:00,0.6329409880227733,0
4133,43612,4,Facilities,2024-06-21 04:00:00,0.4031977669923641,1
4134,31114,5,Food,2024-06-21 05:00:00,0.6245617555423996,1
4135,37962,4,Staff,2024-06-21 06:00:00,0.298506778506909,1
4136,4184,3,Staff,2024-06-21 07:00:00,0.7644075552955424,0
4137,1959,5,Value,2024-06-21 08:00:00,0.4018637098104356,1
4138,5331,4,Facilities,2024-06-21 09:00:00,0.5987755894360038,1
4139,3374,4,Facilities,2024-06-21 10:00:00,0.07623996382270992,1
4140,16244,4,Staff,2024-06-21 11:00:00,0.20559412123159226,1
4141,49617,5,Value,2024-06-21 12:00:00,0.06661957112636552,1
4142,44178,3,Animals,2024-06-21 13:00:00,0.8933544094141546,1
4143,41391,3,Food,2024-06-21 14:00:00,0.5347437236143657,1
4144,7274,4,Staff,2024-06-21 15:00:00,0.1911457454546731,1
4145,39878,5,Food,2024-06-21 16:00:00,0.6807659773622745,1
4146,2497,3,Facilities,2024-06-21 17:00:00,0.9493644462039343,0
4147,22313,4,Food,2024-06-21 18:00:00,0.7526455127111019,1
4148,8021,4,Food,2024-06-21 19:00:00,0.10455347004967919,1
4149,7572,4,Value,2024-06-21 20:00:00,0.23640485286071833,1
4150,4387,4,Staff,2024-06-21 21:00:00,0.3551742848886529,1
4151,46572,4,Facilities,2024-06-21 22:00:00,0.9928855429261424,1
4152,28849,4,Animals,2024-06-21 23:00:00,0.14425094900038038,1
4153,14357,5,Animals,2024-06-22 00:00:00,0.537157959469157,1
4154,22787,4,Animals,2024-06-22 01:00:00,0.22881863623446608,0
4155,38259,5,Facilities,2024-06-22 02:00:00,0.7346949791709664,1
4156,3400,5,Facilities,2024-06-22 03:00:00,0.19789666827241703,1
4157,5925,5,Food,2024-06-22 04:00:00,0.4255070997381417,1
4158,45497,5,Food,2024-06-22 05:00:00,0.90961787561238,1
4159,1312,4,Value,2024-06-22 06:00:00,0.31912878256516397,1
4160,43391,5,Facilities,2024-06-22 07:00:00,0.5225334138651435,1
4161,38902,4,Animals,2024-06-22 08:00:00,0.12104213210374304,1
4162,8006,5,Animals,2024-06-22 09:00:00,0.5138179410187398,1
4163,1441,5,Animals,2024-06-22 10:00:00,0.034149480297651635,0
4164,15853,1,Facilities,2024-06-22 11:00:00,0.5816222762086354,1
4165,37409,4,Food,2024-06-22 12:00:00,0.9843062754606529,1
4166,39541,5,Food,2024-06-22 13:00:00,0.01727449626397959,1
4167,33016,4,Food,2024-06-22 14:00:00,0.7880224775306974,0
4168,47466,4,Staff,2024-06-22 15:00:00,0.12341458050951992,1
4169,17400,4,Facilities,2024-06-22 16:00:00,0.6449240030270349,0
4170,15746,4,Staff,2024-06-22 17:00:00,0.0053594460430602675,1
4171,38827,5,Animals,2024-06-22 18:00:00,0.7675900115168309,1
4172,29281,5,Value,2024-06-22 19:00:00,0.7410193490572926,1
4173,16205,3,Staff,2024-06-22 20:00:00,0.7238637205554748,1
4174,35800,5,Staff,2024-06-22 21:00:00,0.7408917270303471,1
4175,27211,1,Facilities,2024-06-22 22:00:00,0.3363644971454872,1
4176,2671,5,Food,2024-06-22 23:00:00,0.5720348202206281,1
4177,12346,4,Facilities,2024-06-23 00:00:00,0.22133456868066315,1
4178,41677,4,Value,2024-06-23 01:00:00,0.49770295630952244,1
4179,40227,1,Food,2024-06-23 02:00:00,0.7536763051427052,1
4180,6896,2,Staff,2024-06-23 03:00:00,0.20384454250213213,1
4181,28718,3,Animals,2024-06-23 04:00:00,0.7149581148060817,1
4182,28694,2,Staff,2024-06-23 05:00:00,0.7575139466868382,1
4183,30882,5,Facilities,2024-06-23 06:00:00,0.10066270851527948,1
4184,5804,2,Animals,2024-06-23 07:00:00,0.26738896405538415,0
4185,7331,4,Staff,2024-06-23 08:00:00,0.5094361636805357,1
4186,44754,3,Animals,2024-06-23 09:00:00,0.7288318638258734,1
4187,48958,4,Food,2024-06-23 10:00:00,0.8122891221732504,1
4188,5993,3,Value,2024-06-23 11:00:00,0.4762788138269256,1
4189,26197,4,Facilities,2024-06-23 12:00:00,0.9040769207010771,1
4190,35372,1,Value,2024-06-23 13:00:00,0.6589771649428958,1
4191,8711,3,Facilities,2024-06-23 14:00:00,0.8206373608351769,0
4192,6671,5,Staff,2024-06-23 15:00:00,0.46895156400677773,1
4193,23008,5,Facilities,2024-06-23 16:00:00,0.2215423863090088,1
4194,10309,4,Staff,2024-06-23 17:00:00,0.8294703530799162,1
4195,46569,4,Animals,2024-06-23 18:00:00,0.4716657983081176,1
4196,26858,5,Facilities,2024-06-23 19:00:00,0.036094990482223754,1
4197,18767,4,Animals,2024-06-23 20:00:00,0.16127714603204546,1
4198,9400,3,Food,2024-06-23 21:00:00,0.38096004216663004,1
4199,7178,3,Value,2024-06-23 22:00:00,0.10864271785690904,1
4200,23397,5,Facilities,2024-06-23 23:00:00,0.16525829007439763,0
4201,16344,5,Value,2024-06-24 00:00:00,0.4774275677060068,1
4202,10979,3,Value,2024-06-24 01:00:00,0.22792007644696077,1
4203,25758,2,Staff,2024-06-24 02:00:00,0.821879090556963,0
4204,31322,4,Animals,2024-06-24 03:00:00,0.6431163650271681,1
4205,41373,4,Facilities,2024-06-24 04:00:00,0.552716274849153,1
4206,31705,5,Value,2024-06-24 05:00:00,0.2566373937236447,1
4207,24535,5,Value,2024-06-24 06:00:00,0.10384741093933825,1
4208,31724,2,Animals,2024-06-24 07:00:00,0.47849737190868136,1
4209,7193,4,Animals,2024-06-24 08:00:00,0.04299895405707843,1
4210,16502,4,Animals,2024-06-24 09:00:00,0.7225374084050155,1
4211,37074,5,Facilities,2024-06-24 10:00:00,0.03366612582176187,0
4212,2498,4,Food,2024-06-24 11:00:00,0.20033944814511684,1
4213,20057,5,Facilities,2024-06-24 12:00:00,0.40750076992571815,0
4214,21497,5,Animals,2024-06-24 13:00:00,0.12442827168826631,1
4215,41258,5,Food,2024-06-24 14:00:00,0.825652516601271,0
4216,49757,3,Staff,2024-06-24 15:00:00,0.99330302728417,1
4217,16397,3,Animals,2024-06-24 16:00:00,0.5836280511770229,1
4218,17048,2,Staff,2024-06-24 17:00:00,0.4106605596941384,1
4219,44786,4,Value,2024-06-24 18:00:00,0.116978488448651,0
4220,18750,2,Value,2024-06-24 19:00:00,0.8635105826382976,1
4221,48291,4,Value,2024-06-24 20:00:00,0.5155295750375379,1
4222,48080,3,Value,2024-06-24 21:00:00,0.389801352093224,0
4223,7346,5,Value,2024-06-24 22:00:00,0.8529407960252186,1
4224,46934,4,Staff,2024-06-24 23:00:00,0.5688214595738426,0
4225,5680,4,Animals,2024-06-25 00:00:00,0.8258119734234067,1
4226,30354,5,Animals,2024-06-25 01:00:00,0.8000058085690981,1
4227,31813,3,Staff,2024-06-25 02:00:00,0.2560539089882421,1
4228,990,5,Facilities,2024-06-25 03:00:00,0.10364418402417763,1
4229,44493,1,Facilities,2024-06-25 04:00:00,0.9696753195212995,1
4230,28766,4,Value,2024-06-25 05:00:00,0.3323682337856092,1
4231,22501,2,Value,2024-06-25 06:00:00,0.3745655794316518,0
4232,42133,3,Value,2024-06-25 07:00:00,0.054603022388865496,1
4233,25209,5,Animals,2024-06-25 08:00:00,0.9313405032391039,1
4234,49321,5,Animals,2024-06-25 09:00:00,0.2530826462399802,1
4235,1636,4,Staff,2024-06-25 10:00:00,0.40788028931379305,1
4236,47869,4,Facilities,2024-06-25 11:00:00,0.48132559902000716,0
4237,36521,5,Facilities,2024-06-25 12:00:00,0.00013117713318289148,1
4238,35646,1,Food,2024-06-25 13:00:00,0.20570145454180022,1
4239,44065,3,Value,2024-06-25 14:00:00,0.8841959821431981,1
4240,691,5,Food,2024-06-25 15:00:00,0.5294480612442014,1
4241,36956,3,Staff,2024-06-25 16:00:00,0.9352038412616761,1
4242,8689,5,Staff,2024-06-25 17:00:00,0.3239912647074311,1
4243,34358,1,Staff,2024-06-25 18:00:00,0.676670027574446,0
4244,38165,5,Staff,2024-06-25 19:00:00,0.7389137482450167,1
4245,19475,3,Animals,2024-06-25 20:00:00,0.3473100910840071,1
4246,49435,5,Value,2024-06-25 21:00:00,0.06874738923051205,1
4247,32220,5,Food,2024-06-25 22:00:00,0.9730688702768011,1
4248,22792,4,Staff,2024-06-25 23:00:00,0.24742684413943505,1
4249,16641,5,Staff,2024-06-26 00:00:00,0.9211027300997915,1
4250,21691,3,Value,2024-06-26 01:00:00,0.8179801032243381,1
4251,19774,3,Food,2024-06-26 02:00:00,0.33682871642802736,1
4252,2241,5,Food,2024-06-26 03:00:00,0.9485233196324023,1
4253,12300,3,Value,2024-06-26 04:00:00,0.5467886035808835,1
4254,27153,3,Animals,2024-06-26 05:00:00,0.27372819493513223,1
4255,23545,5,Animals,2024-06-26 06:00:00,0.03977861442183206,1
4256,24927,5,Animals,2024-06-26 07:00:00,0.22428683774408298,0
4257,25383,3,Staff,2024-06-26 08:00:00,0.8243642383761027,1
4258,26253,4,Animals,2024-06-26 09:00:00,0.8154853579461244,1
4259,24772,3,Staff,2024-06-26 10:00:00,0.38232950782874076,0
4260,562,5,Staff,2024-06-26 11:00:00,0.46606910132998336,1
4261,36068,4,Food,2024-06-26 12:00:00,0.6727265346895183,1
4262,26831,4,Animals,2024-06-26 13:00:00,0.29996839942229925,1
4263,21636,5,Food,2024-06-26 14:00:00,0.728351809861128,1
4264,44799,3,Food,2024-06-26 15:00:00,0.9699385038360091,1
4265,42074,3,Food,2024-06-26 16:00:00,0.9590161253604006,1
4266,27411,5,Food,2024-06-26 17:00:00,0.3374539921451548,0
4267,7242,4,Animals,2024-06-26 18:00:00,0.13425565400795736,1
4268,14469,3,Animals,2024-06-26 19:00:00,0.986221140171936,1
4269,1512,4,Facilities,2024-06-26 20:00:00,0.9737930460094663,1
4270,47231,1,Animals,2024-06-26 21:00:00,0.5780452371719654,0
4271,12976,5,Staff,2024-06-26 22:00:00,0.6858077438949607,1
4272,49467,4,Value,2024-06-26 23:00:00,0.5206435113997738,1
4273,24926,2,Animals,2024-06-27 00:00:00,0.8013015070728174,1
4274,37620,5,Animals,2024-06-27 01:00:00,0.011624616383305031,1
4275,43472,5,Food,2024-06-27 02:00:00,0.6302962859568668,1
4276,4285,4,Animals,2024-06-27 03:00:00,0.6408079445762399,1
4277,34963,5,Staff,2024-06-27 04:00:00,0.24743629886018959,1
4278,18371,5,Animals,2024-06-27 05:00:00,0.8635543712232371,0
4279,34691,4,Value,2024-06-27 06:00:00,0.08314352718891649,1
4280,639,5,Food,2024-06-27 07:00:00,0.6124851542746166,1
4281,8257,4,Facilities,2024-06-27 08:00:00,0.3501536585250806,1
4282,11148,2,Value,2024-06-27 09:00:00,0.35213117366723323,0
4283,3726,2,Food,2024-06-27 10:00:00,0.3913827520480381,0
4284,5329,2,Food,2024-06-27 11:00:00,0.22119609641705051,1
4285,23663,5,Facilities,2024-06-27 12:00:00,0.4325729368071347,0
4286,4906,3,Value,2024-06-27 13:00:00,0.4427834575894243,1
4287,13697,1,Value,2024-06-27 14:00:00,0.07394368507799498,1
4288,29046,4,Value,2024-06-27 15:00:00,0.6464486343974569,1
4289,13962,5,Facilities,2024-06-27 16:00:00,0.8170244670859925,0
4290,43114,5,Staff,2024-06-27 17:00:00,0.33882827915252434,1
4291,44871,2,Animals,2024-06-27 18:00:00,0.6724048252876976,0
4292,45446,5,Food,2024-06-27 19:00:00,0.9485181569672984,1
4293,35853,2,Food,2024-06-27 20:00:00,0.7761160701762168,0
4294,14275,2,Food,2024-06-27 21:00:00,0.09711616789674105,1
4295,48316,4,Animals,2024-06-27 22:00:00,0.6731908596031507,1
4296,35295,4,Staff,2024-06-27 23:00:00,0.3685597517178686,1
4297,17949,5,Animals,2024-06-28 00:00:00,0.9168558612902594,0
4298,44219,3,Facilities,2024-06-28 01:00:00,0.7236053432829729,0
4299,13649,2,Animals,2024-06-28 02:00:00,0.3002201352595527,1
4300,27139,5,Facilities,2024-06-28 03:00:00,0.12428601864529965,1
4301,35869,3,Value,2024-06-28 04:00:00,0.2318142786286449,1
4302,7105,4,Value,2024-06-28 05:00:00,0.41156160646776774,1
4303,603,5,Facilities,2024-06-28 06:00:00,0.7935836641411,0
4304,24766,4,Staff,2024-06-28 07:00:00,0.6805039445433642,1
4305,47648,3,Facilities,2024-06-28 08:00:00,0.415701238145777,1
4306,29704,1,Food,2024-06-28 09:00:00,0.17657669451770253,1
4307,13797,1,Staff,2024-06-28 10:00:00,0.7002266626453111,1
4308,41635,4,Facilities,2024-06-28 11:00:00,0.9204067308722332,1
4309,49198,4,Facilities,2024-06-28 12:00:00,0.6486503293406252,1
4310,46596,5,Animals,2024-06-28 13:00:00,0.7585459469212926,1
4311,2741,4,Staff,2024-06-28 14:00:00,0.9509089907398441,1
4312,48222,5,Animals,2024-06-28 15:00:00,0.8902780208702348,1
4313,34362,4,Staff,2024-06-28 16:00:00,0.4090298745462808,1
4314,1531,5,Food,2024-06-28 17:00:00,0.06843322094153448,1
4315,26677,2,Animals,2024-06-28 18:00:00,0.6996604657350209,0
4316,28058,2,Facilities,2024-06-28 19:00:00,0.15455594237891712,1
4317,37786,4,Food,2024-06-28 20:00:00,0.8436034322251603,0
4318,48379,4,Value,2024-06-28 21:00:00,0.9251325101324297,1
4319,10107,4,Food,2024-06-28 22:00:00,0.07220391235759649,1
4320,29026,3,Facilities,2024-06-28 23:00:00,0.45266023840330605,0
4321,16521,4,Facilities,2024-06-29 00:00:00,0.6074919728032834,1
4322,18313,3,Food,2024-06-29 01:00:00,0.46803691148081983,1
4323,42548,5,Food,2024-06-29 02:00:00,0.10150622310366697,1
4324,36012,4,Food,2024-06-29 03:00:00,0.1033837481810842,1
4325,44474,4,Value,2024-06-29 04:00:00,0.5993430809454031,1
4326,22483,4,Value,2024-06-29 05:00:00,0.4365408197717249,1
4327,20933,5,Staff,2024-06-29 06:00:00,0.5331381495814257,1
4328,31579,4,Animals,2024-06-29 07:00:00,0.8699895633298919,1
4329,26571,1,Animals,2024-06-29 08:00:00,0.6718175965491705,1
4330,3341,5,Staff,2024-06-29 09:00:00,0.6183590925809158,1
4331,33469,2,Staff,2024-06-29 10:00:00,0.4195010362177608,1
4332,39759,5,Value,2024-06-29 11:00:00,0.5600331925677954,1
4333,24777,5,Value,2024-06-29 12:00:00,0.8952375607810172,1
4334,49054,4,Facilities,2024-06-29 13:00:00,0.0848276899831808,1
4335,23441,4,Facilities,2024-06-29 14:00:00,0.7249749615941025,1
4336,49842,5,Food,2024-06-29 15:00:00,0.25923491543459987,1
4337,19814,3,Value,2024-06-29 16:00:00,0.8284382622321816,1
4338,43204,5,Staff,2024-06-29 17:00:00,0.3090180808259795,1
4339,33760,5,Staff,2024-06-29 18:00:00,0.6457570330062219,0
4340,14142,4,Food,2024-06-29 19:00:00,0.9689540416247521,1
4341,48722,1,Food,2024-06-29 20:00:00,0.9933586573965175,1
4342,21047,2,Staff,2024-06-29 21:00:00,0.30731069046875004,1
4343,4701,3,Facilities,2024-06-29 22:00:00,0.9085506844665684,0
4344,31231,3,Facilities,2024-06-29 23:00:00,0.5671738841487173,1
4345,39465,5,Animals,2024-06-30 00:00:00,0.7893909947475435,1
4346,9900,4,Staff,2024-06-30 01:00:00,0.9568267979788174,1
4347,9514,2,Food,2024-06-30 02:00:00,0.4511864595675239,1
4348,31551,5,Animals,2024-06-30 03:00:00,0.7059925385782194,1
4349,11236,5,Staff,2024-06-30 04:00:00,0.2582625653625098,1
4350,31157,4,Food,2024-06-30 05:00:00,0.8981547652717139,1
4351,46210,2,Staff,2024-06-30 06:00:00,0.03983139805142788,1
4352,43897,5,Staff,2024-06-30 07:00:00,0.6846776810616101,1
4353,7198,4,Value,2024-06-30 08:00:00,0.8018315162108819,1
4354,4935,5,Facilities,2024-06-30 09:00:00,0.6692439525034758,1
4355,6018,5,Facilities,2024-06-30 10:00:00,0.2930819325540224,1
4356,5887,5,Animals,2024-06-30 11:00:00,0.007700064327582523,1
4357,29513,4,Facilities,2024-06-30 12:00:00,0.7746481119391724,1
4358,19730,4,Food,2024-06-30 13:00:00,0.3338611311979658,1
4359,46547,5,Staff,2024-06-30 14:00:00,0.25810204037995765,0
4360,25914,4,Food,2024-06-30 15:00:00,0.026561324368229444,1
4361,10177,4,Food,2024-06-30 16:00:00,0.09391051055880117,0
4362,41991,2,Value,2024-06-30 17:00:00,0.09937892962327322,1
4363,19642,5,Staff,2024-06-30 18:00:00,0.5673151276831805,1
4364,21040,5,Food,2024-06-30 19:00:00,0.3511497759156774,1
4365,45934,1,Staff,2024-06-30 20:00:00,0.184665812878255,1
4366,6503,5,Food,2024-06-30 21:00:00,0.2839807100294651,1
4367,12530,5,Animals,2024-06-30 22:00:00,0.4019563140476914,1
4368,16071,4,Value,2024-06-30 23:00:00,0.9683538488456078,1
4369,28534,4,Value,2024-07-01 00:00:00,0.8406715457081751,1
4370,10202,5,Animals,2024-07-01 01:00:00,0.5397571081147691,1
4371,4918,3,Value,2024-07-01 02:00:00,0.4436476449317698,1
4372,37213,5,Value,2024-07-01 03:00:00,0.8091867716886224,1
4373,20031,1,Food,2024-07-01 04:00:00,0.346705048694271,1
4374,30344,4,Facilities,2024-07-01 05:00:00,0.3483338327078589,1
4375,46140,3,Facilities,2024-07-01 06:00:00,0.04926827738460848,1
4376,8324,3,Food,2024-07-01 07:00:00,0.45887153662450564,0
4377,35952,4,Facilities,2024-07-01 08:00:00,0.33090292462031645,1
4378,673,3,Value,2024-07-01 09:00:00,0.6282132264238397,1
4379,41884,2,Facilities,2024-07-01 10:00:00,0.6045190446653527,1
4380,17945,5,Food,2024-07-01 11:00:00,0.5175116345224068,1
4381,16133,3,Value,2024-07-01 12:00:00,0.2641933517880266,1
4382,42219,3,Animals,2024-07-01 13:00:00,0.21207814688173254,1
4383,24747,5,Facilities,2024-07-01 14:00:00,0.29710712564033115,1
4384,31394,5,Animals,2024-07-01 15:00:00,0.5903931328495496,1
4385,15300,4,Value,2024-07-01 16:00:00,0.9986187409729478,0
4386,9500,4,Facilities,2024-07-01 17:00:00,0.26032608974509575,1
4387,19080,5,Staff,2024-07-01 18:00:00,0.19243576472373525,1
4388,27506,4,Staff,2024-07-01 19:00:00,0.2977150259883937,0
4389,31208,4,Facilities,2024-07-01 20:00:00,0.15542292472450658,1
4390,14882,4,Facilities,2024-07-01 21:00:00,0.2882414746415086,1
4391,13362,3,Staff,2024-07-01 22:00:00,0.40994857020157394,1
4392,23574,5,Animals,2024-07-01 23:00:00,0.48553496005928654,1
4393,15221,4,Animals,2024-07-02 00:00:00,0.5196215976328026,1
4394,16957,5,Animals,2024-07-02 01:00:00,0.7819559453609898,1
4395,12482,4,Animals,2024-07-02 02:00:00,0.9371500491163596,1
4396,8377,5,Animals,2024-07-02 03:00:00,0.8228941292622709,1
4397,574,5,Value,2024-07-02 04:00:00,0.7492560667849514,1
4398,28133,5,Animals,2024-07-02 05:00:00,0.35270171103682146,1
4399,22836,4,Animals,2024-07-02 06:00:00,0.8449388206533923,1
4400,38819,4,Facilities,2024-07-02 07:00:00,0.8421703524583711,1
4401,48317,5,Facilities,2024-07-02 08:00:00,0.80544586741223,0
4402,30622,3,Animals,2024-07-02 09:00:00,0.2956912997881027,1
4403,41288,4,Food,2024-07-02 10:00:00,0.6020818566227902,0
4404,33753,5,Animals,2024-07-02 11:00:00,0.5912209382101181,1
4405,37787,3,Value,2024-07-02 12:00:00,0.6433890509592439,1
4406,41224,5,Animals,2024-07-02 13:00:00,0.6260148952547311,1
4407,42759,4,Value,2024-07-02 14:00:00,0.5783552040207816,1
4408,27159,5,Animals,2024-07-02 15:00:00,0.9439737190837822,0
4409,34145,5,Animals,2024-07-02 16:00:00,0.1344921881856581,0
4410,15005,4,Value,2024-07-02 17:00:00,0.010608421551298375,1
4411,32387,3,Staff,2024-07-02 18:00:00,0.5352480834558732,1
4412,3782,4,Animals,2024-07-02 19:00:00,0.05951732724547787,1
4413,45763,4,Facilities,2024-07-02 20:00:00,0.6358663351869914,0
4414,30484,5,Facilities,2024-07-02 21:00:00,0.7978150056085436,1
4415,28257,2,Value,2024-07-02 22:00:00,0.4823989613952697,0
4416,37606,4,Staff,2024-07-02 23:00:00,0.11415610213481509,1
4417,44174,4,Food,2024-07-03 00:00:00,0.23928841982114668,1
4418,6346,2,Value,2024-07-03 01:00:00,0.23210211286139815,1
4419,8963,5,Animals,2024-07-03 02:00:00,0.08853094139424256,1
4420,12900,4,Facilities,2024-07-03 03:00:00,0.8493658130679559,1
4421,3577,5,Food,2024-07-03 04:00:00,0.22607759857521714,1
4422,6089,5,Value,2024-07-03 05:00:00,0.018764971445190626,1
4423,33572,3,Value,2024-07-03 06:00:00,0.8351435594628693,1
4424,7089,3,Animals,2024-07-03 07:00:00,0.10736136056083911,1
4425,5403,4,Facilities,2024-07-03 08:00:00,0.09447583571823137,1
4426,3729,4,Value,2024-07-03 09:00:00,0.9099787231908445,0
4427,34105,5,Value,2024-07-03 10:00:00,0.906510217681907,1
4428,30993,4,Animals,2024-07-03 11:00:00,0.0637908987346767,1
4429,39572,2,Value,2024-07-03 12:00:00,0.5424177755566991,1
4430,1409,5,Value,2024-07-03 13:00:00,0.2281890726928355,1
4431,31663,4,Staff,2024-07-03 14:00:00,0.2436708235433166,1
4432,7211,5,Animals,2024-07-03 15:00:00,0.09098612703769926,1
4433,3915,3,Animals,2024-07-03 16:00:00,0.6276405241967041,1
4434,3410,5,Food,2024-07-03 17:00:00,0.6136225121824858,0
4435,8900,5,Facilities,2024-07-03 18:00:00,0.8534579600968766,1
4436,37598,4,Facilities,2024-07-03 19:00:00,0.9730421830249998,1
4437,24328,4,Facilities,2024-07-03 20:00:00,0.9751004049779048,1
4438,22211,5,Facilities,2024-07-03 21:00:00,0.0318864632190754,1
4439,15258,4,Facilities,2024-07-03 22:00:00,0.7156289786841651,1
4440,14997,5,Food,2024-07-03 23:00:00,0.5016167573533759,1
4441,20506,3,Facilities,2024-07-04 00:00:00,0.8130972130627965,1
4442,36438,2,Food,2024-07-04 01:00:00,0.9892294586202954,0
4443,9253,5,Value,2024-07-04 02:00:00,0.37627010986971077,0
4444,23599,1,Value,2024-07-04 03:00:00,0.9572352189111204,1
4445,38404,3,Facilities,2024-07-04 04:00:00,0.34885837997718494,1
4446,23208,1,Staff,2024-07-04 05:00:00,0.5537787320171661,1
4447,9449,4,Food,2024-07-04 06:00:00,0.3088109733766198,1
4448,42439,1,Facilities,2024-07-04 07:00:00,0.8999867429220282,1
4449,9277,4,Staff,2024-07-04 08:00:00,0.22071504886602877,1
4450,45651,3,Staff,2024-07-04 09:00:00,0.6851555488140673,1
4451,32443,3,Staff,2024-07-04 10:00:00,0.7397821099378576,1
4452,22576,4,Food,2024-07-04 11:00:00,0.1762752205349314,1
4453,21046,5,Facilities,2024-07-04 12:00:00,0.753112997540929,1
4454,40442,5,Animals,2024-07-04 13:00:00,0.7121291821451228,1
4455,10179,4,Facilities,2024-07-04 14:00:00,0.2951820571537438,0
4456,36294,5,Facilities,2024-07-04 15:00:00,0.620873461413274,1
4457,10737,5,Staff,2024-07-04 16:00:00,0.13710874094881453,1
4458,23207,4,Facilities,2024-07-04 17:00:00,0.9966981972558916,1
4459,137,4,Facilities,2024-07-04 18:00:00,0.6065909601066556,1
4460,29447,5,Animals,2024-07-04 19:00:00,0.4764524463784683,1
4461,46104,5,Food,2024-07-04 20:00:00,0.116045909990241,0
4462,44337,5,Staff,2024-07-04 21:00:00,0.31183662010284363,0
4463,21317,4,Food,2024-07-04 22:00:00,0.4624257618766592,1
4464,34070,3,Food,2024-07-04 23:00:00,0.8058780833131908,1
4465,6398,5,Value,2024-07-05 00:00:00,0.8995086459244385,1
4466,46159,4,Staff,2024-07-05 01:00:00,0.7032100489000364,0
4467,32747,4,Food,2024-07-05 02:00:00,0.09005541603190348,1
4468,34602,2,Staff,2024-07-05 03:00:00,0.6766943719489835,0
4469,23190,4,Food,2024-07-05 04:00:00,0.4060237179240149,1
4470,22586,1,Value,2024-07-05 05:00:00,0.8229793111893885,1
4471,1052,4,Value,2024-07-05 06:00:00,0.09300872939123217,1
4472,49705,5,Staff,2024-07-05 07:00:00,0.598959800504711,0
4473,35213,3,Staff,2024-07-05 08:00:00,0.0871222873951849,0
4474,21487,4,Animals,2024-07-05 09:00:00,0.2578353155283599,0
4475,49059,5,Value,2024-07-05 10:00:00,0.8525147478486385,1
4476,36241,1,Staff,2024-07-05 11:00:00,0.2332121958758938,1
4477,49994,2,Facilities,2024-07-05 12:00:00,0.7525245560530085,1
4478,1661,5,Facilities,2024-07-05 13:00:00,0.5878480985174952,1
4479,32412,3,Facilities,2024-07-05 14:00:00,0.8943780407728299,1
4480,31622,2,Food,2024-07-05 15:00:00,0.5108250811404738,1
4481,32295,5,Animals,2024-07-05 16:00:00,0.28548452973785876,0
4482,20032,2,Food,2024-07-05 17:00:00,0.0739512060974743,0
4483,21437,3,Food,2024-07-05 18:00:00,0.3871631967359568,1
4484,27924,4,Animals,2024-07-05 19:00:00,0.7413842433326107,0
4485,49869,4,Animals,2024-07-05 20:00:00,0.5276802917222525,1
4486,38124,5,Value,2024-07-05 21:00:00,0.5864050527057711,1
4487,32743,3,Value,2024-07-05 22:00:00,0.04445454870080634,1
4488,31419,4,Facilities,2024-07-05 23:00:00,0.9531533808884787,1
4489,47467,5,Animals,2024-07-06 00:00:00,0.6317122617966461,0
4490,31879,1,Staff,2024-07-06 01:00:00,0.9707170877154019,1
4491,28731,5,Value,2024-07-06 02:00:00,0.9767185686063293,1
4492,20364,5,Food,2024-07-06 03:00:00,0.5459855271872338,1
4493,35639,5,Value,2024-07-06 04:00:00,0.026108076508101097,1
4494,7447,1,Facilities,2024-07-06 05:00:00,0.6770150034879531,1
4495,11696,5,Value,2024-07-06 06:00:00,0.6974949662928199,1
4496,42682,4,Value,2024-07-06 07:00:00,0.3142452987635841,1
4497,22979,1,Staff,2024-07-06 08:00:00,0.4924635279318048,1
4498,49069,4,Value,2024-07-06 09:00:00,0.522278432223376,0
4499,13153,3,Animals,2024-07-06 10:00:00,0.27159808152546383,1
4500,39570,2,Food,2024-07-06 11:00:00,0.5356321621967006,0
4501,41643,5,Animals,2024-07-06 12:00:00,0.7660578816146137,1
4502,34738,2,Staff,2024-07-06 13:00:00,0.5089417691977492,0
4503,7876,3,Food,2024-07-06 14:00:00,0.8519408222346087,0
4504,29733,3,Value,2024-07-06 15:00:00,0.895840009571984,1
4505,664,4,Animals,2024-07-06 16:00:00,0.9484396740920118,1
4506,36943,4,Value,2024-07-06 17:00:00,0.6459475037825786,0
4507,15382,3,Staff,2024-07-06 18:00:00,0.9273375724835724,1
4508,23953,5,Food,2024-07-06 19:00:00,0.5278181642787514,1
4509,20415,5,Value,2024-07-06 20:00:00,0.8691889870425157,1
4510,20314,5,Value,2024-07-06 21:00:00,0.9321035149861016,1
4511,24503,3,Food,2024-07-06 22:00:00,0.43671540062558845,1
4512,20698,4,Food,2024-07-06 23:00:00,0.41140973327960273,1
4513,20086,3,Facilities,2024-07-07 00:00:00,0.4402854806529387,1
4514,29183,5,Facilities,2024-07-07 01:00:00,0.755291826819672,1
4515,17483,4,Facilities,2024-07-07 02:00:00,0.08547410110310483,1
4516,9721,5,Value,2024-07-07 03:00:00,0.5941396825578316,1
4517,43326,2,Food,2024-07-07 04:00:00,0.9026977326149238,1
4518,4101,5,Facilities,2024-07-07 05:00:00,0.40717923814803836,0
4519,38617,2,Animals,2024-07-07 06:00:00,0.6634874656902789,1
4520,21383,3,Value,2024-07-07 07:00:00,0.36115765026328284,1
4521,34770,4,Value,2024-07-07 08:00:00,0.28318192980389933,0
4522,38453,5,Food,2024-07-07 09:00:00,0.07730336446896391,1
4523,12896,3,Food,2024-07-07 10:00:00,0.5260020200050376,1
4524,36373,3,Food,2024-07-07 11:00:00,0.4340701569614174,1
4525,1145,4,Staff,2024-07-07 12:00:00,0.20490114644530244,1
4526,3375,5,Animals,2024-07-07 13:00:00,0.8054840190394633,1
4527,38018,5,Animals,2024-07-07 14:00:00,0.7423650160762651,1
4528,5012,4,Facilities,2024-07-07 15:00:00,0.37383672943156665,1
4529,16563,3,Value,2024-07-07 16:00:00,0.44271289005134873,1
4530,39967,4,Food,2024-07-07 17:00:00,0.24481467931523326,0
4531,37961,2,Food,2024-07-07 18:00:00,0.1781775225333163,0
4532,6622,4,Staff,2024-07-07 19:00:00,0.3734791410270909,1
4533,20208,5,Value,2024-07-07 20:00:00,0.8629500721066806,1
4534,41990,5,Food,2024-07-07 21:00:00,0.2661673125200257,1
4535,6518,4,Animals,2024-07-07 22:00:00,0.1418160151161797,1
4536,8986,3,Food,2024-07-07 23:00:00,0.17391249240990359,0
4537,28138,1,Facilities,2024-07-08 00:00:00,0.11250605828001592,1
4538,30164,3,Food,2024-07-08 01:00:00,0.7218052740928996,0
4539,45403,5,Value,2024-07-08 02:00:00,0.8101255506182562,1
4540,32494,5,Facilities,2024-07-08 03:00:00,0.260072193159375,1
4541,45013,5,Facilities,2024-07-08 04:00:00,0.51640587951093,1
4542,24782,4,Animals,2024-07-08 05:00:00,0.2716154773399776,1
4543,14570,4,Animals,2024-07-08 06:00:00,0.48232129260530365,1
4544,28145,3,Staff,2024-07-08 07:00:00,0.5139996043230536,0
4545,37245,4,Food,2024-07-08 08:00:00,0.9721479387135479,1
4546,14210,3,Facilities,2024-07-08 09:00:00,0.8084634328564576,1
4547,14434,3,Staff,2024-07-08 10:00:00,0.9719402921793007,1
4548,996,1,Value,2024-07-08 11:00:00,0.33443370846070397,0
4549,34730,5,Staff,2024-07-08 12:00:00,0.4849894560484397,1
4550,30815,4,Animals,2024-07-08 13:00:00,0.019942827056145807,1
4551,7254,3,Staff,2024-07-08 14:00:00,0.02223092069961219,1
4552,28853,5,Staff,2024-07-08 15:00:00,0.20597171414273052,1
4553,31779,2,Staff,2024-07-08 16:00:00,0.7517812569095905,1
4554,44873,4,Staff,2024-07-08 17:00:00,0.1429958254582513,1
4555,32575,5,Value,2024-07-08 18:00:00,0.2347528438343005,1
4556,6725,4,Food,2024-07-08 19:00:00,0.396083280485379,1
4557,43026,4,Staff,2024-07-08 20:00:00,0.7308417229196064,1
4558,48648,3,Food,2024-07-08 21:00:00,0.711406831102127,1
4559,40489,5,Animals,2024-07-08 22:00:00,0.1607702139572199,0
4560,31760,3,Animals,2024-07-08 23:00:00,0.9266172922530255,1
4561,21560,4,Animals,2024-07-09 00:00:00,0.7462320211826595,1
4562,8577,5,Animals,2024-07-09 01:00:00,0.4968363323787054,1
4563,20569,2,Animals,2024-07-09 02:00:00,0.657572370533139,0
4564,4626,5,Facilities,2024-07-09 03:00:00,0.6328056527743577,1
4565,33714,5,Animals,2024-07-09 04:00:00,0.6064902570163813,1
4566,15006,5,Food,2024-07-09 05:00:00,0.04594352840907934,1
4567,23678,5,Facilities,2024-07-09 06:00:00,0.433065036631605,1
4568,19018,4,Animals,2024-07-09 07:00:00,0.5023177140661859,1
4569,36451,2,Food,2024-07-09 08:00:00,0.6605543856350352,1
4570,9765,5,Value,2024-07-09 09:00:00,0.7195686291316531,1
4571,46524,4,Animals,2024-07-09 10:00:00,0.3506994563228272,1
4572,38186,4,Staff,2024-07-09 11:00:00,0.009042231457076388,1
4573,14784,5,Food,2024-07-09 12:00:00,0.8797593678051575,1
4574,5719,3,Food,2024-07-09 13:00:00,0.30361357759352503,1
4575,37498,5,Food,2024-07-09 14:00:00,0.6682331316741225,1
4576,39539,4,Facilities,2024-07-09 15:00:00,0.5048116483258277,1
4577,12730,3,Staff,2024-07-09 16:00:00,0.9688583561137409,1
4578,28545,4,Animals,2024-07-09 17:00:00,0.279102505851743,1
4579,22030,5,Value,2024-07-09 18:00:00,0.3326609492162107,1
4580,8995,2,Animals,2024-07-09 19:00:00,0.3389228783871291,0
4581,24715,3,Staff,2024-07-09 20:00:00,0.7118126970213055,0
4582,40667,2,Facilities,2024-07-09 21:00:00,0.5044022990461909,1
4583,11796,3,Animals,2024-07-09 22:00:00,0.09400568222964722,1
4584,11283,5,Facilities,2024-07-09 23:00:00,0.7679762233397178,1
4585,3054,5,Food,2024-07-10 00:00:00,0.4364116966769901,1
4586,38948,4,Staff,2024-07-10 01:00:00,0.012665661432152864,1
4587,42381,5,Staff,2024-07-10 02:00:00,0.33571382211658707,1
4588,17206,4,Facilities,2024-07-10 03:00:00,0.38016323151769316,0
4589,39423,4,Staff,2024-07-10 04:00:00,0.22788064803270258,1
4590,1621,4,Value,2024-07-10 05:00:00,0.7721028809692461,1
4591,44826,5,Facilities,2024-07-10 06:00:00,0.9230769182929718,0
4592,1765,5,Animals,2024-07-10 07:00:00,0.289690869145665,1
4593,5894,4,Food,2024-07-10 08:00:00,0.5336463540024832,1
4594,27595,4,Facilities,2024-07-10 09:00:00,0.7645036817575516,0
4595,47033,3,Facilities,2024-07-10 10:00:00,0.11962977836200595,1
4596,5835,4,Facilities,2024-07-10 11:00:00,0.8963307819520527,1
4597,32193,5,Food,2024-07-10 12:00:00,0.7992061784481279,0
4598,11972,5,Facilities,2024-07-10 13:00:00,0.7903088743619581,1
4599,2347,4,Food,2024-07-10 14:00:00,0.7797825798289947,1
4600,24240,5,Animals,2024-07-10 15:00:00,0.2681406446786564,1
4601,30102,4,Facilities,2024-07-10 16:00:00,0.263871920553985,1
4602,24207,5,Animals,2024-07-10 17:00:00,0.6592988393134409,1
4603,25289,3,Facilities,2024-07-10 18:00:00,0.6510640255851814,1
4604,2261,5,Facilities,2024-07-10 19:00:00,0.9149971678179541,1
4605,48842,5,Value,2024-07-10 20:00:00,0.5877702157138175,1
4606,46980,5,Animals,2024-07-10 21:00:00,0.3346725322877888,0
4607,3166,3,Staff,2024-07-10 22:00:00,0.3236229408000256,0
4608,48457,1,Food,2024-07-10 23:00:00,0.38023136943305125,1
4609,16290,4,Staff,2024-07-11 00:00:00,0.8725862867211424,1
4610,35266,4,Food,2024-07-11 01:00:00,0.058447315313411186,1
4611,15604,3,Food,2024-07-11 02:00:00,0.8943517094574515,1
4612,20227,4,Staff,2024-07-11 03:00:00,0.007091091184599496,0
4613,6980,4,Food,2024-07-11 04:00:00,0.7395790973033045,1
4614,627,3,Staff,2024-07-11 05:00:00,0.525767558939993,1
4615,28255,4,Food,2024-07-11 06:00:00,0.27880800589433286,0
4616,39155,4,Staff,2024-07-11 07:00:00,0.9467504090308514,1
4617,4807,5,Staff,2024-07-11 08:00:00,0.47622241631619144,0
4618,3468,5,Staff,2024-07-11 09:00:00,0.3769269784156015,0
4619,14385,1,Animals,2024-07-11 10:00:00,0.4404811058179521,1
4620,46607,3,Staff,2024-07-11 11:00:00,0.0571848486879003,0
4621,28319,5,Facilities,2024-07-11 12:00:00,0.9498586535602853,1
4622,39046,4,Facilities,2024-07-11 13:00:00,0.6107650493953702,1
4623,48322,5,Staff,2024-07-11 14:00:00,0.7113921895431959,1
4624,837,4,Value,2024-07-11 15:00:00,0.6688132024339054,1
4625,21837,5,Animals,2024-07-11 16:00:00,0.4515631634294077,1
4626,28713,5,Staff,2024-07-11 17:00:00,0.9985039846827497,0
4627,23553,4,Value,2024-07-11 18:00:00,0.9864502381607309,1
4628,6401,5,Facilities,2024-07-11 19:00:00,0.4599819061832392,1
4629,22368,3,Animals,2024-07-11 20:00:00,0.5432888683455899,1
4630,33437,4,Animals,2024-07-11 21:00:00,0.568735902117629,1
4631,12263,3,Staff,2024-07-11 22:00:00,0.7799226813290387,0
4632,48,4,Value,2024-07-11 23:00:00,0.6339583326632598,1
4633,18086,5,Staff,2024-07-12 00:00:00,0.8328050425380975,1
4634,24305,5,Animals,2024-07-12 01:00:00,0.12279776832280964,1
4635,32664,4,Value,2024-07-12 02:00:00,0.21987489132245575,1
4636,6703,3,Staff,2024-07-12 03:00:00,0.41496233393203585,1
4637,41714,2,Facilities,2024-07-12 04:00:00,0.09739566941314737,1
4638,2911,3,Animals,2024-07-12 05:00:00,0.8045691651586746,1
4639,15753,4,Animals,2024-07-12 06:00:00,0.88752320735665,1
4640,8240,4,Facilities,2024-07-12 07:00:00,0.7158491890565456,1
4641,14781,4,Food,2024-07-12 08:00:00,0.9803958101115228,0
4642,41869,4,Staff,2024-07-12 09:00:00,0.013762583993090605,1
4643,20332,1,Food,2024-07-12 10:00:00,0.9436971188263447,1
4644,18745,3,Animals,2024-07-12 11:00:00,0.4883356944257973,1
4645,18984,3,Staff,2024-07-12 12:00:00,0.5661431338474663,1
4646,10333,4,Value,2024-07-12 13:00:00,0.1377265727686312,0
4647,38842,4,Staff,2024-07-12 14:00:00,0.07974777605487404,1
4648,2188,2,Facilities,2024-07-12 15:00:00,0.0646823377322483,1
4649,48247,5,Staff,2024-07-12 16:00:00,0.49038906562119144,1
4650,37980,4,Animals,2024-07-12 17:00:00,0.7682010814736646,1
4651,34889,4,Food,2024-07-12 18:00:00,0.46241847655950163,1
4652,45145,5,Staff,2024-07-12 19:00:00,0.21424159163036982,1
4653,33647,4,Facilities,2024-07-12 20:00:00,0.4694118235033633,1
4654,21185,3,Value,2024-07-12 21:00:00,0.6525665654510433,1
4655,14033,5,Facilities,2024-07-12 22:00:00,0.16268855350728872,1
4656,42138,3,Staff,2024-07-12 23:00:00,0.8977074071867965,1
4657,22826,5,Food,2024-07-13 00:00:00,0.4378995301007951,1
4658,5411,5,Food,2024-07-13 01:00:00,0.2822636203043061,1
4659,39998,3,Staff,2024-07-13 02:00:00,0.3572665046485325,1
4660,48684,3,Animals,2024-07-13 03:00:00,0.964263898963445,0
4661,46605,3,Staff,2024-07-13 04:00:00,0.39691025759798615,1
4662,35689,4,Staff,2024-07-13 05:00:00,0.17759632918523738,1
4663,48812,3,Food,2024-07-13 06:00:00,0.795761219080361,1
4664,4972,5,Facilities,2024-07-13 07:00:00,0.6978327421994756,0
4665,34391,4,Facilities,2024-07-13 08:00:00,0.12284487051798221,1
4666,30625,4,Value,2024-07-13 09:00:00,0.5569003018163214,1
4667,34283,5,Staff,2024-07-13 10:00:00,0.5277074015172725,0
4668,14377,2,Food,2024-07-13 11:00:00,0.2446578663065304,1
4669,33624,3,Facilities,2024-07-13 12:00:00,0.8104861591603841,1
4670,47464,4,Food,2024-07-13 13:00:00,0.1673574962186981,1
4671,42037,3,Value,2024-07-13 14:00:00,0.023162951648780794,1
4672,32652,3,Facilities,2024-07-13 15:00:00,0.5416487827498405,1
4673,42849,4,Value,2024-07-13 16:00:00,0.06157227319804148,1
4674,32759,1,Food,2024-07-13 17:00:00,0.8628787359982564,0
4675,27464,5,Animals,2024-07-13 18:00:00,0.03641931788311592,1
4676,34169,3,Facilities,2024-07-13 19:00:00,0.7996633519145366,1
4677,27027,5,Animals,2024-07-13 20:00:00,0.6701467099397094,1
4678,32945,4,Animals,2024-07-13 21:00:00,0.9280200602964144,1
4679,18959,3,Staff,2024-07-13 22:00:00,0.07138618566772925,0
4680,13935,3,Food,2024-07-13 23:00:00,0.5832617887119627,1
4681,18691,5,Animals,2024-07-14 00:00:00,0.7918619686436953,1
4682,45970,3,Facilities,2024-07-14 01:00:00,0.028092195911393447,0
4683,46949,4,Animals,2024-07-14 02:00:00,0.07458230229282548,1
4684,88,5,Facilities,2024-07-14 03:00:00,0.5026576852044412,1
4685,2168,5,Food,2024-07-14 04:00:00,0.12846782042301752,0
4686,1543,4,Facilities,2024-07-14 05:00:00,0.4707988985901401,1
4687,28579,4,Food,2024-07-14 06:00:00,0.9617057578017906,0
4688,34338,4,Facilities,2024-07-14 07:00:00,0.8892766786878661,0
4689,33477,1,Facilities,2024-07-14 08:00:00,0.17545683556318592,1
4690,47272,4,Food,2024-07-14 09:00:00,0.5340297782910479,1
4691,48988,4,Value,2024-07-14 10:00:00,0.5479061400756168,1
4692,21326,4,Staff,2024-07-14 11:00:00,0.3747330477828611,0
4693,48372,5,Animals,2024-07-14 12:00:00,0.12054555400636446,1
4694,48835,4,Food,2024-07-14 13:00:00,0.580793534979714,1
4695,32481,5,Value,2024-07-14 14:00:00,0.2022374562021022,1
4696,24971,4,Facilities,2024-07-14 15:00:00,0.04441861806730063,1
4697,26645,3,Food,2024-07-14 16:00:00,0.9804303693337901,1
4698,4586,5,Value,2024-07-14 17:00:00,0.03288641929443992,1
4699,5673,4,Facilities,2024-07-14 18:00:00,0.6776736559113111,1
4700,33275,5,Value,2024-07-14 19:00:00,0.9134046024699306,1
4701,41261,4,Facilities,2024-07-14 20:00:00,0.2296162916508384,1
4702,6237,5,Facilities,2024-07-14 21:00:00,0.19050659956896665,1
4703,7527,5,Value,2024-07-14 22:00:00,0.11892022137614655,1
4704,12037,4,Staff,2024-07-14 23:00:00,0.702232833480494,0
4705,4134,3,Staff,2024-07-15 00:00:00,0.462407996588415,1
4706,44738,5,Food,2024-07-15 01:00:00,0.39462666592985673,0
4707,14070,5,Food,2024-07-15 02:00:00,0.9982863005915545,1
4708,15663,4,Facilities,2024-07-15 03:00:00,0.9983796815231747,0
4709,31294,2,Facilities,2024-07-15 04:00:00,0.06140385667690629,1
4710,10139,4,Food,2024-07-15 05:00:00,0.23871540108728106,1
4711,17080,3,Food,2024-07-15 06:00:00,0.7540953461462333,0
4712,13328,3,Staff,2024-07-15 07:00:00,0.3521399609393461,1
4713,43451,3,Staff,2024-07-15 08:00:00,0.5424864237193383,1
4714,24788,5,Facilities,2024-07-15 09:00:00,0.7265103422874668,1
4715,34664,4,Facilities,2024-07-15 10:00:00,0.8566648604408962,1
4716,5681,4,Value,2024-07-15 11:00:00,0.44302382097948156,1
4717,41307,5,Staff,2024-07-15 12:00:00,0.16017596240128085,1
4718,34673,4,Value,2024-07-15 13:00:00,0.23387542400418093,1
4719,39431,2,Staff,2024-07-15 14:00:00,0.4035143375756157,1
4720,24974,5,Food,2024-07-15 15:00:00,0.7400174516370682,1
4721,19321,5,Facilities,2024-07-15 16:00:00,0.99784200242968,1
4722,45352,2,Food,2024-07-15 17:00:00,0.2620095589523097,1
4723,2380,3,Staff,2024-07-15 18:00:00,0.6442266726562746,0
4724,35297,2,Facilities,2024-07-15 19:00:00,0.11379034207835315,1
4725,27343,4,Facilities,2024-07-15 20:00:00,0.4763970608800019,0
4726,43830,4,Food,2024-07-15 21:00:00,0.5770147002965099,1
4727,34803,4,Animals,2024-07-15 22:00:00,0.3079349603198055,1
4728,34624,5,Food,2024-07-15 23:00:00,0.19278199089214576,1
4729,30325,5,Animals,2024-07-16 00:00:00,0.41147454795466054,1
4730,35846,1,Value,2024-07-16 01:00:00,0.7393620873846448,1
4731,25622,2,Animals,2024-07-16 02:00:00,0.2523540885787312,1
4732,24315,4,Animals,2024-07-16 03:00:00,0.38128477942673966,1
4733,18820,4,Facilities,2024-07-16 04:00:00,0.2883258196250793,1
4734,44443,5,Animals,2024-07-16 05:00:00,0.36552105627331355,1
4735,14519,4,Facilities,2024-07-16 06:00:00,0.4802267982721645,1
4736,39700,4,Facilities,2024-07-16 07:00:00,0.8100312281393854,0
4737,23553,3,Facilities,2024-07-16 08:00:00,0.4499384603514166,0
4738,8877,4,Staff,2024-07-16 09:00:00,0.7952384429002685,1
4739,1434,5,Facilities,2024-07-16 10:00:00,0.4420197686624535,1
4740,11126,4,Value,2024-07-16 11:00:00,0.44779985277707757,1
4741,40180,1,Staff,2024-07-16 12:00:00,0.20629775525292982,0
4742,11922,1,Value,2024-07-16 13:00:00,0.16284268164710702,1
4743,44344,4,Staff,2024-07-16 14:00:00,0.8876165069310835,1
4744,10137,1,Staff,2024-07-16 15:00:00,0.7887945402644206,1
4745,30567,5,Value,2024-07-16 16:00:00,0.6404375810098883,1
4746,38925,5,Staff,2024-07-16 17:00:00,0.986633239918805,1
4747,48594,4,Value,2024-07-16 18:00:00,0.3732732334202623,1
4748,40780,4,Value,2024-07-16 19:00:00,0.20007160466404594,1
4749,367,2,Value,2024-07-16 20:00:00,0.1000413121233732,1
4750,22027,3,Facilities,2024-07-16 21:00:00,0.15560398383190277,0
4751,43456,4,Value,2024-07-16 22:00:00,0.48563631338060176,1
4752,12169,2,Value,2024-07-16 23:00:00,0.06454227855459227,1
4753,46486,4,Facilities,2024-07-17 00:00:00,0.5171310144591409,0
4754,13223,2,Staff,2024-07-17 01:00:00,0.441759195627872,1
4755,17172,5,Food,2024-07-17 02:00:00,0.9909090619063193,0
4756,43126,4,Facilities,2024-07-17 03:00:00,0.24152546637269745,1
4757,28867,5,Food,2024-07-17 04:00:00,0.5478861106863332,1
4758,514,4,Value,2024-07-17 05:00:00,0.021059951217315742,1
4759,22312,4,Staff,2024-07-17 06:00:00,0.5112603698238246,0
4760,28769,4,Staff,2024-07-17 07:00:00,0.5571206351553432,0
4761,34519,3,Animals,2024-07-17 08:00:00,0.5162802590621556,1
4762,39395,1,Facilities,2024-07-17 09:00:00,0.975363023242796,1
4763,35100,1,Value,2024-07-17 10:00:00,0.7396133335908239,0
4764,10796,4,Staff,2024-07-17 11:00:00,0.993232364550931,0
4765,20805,3,Food,2024-07-17 12:00:00,0.8135619043976762,0
4766,12024,3,Staff,2024-07-17 13:00:00,0.08865634094588426,0
4767,16155,5,Facilities,2024-07-17 14:00:00,0.09236345626903986,0
4768,48175,3,Value,2024-07-17 15:00:00,0.6984345447502801,1
4769,31299,1,Value,2024-07-17 16:00:00,0.358061392308322,1
4770,30240,4,Animals,2024-07-17 17:00:00,0.3800158253965744,1
4771,45048,1,Facilities,2024-07-17 18:00:00,0.29356173580817746,0
4772,15410,5,Staff,2024-07-17 19:00:00,0.9733219828107764,0
4773,33520,3,Food,2024-07-17 20:00:00,0.25640464534624774,1
4774,17416,5,Value,2024-07-17 21:00:00,0.8727491991113061,0
4775,22579,4,Value,2024-07-17 22:00:00,0.833236437561407,1
4776,32069,5,Staff,2024-07-17 23:00:00,0.8555553200378218,1
4777,25846,2,Animals,2024-07-18 00:00:00,0.6392546678106724,1
4778,6976,5,Food,2024-07-18 01:00:00,0.19598533477153846,0
4779,37101,3,Staff,2024-07-18 02:00:00,0.8194179784786643,1
4780,46608,5,Animals,2024-07-18 03:00:00,0.7569001028886494,1
4781,44628,4,Value,2024-07-18 04:00:00,0.2858923195673253,1
4782,24165,2,Staff,2024-07-18 05:00:00,0.4610151255485876,1
4783,28099,5,Staff,2024-07-18 06:00:00,0.35868511966033767,1
4784,29147,4,Value,2024-07-18 07:00:00,0.21544218026544293,1
4785,9242,2,Value,2024-07-18 08:00:00,0.672601968206912,1
4786,41545,4,Staff,2024-07-18 09:00:00,0.953004757756144,1
4787,42485,5,Staff,2024-07-18 10:00:00,0.28409946994862323,1
4788,33968,4,Animals,2024-07-18 11:00:00,0.13247238194421884,1
4789,43422,1,Animals,2024-07-18 12:00:00,0.625184425635374,1
4790,47627,4,Food,2024-07-18 13:00:00,0.07781466068782994,1
4791,18416,5,Animals,2024-07-18 14:00:00,0.3664430795880591,1
4792,6411,2,Facilities,2024-07-18 15:00:00,0.26972933528417153,1
4793,7581,2,Food,2024-07-18 16:00:00,0.46288987193156483,1
4794,1041,3,Facilities,2024-07-18 17:00:00,0.7269980775713413,1
4795,34377,2,Staff,2024-07-18 18:00:00,0.1880343906154096,1
4796,23648,5,Food,2024-07-18 19:00:00,0.1733852988743937,1
4797,33400,3,Food,2024-07-18 20:00:00,0.9936620573686453,1
4798,33015,5,Food,2024-07-18 21:00:00,0.728602119053642,1
4799,42032,4,Value,2024-07-18 22:00:00,0.03826430639173928,1
4800,12196,4,Value,2024-07-18 23:00:00,0.36272878461919744,1
4801,25844,4,Value,2024-07-19 00:00:00,0.36441513540498793,1
4802,9622,4,Food,2024-07-19 01:00:00,0.8195745027784869,1
4803,29667,5,Facilities,2024-07-19 02:00:00,0.12436177283398375,1
4804,24384,5,Animals,2024-07-19 03:00:00,0.3518592667917958,1
4805,38587,2,Facilities,2024-07-19 04:00:00,0.1458016499244128,1
4806,46942,5,Facilities,2024-07-19 05:00:00,0.9410205564871682,1
4807,18228,4,Food,2024-07-19 06:00:00,0.9104181781827259,1
4808,25777,4,Value,2024-07-19 07:00:00,0.6306626694599269,1
4809,45486,4,Animals,2024-07-19 08:00:00,0.6133532696505362,1
4810,35543,5,Animals,2024-07-19 09:00:00,0.19677751972764712,1
4811,29486,3,Staff,2024-07-19 10:00:00,0.7091217789904626,1
4812,41774,2,Staff,2024-07-19 11:00:00,0.5707996777520356,1
4813,28644,4,Animals,2024-07-19 12:00:00,0.934509771741959,1
4814,1210,4,Food,2024-07-19 13:00:00,0.07908768007599365,1
4815,42127,4,Value,2024-07-19 14:00:00,0.013789411869521984,1
4816,16670,3,Food,2024-07-19 15:00:00,0.5248116504228216,1
4817,35159,1,Staff,2024-07-19 16:00:00,0.2687322247642564,0
4818,17550,5,Staff,2024-07-19 17:00:00,0.03789361031080407,1
4819,10836,5,Facilities,2024-07-19 18:00:00,0.05781975188187094,0
4820,24582,5,Food,2024-07-19 19:00:00,0.8383295819936636,1
4821,29577,2,Animals,2024-07-19 20:00:00,0.3035515219589219,1
4822,8148,3,Value,2024-07-19 21:00:00,0.42043352701841996,1
4823,22728,5,Staff,2024-07-19 22:00:00,0.5827591001974737,1
4824,8684,2,Staff,2024-07-19 23:00:00,0.8594656388552218,1
4825,31757,5,Value,2024-07-20 00:00:00,0.5503434667325041,1
4826,27655,2,Staff,2024-07-20 01:00:00,0.6758329972779356,1
4827,29568,4,Food,2024-07-20 02:00:00,0.5882780926451815,1
4828,20522,5,Facilities,2024-07-20 03:00:00,0.7072346158418708,0
4829,2230,5,Value,2024-07-20 04:00:00,0.03286035804449061,1
4830,45386,5,Staff,2024-07-20 05:00:00,0.08059252107677428,1
4831,46343,5,Food,2024-07-20 06:00:00,0.006112650434268452,1
4832,19708,1,Value,2024-07-20 07:00:00,0.8928447543029407,1
4833,30180,3,Animals,2024-07-20 08:00:00,0.7276794878162774,1
4834,7390,4,Animals,2024-07-20 09:00:00,0.6463941246890381,1
4835,18331,5,Value,2024-07-20 10:00:00,0.44986113987588383,1
4836,22334,5,Value,2024-07-20 11:00:00,0.2312512989863693,0
4837,49345,3,Animals,2024-07-20 12:00:00,0.6554858898852517,1
4838,22894,4,Value,2024-07-20 13:00:00,0.4567930685337471,0
4839,45043,3,Value,2024-07-20 14:00:00,0.630010030257816,0
4840,4199,5,Value,2024-07-20 15:00:00,0.426072622735285,1
4841,20367,5,Facilities,2024-07-20 16:00:00,0.9590788759176906,1
4842,36950,3,Value,2024-07-20 17:00:00,0.35163463130318484,1
4843,38130,5,Food,2024-07-20 18:00:00,0.5907285847119231,1
4844,3745,4,Food,2024-07-20 19:00:00,0.5405916401964953,1
4845,39431,3,Animals,2024-07-20 20:00:00,0.1402440456583074,1
4846,30842,5,Value,2024-07-20 21:00:00,0.360287483216609,1
4847,2411,2,Animals,2024-07-20 22:00:00,0.7188738061855573,1
4848,40330,4,Value,2024-07-20 23:00:00,0.8936793301699886,1
4849,35769,4,Staff,2024-07-21 00:00:00,0.7420427363695998,1
4850,47800,5,Food,2024-07-21 01:00:00,0.5017266048307578,1
4851,29295,5,Facilities,2024-07-21 02:00:00,0.47448167075923475,0
4852,6379,4,Staff,2024-07-21 03:00:00,0.8738661262263842,1
4853,47180,3,Staff,2024-07-21 04:00:00,0.49900594752937244,0
4854,41395,5,Value,2024-07-21 05:00:00,0.11678411484061901,1
4855,38396,4,Staff,2024-07-21 06:00:00,0.5462214625168411,0
4856,26475,4,Food,2024-07-21 07:00:00,0.9101850499798481,1
4857,26395,3,Staff,2024-07-21 08:00:00,0.9007603476819831,1
4858,13691,4,Staff,2024-07-21 09:00:00,0.7247991320793095,1
4859,31387,5,Facilities,2024-07-21 10:00:00,0.4156481328513859,1
4860,31129,4,Food,2024-07-21 11:00:00,0.1588847819792213,1
4861,22574,5,Value,2024-07-21 12:00:00,0.25608213532060775,1
4862,39750,5,Value,2024-07-21 13:00:00,0.8544805855359089,1
4863,13495,5,Staff,2024-07-21 14:00:00,0.2139224979342612,0
4864,6725,3,Staff,2024-07-21 15:00:00,0.8164289061213322,1
4865,8187,3,Food,2024-07-21 16:00:00,0.3820152286858052,1
4866,17163,3,Animals,2024-07-21 17:00:00,0.3347134258153792,1
4867,45990,5,Staff,2024-07-21 18:00:00,0.5411253354446179,1
4868,12768,2,Food,2024-07-21 19:00:00,0.8171215075864997,1
4869,42333,2,Facilities,2024-07-21 20:00:00,0.339422743443084,1
4870,48520,3,Food,2024-07-21 21:00:00,0.14567962446660343,1
4871,42268,4,Value,2024-07-21 22:00:00,0.5104207058480992,1
4872,47295,4,Food,2024-07-21 23:00:00,0.834946163680485,1
4873,48684,5,Food,2024-07-22 00:00:00,0.19825118070892533,1
4874,42689,4,Animals,2024-07-22 01:00:00,0.8947477195287155,1
4875,44415,2,Value,2024-07-22 02:00:00,0.42729714783398554,0
4876,42133,2,Facilities,2024-07-22 03:00:00,0.6226588790806075,1
4877,29576,2,Food,2024-07-22 04:00:00,0.8715182924620343,1
4878,38013,5,Animals,2024-07-22 05:00:00,0.052035422273455034,1
4879,22107,4,Staff,2024-07-22 06:00:00,0.8278014075166509,1
4880,4379,2,Facilities,2024-07-22 07:00:00,0.9722944092374739,1
4881,22267,4,Animals,2024-07-22 08:00:00,0.4029015458767947,0
4882,38976,3,Food,2024-07-22 09:00:00,0.48272549653966357,1
4883,6989,4,Facilities,2024-07-22 10:00:00,0.9091756905392853,1
4884,13065,5,Animals,2024-07-22 11:00:00,0.8495124485103822,1
4885,33723,4,Animals,2024-07-22 12:00:00,0.31718899008171175,1
4886,28614,5,Food,2024-07-22 13:00:00,0.5667259740631928,0
4887,31425,4,Value,2024-07-22 14:00:00,0.5525329563875977,1
4888,45315,2,Animals,2024-07-22 15:00:00,0.6823861740244617,0
4889,44308,5,Facilities,2024-07-22 16:00:00,0.7275332556340361,0
4890,44124,5,Facilities,2024-07-22 17:00:00,0.044635931743985835,0
4891,34775,5,Animals,2024-07-22 18:00:00,0.2857771927695444,1
4892,16758,4,Food,2024-07-22 19:00:00,0.34439078752995866,1
4893,23431,3,Food,2024-07-22 20:00:00,0.5399656534049967,1
4894,35187,3,Staff,2024-07-22 21:00:00,0.04084751649892948,1
4895,27412,2,Staff,2024-07-22 22:00:00,0.6444929625400017,1
4896,43536,2,Staff,2024-07-22 23:00:00,0.5325297412068384,1
4897,27798,5,Facilities,2024-07-23 00:00:00,0.35632074418050896,1
4898,14633,1,Food,2024-07-23 01:00:00,0.9593947959546331,1
4899,24364,3,Staff,2024-07-23 02:00:00,0.40999201372848704,1
4900,9983,3,Food,2024-07-23 03:00:00,0.6117819653168677,1
4901,43965,4,Food,2024-07-23 04:00:00,0.5361999923528215,0
4902,46748,2,Staff,2024-07-23 05:00:00,0.8219735744056879,1
4903,13363,4,Animals,2024-07-23 06:00:00,0.20628264469271995,1
4904,23492,2,Animals,2024-07-23 07:00:00,0.2669822140406296,1
4905,24839,5,Animals,2024-07-23 08:00:00,0.8564090813907859,0
4906,28130,5,Staff,2024-07-23 09:00:00,0.646457983951418,1
4907,18035,4,Staff,2024-07-23 10:00:00,0.7205262240762822,1
4908,17010,5,Staff,2024-07-23 11:00:00,0.09727979246180196,0
4909,8432,4,Animals,2024-07-23 12:00:00,0.3001905950641133,1
4910,34767,3,Staff,2024-07-23 13:00:00,0.2736952125738913,1
4911,39913,3,Food,2024-07-23 14:00:00,0.8875210890498462,1
4912,21424,5,Animals,2024-07-23 15:00:00,0.7608493191499089,0
4913,32185,3,Facilities,2024-07-23 16:00:00,0.21759154382987345,0
4914,45390,2,Food,2024-07-23 17:00:00,0.5579140486087674,1
4915,37314,5,Facilities,2024-07-23 18:00:00,0.4162485846317576,1
4916,2528,5,Value,2024-07-23 19:00:00,0.2851874063539954,1
4917,35315,4,Animals,2024-07-23 20:00:00,0.30445297957644046,1
4918,10976,5,Staff,2024-07-23 21:00:00,0.24206132765804256,1
4919,24179,5,Facilities,2024-07-23 22:00:00,0.9688965960255446,1
4920,6,5,Food,2024-07-23 23:00:00,0.5488496804103303,1
4921,8916,4,Staff,2024-07-24 00:00:00,0.15731118998200355,0
4922,20025,3,Facilities,2024-07-24 01:00:00,0.6703855349419124,1
4923,8274,4,Food,2024-07-24 02:00:00,0.6255902238560294,1
4924,25206,5,Value,2024-07-24 03:00:00,0.03421045328273109,0
4925,14316,5,Facilities,2024-07-24 04:00:00,0.9777883671180903,1
4926,4835,5,Animals,2024-07-24 05:00:00,0.8785610051592454,0
4927,35717,3,Food,2024-07-24 06:00:00,0.9371203264275634,1
4928,32516,5,Staff,2024-07-24 07:00:00,0.4450105343369908,1
4929,20184,5,Facilities,2024-07-24 08:00:00,0.5237537650361194,1
4930,26555,5,Facilities,2024-07-24 09:00:00,0.9370328174419413,1
4931,29277,3,Animals,2024-07-24 10:00:00,0.3358276962277136,1
4932,14536,4,Food,2024-07-24 11:00:00,0.12628097258608217,0
4933,38675,4,Facilities,2024-07-24 12:00:00,0.2894760107947759,1
4934,2401,4,Animals,2024-07-24 13:00:00,0.04092322881228416,1
4935,22188,5,Value,2024-07-24 14:00:00,0.6187526412311989,1
4936,25747,3,Food,2024-07-24 15:00:00,0.2905721323506193,1
4937,48746,4,Facilities,2024-07-24 16:00:00,0.28941852344771724,1
4938,19382,5,Food,2024-07-24 17:00:00,0.6303690898013296,1
4939,1617,4,Animals,2024-07-24 18:00:00,0.21700966545936828,1
4940,27836,4,Facilities,2024-07-24 19:00:00,0.34360194552527556,1
4941,2568,3,Food,2024-07-24 20:00:00,0.30582366459437627,0
4942,42127,4,Facilities,2024-07-24 21:00:00,0.39686448288740306,1
4943,26798,5,Staff,2024-07-24 22:00:00,0.27231090470130503,1
4944,48103,4,Food,2024-07-24 23:00:00,0.14884543588805932,1
4945,38751,4,Food,2024-07-25 00:00:00,0.48259796273507705,0
4946,48380,4,Animals,2024-07-25 01:00:00,0.6096848199366617,1
4947,34667,5,Animals,2024-07-25 02:00:00,0.5752311307401964,1
4948,15054,4,Facilities,2024-07-25 03:00:00,0.1270116266286213,1
4949,8571,4,Value,2024-07-25 04:00:00,0.6412030418259785,1
4950,5859,4,Staff,2024-07-25 05:00:00,0.8719847456010811,1
4951,46353,2,Animals,2024-07-25 06:00:00,0.15231675199325379,1
4952,34530,3,Facilities,2024-07-25 07:00:00,0.7853432861307824,1
4953,21821,2,Facilities,2024-07-25 08:00:00,0.670053411767366,1
4954,41962,4,Food,2024-07-25 09:00:00,0.25232818679363844,1
4955,35530,3,Facilities,2024-07-25 10:00:00,0.260162117745227,1
4956,27627,5,Food,2024-07-25 11:00:00,0.5087822705904544,1
4957,14273,3,Food,2024-07-25 12:00:00,0.22917019130498228,1
4958,3405,5,Staff,2024-07-25 13:00:00,0.9605731181991305,1
4959,20961,4,Value,2024-07-25 14:00:00,0.8254870445919952,1
4960,49419,5,Food,2024-07-25 15:00:00,0.7636363783260389,1
4961,32409,1,Staff,2024-07-25 16:00:00,0.31198814826889243,1
4962,26906,3,Animals,2024-07-25 17:00:00,0.5963593232684542,0
4963,32310,3,Facilities,2024-07-25 18:00:00,0.9811275130645828,1
4964,38086,3,Facilities,2024-07-25 19:00:00,0.6217480253855822,1
4965,24093,3,Facilities,2024-07-25 20:00:00,0.26087895585700105,1
4966,5592,4,Animals,2024-07-25 21:00:00,0.3906152073337361,0
4967,16190,5,Food,2024-07-25 22:00:00,0.3863034375612714,0
4968,588,4,Staff,2024-07-25 23:00:00,0.4130410429893643,1
4969,2236,5,Staff,2024-07-26 00:00:00,0.8405915849674002,1
4970,46787,3,Animals,2024-07-26 01:00:00,0.6078978647685042,1
4971,19621,3,Animals,2024-07-26 02:00:00,0.49210710080666353,1
4972,18847,4,Facilities,2024-07-26 03:00:00,0.9432660039620785,1
4973,12541,4,Food,2024-07-26 04:00:00,0.78136023591776,1
4974,17636,4,Animals,2024-07-26 05:00:00,0.08089115513045875,0
4975,31368,4,Facilities,2024-07-26 06:00:00,0.11258934980734658,1
4976,44639,4,Food,2024-07-26 07:00:00,0.8050629171584945,1
4977,48771,4,Animals,2024-07-26 08:00:00,0.6230226513225005,1
4978,11719,4,Value,2024-07-26 09:00:00,0.9206629126234914,1
4979,18859,5,Value,2024-07-26 10:00:00,0.8475532688276068,0
4980,4629,3,Food,2024-07-26 11:00:00,0.9518720499764939,1
4981,3128,2,Animals,2024-07-26 12:00:00,0.17063256345841094,1
4982,708,3,Value,2024-07-26 13:00:00,0.9565177082458212,0
4983,8707,3,Facilities,2024-07-26 14:00:00,0.6489944659507381,0
4984,39832,2,Facilities,2024-07-26 15:00:00,0.675880256725642,1
4985,44845,5,Animals,2024-07-26 16:00:00,0.2539104622199694,0
4986,17676,2,Facilities,2024-07-26 17:00:00,0.5626657672374764,1
4987,48760,4,Facilities,2024-07-26 18:00:00,0.5322240127145418,1
4988,45856,4,Food,2024-07-26 19:00:00,0.8526568197021224,1
4989,27697,2,Staff,2024-07-26 20:00:00,0.5618141787202554,0
4990,38123,5,Facilities,2024-07-26 21:00:00,0.6749602393543135,0
4991,6760,2,Value,2024-07-26 22:00:00,0.7480300412211586,1
4992,5134,5,Food,2024-07-26 23:00:00,0.6174547571430211,1
4993,46623,3,Staff,2024-07-27 00:00:00,0.7063707718895584,1
4994,42037,3,Value,2024-07-27 01:00:00,0.591735075867389,1
4995,6823,2,Staff,2024-07-27 02:00:00,0.6343523985260616,1
4996,33330,1,Animals,2024-07-27 03:00:00,0.9332678470986826,0
4997,8327,1,Value,2024-07-27 04:00:00,0.43110965810356705,1
4998,38713,4,Animals,2024-07-27 05:00:00,0.5907992897804756,1
4999,14587,3,Facilities,2024-07-27 06:00:00,0.2783497191991293,1
5000,914,4,Animals,2024-07-27 07:00:00,0.41777665542709774,1
5001,27394,2,Value,2024-07-27 08:00:00,0.1876513414342652,1
5002,8006,4,Facilities,2024-07-27 09:00:00,0.7710424695558645,1
5003,18299,4,Animals,2024-07-27 10:00:00,0.5702823076574125,1
5004,15537,4,Value,2024-07-27 11:00:00,0.5309476459537992,1
5005,41673,4,Facilities,2024-07-27 12:00:00,0.6778502852515419,1
5006,28185,2,Food,2024-07-27 13:00:00,0.8263346953549046,1
5007,22697,3,Facilities,2024-07-27 14:00:00,0.40912336359250734,1
5008,35080,2,Facilities,2024-07-27 15:00:00,0.6237450908634038,1
5009,36785,1,Food,2024-07-27 16:00:00,0.10540761610203897,0
5010,28547,4,Facilities,2024-07-27 17:00:00,0.13276471503243337,1
5011,193,3,Animals,2024-07-27 18:00:00,0.6338742377492643,1
5012,42425,4,Facilities,2024-07-27 19:00:00,0.8419155701324174,1
5013,41316,3,Food,2024-07-27 20:00:00,0.5524259165228835,1
5014,24175,5,Staff,2024-07-27 21:00:00,0.7964758251095982,1
5015,9751,4,Animals,2024-07-27 22:00:00,0.056314477256871553,1
5016,24052,5,Animals,2024-07-27 23:00:00,0.47555279277636464,1
5017,39838,4,Value,2024-07-28 00:00:00,0.012294628350977166,1
5018,15492,5,Staff,2024-07-28 01:00:00,0.45656033790178363,1
5019,25293,2,Facilities,2024-07-28 02:00:00,0.9934313218708731,1
5020,44560,5,Food,2024-07-28 03:00:00,0.580605764210949,0
5021,8419,4,Animals,2024-07-28 04:00:00,0.06043669616409397,0
5022,28578,5,Staff,2024-07-28 05:00:00,0.5639809433175339,1
5023,30210,1,Food,2024-07-28 06:00:00,0.6852465649870741,1
5024,17998,4,Staff,2024-07-28 07:00:00,0.5324254169902125,1
5025,47801,3,Food,2024-07-28 08:00:00,0.2572787323949405,1
5026,36750,3,Staff,2024-07-28 09:00:00,0.324557548926078,1
5027,16808,5,Value,2024-07-28 10:00:00,0.37815155357153896,1
5028,5406,5,Food,2024-07-28 11:00:00,0.8440891117202387,0
5029,23150,3,Value,2024-07-28 12:00:00,0.06423543867839243,1
5030,45515,5,Food,2024-07-28 13:00:00,0.16493160822913333,0
5031,3256,5,Value,2024-07-28 14:00:00,0.3801677289305936,1
5032,36012,3,Facilities,2024-07-28 15:00:00,0.08895661882210526,1
5033,48473,1,Animals,2024-07-28 16:00:00,0.1726768897884965,1
5034,40490,4,Animals,2024-07-28 17:00:00,0.11223316769369185,1
5035,26661,5,Animals,2024-07-28 18:00:00,0.8993529251178216,1
5036,12076,4,Facilities,2024-07-28 19:00:00,0.5496824197196953,1
5037,35947,4,Facilities,2024-07-28 20:00:00,0.9211582081596332,0
5038,34912,3,Value,2024-07-28 21:00:00,0.18279942143114958,1
5039,962,2,Animals,2024-07-28 22:00:00,0.2513315010543268,0
5040,452,4,Value,2024-07-28 23:00:00,0.11883377058466593,1
5041,2023,5,Facilities,2024-07-29 00:00:00,0.6672573154993842,1
5042,37002,4,Facilities,2024-07-29 01:00:00,0.34229428383707583,0
5043,4975,4,Animals,2024-07-29 02:00:00,0.7791378428892338,1
5044,24669,4,Value,2024-07-29 03:00:00,0.4961964528506272,1
5045,19022,4,Staff,2024-07-29 04:00:00,0.8233976158247011,1
5046,33573,4,Facilities,2024-07-29 05:00:00,0.26848863188616856,1
5047,43761,4,Animals,2024-07-29 06:00:00,0.6439102970852695,1
5048,41886,4,Value,2024-07-29 07:00:00,0.9714977545299726,1
5049,21060,1,Staff,2024-07-29 08:00:00,0.41007658530724267,0
5050,9591,4,Staff,2024-07-29 09:00:00,0.708300546476628,1
5051,38424,1,Animals,2024-07-29 10:00:00,0.25483936010591113,1
5052,39401,3,Food,2024-07-29 11:00:00,0.714275158760831,0
5053,3940,2,Staff,2024-07-29 12:00:00,0.5143324373281827,1
5054,17785,5,Food,2024-07-29 13:00:00,0.46452882320483635,1
5055,12465,3,Facilities,2024-07-29 14:00:00,0.047723017652396615,1
5056,32971,4,Food,2024-07-29 15:00:00,0.7381580130864619,1
5057,6137,2,Staff,2024-07-29 16:00:00,0.9570927746762184,0
5058,20248,4,Staff,2024-07-29 17:00:00,0.73702521966948,1
5059,36447,3,Animals,2024-07-29 18:00:00,0.2051931334624817,1
5060,46987,3,Value,2024-07-29 19:00:00,0.7071447365866146,0
5061,2757,3,Staff,2024-07-29 20:00:00,0.07792745044194671,1
5062,6700,4,Facilities,2024-07-29 21:00:00,0.26248628863523926,1
5063,22612,4,Value,2024-07-29 22:00:00,0.915463179776344,1
5064,13707,5,Food,2024-07-29 23:00:00,0.20711663179453577,1
5065,49629,1,Food,2024-07-30 00:00:00,0.8833283325838354,1
5066,46074,4,Value,2024-07-30 01:00:00,0.3913951194711305,1
5067,6923,4,Animals,2024-07-30 02:00:00,0.7548017744157165,1
5068,46705,4,Staff,2024-07-30 03:00:00,0.01669203040672529,1
5069,19208,4,Facilities,2024-07-30 04:00:00,0.4946737874564109,1
5070,31688,4,Facilities,2024-07-30 05:00:00,0.7258300378738654,1
5071,40747,3,Value,2024-07-30 06:00:00,0.7100640874009918,1
5072,17646,1,Value,2024-07-30 07:00:00,0.5932541150674197,1
5073,37924,3,Facilities,2024-07-30 08:00:00,0.6640843220501653,1
5074,24617,5,Facilities,2024-07-30 09:00:00,0.5590604480122049,1
5075,461,4,Staff,2024-07-30 10:00:00,0.9579424156781814,1
5076,3456,5,Facilities,2024-07-30 11:00:00,0.26870216392325796,1
5077,34862,5,Facilities,2024-07-30 12:00:00,0.9683019519186824,1
5078,48954,5,Animals,2024-07-30 13:00:00,0.004905316589036923,1
5079,31818,2,Animals,2024-07-30 14:00:00,0.6850168121176816,1
5080,48362,4,Facilities,2024-07-30 15:00:00,0.48109005112173486,0
5081,13931,5,Staff,2024-07-30 16:00:00,0.989602040444203,1
5082,16763,3,Value,2024-07-30 17:00:00,0.24399010965139345,1
5083,5102,4,Food,2024-07-30 18:00:00,0.9794748242707698,1
5084,9505,4,Value,2024-07-30 19:00:00,0.42545877483977257,1
5085,23699,4,Facilities,2024-07-30 20:00:00,0.2807103478369295,1
5086,18294,4,Animals,2024-07-30 21:00:00,0.5215755457027591,1
5087,41802,3,Food,2024-07-30 22:00:00,0.1404797514522177,1
5088,7902,3,Staff,2024-07-30 23:00:00,0.62327781798637,1
5089,9028,4,Food,2024-07-31 00:00:00,0.7561279464916529,0
5090,18509,4,Animals,2024-07-31 01:00:00,0.21049098895561602,0
5091,8478,5,Value,2024-07-31 02:00:00,0.26946111227590785,1
5092,5286,4,Facilities,2024-07-31 03:00:00,0.9845161169862353,1
5093,40632,3,Food,2024-07-31 04:00:00,0.687696074828638,1
5094,5634,4,Animals,2024-07-31 05:00:00,0.30427303304721354,0
5095,32185,3,Facilities,2024-07-31 06:00:00,0.3583949294296467,1
5096,15070,4,Food,2024-07-31 07:00:00,0.9057686368152171,1
5097,38595,5,Animals,2024-07-31 08:00:00,0.20515099562582473,1
5098,34822,3,Value,2024-07-31 09:00:00,0.4769686578998694,1
5099,44580,2,Staff,2024-07-31 10:00:00,0.49835244691307645,1
5100,19307,5,Value,2024-07-31 11:00:00,0.778394792736308,1
5101,27498,2,Facilities,2024-07-31 12:00:00,0.9827450869479272,1
5102,42003,5,Animals,2024-07-31 13:00:00,0.04911037539668417,0
5103,22458,1,Facilities,2024-07-31 14:00:00,0.26505946681955095,1
5104,41458,3,Animals,2024-07-31 15:00:00,0.6096296584893213,1
5105,43575,4,Animals,2024-07-31 16:00:00,0.46290813839658007,1
5106,4764,5,Staff,2024-07-31 17:00:00,0.16019795011342397,1
5107,20817,4,Staff,2024-07-31 18:00:00,0.9710519313175557,1
5108,39894,4,Staff,2024-07-31 19:00:00,0.7210456292145687,1
5109,813,2,Value,2024-07-31 20:00:00,0.06052487171520615,0
5110,30090,3,Staff,2024-07-31 21:00:00,0.2870496237564062,1
5111,1258,4,Food,2024-07-31 22:00:00,0.01890100170334319,1
5112,6493,2,Facilities,2024-07-31 23:00:00,0.18095985671835824,1
5113,40269,5,Food,2024-08-01 00:00:00,0.45669455324656916,0
5114,40488,3,Food,2024-08-01 01:00:00,0.3793026381473147,1
5115,38255,4,Staff,2024-08-01 02:00:00,0.3456057143468245,0
5116,41019,4,Value,2024-08-01 03:00:00,0.1422113640991819,1
5117,5309,3,Food,2024-08-01 04:00:00,0.6486409627594008,1
5118,5408,3,Facilities,2024-08-01 05:00:00,0.6266076426405557,1
5119,49151,4,Facilities,2024-08-01 06:00:00,0.8211646391286455,0
5120,1370,5,Staff,2024-08-01 07:00:00,0.10945896986999093,1
5121,24039,2,Staff,2024-08-01 08:00:00,0.21300034513297872,1
5122,39857,3,Staff,2024-08-01 09:00:00,0.9637589382887507,1
5123,20875,2,Value,2024-08-01 10:00:00,0.4673072284999359,1
5124,19491,2,Food,2024-08-01 11:00:00,0.4406169684866653,1
5125,17909,4,Food,2024-08-01 12:00:00,0.28389749569274547,1
5126,34087,1,Food,2024-08-01 13:00:00,0.06838790432146791,1
5127,1009,5,Facilities,2024-08-01 14:00:00,0.10912901025965671,0
5128,46513,3,Staff,2024-08-01 15:00:00,0.8528685475778031,1
5129,42433,4,Food,2024-08-01 16:00:00,0.6376106572203102,1
5130,33392,4,Staff,2024-08-01 17:00:00,0.6931903904380257,1
5131,4750,2,Food,2024-08-01 18:00:00,0.6931548025158037,0
5132,40849,4,Staff,2024-08-01 19:00:00,0.9557293012184964,1
5133,46290,3,Animals,2024-08-01 20:00:00,0.04430743301683748,1
5134,12153,4,Facilities,2024-08-01 21:00:00,0.88278257678874,1
5135,31913,3,Food,2024-08-01 22:00:00,0.33496919750864007,1
5136,47948,4,Staff,2024-08-01 23:00:00,0.6075210802096342,0
5137,12082,3,Food,2024-08-02 00:00:00,0.4111913395114558,0
5138,16598,5,Facilities,2024-08-02 01:00:00,0.44269318485031817,0
5139,11756,3,Animals,2024-08-02 02:00:00,0.5791615436240348,1
5140,18333,3,Facilities,2024-08-02 03:00:00,0.7381204038635069,1
5141,44248,4,Facilities,2024-08-02 04:00:00,0.40172491581819836,1
5142,291,4,Animals,2024-08-02 05:00:00,0.800094537881412,1
5143,5251,5,Animals,2024-08-02 06:00:00,0.41319183797618386,1
5144,12759,2,Animals,2024-08-02 07:00:00,0.6194606870330601,1
5145,44325,5,Value,2024-08-02 08:00:00,0.3631348940634974,1
5146,22876,5,Animals,2024-08-02 09:00:00,0.7182279266679644,1
5147,11038,3,Facilities,2024-08-02 10:00:00,0.24252483873565178,1
5148,26497,5,Food,2024-08-02 11:00:00,0.9678458085134748,1
5149,45257,3,Facilities,2024-08-02 12:00:00,0.9261420434555458,1
5150,14042,4,Staff,2024-08-02 13:00:00,0.8649372602860953,1
5151,21382,3,Value,2024-08-02 14:00:00,0.38912955879025346,1
5152,41253,5,Animals,2024-08-02 15:00:00,0.7321533058357731,1
5153,30358,4,Staff,2024-08-02 16:00:00,0.4447593564611336,1
5154,13285,5,Animals,2024-08-02 17:00:00,0.06652394177961718,0
5155,1451,3,Food,2024-08-02 18:00:00,0.8214264177599444,1
5156,25640,4,Value,2024-08-02 19:00:00,0.520506253141411,1
5157,43585,4,Facilities,2024-08-02 20:00:00,0.10898161493605096,1
5158,24535,4,Value,2024-08-02 21:00:00,0.15438651369978595,1
5159,20503,2,Food,2024-08-02 22:00:00,0.5661346119028916,1
5160,40832,5,Facilities,2024-08-02 23:00:00,0.8749602335026415,1
5161,26593,3,Food,2024-08-03 00:00:00,0.05626633465702868,1
5162,34698,5,Food,2024-08-03 01:00:00,0.2871996587753519,1
5163,42009,5,Food,2024-08-03 02:00:00,0.4451848471841955,1
5164,46065,1,Value,2024-08-03 03:00:00,0.044285919694877496,1
5165,39660,5,Food,2024-08-03 04:00:00,0.008564196908104504,1
5166,20414,5,Food,2024-08-03 05:00:00,0.5962650282435442,1
5167,46896,5,Animals,2024-08-03 06:00:00,0.3407372719968622,1
5168,28280,4,Value,2024-08-03 07:00:00,0.719012742243322,1
5169,10725,4,Food,2024-08-03 08:00:00,0.04835863378087468,1
5170,4480,4,Value,2024-08-03 09:00:00,0.233244631777758,1
5171,20,5,Facilities,2024-08-03 10:00:00,0.971691648078055,1
5172,3685,1,Facilities,2024-08-03 11:00:00,0.6000480579815936,1
5173,34805,5,Staff,2024-08-03 12:00:00,0.04039122270975415,1
5174,23124,5,Staff,2024-08-03 13:00:00,0.4070284708049955,1
5175,1413,3,Facilities,2024-08-03 14:00:00,0.4878228141605012,1
5176,1181,5,Value,2024-08-03 15:00:00,0.1530742780602382,1
5177,39416,5,Staff,2024-08-03 16:00:00,0.9116667792589292,1
5178,677,5,Value,2024-08-03 17:00:00,0.3794563180688626,1
5179,11163,4,Value,2024-08-03 18:00:00,0.703627392004684,1
5180,11363,5,Staff,2024-08-03 19:00:00,0.8735092262391099,0
5181,48151,4,Facilities,2024-08-03 20:00:00,0.38891599017651957,1
5182,42711,1,Facilities,2024-08-03 21:00:00,0.1091485232749958,1
5183,22721,4,Facilities,2024-08-03 22:00:00,0.6461251978555314,1
5184,32733,4,Value,2024-08-03 23:00:00,0.4580801834677781,1
5185,6507,4,Facilities,2024-08-04 00:00:00,0.5188893504883381,0
5186,46620,5,Facilities,2024-08-04 01:00:00,0.9926556394156334,1
5187,19347,1,Value,2024-08-04 02:00:00,0.8110248693146214,1
5188,36648,5,Animals,2024-08-04 03:00:00,0.4020579711143737,1
5189,17361,5,Facilities,2024-08-04 04:00:00,0.6080116387272809,1
5190,44988,4,Food,2024-08-04 05:00:00,0.2563593624656407,0
5191,42236,4,Facilities,2024-08-04 06:00:00,0.43268794462176574,1
5192,16106,4,Staff,2024-08-04 07:00:00,0.03343432629577714,1
5193,27002,3,Food,2024-08-04 08:00:00,0.877553390565233,1
5194,11778,5,Animals,2024-08-04 09:00:00,0.9939672884941724,1
5195,20511,5,Facilities,2024-08-04 10:00:00,0.458243867617655,1
5196,30070,5,Food,2024-08-04 11:00:00,0.9433897831446978,1
5197,7203,2,Value,2024-08-04 12:00:00,0.824247021121283,1
5198,29474,3,Facilities,2024-08-04 13:00:00,0.7548491006161152,1
5199,19255,4,Food,2024-08-04 14:00:00,0.8362383356076163,1
5200,35728,3,Food,2024-08-04 15:00:00,0.335527019969879,1
5201,37936,3,Facilities,2024-08-04 16:00:00,0.2743160506131078,1
5202,35059,3,Value,2024-08-04 17:00:00,0.1854507917468502,1
5203,36509,5,Staff,2024-08-04 18:00:00,0.8051707943804692,1
5204,28809,5,Value,2024-08-04 19:00:00,0.010014009525520118,1
5205,45085,2,Animals,2024-08-04 20:00:00,0.8537969322878582,1
5206,35752,2,Facilities,2024-08-04 21:00:00,0.9548093345894899,1
5207,40522,5,Facilities,2024-08-04 22:00:00,0.6796454585991327,1
5208,37060,3,Staff,2024-08-04 23:00:00,0.26966781749068636,0
5209,10526,5,Facilities,2024-08-05 00:00:00,0.3236953622812353,0
5210,12876,5,Value,2024-08-05 01:00:00,0.3434673412995761,1
5211,3015,2,Value,2024-08-05 02:00:00,0.300152548243905,1
5212,3078,4,Value,2024-08-05 03:00:00,0.11775999761395695,1
5213,49989,5,Staff,2024-08-05 04:00:00,0.9847284782643281,0
5214,1976,4,Animals,2024-08-05 05:00:00,0.5324094705156119,1
5215,18530,5,Facilities,2024-08-05 06:00:00,0.7565953970798223,1
5216,43902,4,Food,2024-08-05 07:00:00,0.7565818078158815,1
5217,41369,3,Food,2024-08-05 08:00:00,0.3512028880358452,1
5218,1631,4,Animals,2024-08-05 09:00:00,0.7788418927362788,1
5219,37200,5,Value,2024-08-05 10:00:00,0.22130375065761476,1
5220,19993,2,Facilities,2024-08-05 11:00:00,0.011176204604777973,1
5221,33854,2,Animals,2024-08-05 12:00:00,0.768414454459257,0
5222,1614,4,Animals,2024-08-05 13:00:00,0.1450907825847394,1
5223,7173,4,Value,2024-08-05 14:00:00,0.9661493336070696,1
5224,22973,5,Food,2024-08-05 15:00:00,0.8838283395292558,1
5225,40480,4,Facilities,2024-08-05 16:00:00,0.22876513346105565,1
5226,40530,4,Animals,2024-08-05 17:00:00,0.35402155150239667,1
5227,46682,4,Facilities,2024-08-05 18:00:00,0.0463931887540221,1
5228,26531,5,Value,2024-08-05 19:00:00,0.25555349974354213,0
5229,17316,5,Food,2024-08-05 20:00:00,0.7322884159630167,1
5230,14309,4,Staff,2024-08-05 21:00:00,0.13065367569358155,1
5231,35428,5,Facilities,2024-08-05 22:00:00,0.7791023358671432,1
5232,12293,4,Food,2024-08-05 23:00:00,0.15688787151310224,1
5233,42988,2,Food,2024-08-06 00:00:00,0.6329912647359414,1
5234,6518,5,Food,2024-08-06 01:00:00,0.511077352566486,1
5235,40661,4,Facilities,2024-08-06 02:00:00,0.5263160327097081,0
5236,23753,2,Facilities,2024-08-06 03:00:00,0.9393250813539297,1
5237,27799,3,Value,2024-08-06 04:00:00,0.7746660246432753,1
5238,15600,2,Animals,2024-08-06 05:00:00,0.8124805717495288,1
5239,23350,5,Value,2024-08-06 06:00:00,0.8023695966505302,1
5240,21903,4,Staff,2024-08-06 07:00:00,0.6298964272559924,1
5241,1440,1,Facilities,2024-08-06 08:00:00,0.4279848963991606,1
5242,1244,2,Value,2024-08-06 09:00:00,0.38297189869123915,1
5243,296,3,Value,2024-08-06 10:00:00,0.0598777677551805,0
5244,33448,5,Facilities,2024-08-06 11:00:00,0.6293171325211746,1
5245,6267,5,Facilities,2024-08-06 12:00:00,0.5132120554624306,0
5246,18625,3,Food,2024-08-06 13:00:00,0.5154786968517292,1
5247,12240,3,Staff,2024-08-06 14:00:00,0.3265068807336583,0
5248,8573,5,Staff,2024-08-06 15:00:00,0.2956455244629256,0
5249,19784,5,Staff,2024-08-06 16:00:00,0.8707462102916496,1
5250,42487,2,Value,2024-08-06 17:00:00,0.6170970187675368,1
5251,48559,2,Food,2024-08-06 18:00:00,0.8723922420281375,1
5252,29219,1,Animals,2024-08-06 19:00:00,0.9422802349477242,0
5253,15773,4,Facilities,2024-08-06 20:00:00,0.24284760170941666,1
5254,10948,3,Animals,2024-08-06 21:00:00,0.8232687135593993,1
5255,4463,4,Staff,2024-08-06 22:00:00,0.05382549290075134,1
5256,1968,4,Staff,2024-08-06 23:00:00,0.24081593573681592,1
5257,41149,1,Food,2024-08-07 00:00:00,0.767328706335884,1
5258,15046,2,Facilities,2024-08-07 01:00:00,0.48179429325076006,1
5259,9834,3,Staff,2024-08-07 02:00:00,0.49367756095197834,0
5260,39450,2,Staff,2024-08-07 03:00:00,0.5107935230856551,1
5261,25472,4,Facilities,2024-08-07 04:00:00,0.7977240310112934,1
5262,14103,4,Value,2024-08-07 05:00:00,0.7981498312097519,1
5263,24305,2,Value,2024-08-07 06:00:00,0.6410846183453079,1
5264,30180,5,Animals,2024-08-07 07:00:00,0.9037058764864006,1
5265,21806,3,Value,2024-08-07 08:00:00,0.369683280078542,1
5266,18968,4,Facilities,2024-08-07 09:00:00,0.9213097926498792,1
5267,47280,5,Staff,2024-08-07 10:00:00,0.5624986008990306,0
5268,749,3,Value,2024-08-07 11:00:00,0.4973935557557084,1
5269,692,5,Animals,2024-08-07 12:00:00,0.9766908074143841,1
5270,9654,4,Food,2024-08-07 13:00:00,0.3900408169260202,1
5271,22800,4,Staff,2024-08-07 14:00:00,0.5715501159785462,0
5272,30541,3,Value,2024-08-07 15:00:00,0.636065666921981,1
5273,451,5,Facilities,2024-08-07 16:00:00,0.43712735711968453,1
5274,33372,5,Animals,2024-08-07 17:00:00,0.8705827618496257,1
5275,11860,1,Value,2024-08-07 18:00:00,0.9616762943091077,1
5276,40773,4,Value,2024-08-07 19:00:00,0.6907718618452722,1
5277,41357,3,Animals,2024-08-07 20:00:00,0.708736454571223,0
5278,32504,3,Food,2024-08-07 21:00:00,0.6073221183918572,1
5279,15753,5,Animals,2024-08-07 22:00:00,0.8130627704033161,0
5280,3815,5,Animals,2024-08-07 23:00:00,0.2824205970077174,1
5281,465,4,Value,2024-08-08 00:00:00,0.6877395579823663,1
5282,15869,3,Value,2024-08-08 01:00:00,0.1485884496983455,0
5283,2896,3,Animals,2024-08-08 02:00:00,0.4607884799172003,1
5284,28986,5,Staff,2024-08-08 03:00:00,0.6645923997662289,1
5285,342,2,Facilities,2024-08-08 04:00:00,0.6427505326796873,1
5286,30569,3,Food,2024-08-08 05:00:00,0.6219936570611898,1
5287,33094,1,Animals,2024-08-08 06:00:00,0.6608153396777999,0
5288,1078,3,Facilities,2024-08-08 07:00:00,0.3924434612787254,1
5289,14094,4,Animals,2024-08-08 08:00:00,0.6002043368142076,1
5290,13472,2,Animals,2024-08-08 09:00:00,0.1669321654732735,1
5291,26311,5,Value,2024-08-08 10:00:00,0.10452897127298111,0
5292,29480,5,Facilities,2024-08-08 11:00:00,0.8045404062984355,1
5293,8497,3,Food,2024-08-08 12:00:00,0.76877922419875,1
5294,39648,5,Animals,2024-08-08 13:00:00,0.6916684133772212,1
5295,26408,4,Facilities,2024-08-08 14:00:00,0.4649871128971349,1
5296,6438,3,Food,2024-08-08 15:00:00,0.591129967632988,1
5297,6111,5,Facilities,2024-08-08 16:00:00,0.11783587740926493,1
5298,24004,4,Value,2024-08-08 17:00:00,0.6465258429373447,1
5299,36042,3,Food,2024-08-08 18:00:00,0.5047135733560468,1
5300,44909,5,Facilities,2024-08-08 19:00:00,0.8002631639023009,0
5301,28170,2,Staff,2024-08-08 20:00:00,0.6773135480085016,0
5302,28690,5,Staff,2024-08-08 21:00:00,0.3943080402876703,0
5303,30652,2,Staff,2024-08-08 22:00:00,0.9992888460925763,0
5304,34743,1,Staff,2024-08-08 23:00:00,0.43739011990748544,0
5305,32585,5,Staff,2024-08-09 00:00:00,0.09136424289271627,0
5306,21262,5,Value,2024-08-09 01:00:00,0.37000305945169454,0
5307,11039,2,Food,2024-08-09 02:00:00,0.3890068334960034,1
5308,44442,5,Value,2024-08-09 03:00:00,0.659772129254193,1
5309,2507,4,Facilities,2024-08-09 04:00:00,0.4021901105591593,0
5310,37761,4,Food,2024-08-09 05:00:00,0.7857137502285308,1
5311,3165,5,Animals,2024-08-09 06:00:00,0.4391553591381131,0
5312,22975,4,Animals,2024-08-09 07:00:00,0.12944538862689536,1
5313,15497,3,Food,2024-08-09 08:00:00,0.488266372860067,1
5314,49196,5,Food,2024-08-09 09:00:00,0.8303629647298457,1
5315,327,2,Staff,2024-08-09 10:00:00,0.8231659656058351,1
5316,37757,2,Value,2024-08-09 11:00:00,0.21628901307407866,1
5317,2215,3,Food,2024-08-09 12:00:00,0.5904952825558797,1
5318,30079,2,Animals,2024-08-09 13:00:00,0.02367913638817798,1
5319,14202,4,Food,2024-08-09 14:00:00,0.43702009419610566,1
5320,10944,4,Value,2024-08-09 15:00:00,0.5993400647885436,1
5321,45696,4,Food,2024-08-09 16:00:00,0.5397712165899626,0
5322,4731,3,Staff,2024-08-09 17:00:00,0.6468810266733375,1
5323,41291,3,Value,2024-08-09 18:00:00,0.7823084998224779,1
5324,28875,4,Animals,2024-08-09 19:00:00,0.5426046268249172,1
5325,24364,4,Facilities,2024-08-09 20:00:00,0.06340078046042352,0
5326,28876,5,Animals,2024-08-09 21:00:00,0.8976796386330136,1
5327,20380,5,Value,2024-08-09 22:00:00,0.1587547646370706,1
5328,26065,1,Animals,2024-08-09 23:00:00,0.8788822823138801,1
5329,44352,3,Food,2024-08-10 00:00:00,0.2867618439361094,1
5330,45623,4,Animals,2024-08-10 01:00:00,0.5482810861689823,1
5331,6185,3,Food,2024-08-10 02:00:00,0.7722971340297349,1
5332,29016,5,Value,2024-08-10 03:00:00,0.3617732187120851,1
5333,24623,5,Facilities,2024-08-10 04:00:00,0.05115411928787206,1
5334,24244,2,Food,2024-08-10 05:00:00,0.14428139906067128,1
5335,9561,4,Animals,2024-08-10 06:00:00,0.949249794817658,1
5336,11308,5,Food,2024-08-10 07:00:00,0.39313163476052093,1
5337,34797,4,Food,2024-08-10 08:00:00,0.8522463005177,1
5338,11613,3,Facilities,2024-08-10 09:00:00,0.6162805289719481,1
5339,30556,4,Food,2024-08-10 10:00:00,0.6316495209891191,1
5340,25544,5,Food,2024-08-10 11:00:00,0.17335352947931548,1
5341,20631,3,Food,2024-08-10 12:00:00,0.9168932529353232,1
5342,30461,5,Food,2024-08-10 13:00:00,0.062133285082733414,1
5343,21034,3,Animals,2024-08-10 14:00:00,0.08674752292493715,1
5344,44655,3,Staff,2024-08-10 15:00:00,0.2990157559911224,1
5345,35656,3,Facilities,2024-08-10 16:00:00,0.5768782676653689,1
5346,43711,2,Animals,2024-08-10 17:00:00,0.7869951072073209,0
5347,4336,1,Food,2024-08-10 18:00:00,0.01803390790261461,1
5348,40017,5,Food,2024-08-10 19:00:00,0.71278795832699,1
5349,14323,2,Food,2024-08-10 20:00:00,0.17747242233641103,1
5350,6618,2,Food,2024-08-10 21:00:00,0.5080336984270729,1
5351,38675,5,Facilities,2024-08-10 22:00:00,0.8462057784317165,1
5352,39311,4,Food,2024-08-10 23:00:00,0.45134775674346395,1
5353,10534,4,Food,2024-08-11 00:00:00,0.3498213575447314,1
5354,5852,4,Value,2024-08-11 01:00:00,0.7029883495155845,1
5355,39241,4,Animals,2024-08-11 02:00:00,0.7102837894793501,1
5356,7837,5,Animals,2024-08-11 03:00:00,0.3047856049217339,1
5357,16376,3,Value,2024-08-11 04:00:00,0.46473158391213343,0
5358,45967,4,Animals,2024-08-11 05:00:00,0.31468410232012145,0
5359,6324,3,Animals,2024-08-11 06:00:00,0.9897412882017135,1
5360,16641,4,Staff,2024-08-11 07:00:00,0.8217674696298912,1
5361,40517,4,Animals,2024-08-11 08:00:00,0.8398313595776091,1
5362,23063,4,Animals,2024-08-11 09:00:00,0.014637067138056237,1
5363,10157,4,Staff,2024-08-11 10:00:00,0.44776387538660145,1
5364,13821,4,Facilities,2024-08-11 11:00:00,0.4848357153438503,1
5365,39727,4,Animals,2024-08-11 12:00:00,0.6300504156219292,1
5366,37427,5,Animals,2024-08-11 13:00:00,0.9535370844559357,1
5367,20362,5,Food,2024-08-11 14:00:00,0.826240303833515,1
5368,24118,3,Staff,2024-08-11 15:00:00,0.04192878069615147,1
5369,29784,3,Animals,2024-08-11 16:00:00,0.5318162781212665,1
5370,34038,4,Staff,2024-08-11 17:00:00,0.8526833693227324,1
5371,7032,4,Facilities,2024-08-11 18:00:00,0.8547266767686469,1
5372,45429,3,Food,2024-08-11 19:00:00,0.3544763732816708,1
5373,31942,5,Value,2024-08-11 20:00:00,0.2104966320757683,1
5374,41859,4,Animals,2024-08-11 21:00:00,0.6429715012694762,1
5375,3598,5,Facilities,2024-08-11 22:00:00,0.9551967193180123,1
5376,25812,5,Animals,2024-08-11 23:00:00,0.17375860466850346,1
5377,41919,5,Value,2024-08-12 00:00:00,0.09094447541790962,1
5378,6597,5,Staff,2024-08-12 01:00:00,0.6615384202832552,1
5379,32240,5,Staff,2024-08-12 02:00:00,0.9711703473628848,1
5380,24743,3,Food,2024-08-12 03:00:00,0.15790540187400104,1
5381,4259,5,Food,2024-08-12 04:00:00,0.48866486909052564,1
5382,3666,5,Facilities,2024-08-12 05:00:00,0.3306465721684201,0
5383,39223,3,Value,2024-08-12 06:00:00,0.7601344732139341,1
5384,46357,5,Food,2024-08-12 07:00:00,0.20553650334997264,1
5385,11896,4,Value,2024-08-12 08:00:00,0.8096000211296928,0
5386,39500,2,Food,2024-08-12 09:00:00,0.07308367176724628,1
5387,9649,5,Animals,2024-08-12 10:00:00,0.09128623247158507,1
5388,2169,4,Value,2024-08-12 11:00:00,0.24565682730621774,1
5389,951,4,Food,2024-08-12 12:00:00,0.20792298772877038,1
5390,49267,2,Food,2024-08-12 13:00:00,0.6468127125397563,1
5391,42802,4,Facilities,2024-08-12 14:00:00,0.5779915098855125,0
5392,44403,4,Animals,2024-08-12 15:00:00,0.9127329420078474,1
5393,36113,1,Value,2024-08-12 16:00:00,0.9925644427709109,1
5394,33676,3,Value,2024-08-12 17:00:00,0.6842588284605423,0
5395,30088,5,Value,2024-08-12 18:00:00,0.5140010171802976,1
5396,21879,5,Facilities,2024-08-12 19:00:00,0.5292074981412028,1
5397,39080,5,Value,2024-08-12 20:00:00,0.8765802374962811,0
5398,29371,2,Food,2024-08-12 21:00:00,0.23539787725363126,0
5399,20353,5,Staff,2024-08-12 22:00:00,0.576187312798077,1
5400,41391,4,Facilities,2024-08-12 23:00:00,0.09963229457806078,0
5401,17161,4,Animals,2024-08-13 00:00:00,0.32222141818975336,1
5402,24254,2,Staff,2024-08-13 01:00:00,0.31480332272888634,1
5403,4548,5,Value,2024-08-13 02:00:00,0.6126265937016052,0
5404,10627,5,Value,2024-08-13 03:00:00,0.035733482490579616,0
5405,27320,5,Facilities,2024-08-13 04:00:00,0.5213005789096876,1
5406,23194,4,Facilities,2024-08-13 05:00:00,0.5133362972052404,1
5407,4994,3,Value,2024-08-13 06:00:00,0.034757783784896135,1
5408,42602,2,Animals,2024-08-13 07:00:00,0.5031950869380809,1
5409,21782,4,Animals,2024-08-13 08:00:00,0.3507491013315559,1
5410,38780,5,Animals,2024-08-13 09:00:00,0.5467621128989468,1
5411,8866,5,Facilities,2024-08-13 10:00:00,0.1782649963863554,1
5412,43854,4,Animals,2024-08-13 11:00:00,0.7169148628373347,0
5413,28404,3,Animals,2024-08-13 12:00:00,0.45822388034352945,1
5414,8120,2,Food,2024-08-13 13:00:00,0.389349357166058,1
5415,33367,4,Staff,2024-08-13 14:00:00,0.4858164715069885,1
5416,41817,3,Animals,2024-08-13 15:00:00,0.06312026060916087,1
5417,11494,4,Value,2024-08-13 16:00:00,0.04757151592479303,1
5418,14124,4,Animals,2024-08-13 17:00:00,0.24587897366182943,1
5419,34565,5,Staff,2024-08-13 18:00:00,0.025991146531210485,1
5420,31227,4,Staff,2024-08-13 19:00:00,0.8235129129697124,1
5421,18390,4,Staff,2024-08-13 20:00:00,0.8256243867115713,1
5422,25319,5,Animals,2024-08-13 21:00:00,0.547754594150456,1
5423,42850,2,Value,2024-08-13 22:00:00,0.5876405402334823,1
5424,25655,4,Food,2024-08-13 23:00:00,0.44778303411275433,1
5425,5243,3,Value,2024-08-14 00:00:00,0.4732094895987933,1
5426,42677,1,Food,2024-08-14 01:00:00,0.32661989354567134,1
5427,6280,4,Value,2024-08-14 02:00:00,0.8960488863002748,1
5428,19702,4,Value,2024-08-14 03:00:00,0.21734341137148416,1
5429,35590,5,Animals,2024-08-14 04:00:00,0.17141453685436125,1
5430,13109,5,Staff,2024-08-14 05:00:00,0.283394181369122,1
5431,18180,5,Staff,2024-08-14 06:00:00,0.86180093101683,1
5432,10131,3,Staff,2024-08-14 07:00:00,0.9692322078396104,1
5433,36048,5,Animals,2024-08-14 08:00:00,0.832499710794883,1
5434,42662,5,Animals,2024-08-14 09:00:00,0.6657620154689463,1
5435,31734,1,Value,2024-08-14 10:00:00,0.1698800354249792,1
5436,39366,2,Food,2024-08-14 11:00:00,0.42666843050608105,1
5437,21404,4,Facilities,2024-08-14 12:00:00,0.8174915242748136,0
5438,40834,2,Animals,2024-08-14 13:00:00,0.15291478363052613,0
5439,27579,1,Staff,2024-08-14 14:00:00,0.2001805865242089,1
5440,13722,3,Facilities,2024-08-14 15:00:00,0.13586805183121153,0
5441,9213,3,Animals,2024-08-14 16:00:00,0.7838852604122866,1
5442,34129,1,Animals,2024-08-14 17:00:00,0.1493995877493971,0
5443,47674,2,Food,2024-08-14 18:00:00,0.6805190931122783,1
5444,45889,2,Value,2024-08-14 19:00:00,0.17598050326694703,0
5445,21129,4,Value,2024-08-14 20:00:00,0.20504700785004148,0
5446,18360,5,Animals,2024-08-14 21:00:00,0.9467142015766428,1
5447,12859,5,Facilities,2024-08-14 22:00:00,0.3600586153378451,1
5448,41272,4,Value,2024-08-14 23:00:00,0.24816437091731203,1
5449,24140,5,Staff,2024-08-15 00:00:00,0.6439869668351951,1
5450,22880,4,Food,2024-08-15 01:00:00,0.16474737595709532,1
5451,13360,3,Facilities,2024-08-15 02:00:00,0.38746148488006715,1
5452,42109,4,Food,2024-08-15 03:00:00,0.9211937699008559,1
5453,22859,4,Value,2024-08-15 04:00:00,0.19072008665022544,1
5454,35511,5,Staff,2024-08-15 05:00:00,0.5938446983348233,0
5455,2815,5,Staff,2024-08-15 06:00:00,0.9355786586543722,1
5456,1277,5,Food,2024-08-15 07:00:00,0.46726185461708103,0
5457,43932,4,Facilities,2024-08-15 08:00:00,0.8060823606613866,1
5458,4501,3,Food,2024-08-15 09:00:00,0.9547769553504096,1
5459,1091,5,Staff,2024-08-15 10:00:00,0.6038458841577886,1
5460,26786,4,Animals,2024-08-15 11:00:00,0.14498394901240375,1
5461,4104,4,Value,2024-08-15 12:00:00,0.5924793310466416,1
5462,35994,2,Food,2024-08-15 13:00:00,0.7643304471739889,1
5463,11552,5,Value,2024-08-15 14:00:00,0.3888923788403258,1
5464,39022,4,Food,2024-08-15 15:00:00,0.19057769675732628,1
5465,16971,4,Staff,2024-08-15 16:00:00,0.37437782867374647,1
5466,22542,3,Animals,2024-08-15 17:00:00,0.7157312888768159,1
5467,20671,4,Staff,2024-08-15 18:00:00,0.3184781766166378,1
5468,42416,5,Food,2024-08-15 19:00:00,0.3856224100033131,1
5469,11795,2,Value,2024-08-15 20:00:00,0.8553877084625165,1
5470,23024,4,Food,2024-08-15 21:00:00,0.043062592120514,1
5471,14333,1,Value,2024-08-15 22:00:00,0.5021358401124676,1
5472,35481,4,Food,2024-08-15 23:00:00,0.5266489351809382,1
5473,27424,4,Staff,2024-08-16 00:00:00,0.7954777966680756,1
5474,4587,5,Value,2024-08-16 01:00:00,0.3449753526116558,1
5475,24018,5,Facilities,2024-08-16 02:00:00,0.5676983525832235,1
5476,44567,2,Animals,2024-08-16 03:00:00,0.4684698201970785,1
5477,38600,4,Animals,2024-08-16 04:00:00,0.6348760038518022,1
5478,43791,2,Facilities,2024-08-16 05:00:00,0.49498660539156625,1
5479,6519,5,Food,2024-08-16 06:00:00,0.42183058210018065,1
5480,18115,4,Animals,2024-08-16 07:00:00,0.017812197633249816,1
5481,12904,3,Value,2024-08-16 08:00:00,0.45582372239339575,1
5482,33900,4,Value,2024-08-16 09:00:00,0.8189639791242704,1
5483,26446,5,Facilities,2024-08-16 10:00:00,0.2977738093050434,0
5484,3033,4,Facilities,2024-08-16 11:00:00,0.6270525990292022,1
5485,40659,4,Animals,2024-08-16 12:00:00,0.640238413364984,0
5486,31436,5,Facilities,2024-08-16 13:00:00,0.7440939325319184,1
5487,2132,4,Animals,2024-08-16 14:00:00,0.46590666533408975,1
5488,30142,5,Food,2024-08-16 15:00:00,0.5115254276916413,1
5489,43929,4,Value,2024-08-16 16:00:00,0.13973749796452406,0
5490,22155,5,Facilities,2024-08-16 17:00:00,0.5774471989064953,0
5491,997,4,Food,2024-08-16 18:00:00,0.47336743575167295,1
5492,43134,2,Facilities,2024-08-16 19:00:00,0.3613892460542586,1
5493,20994,5,Facilities,2024-08-16 20:00:00,0.6597287016323853,1
5494,16194,5,Food,2024-08-16 21:00:00,0.900930147792153,1
5495,34018,4,Food,2024-08-16 22:00:00,0.46099374531189574,1
5496,17909,4,Animals,2024-08-16 23:00:00,0.4950436990879338,1
5497,4879,3,Animals,2024-08-17 00:00:00,0.33887480567057826,0
5498,48926,4,Animals,2024-08-17 01:00:00,0.6353269583844734,1
5499,46991,5,Animals,2024-08-17 02:00:00,0.4505028445414352,1
5500,17801,4,Food,2024-08-17 03:00:00,0.02335551691558435,0
5501,8464,1,Facilities,2024-08-17 04:00:00,0.8709423799528884,0
5502,41178,5,Facilities,2024-08-17 05:00:00,0.9500212319857421,1
5503,20488,5,Staff,2024-08-17 06:00:00,0.6378664211289247,0
5504,35459,5,Facilities,2024-08-17 07:00:00,0.27328507491031084,0
5505,8031,1,Food,2024-08-17 08:00:00,0.9472279638133954,0
5506,15955,3,Value,2024-08-17 09:00:00,0.8754857709264636,1
5507,36043,5,Value,2024-08-17 10:00:00,0.9763053063900663,1
5508,15432,3,Food,2024-08-17 11:00:00,0.09646000421590795,1
5509,28642,4,Value,2024-08-17 12:00:00,0.30996874707613153,1
5510,24622,5,Facilities,2024-08-17 13:00:00,0.06443033481281302,1
5511,22862,1,Value,2024-08-17 14:00:00,0.13061430664633777,1
5512,14808,3,Facilities,2024-08-17 15:00:00,0.4037189462679607,1
5513,14759,5,Food,2024-08-17 16:00:00,0.6811286701521868,1
5514,1017,2,Value,2024-08-17 17:00:00,0.1793969139738809,1
5515,2980,4,Animals,2024-08-17 18:00:00,0.557311352579443,1
5516,33402,3,Facilities,2024-08-17 19:00:00,0.191781250581317,1
5517,27539,3,Value,2024-08-17 20:00:00,0.15290010642768392,1
5518,34979,5,Value,2024-08-17 21:00:00,0.3581753839452869,1
5519,13728,5,Animals,2024-08-17 22:00:00,0.568415891614291,0
5520,44467,4,Value,2024-08-17 23:00:00,0.3204526450745777,1
5521,19231,5,Value,2024-08-18 00:00:00,0.725361646275924,1
5522,14593,2,Animals,2024-08-18 01:00:00,0.9958164793888054,1
5523,29871,4,Animals,2024-08-18 02:00:00,0.9002714796240462,0
5524,41516,4,Facilities,2024-08-18 03:00:00,0.10758177755438425,1
5525,26324,5,Staff,2024-08-18 04:00:00,0.4775117515670697,1
5526,20271,3,Animals,2024-08-18 05:00:00,0.5433975986599161,1
5527,14655,3,Food,2024-08-18 06:00:00,0.21196123510049192,1
5528,3114,4,Animals,2024-08-18 07:00:00,0.7683267369674873,0
5529,29768,3,Food,2024-08-18 08:00:00,0.3666882474090124,1
5530,12959,4,Staff,2024-08-18 09:00:00,0.22916602977126466,1
5531,24889,5,Facilities,2024-08-18 10:00:00,0.3322152072094753,1
5532,49430,5,Staff,2024-08-18 11:00:00,0.440939338531969,1
5533,35563,3,Staff,2024-08-18 12:00:00,0.2366292436745705,1
5534,6408,4,Staff,2024-08-18 13:00:00,0.04236293355534593,1
5535,37216,5,Value,2024-08-18 14:00:00,0.3885404816172572,1
5536,17162,4,Staff,2024-08-18 15:00:00,0.35237415548450823,1
5537,39352,4,Facilities,2024-08-18 16:00:00,0.8757561559180416,1
5538,4290,2,Food,2024-08-18 17:00:00,0.7886478806484972,1
5539,21237,5,Animals,2024-08-18 18:00:00,0.8936718105334924,1
5540,40539,5,Staff,2024-08-18 19:00:00,0.35446052472981004,1
5541,935,4,Staff,2024-08-18 20:00:00,0.29140795681788445,1
5542,36879,3,Value,2024-08-18 21:00:00,0.34103438445015044,1
5543,27597,4,Facilities,2024-08-18 22:00:00,0.033301066819934944,1
5544,30548,3,Facilities,2024-08-18 23:00:00,0.7409492246226193,0
5545,28659,4,Animals,2024-08-19 00:00:00,0.006313899916702059,1
5546,13601,4,Animals,2024-08-19 01:00:00,0.3242833010128926,1
5547,47681,1,Value,2024-08-19 02:00:00,0.14061251238408812,0
5548,7829,4,Food,2024-08-19 03:00:00,0.24587282534093302,1
5549,43991,2,Value,2024-08-19 04:00:00,0.1369368128369055,1
5550,49763,5,Facilities,2024-08-19 05:00:00,0.8030831348716411,1
5551,24726,2,Staff,2024-08-19 06:00:00,0.801604265048585,1
5552,49700,2,Value,2024-08-19 07:00:00,0.25564900911943533,0
5553,24658,4,Food,2024-08-19 08:00:00,0.014075830015482516,1
5554,13675,4,Value,2024-08-19 09:00:00,0.10408829100774986,1
5555,22385,4,Facilities,2024-08-19 10:00:00,0.7260672431368606,1
5556,24766,3,Value,2024-08-19 11:00:00,0.34071977766133066,1
5557,36738,3,Value,2024-08-19 12:00:00,0.7299005474722656,1
5558,32367,3,Animals,2024-08-19 13:00:00,0.44521028674818885,1
5559,4366,4,Food,2024-08-19 14:00:00,0.9401804484234256,0
5560,47755,3,Animals,2024-08-19 15:00:00,0.0010222326522375536,1
5561,11508,4,Facilities,2024-08-19 16:00:00,0.2016426491180201,1
5562,23696,4,Value,2024-08-19 17:00:00,0.40131869013893984,1
5563,7748,4,Animals,2024-08-19 18:00:00,0.554626411960625,1
5564,33387,4,Value,2024-08-19 19:00:00,0.9816826081849294,0
5565,2178,3,Value,2024-08-19 20:00:00,0.02698262106276883,1
5566,25627,2,Facilities,2024-08-19 21:00:00,0.477640668321216,1
5567,19642,4,Facilities,2024-08-19 22:00:00,0.4149019473243757,1
5568,13424,4,Food,2024-08-19 23:00:00,0.2350972002615055,1
5569,43101,2,Food,2024-08-20 00:00:00,0.3846544787920513,1
5570,42599,4,Value,2024-08-20 01:00:00,0.520902676534918,0
5571,49703,3,Facilities,2024-08-20 02:00:00,0.8159730194596108,1
5572,34052,1,Staff,2024-08-20 03:00:00,0.7778195931498645,1
5573,28161,2,Animals,2024-08-20 04:00:00,0.8931086396803651,1
5574,48400,4,Value,2024-08-20 05:00:00,0.7516930759356558,0
5575,13881,4,Staff,2024-08-20 06:00:00,0.8992996695331026,1
5576,32206,4,Facilities,2024-08-20 07:00:00,0.11516908755811905,1
5577,46818,4,Value,2024-08-20 08:00:00,0.08305168749852465,1
5578,27044,5,Value,2024-08-20 09:00:00,0.13908279536750767,1
5579,38372,4,Animals,2024-08-20 10:00:00,0.42605132395459033,1
5580,11769,3,Value,2024-08-20 11:00:00,0.09510568535473085,1
5581,42597,4,Facilities,2024-08-20 12:00:00,0.41541941066301136,1
5582,3740,5,Value,2024-08-20 13:00:00,0.13422943349208072,1
5583,9297,5,Value,2024-08-20 14:00:00,0.5327946243345261,1
5584,16572,3,Facilities,2024-08-20 15:00:00,0.07850890690159018,0
5585,41035,3,Value,2024-08-20 16:00:00,0.07178850748275156,1
5586,49910,5,Food,2024-08-20 17:00:00,0.5677907743200815,1
5587,28458,5,Staff,2024-08-20 18:00:00,0.6679836126167411,1
5588,48699,5,Staff,2024-08-20 19:00:00,0.18970330827856496,1
5589,17126,5,Food,2024-08-20 20:00:00,0.06400006582363815,1
5590,44967,5,Value,2024-08-20 21:00:00,0.20351162611174833,0
5591,35278,5,Staff,2024-08-20 22:00:00,0.7368295447923104,1
5592,39313,5,Animals,2024-08-20 23:00:00,0.11071468200050893,1
5593,49526,4,Staff,2024-08-21 00:00:00,0.8197340281446949,0
5594,22142,5,Value,2024-08-21 01:00:00,0.48500320493451654,1
5595,3421,3,Facilities,2024-08-21 02:00:00,0.7610178585146221,1
5596,32654,3,Animals,2024-08-21 03:00:00,0.045417638881407485,1
5597,5467,5,Animals,2024-08-21 04:00:00,0.10125872514608092,0
5598,42841,5,Facilities,2024-08-21 05:00:00,0.14591248669053403,1
5599,15118,5,Facilities,2024-08-21 06:00:00,0.4010091468360296,1
5600,2957,4,Facilities,2024-08-21 07:00:00,0.7361132270182777,1
5601,12467,2,Value,2024-08-21 08:00:00,0.6504803550482569,1
5602,33688,2,Staff,2024-08-21 09:00:00,0.5249409811320463,1
5603,18342,5,Animals,2024-08-21 10:00:00,0.6902371136963166,1
5604,2129,4,Staff,2024-08-21 11:00:00,0.7467329498388312,1
5605,103,5,Value,2024-08-21 12:00:00,0.7523004262124414,1
5606,33980,3,Facilities,2024-08-21 13:00:00,0.722884978481912,1
5607,48219,5,Facilities,2024-08-21 14:00:00,0.2798835283593549,1
5608,36009,4,Value,2024-08-21 15:00:00,0.23235974035477036,1
5609,7160,3,Facilities,2024-08-21 16:00:00,0.9431083894572426,1
5610,11504,4,Value,2024-08-21 17:00:00,0.3447934454766254,1
5611,27506,4,Value,2024-08-21 18:00:00,0.434133948770294,0
5612,26595,4,Food,2024-08-21 19:00:00,0.21578772164583016,1
5613,43819,5,Animals,2024-08-21 20:00:00,0.21243081762191385,1
5614,1539,3,Facilities,2024-08-21 21:00:00,0.6387112997842797,1
5615,1591,5,Facilities,2024-08-21 22:00:00,0.8285384389794772,1
5616,23585,4,Food,2024-08-21 23:00:00,0.19552753673665935,1
5617,7989,2,Animals,2024-08-22 00:00:00,0.3004778718797896,1
5618,42027,3,Food,2024-08-22 01:00:00,0.6451788379657684,1
5619,6903,4,Food,2024-08-22 02:00:00,0.27652415109182704,1
5620,7436,3,Animals,2024-08-22 03:00:00,0.4326211197284635,1
5621,3038,5,Value,2024-08-22 04:00:00,0.8342474667620656,1
5622,18815,4,Value,2024-08-22 05:00:00,0.90307939940749,1
5623,25810,4,Animals,2024-08-22 06:00:00,0.64458309108618,1
5624,22612,3,Animals,2024-08-22 07:00:00,0.5770987003228628,1
5625,24530,4,Food,2024-08-22 08:00:00,0.936218244650276,1
5626,30251,5,Value,2024-08-22 09:00:00,0.7370736226563924,1
5627,49931,4,Staff,2024-08-22 10:00:00,0.5533164200103822,0
5628,13719,5,Staff,2024-08-22 11:00:00,0.7658129344525674,1
5629,49620,4,Food,2024-08-22 12:00:00,0.169544569679979,1
5630,18152,4,Animals,2024-08-22 13:00:00,0.12966491412638304,1
5631,13444,4,Food,2024-08-22 14:00:00,0.8212434695519457,1
5632,28502,3,Animals,2024-08-22 15:00:00,0.6292321506155591,0
5633,6093,4,Value,2024-08-22 16:00:00,0.7513374431609162,1
5634,48956,4,Animals,2024-08-22 17:00:00,0.7331956680693579,1
5635,24407,5,Facilities,2024-08-22 18:00:00,0.24136295822771758,1
5636,34866,2,Staff,2024-08-22 19:00:00,0.22672762550398984,0
5637,31172,5,Staff,2024-08-22 20:00:00,0.8085463742670239,1
5638,46672,3,Animals,2024-08-22 21:00:00,0.6846320683287259,1
5639,32285,5,Food,2024-08-22 22:00:00,0.4462620373526238,0
5640,37214,4,Value,2024-08-22 23:00:00,0.1929292498446208,1
5641,28048,5,Food,2024-08-23 00:00:00,0.35033708842975675,1
5642,48413,5,Staff,2024-08-23 01:00:00,0.030137196619656637,1
5643,47629,4,Facilities,2024-08-23 02:00:00,0.7662809740280848,1
5644,4460,4,Facilities,2024-08-23 03:00:00,0.7906257143371322,1
5645,8848,5,Facilities,2024-08-23 04:00:00,0.6958216345508562,0
5646,7958,4,Animals,2024-08-23 05:00:00,0.6414174565016367,1
5647,22606,3,Value,2024-08-23 06:00:00,0.029751678819909144,1
5648,1654,3,Staff,2024-08-23 07:00:00,0.042030016316067065,1
5649,43972,5,Value,2024-08-23 08:00:00,0.40964278699034185,1
5650,36925,2,Staff,2024-08-23 09:00:00,0.8845365164119783,1
5651,31092,4,Facilities,2024-08-23 10:00:00,0.33988768984314677,1
5652,47683,3,Value,2024-08-23 11:00:00,0.24420387713477143,0
5653,31501,3,Animals,2024-08-23 12:00:00,0.34233304786550434,1
5654,10380,4,Staff,2024-08-23 13:00:00,0.6118899364012362,1
5655,18872,4,Animals,2024-08-23 14:00:00,0.3515158892151923,1
5656,16481,3,Facilities,2024-08-23 15:00:00,0.5734675365149484,1
5657,40128,4,Staff,2024-08-23 16:00:00,0.04981007734175036,1
5658,44799,3,Animals,2024-08-23 17:00:00,0.579475994501112,0
5659,48467,5,Staff,2024-08-23 18:00:00,0.8774858005388912,1
5660,25548,4,Staff,2024-08-23 19:00:00,0.6333112231143686,1
5661,44336,4,Food,2024-08-23 20:00:00,0.622339154371029,1
5662,45283,3,Food,2024-08-23 21:00:00,0.7206178698954222,0
5663,38608,5,Value,2024-08-23 22:00:00,0.09287654833030057,1
5664,17909,3,Value,2024-08-23 23:00:00,0.5916071181132739,1
5665,11255,4,Value,2024-08-24 00:00:00,0.3724261750383152,0
5666,34398,3,Food,2024-08-24 01:00:00,0.13310535658846667,0
5667,15860,5,Staff,2024-08-24 02:00:00,0.9987629284414029,0
5668,20226,5,Staff,2024-08-24 03:00:00,0.9152216749319547,1
5669,23664,4,Food,2024-08-24 04:00:00,0.4703172470898037,1
5670,13683,4,Value,2024-08-24 05:00:00,0.03763336068550038,1
5671,39524,4,Animals,2024-08-24 06:00:00,0.2404785533260514,0
5672,19757,4,Facilities,2024-08-24 07:00:00,0.4386717377466609,1
5673,26551,5,Facilities,2024-08-24 08:00:00,0.3174923074963111,1
5674,5873,5,Value,2024-08-24 09:00:00,0.2739108893681522,1
5675,22123,3,Food,2024-08-24 10:00:00,0.5339452175978977,1
5676,23884,3,Staff,2024-08-24 11:00:00,0.09816708835763266,0
5677,24077,3,Food,2024-08-24 12:00:00,0.9070327386202652,0
5678,47730,4,Facilities,2024-08-24 13:00:00,0.6784088697174031,1
5679,30930,2,Animals,2024-08-24 14:00:00,0.6193036230926574,1
5680,48839,3,Animals,2024-08-24 15:00:00,0.7229537892158455,1
5681,26001,5,Food,2024-08-24 16:00:00,0.1987441021962404,1
5682,16767,3,Facilities,2024-08-24 17:00:00,0.54035832229113,0
5683,20524,5,Facilities,2024-08-24 18:00:00,0.9669124097341006,1
5684,28867,4,Facilities,2024-08-24 19:00:00,0.4934241315650978,0
5685,41872,4,Value,2024-08-24 20:00:00,0.8738292095316831,1
5686,48156,5,Animals,2024-08-24 21:00:00,0.7892692430812084,1
5687,8249,4,Staff,2024-08-24 22:00:00,0.16160292969714962,1
5688,4854,4,Food,2024-08-24 23:00:00,0.6734126402932714,0
5689,35943,3,Animals,2024-08-25 00:00:00,0.8426816352682391,1
5690,45241,4,Staff,2024-08-25 01:00:00,0.6025297395687631,1
5691,18844,4,Value,2024-08-25 02:00:00,0.3928112378455857,1
5692,42682,5,Value,2024-08-25 03:00:00,0.4200911554657256,1
5693,37351,5,Animals,2024-08-25 04:00:00,0.2302353337870252,1
5694,23168,4,Value,2024-08-25 05:00:00,0.799458292361239,0
5695,6340,3,Value,2024-08-25 06:00:00,0.307285937861865,0
5696,8767,5,Staff,2024-08-25 07:00:00,0.65371945388377,1
5697,35779,4,Staff,2024-08-25 08:00:00,0.12915171380722468,1
5698,31269,2,Food,2024-08-25 09:00:00,0.40730994802691767,1
5699,45699,3,Food,2024-08-25 10:00:00,0.6927619783858902,1
5700,22972,1,Food,2024-08-25 11:00:00,0.17653271274225912,1
5701,44154,5,Value,2024-08-25 12:00:00,0.3232426444667257,1
5702,45437,1,Animals,2024-08-25 13:00:00,0.9900083485979548,1
5703,2839,2,Value,2024-08-25 14:00:00,0.465246039249292,0
5704,24458,3,Food,2024-08-25 15:00:00,0.6399893551350548,1
5705,43023,3,Food,2024-08-25 16:00:00,0.1918028500470743,1
5706,5650,4,Animals,2024-08-25 17:00:00,0.407455019838028,1
5707,33052,2,Value,2024-08-25 18:00:00,0.853714639249997,1
5708,43467,4,Food,2024-08-25 19:00:00,0.3402271778456567,1
5709,17482,4,Value,2024-08-25 20:00:00,0.26333775001978543,1
5710,7092,4,Facilities,2024-08-25 21:00:00,0.6108719194178522,1
5711,21896,4,Value,2024-08-25 22:00:00,0.09599144720623609,1
5712,1735,3,Value,2024-08-25 23:00:00,0.19639512877526866,1
5713,7965,5,Food,2024-08-26 00:00:00,0.7217686165322625,1
5714,35791,5,Staff,2024-08-26 01:00:00,0.40258640806190327,1
5715,23744,5,Value,2024-08-26 02:00:00,0.03936969791660161,1
5716,8960,5,Staff,2024-08-26 03:00:00,0.7218667350220807,1
5717,40052,4,Staff,2024-08-26 04:00:00,0.39882357027219917,0
5718,9700,5,Value,2024-08-26 05:00:00,0.7053393139267146,1
5719,1304,2,Staff,2024-08-26 06:00:00,0.3728274913384627,0
5720,11327,4,Animals,2024-08-26 07:00:00,0.6540278638272662,1
5721,8097,3,Food,2024-08-26 08:00:00,0.8836552277063687,1
5722,20622,5,Value,2024-08-26 09:00:00,0.4150799425070273,1
5723,19570,1,Food,2024-08-26 10:00:00,0.5516082963852899,0
5724,27192,4,Animals,2024-08-26 11:00:00,0.8798461964646247,1
5725,36219,5,Facilities,2024-08-26 12:00:00,0.2820760368050461,1
5726,16962,5,Food,2024-08-26 13:00:00,0.39049255553173534,0
5727,13441,3,Food,2024-08-26 14:00:00,0.6193385038782406,0
5728,2829,4,Facilities,2024-08-26 15:00:00,0.7871715460072537,0
5729,38936,2,Animals,2024-08-26 16:00:00,0.7090327442965124,1
5730,43992,3,Facilities,2024-08-26 17:00:00,0.6120461594207735,1
5731,21247,4,Facilities,2024-08-26 18:00:00,0.6557751051385939,0
5732,31984,4,Facilities,2024-08-26 19:00:00,0.2529187386730092,1
5733,13112,3,Food,2024-08-26 20:00:00,0.6220705701332768,1
5734,6541,3,Value,2024-08-26 21:00:00,0.7237791624186516,0
5735,21030,4,Animals,2024-08-26 22:00:00,0.04943121203839762,1
5736,39706,3,Value,2024-08-26 23:00:00,0.2734324970289007,0
5737,7061,4,Animals,2024-08-27 00:00:00,0.12816812545404888,1
5738,1748,4,Food,2024-08-27 01:00:00,0.2081078551905612,0
5739,10351,2,Value,2024-08-27 02:00:00,0.9339981219061495,1
5740,34661,5,Food,2024-08-27 03:00:00,0.8629593303743537,1
5741,14280,3,Food,2024-08-27 04:00:00,0.5588920139241988,1
5742,24531,2,Facilities,2024-08-27 05:00:00,0.9643061477765628,1
5743,25118,4,Staff,2024-08-27 06:00:00,0.5217938894014024,1
5744,46162,3,Staff,2024-08-27 07:00:00,0.6691223049670796,1
5745,11302,4,Facilities,2024-08-27 08:00:00,0.7432590892601117,1
5746,3181,4,Facilities,2024-08-27 09:00:00,0.24480541193382266,1
5747,13630,4,Food,2024-08-27 10:00:00,0.28242794690573103,0
5748,49423,5,Animals,2024-08-27 11:00:00,0.21593543877089827,1
5749,48736,5,Food,2024-08-27 12:00:00,0.6971922329433659,1
5750,39902,5,Food,2024-08-27 13:00:00,0.9099051380152673,1
5751,22933,4,Value,2024-08-27 14:00:00,0.0271691848521759,1
5752,43961,4,Staff,2024-08-27 15:00:00,0.23108660503356682,1
5753,34525,2,Animals,2024-08-27 16:00:00,0.7940358279841532,1
5754,6375,4,Animals,2024-08-27 17:00:00,0.34620875546269636,1
5755,29500,5,Value,2024-08-27 18:00:00,0.87570774090554,1
5756,49753,5,Value,2024-08-27 19:00:00,0.028075374394675223,1
5757,18975,4,Food,2024-08-27 20:00:00,0.7332747894946108,1
5758,17510,5,Food,2024-08-27 21:00:00,0.1667820795579502,1
5759,9927,5,Facilities,2024-08-27 22:00:00,0.12007214588514703,1
5760,41524,4,Food,2024-08-27 23:00:00,0.025171182719715413,1
5761,31365,2,Animals,2024-08-28 00:00:00,0.9269064618232712,1
5762,9354,4,Facilities,2024-08-28 01:00:00,0.7079803092571652,1
5763,41996,5,Food,2024-08-28 02:00:00,0.21021179201083773,1
5764,1819,5,Value,2024-08-28 03:00:00,0.5269059904235941,1
5765,27125,4,Value,2024-08-28 04:00:00,0.3241473486540478,1
5766,4653,4,Food,2024-08-28 05:00:00,0.0033857155681160656,1
5767,38123,4,Value,2024-08-28 06:00:00,0.7555837639689781,1
5768,8365,1,Staff,2024-08-28 07:00:00,0.6214693539966984,1
5769,12818,3,Staff,2024-08-28 08:00:00,0.7188456327836571,1
5770,17815,1,Food,2024-08-28 09:00:00,0.14310455092849494,0
5771,48847,4,Facilities,2024-08-28 10:00:00,0.8126713892917821,1
5772,18235,5,Food,2024-08-28 11:00:00,0.8267753635810128,1
5773,47003,4,Food,2024-08-28 12:00:00,0.11313426291728212,1
5774,23981,4,Animals,2024-08-28 13:00:00,0.6548445018123716,1
5775,26605,1,Staff,2024-08-28 14:00:00,0.44128453471637585,1
5776,33353,5,Value,2024-08-28 15:00:00,0.2814428570602001,1
5777,34650,3,Animals,2024-08-28 16:00:00,0.3165288193644952,1
5778,6487,1,Facilities,2024-08-28 17:00:00,0.5980638728642741,1
5779,14241,5,Animals,2024-08-28 18:00:00,0.8797245173408158,1
5780,45071,5,Facilities,2024-08-28 19:00:00,0.17159521483729612,1
5781,37616,1,Staff,2024-08-28 20:00:00,0.08852304109004894,0
5782,31380,4,Value,2024-08-28 21:00:00,0.6993065734944658,1
5783,19673,4,Food,2024-08-28 22:00:00,0.2939678272831767,0
5784,47710,5,Staff,2024-08-28 23:00:00,0.6566826864294577,0
5785,34147,5,Food,2024-08-29 00:00:00,0.9534090150336626,1
5786,19881,4,Food,2024-08-29 01:00:00,0.2611036728683426,1
5787,29599,2,Facilities,2024-08-29 02:00:00,0.25101441857065865,1
5788,9283,5,Food,2024-08-29 03:00:00,0.03374663517018639,1
5789,37706,4,Facilities,2024-08-29 04:00:00,0.311206046967326,1
5790,39890,4,Value,2024-08-29 05:00:00,0.7575609960273534,1
5791,12508,3,Animals,2024-08-29 06:00:00,0.5732846334057659,1
5792,5490,3,Value,2024-08-29 07:00:00,0.423803044720916,1
5793,35212,3,Animals,2024-08-29 08:00:00,0.47541852406299745,1
5794,36150,5,Food,2024-08-29 09:00:00,0.6892977587755901,1
5795,25227,5,Food,2024-08-29 10:00:00,0.12375529817738784,1
5796,43690,4,Value,2024-08-29 11:00:00,0.8600550858584551,1
5797,49616,5,Value,2024-08-29 12:00:00,0.5690214130908996,1
5798,47635,4,Food,2024-08-29 13:00:00,0.7556940139740999,1
5799,41933,2,Facilities,2024-08-29 14:00:00,0.8510706945221386,1
5800,39918,3,Food,2024-08-29 15:00:00,0.7620719979365955,1
5801,17238,2,Staff,2024-08-29 16:00:00,0.8294895172903166,1
5802,25682,5,Animals,2024-08-29 17:00:00,0.84857480347741,1
5803,21412,5,Animals,2024-08-29 18:00:00,0.42958787061620507,1
5804,1017,4,Staff,2024-08-29 19:00:00,0.7207933323283666,1
5805,46687,2,Staff,2024-08-29 20:00:00,0.7979283445760729,1
5806,26557,4,Animals,2024-08-29 21:00:00,0.5136113766667945,1
5807,20539,5,Animals,2024-08-29 22:00:00,0.033885444903484885,1
5808,15475,3,Staff,2024-08-29 23:00:00,0.6387271888488076,1
5809,48127,5,Facilities,2024-08-30 00:00:00,0.9265536612420155,1
5810,17410,4,Food,2024-08-30 01:00:00,0.4958196605284342,1
5811,31967,3,Value,2024-08-30 02:00:00,0.5279974735291634,1
5812,22602,2,Animals,2024-08-30 03:00:00,0.8103429431671119,1
5813,16853,4,Value,2024-08-30 04:00:00,0.5229046666134888,1
5814,2133,5,Food,2024-08-30 05:00:00,0.18910506453977527,1
5815,11321,4,Animals,2024-08-30 06:00:00,0.6892090342138623,0
5816,3559,1,Food,2024-08-30 07:00:00,0.8304708430359172,1
5817,42347,5,Animals,2024-08-30 08:00:00,0.4449153650810911,1
5818,48797,5,Staff,2024-08-30 09:00:00,0.26079493984204416,0
5819,12742,5,Staff,2024-08-30 10:00:00,0.24319269571877566,1
5820,14087,4,Staff,2024-08-30 11:00:00,0.24026958269411303,0
5821,33647,3,Facilities,2024-08-30 12:00:00,0.4815229754016409,1
5822,44490,2,Food,2024-08-30 13:00:00,0.8372952218977515,1
5823,45879,4,Value,2024-08-30 14:00:00,0.5139240810486578,1
5824,34953,5,Value,2024-08-30 15:00:00,0.12329039440058831,1
5825,36898,4,Animals,2024-08-30 16:00:00,0.8055117603489472,0
5826,1859,3,Value,2024-08-30 17:00:00,0.1057229227047467,0
5827,22369,5,Staff,2024-08-30 18:00:00,0.5724054100350037,1
5828,21619,2,Staff,2024-08-30 19:00:00,0.9468419532242109,1
5829,24838,4,Value,2024-08-30 20:00:00,0.36496190474425794,1
5830,45066,5,Facilities,2024-08-30 21:00:00,0.0995382617906464,1
5831,47259,4,Staff,2024-08-30 22:00:00,0.8940125153285498,1
5832,33770,2,Food,2024-08-30 23:00:00,0.9018322281477005,0
5833,31916,4,Animals,2024-08-31 00:00:00,0.3167323723622366,0
5834,26908,5,Facilities,2024-08-31 01:00:00,0.1853578458224998,1
5835,3601,4,Value,2024-08-31 02:00:00,0.9905762166686949,0
5836,13470,5,Value,2024-08-31 03:00:00,0.2805659386139344,1
5837,12421,4,Food,2024-08-31 04:00:00,0.8182965223795002,1
5838,40588,1,Value,2024-08-31 05:00:00,0.6740355353758058,1
5839,16394,5,Food,2024-08-31 06:00:00,0.6593998923597255,1
5840,20171,5,Food,2024-08-31 07:00:00,0.5699377402207302,1
5841,48917,2,Value,2024-08-31 08:00:00,0.30602932527666415,1
5842,38452,4,Food,2024-08-31 09:00:00,0.7221261671896223,1
5843,19036,5,Food,2024-08-31 10:00:00,0.9857326354515084,1
5844,38786,4,Value,2024-08-31 11:00:00,0.2324979466252497,1
5845,1229,4,Food,2024-08-31 12:00:00,0.23458335680010678,1
5846,18174,3,Food,2024-08-31 13:00:00,0.48899012842966816,0
5847,24163,2,Facilities,2024-08-31 14:00:00,0.9570824958200947,1
5848,44534,4,Facilities,2024-08-31 15:00:00,0.7469466965728225,1
5849,23843,4,Staff,2024-08-31 16:00:00,0.05244076364208006,0
5850,10302,5,Food,2024-08-31 17:00:00,0.6452510020521973,0
5851,8777,5,Food,2024-08-31 18:00:00,0.022834145979430343,1
5852,3647,2,Animals,2024-08-31 19:00:00,0.4438905255549742,1
5853,15406,2,Animals,2024-08-31 20:00:00,0.6148438074689966,0
5854,43799,1,Facilities,2024-08-31 21:00:00,0.3128092024593233,1
5855,38627,3,Food,2024-08-31 22:00:00,0.512606315168302,1
5856,17371,5,Value,2024-08-31 23:00:00,0.2075682220781746,1
5857,18156,4,Animals,2024-09-01 00:00:00,0.712301933798749,1
5858,8242,5,Staff,2024-09-01 01:00:00,0.6861372544956054,1
5859,21117,4,Staff,2024-09-01 02:00:00,0.01672442378369965,1
5860,43260,5,Facilities,2024-09-01 03:00:00,0.7752161856038763,1
5861,39239,5,Animals,2024-09-01 04:00:00,0.6034371983376953,1
5862,2934,2,Value,2024-09-01 05:00:00,0.15888105023384402,1
5863,15931,2,Value,2024-09-01 06:00:00,0.9376187029378813,1
5864,14266,4,Value,2024-09-01 07:00:00,0.5242873344996067,1
5865,49134,4,Facilities,2024-09-01 08:00:00,0.8729602327316526,1
5866,19612,5,Staff,2024-09-01 09:00:00,0.6360934887632209,0
5867,33913,4,Value,2024-09-01 10:00:00,0.3717649372510602,1
5868,22437,5,Facilities,2024-09-01 11:00:00,0.18578525282195057,1
5869,4610,4,Animals,2024-09-01 12:00:00,0.498047982671885,1
5870,1926,4,Value,2024-09-01 13:00:00,0.7541319575910674,0
5871,43241,4,Staff,2024-09-01 14:00:00,0.6621465041063598,1
5872,15864,5,Value,2024-09-01 15:00:00,0.06989614095455032,1
5873,40389,5,Value,2024-09-01 16:00:00,0.9317459714698747,1
5874,23200,4,Staff,2024-09-01 17:00:00,0.32211021625782976,1
5875,30140,4,Staff,2024-09-01 18:00:00,0.12050563331358388,1
5876,32580,3,Facilities,2024-09-01 19:00:00,0.5756142145554127,1
5877,2811,3,Facilities,2024-09-01 20:00:00,0.011718721288623613,1
5878,11811,1,Value,2024-09-01 21:00:00,0.04472500635091092,1
5879,1314,5,Facilities,2024-09-01 22:00:00,0.7765470574718186,1
5880,5396,4,Value,2024-09-01 23:00:00,0.7327041528070721,1
5881,4699,4,Value,2024-09-02 00:00:00,0.758025863069158,1
5882,23868,4,Food,2024-09-02 01:00:00,0.9677151030615407,1
5883,37973,4,Value,2024-09-02 02:00:00,0.7870957417199127,1
5884,1958,5,Animals,2024-09-02 03:00:00,0.2756535648395442,1
5885,48744,5,Animals,2024-09-02 04:00:00,0.05276497139773528,1
5886,5987,2,Food,2024-09-02 05:00:00,0.08005995452771753,1
5887,26193,4,Food,2024-09-02 06:00:00,0.26981076256520675,1
5888,23033,3,Value,2024-09-02 07:00:00,0.8291734281582172,1
5889,36924,4,Value,2024-09-02 08:00:00,0.44476246018428933,1
5890,13908,5,Value,2024-09-02 09:00:00,0.20318927500161765,1
5891,28439,2,Staff,2024-09-02 10:00:00,0.829826358695538,0
5892,27884,1,Staff,2024-09-02 11:00:00,0.9840642984075241,1
5893,41022,5,Staff,2024-09-02 12:00:00,0.2144896940899339,0
5894,22879,4,Facilities,2024-09-02 13:00:00,0.8968618440146539,0
5895,33161,5,Facilities,2024-09-02 14:00:00,0.6229588627745649,0
5896,47618,4,Food,2024-09-02 15:00:00,0.0753945177053369,1
5897,33207,4,Animals,2024-09-02 16:00:00,0.5252583229178185,1
5898,5484,4,Facilities,2024-09-02 17:00:00,0.0332615765587948,0
5899,13758,2,Value,2024-09-02 18:00:00,0.319282854589235,1
5900,6707,4,Animals,2024-09-02 19:00:00,0.47525445607019234,1
5901,30834,3,Food,2024-09-02 20:00:00,0.6375222357823593,1
5902,47571,5,Value,2024-09-02 21:00:00,0.08465456855728992,1
5903,28619,4,Value,2024-09-02 22:00:00,0.905573709460198,1
5904,20493,2,Staff,2024-09-02 23:00:00,0.8550444919116162,1
5905,29927,3,Staff,2024-09-03 00:00:00,0.8567980158336297,1
5906,44106,4,Staff,2024-09-03 01:00:00,0.8320949801568394,0
5907,6408,4,Food,2024-09-03 02:00:00,0.6831897421035864,0
5908,46151,4,Facilities,2024-09-03 03:00:00,0.6981548164234231,0
5909,16848,4,Value,2024-09-03 04:00:00,0.9960535233303546,1
5910,23316,5,Food,2024-09-03 05:00:00,0.14353154446789085,1
5911,1227,5,Value,2024-09-03 06:00:00,0.19226910669439,1
5912,33552,5,Facilities,2024-09-03 07:00:00,0.10380633745422663,1
5913,25811,4,Value,2024-09-03 08:00:00,0.41304329176421106,1
5914,13665,4,Food,2024-09-03 09:00:00,0.08413410185387915,1
5915,33574,5,Food,2024-09-03 10:00:00,0.953408441921966,1
5916,10916,2,Facilities,2024-09-03 11:00:00,0.807319998643472,1
5917,43846,1,Staff,2024-09-03 12:00:00,0.06910486024559814,0
5918,48055,2,Animals,2024-09-03 13:00:00,0.43067299575015006,1
5919,18651,4,Facilities,2024-09-03 14:00:00,0.8368397652058763,0
5920,3001,3,Staff,2024-09-03 15:00:00,0.38341791205699394,1
5921,13701,2,Food,2024-09-03 16:00:00,0.32490544007104616,1
5922,24589,1,Facilities,2024-09-03 17:00:00,0.7891095346061415,0
5923,26823,5,Value,2024-09-03 18:00:00,0.7587699373742786,1
5924,10361,5,Animals,2024-09-03 19:00:00,0.0802019971955592,1
5925,47151,5,Food,2024-09-03 20:00:00,0.2963322784687117,0
5926,47612,2,Animals,2024-09-03 21:00:00,0.4959092217913882,0
5927,35519,5,Staff,2024-09-03 22:00:00,0.0499741579837476,1
5928,23607,2,Food,2024-09-03 23:00:00,0.04484522072121755,0
5929,6757,4,Staff,2024-09-04 00:00:00,0.8680734124771837,1
5930,13779,4,Facilities,2024-09-04 01:00:00,0.7755434664785379,1
5931,4438,3,Food,2024-09-04 02:00:00,0.7190845049031234,0
5932,1202,4,Staff,2024-09-04 03:00:00,0.35388964609494145,1
5933,14480,2,Food,2024-09-04 04:00:00,0.2475930375045463,1
5934,42579,3,Facilities,2024-09-04 05:00:00,0.8145868842226853,1
5935,23705,5,Animals,2024-09-04 06:00:00,0.5424654337473428,0
5936,13813,4,Staff,2024-09-04 07:00:00,0.659270509429054,1
5937,45490,3,Animals,2024-09-04 08:00:00,0.7029756991592403,1
5938,37633,3,Food,2024-09-04 09:00:00,0.7416925208567787,0
5939,12558,4,Facilities,2024-09-04 10:00:00,0.9636289653363392,1
5940,28089,5,Food,2024-09-04 11:00:00,0.9041436623048053,0
5941,3841,4,Staff,2024-09-04 12:00:00,0.41207545687416947,1
5942,4638,3,Value,2024-09-04 13:00:00,0.9287184460865612,1
5943,22320,5,Value,2024-09-04 14:00:00,0.8107316425306712,1
5944,47888,2,Food,2024-09-04 15:00:00,0.5936953330495993,0
5945,48741,2,Staff,2024-09-04 16:00:00,0.614664866570813,1
5946,48872,5,Food,2024-09-04 17:00:00,0.3404166612322346,0
5947,3909,4,Staff,2024-09-04 18:00:00,0.22691673230237652,1
5948,44277,3,Animals,2024-09-04 19:00:00,0.6755019925297814,1
5949,24265,5,Facilities,2024-09-04 20:00:00,0.4443929571584325,1
5950,1320,4,Value,2024-09-04 21:00:00,0.49618555321456637,1
5951,45260,4,Food,2024-09-04 22:00:00,0.7725759431979299,1
5952,30510,5,Value,2024-09-04 23:00:00,0.02749063331363677,1
5953,49398,5,Food,2024-09-05 00:00:00,0.14429932013771063,1
5954,45065,4,Food,2024-09-05 01:00:00,0.9371258360087518,1
5955,33555,1,Staff,2024-09-05 02:00:00,0.30199802095802886,1
5956,20492,5,Animals,2024-09-05 03:00:00,0.2599502292240249,0
5957,31072,4,Animals,2024-09-05 04:00:00,0.2889027800242977,1
5958,42893,5,Facilities,2024-09-05 05:00:00,0.4971009726950629,1
5959,11707,3,Staff,2024-09-05 06:00:00,0.9729982032896907,1
5960,13268,3,Food,2024-09-05 07:00:00,0.796047014811508,1
5961,6150,4,Staff,2024-09-05 08:00:00,0.631137247168518,1
5962,11593,4,Facilities,2024-09-05 09:00:00,0.5089534155770611,1
5963,34110,4,Value,2024-09-05 10:00:00,0.7720166362812576,1
5964,38355,1,Staff,2024-09-05 11:00:00,0.7960111149056999,1
5965,9649,5,Facilities,2024-09-05 12:00:00,0.4843327493264997,1
5966,158,4,Food,2024-09-05 13:00:00,0.33747858897369176,0
5967,2790,4,Facilities,2024-09-05 14:00:00,0.8042064285574344,1
5968,47505,5,Animals,2024-09-05 15:00:00,0.49099581567892314,0
5969,24147,4,Food,2024-09-05 16:00:00,0.03879695752544032,1
5970,28527,5,Facilities,2024-09-05 17:00:00,0.7675396262671945,1
5971,14111,4,Food,2024-09-05 18:00:00,0.036924894555964594,0
5972,25928,5,Food,2024-09-05 19:00:00,0.5773785084361736,1
5973,21211,4,Facilities,2024-09-05 20:00:00,0.2639862871126032,1
5974,42380,4,Staff,2024-09-05 21:00:00,0.5848423554561213,0
5975,31670,4,Value,2024-09-05 22:00:00,0.830876985158984,1
5976,18111,5,Staff,2024-09-05 23:00:00,0.1457625732378086,0
5977,41188,5,Facilities,2024-09-06 00:00:00,0.23905134676991946,1
5978,41518,4,Facilities,2024-09-06 01:00:00,0.5379593511461046,1
5979,32848,4,Food,2024-09-06 02:00:00,0.17401495358509123,1
5980,24793,1,Staff,2024-09-06 03:00:00,0.10435448382379287,1
5981,31547,5,Value,2024-09-06 04:00:00,0.573643208147917,1
5982,44909,5,Food,2024-09-06 05:00:00,0.881604996595871,1
5983,9635,4,Facilities,2024-09-06 06:00:00,0.9414151612011614,1
5984,9812,4,Food,2024-09-06 07:00:00,0.21296804930564583,0
5985,47615,4,Value,2024-09-06 08:00:00,0.3518544900803756,0
5986,41793,5,Staff,2024-09-06 09:00:00,0.8706905643186345,1
5987,38951,5,Animals,2024-09-06 10:00:00,0.41333023262013013,0
5988,22384,4,Staff,2024-09-06 11:00:00,0.39077666802394184,1
5989,12914,4,Value,2024-09-06 12:00:00,0.2603202214775163,1
5990,40951,3,Staff,2024-09-06 13:00:00,0.6129386280824941,1
5991,9339,4,Staff,2024-09-06 14:00:00,0.9536772887312012,0
5992,14029,4,Value,2024-09-06 15:00:00,0.47140210431136875,1
5993,31063,4,Animals,2024-09-06 16:00:00,0.031138007694385572,1
5994,33923,2,Facilities,2024-09-06 17:00:00,0.49114713066543847,1
5995,42431,5,Animals,2024-09-06 18:00:00,0.16934682468555473,1
5996,29570,5,Facilities,2024-09-06 19:00:00,0.20189569280360242,1
5997,16480,4,Facilities,2024-09-06 20:00:00,0.3633550802527685,0
5998,24112,3,Staff,2024-09-06 21:00:00,0.7442747186801377,1
5999,20969,4,Facilities,2024-09-06 22:00:00,0.6242372578982756,1
6000,11724,2,Value,2024-09-06 23:00:00,0.6544755753099742,1
6001,3298,2,Facilities,2024-09-07 00:00:00,0.7319608952176998,1
6002,6266,5,Staff,2024-09-07 01:00:00,0.8676196958109396,0
6003,47364,4,Facilities,2024-09-07 02:00:00,0.10782911549658991,1
6004,21486,2,Value,2024-09-07 03:00:00,0.9738034455069174,1
6005,22772,5,Food,2024-09-07 04:00:00,0.23177365151700868,1
6006,45609,4,Food,2024-09-07 05:00:00,0.06435905874908276,1
6007,44108,4,Facilities,2024-09-07 06:00:00,0.625016334816111,1
6008,4241,4,Facilities,2024-09-07 07:00:00,0.7332799619592572,1
6009,8146,2,Value,2024-09-07 08:00:00,0.9414781820259424,0
6010,20237,4,Animals,2024-09-07 09:00:00,0.8822276309937706,1
6011,36531,4,Food,2024-09-07 10:00:00,0.9990669550119764,1
6012,47722,4,Staff,2024-09-07 11:00:00,0.848569666677366,1
6013,34679,5,Value,2024-09-07 12:00:00,0.6874993313148166,1
6014,36183,4,Value,2024-09-07 13:00:00,0.2859944692326536,1
6015,15811,4,Food,2024-09-07 14:00:00,0.33210364985613805,0
6016,9,3,Food,2024-09-07 15:00:00,0.752008878161425,0
6017,27340,5,Facilities,2024-09-07 16:00:00,0.8842197770291723,1
6018,36575,1,Animals,2024-09-07 17:00:00,0.8500512431361729,1
6019,31964,4,Value,2024-09-07 18:00:00,0.6999123891003017,1
6020,19790,5,Food,2024-09-07 19:00:00,0.7456711013719173,1
6021,31924,4,Food,2024-09-07 20:00:00,0.21584612299315775,1
6022,2836,5,Staff,2024-09-07 21:00:00,0.7166762049823324,1
6023,18018,3,Animals,2024-09-07 22:00:00,0.3222439254540709,1
6024,27547,4,Animals,2024-09-07 23:00:00,0.28083502947402506,1
6025,1870,5,Staff,2024-09-08 00:00:00,0.4902565360702995,1
6026,21968,3,Animals,2024-09-08 01:00:00,0.9706536759538718,1
6027,30895,3,Food,2024-09-08 02:00:00,0.42101608206430874,1
6028,35782,4,Value,2024-09-08 03:00:00,0.7325479557661193,0
6029,33290,4,Facilities,2024-09-08 04:00:00,0.22835999354373238,1
6030,44500,4,Value,2024-09-08 05:00:00,0.9340167176138575,1
6031,39600,5,Animals,2024-09-08 06:00:00,0.9214968241352386,1
6032,22318,5,Value,2024-09-08 07:00:00,0.7251998305262393,1
6033,13078,4,Animals,2024-09-08 08:00:00,0.6095423446154524,1
6034,14912,4,Value,2024-09-08 09:00:00,0.3227701487879864,1
6035,22730,1,Food,2024-09-08 10:00:00,0.18655237592073037,1
6036,39524,1,Food,2024-09-08 11:00:00,0.24030287563171882,0
6037,34683,1,Food,2024-09-08 12:00:00,0.3686007316917025,1
6038,30927,4,Staff,2024-09-08 13:00:00,0.6069379251761243,1
6039,21655,4,Value,2024-09-08 14:00:00,0.39754367998039386,1
6040,7967,3,Animals,2024-09-08 15:00:00,0.007241458018884206,1
6041,12369,2,Staff,2024-09-08 16:00:00,0.14490963517473965,1
6042,46008,4,Staff,2024-09-08 17:00:00,0.07556069718554514,1
6043,35357,1,Animals,2024-09-08 18:00:00,0.9918801132768356,0
6044,40946,1,Animals,2024-09-08 19:00:00,0.6658215103613705,0
6045,4032,4,Food,2024-09-08 20:00:00,0.9133598728548366,0
6046,2083,4,Staff,2024-09-08 21:00:00,0.9928954180244589,1
6047,6460,2,Animals,2024-09-08 22:00:00,0.856361837828278,1
6048,504,5,Facilities,2024-09-08 23:00:00,0.02839777284950684,0
6049,18057,5,Food,2024-09-09 00:00:00,0.4607255348482583,0
6050,40148,5,Facilities,2024-09-09 01:00:00,0.02018181566065247,1
6051,2779,3,Value,2024-09-09 02:00:00,0.39756842823500216,1
6052,14426,2,Animals,2024-09-09 03:00:00,0.32655490564171075,1
6053,17402,5,Food,2024-09-09 04:00:00,0.7734554182139568,1
6054,49149,4,Staff,2024-09-09 05:00:00,0.05155472454706467,1
6055,11150,4,Facilities,2024-09-09 06:00:00,0.6293802547367885,1
6056,28118,5,Facilities,2024-09-09 07:00:00,0.8979247527917494,1
6057,25852,4,Animals,2024-09-09 08:00:00,0.6364923039209827,1
6058,2272,3,Facilities,2024-09-09 09:00:00,0.303026414943367,0
6059,36072,5,Facilities,2024-09-09 10:00:00,0.2070740216755278,1
6060,19835,2,Staff,2024-09-09 11:00:00,0.16429312491942827,0
6061,1100,4,Facilities,2024-09-09 12:00:00,0.867303927426519,1
6062,48146,3,Facilities,2024-09-09 13:00:00,0.03178864900837153,1
6063,21288,4,Facilities,2024-09-09 14:00:00,0.09810479472124767,1
6064,45921,4,Facilities,2024-09-09 15:00:00,0.3988714131066362,0
6065,9302,3,Food,2024-09-09 16:00:00,0.8060010502690235,1
6066,18658,5,Value,2024-09-09 17:00:00,0.5178062561695497,1
6067,39591,3,Staff,2024-09-09 18:00:00,0.4703540177884855,0
6068,37503,5,Facilities,2024-09-09 19:00:00,0.3314639621675093,1
6069,47569,4,Value,2024-09-09 20:00:00,0.5018253910052647,1
6070,29368,5,Food,2024-09-09 21:00:00,0.24753946819903216,1
6071,32018,3,Value,2024-09-09 22:00:00,0.8671217081270739,1
6072,43313,2,Facilities,2024-09-09 23:00:00,0.8733597401263459,1
6073,35226,2,Staff,2024-09-10 00:00:00,0.43351041016820535,0
6074,14251,4,Facilities,2024-09-10 01:00:00,0.09965515916797352,1
6075,37264,4,Food,2024-09-10 02:00:00,0.7673373050968766,1
6076,11521,4,Staff,2024-09-10 03:00:00,0.5010137484552712,1
6077,37552,5,Food,2024-09-10 04:00:00,0.06228282007642749,1
6078,38931,1,Staff,2024-09-10 05:00:00,0.5940525629680316,1
6079,47891,5,Food,2024-09-10 06:00:00,0.2000292102267729,1
6080,29402,2,Staff,2024-09-10 07:00:00,0.35651916286329643,1
6081,10976,5,Staff,2024-09-10 08:00:00,0.230335724921357,0
6082,46620,4,Staff,2024-09-10 09:00:00,0.10944575595189421,1
6083,25273,4,Value,2024-09-10 10:00:00,0.06121135424797597,1
6084,27975,2,Food,2024-09-10 11:00:00,0.5334136755185386,1
6085,46765,2,Animals,2024-09-10 12:00:00,0.46141451503181297,1
6086,2664,1,Value,2024-09-10 13:00:00,0.33090748314316065,1
6087,20492,5,Food,2024-09-10 14:00:00,0.5903807396814668,1
6088,15916,5,Value,2024-09-10 15:00:00,0.08693208932272312,0
6089,20794,5,Staff,2024-09-10 16:00:00,0.3549721224079798,0
6090,30801,4,Staff,2024-09-10 17:00:00,0.18598231881589855,1
6091,34451,1,Value,2024-09-10 18:00:00,0.8785780679455888,1
6092,4821,4,Staff,2024-09-10 19:00:00,0.7100332456949218,1
6093,29653,3,Facilities,2024-09-10 20:00:00,0.8411908106411938,1
6094,25057,3,Value,2024-09-10 21:00:00,0.5692361579678736,1
6095,11816,3,Facilities,2024-09-10 22:00:00,0.39592516598139005,1
6096,46528,4,Facilities,2024-09-10 23:00:00,0.7786048652577994,1
6097,26533,5,Food,2024-09-11 00:00:00,0.9758922814544189,1
6098,38034,4,Food,2024-09-11 01:00:00,0.5691885339229494,1
6099,8264,2,Staff,2024-09-11 02:00:00,0.28871609040295476,1
6100,26885,1,Food,2024-09-11 03:00:00,0.47441959648648724,1
6101,23961,5,Facilities,2024-09-11 04:00:00,0.6955286181403003,1
6102,38271,4,Food,2024-09-11 05:00:00,0.7508475923634673,0
6103,36163,3,Food,2024-09-11 06:00:00,0.027630246007603998,1
6104,8088,5,Staff,2024-09-11 07:00:00,0.7361256468323246,1
6105,39613,5,Staff,2024-09-11 08:00:00,0.6552826056624015,0
6106,42248,4,Value,2024-09-11 09:00:00,0.8090586569970244,1
6107,3264,4,Food,2024-09-11 10:00:00,0.3740646986156332,1
6108,29315,5,Staff,2024-09-11 11:00:00,0.6918569403879308,1
6109,42642,4,Animals,2024-09-11 12:00:00,0.2821803668774233,1
6110,38040,3,Value,2024-09-11 13:00:00,0.026345348556996107,1
6111,25128,4,Value,2024-09-11 14:00:00,0.4733191994248893,1
6112,47007,3,Facilities,2024-09-11 15:00:00,0.14551144496692725,1
6113,12360,3,Animals,2024-09-11 16:00:00,0.592693447301637,1
6114,5193,1,Facilities,2024-09-11 17:00:00,0.17521123889539225,1
6115,20633,5,Staff,2024-09-11 18:00:00,0.6977564448438881,1
6116,14261,5,Value,2024-09-11 19:00:00,0.14160191068341643,1
6117,32635,4,Value,2024-09-11 20:00:00,0.5997966368907328,1
6118,13066,5,Animals,2024-09-11 21:00:00,0.527602021536456,1
6119,22573,4,Staff,2024-09-11 22:00:00,0.37857608769061735,1
6120,2435,4,Food,2024-09-11 23:00:00,0.6276089245025241,1
6121,5620,4,Value,2024-09-12 00:00:00,0.652423879600292,1
6122,35682,4,Staff,2024-09-12 01:00:00,0.7222122856659462,1
6123,31571,5,Staff,2024-09-12 02:00:00,0.3810802586761476,1
6124,38197,4,Food,2024-09-12 03:00:00,0.9676895633480316,1
6125,40627,5,Food,2024-09-12 04:00:00,0.019744081776966182,0
6126,39277,2,Animals,2024-09-12 05:00:00,0.560014786524247,0
6127,11527,4,Food,2024-09-12 06:00:00,0.5582504035093537,0
6128,11172,4,Food,2024-09-12 07:00:00,0.679555833683842,1
6129,25221,4,Animals,2024-09-12 08:00:00,0.7212398990604278,1
6130,6192,3,Value,2024-09-12 09:00:00,0.5801952149238968,1
6131,42517,4,Value,2024-09-12 10:00:00,0.8773664260060445,1
6132,11059,2,Food,2024-09-12 11:00:00,0.6983125854469604,1
6133,2708,5,Staff,2024-09-12 12:00:00,0.9090054296316915,1
6134,30539,5,Food,2024-09-12 13:00:00,0.1250656392383498,1
6135,34482,4,Value,2024-09-12 14:00:00,0.6280685563119686,0
6136,37140,4,Animals,2024-09-12 15:00:00,0.5445146517429467,1
6137,14816,3,Facilities,2024-09-12 16:00:00,0.8775655725097219,0
6138,30087,4,Animals,2024-09-12 17:00:00,0.15028980952669457,1
6139,42717,5,Value,2024-09-12 18:00:00,0.8158570489130845,0
6140,42571,5,Facilities,2024-09-12 19:00:00,0.2403067006032218,0
6141,20687,4,Animals,2024-09-12 20:00:00,0.8591645315061618,0
6142,44300,5,Staff,2024-09-12 21:00:00,0.816191117033868,1
6143,30744,1,Food,2024-09-12 22:00:00,0.47381457071944055,1
6144,9068,5,Animals,2024-09-12 23:00:00,0.2346350881965521,0
6145,48309,3,Staff,2024-09-13 00:00:00,0.13042818809880763,0
6146,23312,5,Staff,2024-09-13 01:00:00,0.41158416666518227,1
6147,4103,5,Value,2024-09-13 02:00:00,0.555986184755199,1
6148,7973,2,Animals,2024-09-13 03:00:00,0.12840276941157014,1
6149,2928,3,Food,2024-09-13 04:00:00,0.16959343288517847,1
6150,10811,5,Staff,2024-09-13 05:00:00,0.210472691854503,1
6151,29905,4,Staff,2024-09-13 06:00:00,0.3805885553210835,1
6152,9225,3,Facilities,2024-09-13 07:00:00,0.43257391811209567,1
6153,18715,5,Value,2024-09-13 08:00:00,0.22713524651055572,0
6154,7716,4,Staff,2024-09-13 09:00:00,0.5878665583546352,1
6155,37053,4,Value,2024-09-13 10:00:00,0.3608878235403792,0
6156,12220,2,Food,2024-09-13 11:00:00,0.7270847111930321,1
6157,30165,3,Facilities,2024-09-13 12:00:00,0.5703599004957178,1
6158,17372,4,Facilities,2024-09-13 13:00:00,0.24338640912632148,1
6159,17273,5,Staff,2024-09-13 14:00:00,0.5717945783613001,1
6160,8588,5,Food,2024-09-13 15:00:00,0.9374058802106588,1
6161,25422,5,Value,2024-09-13 16:00:00,0.1970002663980941,1
6162,43260,5,Staff,2024-09-13 17:00:00,0.11593766344195344,1
6163,32683,4,Animals,2024-09-13 18:00:00,0.9732858333816875,1
6164,30941,2,Staff,2024-09-13 19:00:00,0.4157473011210995,1
6165,47500,4,Animals,2024-09-13 20:00:00,0.9817894092240838,1
6166,11520,2,Facilities,2024-09-13 21:00:00,0.9312006401462172,1
6167,5635,3,Facilities,2024-09-13 22:00:00,0.9503914905024635,1
6168,17496,3,Staff,2024-09-13 23:00:00,0.42333433690096267,1
6169,42443,4,Animals,2024-09-14 00:00:00,0.24181524172154,1
6170,41868,4,Food,2024-09-14 01:00:00,0.9338578117404747,0
6171,30434,3,Value,2024-09-14 02:00:00,0.6200034071427407,1
6172,19723,2,Value,2024-09-14 03:00:00,0.09724468252936047,0
6173,19731,5,Value,2024-09-14 04:00:00,0.9005754303910432,1
6174,8672,4,Animals,2024-09-14 05:00:00,0.41096882306758586,0
6175,16427,2,Value,2024-09-14 06:00:00,0.3972682580525304,0
6176,33053,5,Staff,2024-09-14 07:00:00,0.4968677011146312,1
6177,8300,4,Value,2024-09-14 08:00:00,0.03678470650486165,0
6178,11030,4,Value,2024-09-14 09:00:00,0.04790218118107259,1
6179,13181,5,Staff,2024-09-14 10:00:00,0.972545659112119,1
6180,47486,5,Food,2024-09-14 11:00:00,0.5251052019006528,1
6181,40422,4,Staff,2024-09-14 12:00:00,0.36502996684626743,1
6182,40698,4,Facilities,2024-09-14 13:00:00,0.43242823572060185,1
6183,18350,5,Facilities,2024-09-14 14:00:00,0.37816205395869673,0
6184,49360,5,Value,2024-09-14 15:00:00,0.19214144244200526,1
6185,41696,4,Value,2024-09-14 16:00:00,0.8829537962596294,1
6186,30920,4,Food,2024-09-14 17:00:00,0.8136799540004829,1
6187,20475,4,Food,2024-09-14 18:00:00,0.7036221285316588,1
6188,22178,4,Animals,2024-09-14 19:00:00,0.9534366379802269,1
6189,22059,4,Facilities,2024-09-14 20:00:00,0.8792755038903732,1
6190,21227,5,Animals,2024-09-14 21:00:00,0.8009145419471446,1
6191,5660,4,Staff,2024-09-14 22:00:00,0.52934562265822,1
6192,40615,5,Value,2024-09-14 23:00:00,0.8726952254965588,1
6193,7659,5,Food,2024-09-15 00:00:00,0.7903580550032373,1
6194,45127,4,Food,2024-09-15 01:00:00,0.5755740266108208,1
6195,46970,4,Animals,2024-09-15 02:00:00,0.4038693974278237,1
6196,11153,1,Staff,2024-09-15 03:00:00,0.5540407501726317,1
6197,9328,5,Staff,2024-09-15 04:00:00,0.025835901615724244,1
6198,34422,4,Staff,2024-09-15 05:00:00,0.03194488978059984,1
6199,23769,4,Facilities,2024-09-15 06:00:00,0.048146163951632515,1
6200,3878,4,Food,2024-09-15 07:00:00,0.4428311387630097,1
6201,33190,3,Animals,2024-09-15 08:00:00,0.782048939991509,1
6202,13365,5,Value,2024-09-15 09:00:00,0.27589962595437656,1
6203,21818,4,Value,2024-09-15 10:00:00,0.04657379023102348,1
6204,36266,5,Facilities,2024-09-15 11:00:00,0.3806997683411918,1
6205,13685,1,Food,2024-09-15 12:00:00,0.29939884661253924,1
6206,34726,3,Facilities,2024-09-15 13:00:00,0.6551261346407271,0
6207,14586,5,Food,2024-09-15 14:00:00,0.2657623116958924,1
6208,14474,5,Animals,2024-09-15 15:00:00,0.09032615898612684,1
6209,4895,5,Value,2024-09-15 16:00:00,0.10906254709134466,1
6210,30166,4,Staff,2024-09-15 17:00:00,0.4484955298723703,1
6211,45038,5,Staff,2024-09-15 18:00:00,0.030159668284498897,1
6212,31335,4,Food,2024-09-15 19:00:00,0.6291022769939957,1
6213,36020,4,Food,2024-09-15 20:00:00,0.9075900445574765,1
6214,24358,5,Animals,2024-09-15 21:00:00,0.6962251950784324,1
6215,29243,5,Food,2024-09-15 22:00:00,0.8247243216089498,0
6216,1734,4,Staff,2024-09-15 23:00:00,0.8680302854587298,0
6217,27472,4,Value,2024-09-16 00:00:00,0.9571958732526255,1
6218,2263,4,Facilities,2024-09-16 01:00:00,0.25454486455025616,1
6219,36101,3,Food,2024-09-16 02:00:00,0.9990831659794649,1
6220,22250,3,Animals,2024-09-16 03:00:00,0.6292550599856818,1
6221,32292,3,Facilities,2024-09-16 04:00:00,0.9185688949428835,1
6222,49211,5,Food,2024-09-16 05:00:00,0.2482744840752199,1
6223,18641,2,Food,2024-09-16 06:00:00,0.7694277357239511,1
6224,25,1,Value,2024-09-16 07:00:00,0.9701736448628442,0
6225,32121,4,Animals,2024-09-16 08:00:00,0.7310125002559053,1
6226,4894,4,Food,2024-09-16 09:00:00,0.5807161866192191,1
6227,44711,3,Facilities,2024-09-16 10:00:00,0.7766314685980107,1
6228,29789,5,Food,2024-09-16 11:00:00,0.9928383996691591,1
6229,28638,4,Value,2024-09-16 12:00:00,0.5673478913829066,1
6230,46612,1,Facilities,2024-09-16 13:00:00,0.3878434090058793,1
6231,27104,4,Food,2024-09-16 14:00:00,0.5129145126132347,1
6232,29344,3,Staff,2024-09-16 15:00:00,0.3086961469873857,1
6233,33323,4,Staff,2024-09-16 16:00:00,0.05865984607293018,0
6234,9968,2,Staff,2024-09-16 17:00:00,0.4113419040226657,1
6235,39960,3,Facilities,2024-09-16 18:00:00,0.4263595485884274,1
6236,16020,4,Facilities,2024-09-16 19:00:00,0.1444124915423588,1
6237,8177,4,Staff,2024-09-16 20:00:00,0.4154501169542637,1
6238,8869,3,Facilities,2024-09-16 21:00:00,0.09886048872175701,1
6239,12516,5,Staff,2024-09-16 22:00:00,0.12583535444209504,1
6240,1636,3,Value,2024-09-16 23:00:00,0.8325525616107298,1
6241,3811,4,Value,2024-09-17 00:00:00,0.9863331876138292,1
6242,1908,4,Staff,2024-09-17 01:00:00,0.7105571389573861,1
6243,11697,3,Animals,2024-09-17 02:00:00,0.4878812856419843,1
6244,46120,2,Animals,2024-09-17 03:00:00,0.533300504029876,1
6245,9996,4,Food,2024-09-17 04:00:00,0.504878451944264,1
6246,47655,5,Food,2024-09-17 05:00:00,0.5721774038252908,1
6247,951,3,Staff,2024-09-17 06:00:00,0.9613793474343135,1
6248,42965,3,Food,2024-09-17 07:00:00,0.9102280449623749,1
6249,42208,4,Food,2024-09-17 08:00:00,0.602458532217996,1
6250,12417,3,Food,2024-09-17 09:00:00,0.6212075582756179,1
6251,9815,4,Facilities,2024-09-17 10:00:00,0.21595114561814566,1
6252,30250,3,Food,2024-09-17 11:00:00,0.5590494086346558,0
6253,1121,5,Facilities,2024-09-17 12:00:00,0.2231761000659499,1
6254,40557,1,Staff,2024-09-17 13:00:00,0.3732547868396735,1
6255,28164,3,Food,2024-09-17 14:00:00,0.45287895218851715,1
6256,13154,4,Value,2024-09-17 15:00:00,0.9753572600327161,1
6257,4015,4,Food,2024-09-17 16:00:00,0.33230185929924205,1
6258,7874,2,Staff,2024-09-17 17:00:00,0.1403534710659985,1
6259,32108,2,Staff,2024-09-17 18:00:00,0.5783578096579614,1
6260,41297,4,Animals,2024-09-17 19:00:00,0.21527316943387953,1
6261,45928,3,Facilities,2024-09-17 20:00:00,0.9686887643802675,1
6262,18166,4,Food,2024-09-17 21:00:00,0.9218340863569032,1
6263,41306,3,Food,2024-09-17 22:00:00,0.06367526609042196,1
6264,49000,5,Food,2024-09-17 23:00:00,0.7191405013383851,1
6265,19382,4,Staff,2024-09-18 00:00:00,0.31385801212309783,1
6266,37032,1,Facilities,2024-09-18 01:00:00,0.6093244025879849,1
6267,17889,5,Staff,2024-09-18 02:00:00,0.20095198588545604,1
6268,14267,4,Facilities,2024-09-18 03:00:00,0.14909542772422102,1
6269,2697,4,Food,2024-09-18 04:00:00,0.033165299235821344,0
6270,33391,4,Animals,2024-09-18 05:00:00,0.7782247359526244,1
6271,36705,3,Facilities,2024-09-18 06:00:00,0.9339770896189659,1
6272,28883,5,Animals,2024-09-18 07:00:00,0.5834043692846449,1
6273,37211,4,Staff,2024-09-18 08:00:00,0.2966985042110212,1
6274,19437,4,Food,2024-09-18 09:00:00,0.71590776983463,1
6275,452,5,Food,2024-09-18 10:00:00,0.5395879285395454,1
6276,31703,4,Facilities,2024-09-18 11:00:00,0.40266212732645223,1
6277,38130,3,Value,2024-09-18 12:00:00,0.16742073470241148,1
6278,48597,4,Staff,2024-09-18 13:00:00,0.9048580272085506,1
6279,12025,4,Staff,2024-09-18 14:00:00,0.8811303413732056,0
6280,27541,3,Food,2024-09-18 15:00:00,0.8404647723143215,1
6281,8963,5,Animals,2024-09-18 16:00:00,0.39423492972679597,1
6282,7870,4,Animals,2024-09-18 17:00:00,0.5400348294136469,1
6283,28975,3,Value,2024-09-18 18:00:00,0.24655910658185953,1
6284,40884,4,Value,2024-09-18 19:00:00,0.5958522857329425,0
6285,9923,4,Staff,2024-09-18 20:00:00,0.5643428607879347,1
6286,4582,3,Facilities,2024-09-18 21:00:00,0.5274485732352893,1
6287,23756,4,Facilities,2024-09-18 22:00:00,0.8043718620240732,1
6288,14375,4,Staff,2024-09-18 23:00:00,0.8948313981655716,0
6289,42478,5,Value,2024-09-19 00:00:00,0.10741452457402545,1
6290,1343,4,Facilities,2024-09-19 01:00:00,0.664274562227334,1
6291,42379,4,Value,2024-09-19 02:00:00,0.8322517480770032,1
6292,10210,4,Value,2024-09-19 03:00:00,0.41016509621626296,1
6293,19025,5,Value,2024-09-19 04:00:00,0.9907025187289521,1
6294,27325,4,Facilities,2024-09-19 05:00:00,0.50800967712524,1
6295,49650,5,Animals,2024-09-19 06:00:00,0.41777264034799033,1
6296,2730,4,Animals,2024-09-19 07:00:00,0.8367223438840933,0
6297,17249,4,Facilities,2024-09-19 08:00:00,0.9448787326033476,1
6298,23307,4,Value,2024-09-19 09:00:00,0.9716340742026716,1
6299,16855,5,Facilities,2024-09-19 10:00:00,0.2744211427719734,1
6300,26919,5,Facilities,2024-09-19 11:00:00,0.452950047452376,1
6301,7825,4,Facilities,2024-09-19 12:00:00,0.08794426926493049,1
6302,3760,4,Facilities,2024-09-19 13:00:00,0.6584320888355507,0
6303,45775,5,Facilities,2024-09-19 14:00:00,0.8097914568287946,1
6304,35934,4,Facilities,2024-09-19 15:00:00,0.2087782287108525,1
6305,32909,5,Staff,2024-09-19 16:00:00,0.6604714937512749,0
6306,44399,1,Animals,2024-09-19 17:00:00,0.2006862428188323,1
6307,46503,3,Staff,2024-09-19 18:00:00,0.25850423619260043,1
6308,46813,4,Animals,2024-09-19 19:00:00,0.6589493425850536,1
6309,41762,4,Food,2024-09-19 20:00:00,0.7324675640748941,1
6310,4918,5,Food,2024-09-19 21:00:00,0.6849644406253075,1
6311,36562,4,Animals,2024-09-19 22:00:00,0.5035091887905132,0
6312,45416,2,Staff,2024-09-19 23:00:00,0.5061424171626191,1
6313,43422,3,Value,2024-09-20 00:00:00,0.0013699488738033727,1
6314,8163,4,Staff,2024-09-20 01:00:00,0.09722957869869076,1
6315,1238,2,Value,2024-09-20 02:00:00,0.5554011125920966,0
6316,45715,5,Value,2024-09-20 03:00:00,0.06175678554830988,1
6317,2879,4,Food,2024-09-20 04:00:00,0.028816883046166586,1
6318,30329,4,Animals,2024-09-20 05:00:00,0.821886469937007,1
6319,15042,5,Food,2024-09-20 06:00:00,0.44165443748380295,1
6320,3464,3,Value,2024-09-20 07:00:00,0.4048252658636311,1
6321,19481,5,Animals,2024-09-20 08:00:00,0.7095591106377631,1
6322,7777,5,Food,2024-09-20 09:00:00,0.6352590037933455,0
6323,45655,4,Value,2024-09-20 10:00:00,0.5807062825844649,0
6324,41772,5,Staff,2024-09-20 11:00:00,0.10719122395585123,0
6325,19875,2,Staff,2024-09-20 12:00:00,0.5522016879062258,1
6326,32290,3,Staff,2024-09-20 13:00:00,0.5225583163205539,1
6327,18128,3,Staff,2024-09-20 14:00:00,0.12727488555837574,1
6328,46732,2,Value,2024-09-20 15:00:00,0.558811939320205,1
6329,16855,2,Staff,2024-09-20 16:00:00,0.8302191030676417,1
6330,1248,5,Value,2024-09-20 17:00:00,0.11784371013962158,1
6331,49134,5,Value,2024-09-20 18:00:00,0.3809250163303821,1
6332,10284,1,Staff,2024-09-20 19:00:00,0.28173011274852955,1
6333,30572,4,Facilities,2024-09-20 20:00:00,0.30513890612949146,0
6334,5529,4,Staff,2024-09-20 21:00:00,0.042675161826390084,1
6335,31185,4,Food,2024-09-20 22:00:00,0.3515212955696053,1
6336,13138,4,Food,2024-09-20 23:00:00,0.9121623359562228,1
6337,37745,1,Food,2024-09-21 00:00:00,0.40142757805960816,1
6338,3888,4,Animals,2024-09-21 01:00:00,0.05384681185877804,1
6339,9730,5,Animals,2024-09-21 02:00:00,0.3217221490135208,1
6340,11307,5,Food,2024-09-21 03:00:00,0.397696223678235,1
6341,46190,4,Facilities,2024-09-21 04:00:00,0.3993145037141054,0
6342,26512,3,Food,2024-09-21 05:00:00,0.675548650168773,1
6343,47558,4,Staff,2024-09-21 06:00:00,0.5653261565210197,1
6344,47673,5,Value,2024-09-21 07:00:00,0.02459294308537896,1
6345,48782,5,Animals,2024-09-21 08:00:00,0.42133655122859437,1
6346,21563,5,Animals,2024-09-21 09:00:00,0.40701448467192824,1
6347,40692,3,Staff,2024-09-21 10:00:00,0.7001393932685752,0
6348,17278,5,Facilities,2024-09-21 11:00:00,0.8674936358815152,1
6349,49667,3,Facilities,2024-09-21 12:00:00,0.8113052142095685,0
6350,26778,4,Value,2024-09-21 13:00:00,0.9706954938150005,1
6351,3058,3,Animals,2024-09-21 14:00:00,0.6075419239418739,1
6352,8353,5,Value,2024-09-21 15:00:00,0.7950224731698149,1
6353,39778,5,Animals,2024-09-21 16:00:00,0.373962882456361,1
6354,1077,2,Value,2024-09-21 17:00:00,0.5197259560866367,1
6355,22917,5,Food,2024-09-21 18:00:00,0.8340927804787375,1
6356,18420,3,Staff,2024-09-21 19:00:00,0.16905603006644054,1
6357,15182,4,Value,2024-09-21 20:00:00,0.6977240867229048,1
6358,26365,4,Value,2024-09-21 21:00:00,0.7004658824889176,1
6359,14913,2,Animals,2024-09-21 22:00:00,0.972960978406193,1
6360,23091,4,Staff,2024-09-21 23:00:00,0.20190995532426048,1
6361,18272,5,Staff,2024-09-22 00:00:00,0.38272837992060904,0
6362,18723,3,Food,2024-09-22 01:00:00,0.18218635775744807,0
6363,24520,4,Facilities,2024-09-22 02:00:00,0.33097201160774126,1
6364,22131,4,Facilities,2024-09-22 03:00:00,0.9683623516279297,1
6365,12078,3,Value,2024-09-22 04:00:00,0.2663040978952461,1
6366,48152,3,Facilities,2024-09-22 05:00:00,0.9781119776007796,1
6367,2675,5,Facilities,2024-09-22 06:00:00,0.8243128176285748,1
6368,19677,5,Animals,2024-09-22 07:00:00,0.8813283460201883,1
6369,41533,4,Staff,2024-09-22 08:00:00,0.8020026613044964,1
6370,37007,2,Animals,2024-09-22 09:00:00,0.5445345492991974,1
6371,2471,5,Animals,2024-09-22 10:00:00,0.37927089248956547,0
6372,10385,4,Food,2024-09-22 11:00:00,0.7208334700061881,0
6373,16838,4,Value,2024-09-22 12:00:00,0.5460791865775938,1
6374,33406,4,Facilities,2024-09-22 13:00:00,0.9469408730257196,1
6375,7523,3,Facilities,2024-09-22 14:00:00,0.2715575654629758,1
6376,30874,4,Staff,2024-09-22 15:00:00,0.8914093798578148,0
6377,44034,2,Food,2024-09-22 16:00:00,0.6539416881038379,1
6378,536,5,Facilities,2024-09-22 17:00:00,0.48160963391542067,1
6379,21475,3,Value,2024-09-22 18:00:00,0.56514728326744,1
6380,2522,4,Food,2024-09-22 19:00:00,0.38580213853441414,1
6381,27564,5,Facilities,2024-09-22 20:00:00,0.16729826296383365,1
6382,38266,2,Animals,2024-09-22 21:00:00,0.45983443897420184,1
6383,16527,3,Animals,2024-09-22 22:00:00,0.3453811053541568,0
6384,44415,5,Animals,2024-09-22 23:00:00,0.36497552706183767,1
6385,12555,5,Staff,2024-09-23 00:00:00,0.6624741895962435,1
6386,9168,5,Staff,2024-09-23 01:00:00,0.8639858798849874,1
6387,25458,2,Food,2024-09-23 02:00:00,0.2846247064986773,0
6388,27078,2,Facilities,2024-09-23 03:00:00,0.45898863877222873,0
6389,8784,3,Value,2024-09-23 04:00:00,0.8914913371386258,1
6390,40344,5,Value,2024-09-23 05:00:00,0.9426603671207548,1
6391,4328,5,Staff,2024-09-23 06:00:00,0.6085759013877987,1
6392,33185,5,Facilities,2024-09-23 07:00:00,0.957463613384077,1
6393,28012,4,Facilities,2024-09-23 08:00:00,0.14762594979492394,1
6394,17973,4,Value,2024-09-23 09:00:00,0.0350976504380448,1
6395,39363,5,Staff,2024-09-23 10:00:00,0.25885888485501074,1
6396,4686,5,Value,2024-09-23 11:00:00,0.04687890212011725,1
6397,43428,5,Food,2024-09-23 12:00:00,0.6132998077983476,0
6398,35715,5,Animals,2024-09-23 13:00:00,0.48206540548012566,1
6399,8021,5,Facilities,2024-09-23 14:00:00,0.4698470936064236,1
6400,28916,2,Facilities,2024-09-23 15:00:00,0.03208044733873727,0
6401,39840,3,Staff,2024-09-23 16:00:00,0.8184901626727002,0
6402,9879,4,Value,2024-09-23 17:00:00,0.5423126581373824,0
6403,11855,4,Staff,2024-09-23 18:00:00,0.7863271713971081,1
6404,11725,4,Staff,2024-09-23 19:00:00,0.12627687905996565,1
6405,40888,5,Food,2024-09-23 20:00:00,0.41258533126953556,0
6406,49724,4,Food,2024-09-23 21:00:00,0.8237620450510931,1
6407,36227,4,Facilities,2024-09-23 22:00:00,0.8541541618162964,1
6408,31081,5,Facilities,2024-09-23 23:00:00,0.18411955842631333,1
6409,7340,5,Food,2024-09-24 00:00:00,0.7038347392614539,1
6410,27516,5,Staff,2024-09-24 01:00:00,0.7115020948047892,1
6411,27880,4,Staff,2024-09-24 02:00:00,0.8781807226664538,1
6412,26845,4,Food,2024-09-24 03:00:00,0.32628552591666526,0
6413,34646,5,Animals,2024-09-24 04:00:00,0.8424981879309993,1
6414,16901,4,Value,2024-09-24 05:00:00,0.5447796663062561,1
6415,14369,4,Food,2024-09-24 06:00:00,0.3970985978778835,0
6416,47125,3,Animals,2024-09-24 07:00:00,0.22018581461759767,1
6417,3170,3,Facilities,2024-09-24 08:00:00,0.06250203041116142,1
6418,4073,4,Animals,2024-09-24 09:00:00,0.03080535794068373,1
6419,33082,4,Value,2024-09-24 10:00:00,0.9583099222515286,0
6420,8335,5,Food,2024-09-24 11:00:00,0.8109425091533901,1
6421,37049,4,Animals,2024-09-24 12:00:00,0.7104091184020606,0
6422,28334,4,Staff,2024-09-24 13:00:00,0.6791381007446388,1
6423,33274,5,Facilities,2024-09-24 14:00:00,0.8564270374203564,1
6424,4273,3,Value,2024-09-24 15:00:00,0.4923354195491654,1
6425,41861,5,Food,2024-09-24 16:00:00,0.9318541527382729,1
6426,17120,5,Animals,2024-09-24 17:00:00,0.23977054395096264,0
6427,9535,5,Food,2024-09-24 18:00:00,0.7898977213669952,0
6428,36007,4,Value,2024-09-24 19:00:00,0.970033091263112,1
6429,36305,5,Value,2024-09-24 20:00:00,0.9590567406133652,1
6430,27083,4,Food,2024-09-24 21:00:00,0.851216989917423,1
6431,34244,5,Staff,2024-09-24 22:00:00,0.7304463822373854,1
6432,23050,5,Food,2024-09-24 23:00:00,0.009873124267142042,1
6433,19479,3,Facilities,2024-09-25 00:00:00,0.5060171786754598,1
6434,30802,5,Staff,2024-09-25 01:00:00,0.6688493168576106,1
6435,7854,2,Value,2024-09-25 02:00:00,0.8285907099780854,1
6436,34846,2,Value,2024-09-25 03:00:00,0.862491207603432,1
6437,34102,2,Food,2024-09-25 04:00:00,0.6255944084889126,0
6438,39186,3,Staff,2024-09-25 05:00:00,0.17800635445615653,1
6439,14431,2,Staff,2024-09-25 06:00:00,0.8065701357178083,1
6440,11252,3,Animals,2024-09-25 07:00:00,0.9292817802314821,1
6441,39,5,Animals,2024-09-25 08:00:00,0.34974894981039106,0
6442,49703,5,Staff,2024-09-25 09:00:00,0.6511965369312063,0
6443,46263,5,Value,2024-09-25 10:00:00,0.9045434693065121,1
6444,30815,5,Value,2024-09-25 11:00:00,0.7757280381888482,1
6445,7517,4,Facilities,2024-09-25 12:00:00,0.5045637725061172,1
6446,38876,5,Value,2024-09-25 13:00:00,0.2675051091432994,1
6447,44699,2,Food,2024-09-25 14:00:00,0.4748154273626173,1
6448,6415,5,Food,2024-09-25 15:00:00,0.828916212230174,1
6449,27788,4,Facilities,2024-09-25 16:00:00,0.23540256428266737,1
6450,47853,4,Value,2024-09-25 17:00:00,0.3363688489354969,1
6451,11901,2,Food,2024-09-25 18:00:00,0.7369210765513808,1
6452,30455,4,Value,2024-09-25 19:00:00,0.7807220271557179,1
6453,26079,4,Animals,2024-09-25 20:00:00,0.4395636199462094,1
6454,48162,5,Food,2024-09-25 21:00:00,0.24978577764649645,1
6455,25196,4,Value,2024-09-25 22:00:00,0.9988010235864073,1
6456,3737,3,Animals,2024-09-25 23:00:00,0.07300227947772742,1
6457,9967,3,Staff,2024-09-26 00:00:00,0.9893628069340278,1
6458,49131,5,Animals,2024-09-26 01:00:00,0.08283951543413304,0
6459,21564,3,Facilities,2024-09-26 02:00:00,0.4078165519299991,1
6460,1891,3,Animals,2024-09-26 03:00:00,0.1379813441682356,1
6461,44079,4,Food,2024-09-26 04:00:00,0.9415881985472753,1
6462,43555,5,Animals,2024-09-26 05:00:00,0.771626020034347,1
6463,43968,2,Animals,2024-09-26 06:00:00,0.06281228587015997,1
6464,7976,5,Food,2024-09-26 07:00:00,0.12346397564699751,1
6465,6850,5,Value,2024-09-26 08:00:00,0.9960484314368401,1
6466,17624,1,Value,2024-09-26 09:00:00,0.12197999978457852,1
6467,35343,5,Food,2024-09-26 10:00:00,0.6971448460384694,1
6468,26065,4,Value,2024-09-26 11:00:00,0.33275996993971013,1
6469,35973,3,Staff,2024-09-26 12:00:00,0.7930649137452535,0
6470,1612,5,Staff,2024-09-26 13:00:00,0.5539767992399753,1
6471,48115,3,Value,2024-09-26 14:00:00,0.5527045367218966,1
6472,31127,3,Animals,2024-09-26 15:00:00,0.5842526434846264,1
6473,34010,5,Facilities,2024-09-26 16:00:00,0.8680610454290059,1
6474,17559,3,Value,2024-09-26 17:00:00,0.17676584713070087,0
6475,47824,4,Animals,2024-09-26 18:00:00,0.22800271618301504,1
6476,8689,4,Value,2024-09-26 19:00:00,0.9158193230798811,1
6477,34174,4,Food,2024-09-26 20:00:00,0.6917182771041499,1
6478,34260,3,Food,2024-09-26 21:00:00,0.18057402389291333,1
6479,24266,5,Staff,2024-09-26 22:00:00,0.021430900510195472,1
6480,4742,4,Food,2024-09-26 23:00:00,0.28152138094817825,1
6481,31226,5,Value,2024-09-27 00:00:00,0.7705327500495489,1
6482,44134,5,Staff,2024-09-27 01:00:00,0.5039301652389501,1
6483,49705,5,Animals,2024-09-27 02:00:00,0.39112618335690086,1
6484,3979,3,Facilities,2024-09-27 03:00:00,0.017533063964417672,1
6485,22131,4,Facilities,2024-09-27 04:00:00,0.87130921911694,1
6486,48430,5,Staff,2024-09-27 05:00:00,0.6216079196472561,1
6487,36763,5,Staff,2024-09-27 06:00:00,0.10309019441304845,1
6488,29004,5,Food,2024-09-27 07:00:00,0.0916293985571136,1
6489,18208,5,Animals,2024-09-27 08:00:00,0.28376631539445507,1
6490,44181,3,Value,2024-09-27 09:00:00,0.15395988544456596,1
6491,16578,4,Staff,2024-09-27 10:00:00,0.12875528381282086,1
6492,25078,3,Food,2024-09-27 11:00:00,0.17028631019872886,1
6493,3275,5,Value,2024-09-27 12:00:00,0.03265355976941653,1
6494,18028,5,Value,2024-09-27 13:00:00,0.39086628111230826,1
6495,44768,5,Staff,2024-09-27 14:00:00,0.1368819354506372,0
6496,42006,2,Food,2024-09-27 15:00:00,0.7301257387410558,1
6497,18563,5,Value,2024-09-27 16:00:00,0.5736512172301699,1
6498,31974,4,Animals,2024-09-27 17:00:00,0.5021026307646195,1
6499,16817,4,Food,2024-09-27 18:00:00,0.7842055439745677,1
6500,19805,5,Animals,2024-09-27 19:00:00,0.7096513757732464,1
6501,19088,4,Value,2024-09-27 20:00:00,0.24047919524258055,0
6502,36392,5,Animals,2024-09-27 21:00:00,0.42934397143794567,0
6503,22763,4,Food,2024-09-27 22:00:00,0.6920766935707084,1
6504,16056,5,Animals,2024-09-27 23:00:00,0.11941404325781835,1
6505,42208,4,Food,2024-09-28 00:00:00,0.5023514249804448,1
6506,12,5,Facilities,2024-09-28 01:00:00,0.968095396840391,1
6507,528,3,Staff,2024-09-28 02:00:00,0.6491461242256052,1
6508,48402,5,Staff,2024-09-28 03:00:00,0.8218557522800123,1
6509,26284,5,Facilities,2024-09-28 04:00:00,0.3085124548926518,0
6510,8894,2,Animals,2024-09-28 05:00:00,0.46103152129411173,1
6511,40043,1,Food,2024-09-28 06:00:00,0.5986809634119326,0
6512,16255,3,Food,2024-09-28 07:00:00,0.4983294738909141,1
6513,1934,1,Facilities,2024-09-28 08:00:00,0.271373186069239,1
6514,34943,3,Value,2024-09-28 09:00:00,0.45826780157907254,1
6515,43737,3,Value,2024-09-28 10:00:00,0.9154638006906237,1
6516,14515,5,Staff,2024-09-28 11:00:00,0.7431772503051425,1
6517,32985,4,Animals,2024-09-28 12:00:00,0.3262471984952615,1
6518,41464,5,Value,2024-09-28 13:00:00,0.06644858775173446,1
6519,7951,5,Food,2024-09-28 14:00:00,0.17389085000467563,1
6520,5442,2,Staff,2024-09-28 15:00:00,0.3330316066979564,1
6521,39892,3,Staff,2024-09-28 16:00:00,0.7012826622843895,1
6522,24457,5,Value,2024-09-28 17:00:00,0.9094653641553828,0
6523,22355,4,Facilities,2024-09-28 18:00:00,0.6683073261141811,1
6524,27587,2,Food,2024-09-28 19:00:00,0.22419100349535404,1
6525,35324,1,Value,2024-09-28 20:00:00,0.5856687000880018,0
6526,41463,3,Food,2024-09-28 21:00:00,0.16611662603330823,1
6527,27590,3,Facilities,2024-09-28 22:00:00,0.83345987019074,1
6528,12485,2,Facilities,2024-09-28 23:00:00,0.09136327487701867,1
6529,35849,4,Food,2024-09-29 00:00:00,0.4884483350008375,1
6530,97,5,Animals,2024-09-29 01:00:00,0.8398631184079004,1
6531,42145,1,Food,2024-09-29 02:00:00,0.5961510520965618,0
6532,8130,3,Food,2024-09-29 03:00:00,0.12220064104764594,1
6533,13096,5,Staff,2024-09-29 04:00:00,0.000757568375324924,1
6534,1496,3,Food,2024-09-29 05:00:00,0.2257109436888861,1
6535,13770,5,Value,2024-09-29 06:00:00,0.11805758638597119,1
6536,49208,5,Value,2024-09-29 07:00:00,0.731253495850552,1
6537,4407,5,Food,2024-09-29 08:00:00,0.23776002662693052,1
6538,45708,5,Food,2024-09-29 09:00:00,0.9548508902054503,1
6539,12039,5,Staff,2024-09-29 10:00:00,0.7152971832027005,1
6540,44716,3,Staff,2024-09-29 11:00:00,0.6759994666077139,1
6541,42393,4,Food,2024-09-29 12:00:00,0.5176088597533071,1
6542,14749,4,Food,2024-09-29 13:00:00,0.08345262079036397,1
6543,13334,3,Animals,2024-09-29 14:00:00,0.5050134842693054,0
6544,12035,1,Animals,2024-09-29 15:00:00,0.07289985973066992,1
6545,21328,5,Facilities,2024-09-29 16:00:00,0.8887813621954098,1
6546,19304,3,Value,2024-09-29 17:00:00,0.9436462931689481,1
6547,34788,1,Animals,2024-09-29 18:00:00,0.8886964782181508,1
6548,49490,5,Facilities,2024-09-29 19:00:00,0.2347920596420262,1
6549,7998,4,Value,2024-09-29 20:00:00,0.3348632571432869,1
6550,24746,1,Animals,2024-09-29 21:00:00,0.8166457015820144,1
6551,4146,3,Facilities,2024-09-29 22:00:00,0.2150091293244054,1
6552,5141,1,Food,2024-09-29 23:00:00,0.31413599050072893,1
6553,46815,3,Food,2024-09-30 00:00:00,0.9729453225502647,0
6554,21402,5,Food,2024-09-30 01:00:00,0.2617445473950827,0
6555,11835,5,Food,2024-09-30 02:00:00,0.221203547007774,1
6556,27381,4,Animals,2024-09-30 03:00:00,0.1729244499012016,1
6557,15614,1,Food,2024-09-30 04:00:00,0.9384085762122463,0
6558,28729,5,Staff,2024-09-30 05:00:00,0.33808555660735085,1
6559,49064,3,Value,2024-09-30 06:00:00,0.07217157764925475,0
6560,44356,4,Animals,2024-09-30 07:00:00,0.0234047582025535,1
6561,4150,1,Value,2024-09-30 08:00:00,0.3839785281105125,1
6562,25878,5,Food,2024-09-30 09:00:00,0.7422620604684067,1
6563,12801,1,Staff,2024-09-30 10:00:00,0.08561538627577447,1
6564,36895,5,Staff,2024-09-30 11:00:00,0.9303684840277231,1
6565,39710,5,Food,2024-09-30 12:00:00,0.9920137199693502,1
6566,26957,4,Animals,2024-09-30 13:00:00,0.5651908749838673,1
6567,17440,4,Value,2024-09-30 14:00:00,0.8123860905744635,1
6568,33893,4,Animals,2024-09-30 15:00:00,0.9821241139810556,1
6569,1581,4,Animals,2024-09-30 16:00:00,0.3252075681238642,1
6570,19185,5,Food,2024-09-30 17:00:00,0.5210875342888016,1
6571,43837,5,Facilities,2024-09-30 18:00:00,0.9699665957169455,1
6572,49130,3,Animals,2024-09-30 19:00:00,0.5901737381265949,1
6573,31707,3,Value,2024-09-30 20:00:00,0.9383463576659027,1
6574,36436,4,Facilities,2024-09-30 21:00:00,0.6700119479963647,0
6575,15856,2,Value,2024-09-30 22:00:00,0.675089993676784,1
6576,30255,3,Facilities,2024-09-30 23:00:00,0.9211390689136244,1
6577,49429,4,Staff,2024-10-01 00:00:00,0.43333160863215203,1
6578,31135,3,Food,2024-10-01 01:00:00,0.743380153149245,1
6579,10322,5,Facilities,2024-10-01 02:00:00,0.657848522154851,1
6580,1449,3,Food,2024-10-01 03:00:00,0.6156360820164641,1
6581,34546,5,Food,2024-10-01 04:00:00,0.5546894056797432,1
6582,48611,5,Food,2024-10-01 05:00:00,0.595802779416312,1
6583,39999,4,Facilities,2024-10-01 06:00:00,0.8200801310164811,1
6584,18950,4,Value,2024-10-01 07:00:00,0.318538076290925,0
6585,13251,5,Food,2024-10-01 08:00:00,0.6621633305953097,1
6586,16226,3,Food,2024-10-01 09:00:00,0.12303755797738058,1
6587,19707,4,Value,2024-10-01 10:00:00,0.6946746418343677,1
6588,4172,1,Value,2024-10-01 11:00:00,0.5254036995610302,1
6589,11520,3,Animals,2024-10-01 12:00:00,0.18180678158410946,1
6590,5059,5,Animals,2024-10-01 13:00:00,0.4855691498878083,1
6591,7044,4,Facilities,2024-10-01 14:00:00,0.08928098985545485,1
6592,16021,5,Facilities,2024-10-01 15:00:00,0.02941060875326218,1
6593,44874,4,Staff,2024-10-01 16:00:00,0.5687577163979259,1
6594,36441,1,Animals,2024-10-01 17:00:00,0.7598084254198639,0
6595,9515,4,Facilities,2024-10-01 18:00:00,0.07497936871611832,0
6596,28935,2,Value,2024-10-01 19:00:00,0.996417826986735,1
6597,32694,5,Animals,2024-10-01 20:00:00,0.35761073753612305,1
6598,32989,5,Animals,2024-10-01 21:00:00,0.48061721713659145,1
6599,5030,3,Staff,2024-10-01 22:00:00,0.26815493554526026,1
6600,48099,5,Animals,2024-10-01 23:00:00,0.8232618679081761,1
6601,12500,2,Food,2024-10-02 00:00:00,0.07379407805610294,1
6602,30174,4,Food,2024-10-02 01:00:00,0.5553081385650033,1
6603,33025,4,Animals,2024-10-02 02:00:00,0.9446987440631521,0
6604,38325,1,Food,2024-10-02 03:00:00,0.3093655962602596,1
6605,5483,1,Value,2024-10-02 04:00:00,0.039893048555917354,1
6606,37616,1,Staff,2024-10-02 05:00:00,0.02032350537580241,1
6607,5099,4,Animals,2024-10-02 06:00:00,0.5591593589908158,1
6608,25507,5,Food,2024-10-02 07:00:00,0.2521565024926816,1
6609,12545,5,Facilities,2024-10-02 08:00:00,0.44284929055131683,1
6610,23803,1,Value,2024-10-02 09:00:00,0.41481604920323323,0
6611,26543,4,Food,2024-10-02 10:00:00,0.07083825718378811,1
6612,44800,4,Facilities,2024-10-02 11:00:00,0.9615666322643107,1
6613,41455,5,Facilities,2024-10-02 12:00:00,0.767956512090952,1
6614,49927,5,Staff,2024-10-02 13:00:00,0.5090454174433492,1
6615,19631,2,Food,2024-10-02 14:00:00,0.2786406425762268,1
6616,588,3,Facilities,2024-10-02 15:00:00,0.27586401209256073,0
6617,41949,4,Staff,2024-10-02 16:00:00,0.8403590467895715,1
6618,33794,3,Food,2024-10-02 17:00:00,0.6732585686908307,1
6619,47088,5,Staff,2024-10-02 18:00:00,0.13383044933039012,1
6620,28341,4,Staff,2024-10-02 19:00:00,0.7498019121954791,1
6621,16666,3,Staff,2024-10-02 20:00:00,0.6154385395440692,1
6622,49592,3,Facilities,2024-10-02 21:00:00,0.5404152179323316,1
6623,4929,5,Animals,2024-10-02 22:00:00,0.9740945708205525,1
6624,36703,2,Facilities,2024-10-02 23:00:00,0.8476186572933685,0
6625,22849,3,Food,2024-10-03 00:00:00,0.11047644852898109,1
6626,17441,3,Animals,2024-10-03 01:00:00,0.5461078145736442,0
6627,1781,2,Staff,2024-10-03 02:00:00,0.548074600712787,1
6628,13534,4,Animals,2024-10-03 03:00:00,0.619170040958318,1
6629,44754,4,Value,2024-10-03 04:00:00,0.7013767309161224,1
6630,4019,4,Food,2024-10-03 05:00:00,0.6466399173117002,1
6631,26173,2,Staff,2024-10-03 06:00:00,0.3130640960846607,1
6632,17822,3,Food,2024-10-03 07:00:00,0.9642278024389689,1
6633,43788,2,Animals,2024-10-03 08:00:00,0.1011140458740688,1
6634,43186,3,Value,2024-10-03 09:00:00,0.5600162320381064,0
6635,40927,5,Animals,2024-10-03 10:00:00,0.4868825243661231,1
6636,34729,2,Facilities,2024-10-03 11:00:00,0.23294990507601465,0
6637,14688,4,Value,2024-10-03 12:00:00,0.35595512095248527,1
6638,45490,4,Value,2024-10-03 13:00:00,0.11194063931804688,1
6639,7752,3,Facilities,2024-10-03 14:00:00,0.8434747748325553,1
6640,39600,5,Facilities,2024-10-03 15:00:00,0.21616763433293062,1
6641,35059,3,Food,2024-10-03 16:00:00,0.41494587817158557,1
6642,25018,3,Value,2024-10-03 17:00:00,0.818179830867474,1
6643,629,3,Food,2024-10-03 18:00:00,0.029721647092957215,1
6644,38553,4,Value,2024-10-03 19:00:00,0.07415175361024784,0
6645,8499,3,Value,2024-10-03 20:00:00,0.5347357057106579,0
6646,20822,3,Animals,2024-10-03 21:00:00,0.459419296755764,1
6647,23817,1,Food,2024-10-03 22:00:00,0.9474228116289934,1
6648,7767,4,Staff,2024-10-03 23:00:00,0.2821917462061979,0
6649,19229,4,Animals,2024-10-04 00:00:00,0.09177229603187587,0
6650,35050,3,Value,2024-10-04 01:00:00,0.5986895079968559,1
6651,32900,5,Animals,2024-10-04 02:00:00,0.13977694473185787,1
6652,20019,5,Value,2024-10-04 03:00:00,0.10914901172750335,1
6653,4076,4,Value,2024-10-04 04:00:00,0.41111641476539795,1
6654,42484,5,Staff,2024-10-04 05:00:00,0.9175144596251731,1
6655,31394,3,Staff,2024-10-04 06:00:00,0.05381789131194992,1
6656,48942,4,Value,2024-10-04 07:00:00,0.5825403182508159,1
6657,13540,5,Value,2024-10-04 08:00:00,0.15321646147889023,1
6658,36059,3,Value,2024-10-04 09:00:00,0.5237610043945197,0
6659,36306,3,Animals,2024-10-04 10:00:00,0.764624781199087,1
6660,34324,4,Staff,2024-10-04 11:00:00,0.17997477837240405,1
6661,10696,3,Staff,2024-10-04 12:00:00,0.6407694780284985,0
6662,32033,1,Food,2024-10-04 13:00:00,0.9836787795997574,0
6663,26909,4,Animals,2024-10-04 14:00:00,0.6808433561139339,1
6664,5008,4,Facilities,2024-10-04 15:00:00,0.7092565271213428,1
6665,26835,4,Animals,2024-10-04 16:00:00,0.3967275709347874,1
6666,33970,5,Staff,2024-10-04 17:00:00,0.2683430006702492,1
6667,32722,3,Facilities,2024-10-04 18:00:00,0.2061633428161611,1
6668,23181,2,Food,2024-10-04 19:00:00,0.5849951025574807,0
6669,35750,4,Facilities,2024-10-04 20:00:00,0.9526615000414078,1
6670,18693,4,Value,2024-10-04 21:00:00,0.9628641037431512,1
6671,27418,3,Staff,2024-10-04 22:00:00,0.9162374559252996,1
6672,42215,4,Food,2024-10-04 23:00:00,0.9393238446689562,1
6673,30982,4,Facilities,2024-10-05 00:00:00,0.4082654767418993,1
6674,26916,5,Value,2024-10-05 01:00:00,0.399132678040636,1
6675,34453,3,Facilities,2024-10-05 02:00:00,0.5009132413661046,1
6676,19088,4,Value,2024-10-05 03:00:00,0.09974442071227607,1
6677,21255,4,Animals,2024-10-05 04:00:00,0.5173422590202031,1
6678,45496,5,Animals,2024-10-05 05:00:00,0.7027365103654857,1
6679,49774,5,Animals,2024-10-05 06:00:00,0.19747172345851394,1
6680,37909,4,Food,2024-10-05 07:00:00,0.13611844067695666,1
6681,14298,5,Animals,2024-10-05 08:00:00,0.6795317605207589,1
6682,1319,2,Food,2024-10-05 09:00:00,0.08190834698503302,1
6683,21995,4,Facilities,2024-10-05 10:00:00,0.8693960491490872,1
6684,42776,4,Staff,2024-10-05 11:00:00,0.28434973676397846,1
6685,11844,5,Staff,2024-10-05 12:00:00,0.26199196725913787,1
6686,11429,2,Facilities,2024-10-05 13:00:00,0.7408831572013276,1
6687,10794,4,Staff,2024-10-05 14:00:00,0.010340134480810614,1
6688,816,2,Value,2024-10-05 15:00:00,0.2883611373501228,1
6689,41643,5,Facilities,2024-10-05 16:00:00,0.2657625873792179,1
6690,35540,5,Animals,2024-10-05 17:00:00,0.933068277021705,0
6691,38009,3,Facilities,2024-10-05 18:00:00,0.31093826449109674,1
6692,43483,5,Facilities,2024-10-05 19:00:00,0.5732560631062806,1
6693,49403,2,Value,2024-10-05 20:00:00,0.2630341765198251,1
6694,3349,4,Food,2024-10-05 21:00:00,0.018552266253347938,1
6695,16879,5,Animals,2024-10-05 22:00:00,0.2134547876484031,1
6696,7544,2,Staff,2024-10-05 23:00:00,0.7488779310785824,1
6697,18120,3,Food,2024-10-06 00:00:00,0.7530694559072301,0
6698,13457,4,Staff,2024-10-06 01:00:00,0.7434711356224736,1
6699,22815,3,Value,2024-10-06 02:00:00,0.3574863118145277,1
6700,46908,2,Animals,2024-10-06 03:00:00,0.31696135497636535,1
6701,46007,5,Food,2024-10-06 04:00:00,0.8613794443240087,1
6702,31395,1,Staff,2024-10-06 05:00:00,0.9456597437595452,1
6703,3263,5,Animals,2024-10-06 06:00:00,0.6540421920547367,1
6704,28562,5,Value,2024-10-06 07:00:00,0.4129226644662298,1
6705,45472,4,Animals,2024-10-06 08:00:00,0.2749517112416372,1
6706,7886,4,Facilities,2024-10-06 09:00:00,0.7694607274003308,1
6707,18787,5,Value,2024-10-06 10:00:00,0.30547588582928875,0
6708,29300,3,Facilities,2024-10-06 11:00:00,0.9298437992465167,1
6709,8396,1,Staff,2024-10-06 12:00:00,0.5733379838763729,1
6710,14933,5,Staff,2024-10-06 13:00:00,0.5341566552840116,0
6711,33347,4,Animals,2024-10-06 14:00:00,0.9157091449512267,1
6712,25338,4,Staff,2024-10-06 15:00:00,0.3598775890580307,1
6713,32553,4,Facilities,2024-10-06 16:00:00,0.589424695534624,0
6714,40136,4,Value,2024-10-06 17:00:00,0.9959324731465432,1
6715,36644,4,Staff,2024-10-06 18:00:00,0.3272390510964751,1
6716,42738,5,Food,2024-10-06 19:00:00,0.8382726433495934,0
6717,24676,2,Facilities,2024-10-06 20:00:00,0.450435596811532,0
6718,8025,5,Animals,2024-10-06 21:00:00,0.3510451331181538,1
6719,6529,5,Animals,2024-10-06 22:00:00,0.8666172381900688,1
6720,32469,4,Staff,2024-10-06 23:00:00,0.6704153405385601,0
6721,25729,2,Food,2024-10-07 00:00:00,0.37290575030538664,1
6722,40349,4,Facilities,2024-10-07 01:00:00,0.2859366558411732,1
6723,45121,4,Food,2024-10-07 02:00:00,0.24645643444546328,1
6724,13949,2,Facilities,2024-10-07 03:00:00,0.692101574266527,1
6725,14241,4,Facilities,2024-10-07 04:00:00,0.7386533355193338,1
6726,38509,4,Staff,2024-10-07 05:00:00,0.9398193688222557,1
6727,45185,5,Food,2024-10-07 06:00:00,0.7393809638382293,1
6728,26583,4,Staff,2024-10-07 07:00:00,0.15504780977298627,0
6729,6128,5,Facilities,2024-10-07 08:00:00,0.4722276778047497,1
6730,10563,3,Animals,2024-10-07 09:00:00,0.03492944790951957,1
6731,38736,2,Animals,2024-10-07 10:00:00,0.4323246409973496,1
6732,8582,5,Animals,2024-10-07 11:00:00,0.9500114098165174,1
6733,12739,3,Animals,2024-10-07 12:00:00,0.18362451774267063,0
6734,31044,4,Food,2024-10-07 13:00:00,0.40524419475165485,1
6735,9980,4,Value,2024-10-07 14:00:00,0.19225474064107795,1
6736,34030,5,Staff,2024-10-07 15:00:00,0.6794655983542308,0
6737,45390,2,Value,2024-10-07 16:00:00,0.41607705123727656,0
6738,22542,5,Facilities,2024-10-07 17:00:00,0.7309285590358271,1
6739,23422,5,Staff,2024-10-07 18:00:00,0.2970638034256896,1
6740,32078,1,Facilities,2024-10-07 19:00:00,0.43377286658147984,1
6741,18675,4,Staff,2024-10-07 20:00:00,0.06011573126829828,1
6742,707,3,Facilities,2024-10-07 21:00:00,0.22132332482646677,1
6743,41816,3,Facilities,2024-10-07 22:00:00,0.4526954702337348,1
6744,32800,3,Staff,2024-10-07 23:00:00,0.8457566652386354,1
6745,30684,2,Facilities,2024-10-08 00:00:00,0.06074063045148714,1
6746,31350,4,Facilities,2024-10-08 01:00:00,0.13788704540023888,1
6747,38846,2,Staff,2024-10-08 02:00:00,0.49872882122007167,0
6748,9216,4,Animals,2024-10-08 03:00:00,0.39321936607259966,1
6749,11006,4,Facilities,2024-10-08 04:00:00,0.15757868286977206,1
6750,31407,5,Animals,2024-10-08 05:00:00,0.29467879339089387,1
6751,17384,4,Facilities,2024-10-08 06:00:00,0.7134780557200228,1
6752,11940,4,Staff,2024-10-08 07:00:00,0.5759503782472787,1
6753,362,3,Animals,2024-10-08 08:00:00,0.10904602473375447,1
6754,48689,2,Facilities,2024-10-08 09:00:00,0.39278893741923604,1
6755,38891,4,Value,2024-10-08 10:00:00,0.4574268529375639,0
6756,22254,5,Value,2024-10-08 11:00:00,0.7468946191154092,0
6757,7327,5,Value,2024-10-08 12:00:00,0.44121426970324007,1
6758,31924,5,Facilities,2024-10-08 13:00:00,0.46090601844428203,1
6759,27456,5,Value,2024-10-08 14:00:00,0.02285906420390904,1
6760,9517,5,Animals,2024-10-08 15:00:00,0.4700987843273292,1
6761,26915,3,Value,2024-10-08 16:00:00,0.30892501310656684,1
6762,6899,1,Food,2024-10-08 17:00:00,0.8249043135828722,1
6763,5122,5,Value,2024-10-08 18:00:00,0.2035047130210319,0
6764,8658,4,Staff,2024-10-08 19:00:00,0.666964008826149,1
6765,35702,5,Staff,2024-10-08 20:00:00,0.7650828469759459,1
6766,24916,5,Animals,2024-10-08 21:00:00,0.7459453506447784,1
6767,2874,4,Food,2024-10-08 22:00:00,0.927998004679394,1
6768,44882,4,Value,2024-10-08 23:00:00,0.9292668855110315,1
6769,8354,4,Facilities,2024-10-09 00:00:00,0.8292798205094944,0
6770,45822,4,Facilities,2024-10-09 01:00:00,0.45911220633407257,1
6771,5476,4,Value,2024-10-09 02:00:00,0.5314167065020716,1
6772,36946,1,Staff,2024-10-09 03:00:00,0.5848529689436165,0
6773,19156,5,Staff,2024-10-09 04:00:00,0.5298613659348533,1
6774,45971,4,Animals,2024-10-09 05:00:00,0.6982005416890454,1
6775,4433,1,Facilities,2024-10-09 06:00:00,0.4259847282245173,1
6776,36302,2,Food,2024-10-09 07:00:00,0.46409862524790846,1
6777,39611,3,Facilities,2024-10-09 08:00:00,0.6393126071707881,1
6778,22876,4,Animals,2024-10-09 09:00:00,0.9420919548278318,1
6779,44883,2,Food,2024-10-09 10:00:00,0.24089660743529873,1
6780,43944,4,Facilities,2024-10-09 11:00:00,0.1259810606109567,1
6781,12065,2,Facilities,2024-10-09 12:00:00,0.4093211121359941,1
6782,47816,3,Food,2024-10-09 13:00:00,0.3436206752406147,1
6783,9081,4,Animals,2024-10-09 14:00:00,0.6736468111981827,1
6784,22437,2,Food,2024-10-09 15:00:00,0.5360404270471549,1
6785,48383,3,Staff,2024-10-09 16:00:00,0.4838107059506913,1
6786,40114,5,Facilities,2024-10-09 17:00:00,0.35537479774905834,1
6787,12161,4,Food,2024-10-09 18:00:00,0.50559163070623,1
6788,5762,3,Value,2024-10-09 19:00:00,0.8857002194887414,1
6789,33387,5,Value,2024-10-09 20:00:00,0.831671231053611,1
6790,41382,3,Value,2024-10-09 21:00:00,0.28185788191319916,1
6791,14410,5,Animals,2024-10-09 22:00:00,0.5235380557792026,1
6792,49008,4,Animals,2024-10-09 23:00:00,0.8890950987139539,1
6793,5246,2,Food,2024-10-10 00:00:00,0.06660065225729206,1
6794,16748,2,Value,2024-10-10 01:00:00,0.9916453369180737,1
6795,43018,4,Value,2024-10-10 02:00:00,0.8097823476567823,1
6796,11206,5,Facilities,2024-10-10 03:00:00,0.5643077261346715,1
6797,20969,4,Value,2024-10-10 04:00:00,0.9162008783561496,1
6798,16100,4,Animals,2024-10-10 05:00:00,0.42315446227596276,1
6799,44578,5,Staff,2024-10-10 06:00:00,0.18549565146936453,1
6800,44037,5,Animals,2024-10-10 07:00:00,0.8497484911411154,1
6801,49435,2,Animals,2024-10-10 08:00:00,0.1444902634665025,1
6802,28145,4,Facilities,2024-10-10 09:00:00,0.4215265952191509,1
6803,4221,4,Animals,2024-10-10 10:00:00,0.5642865319777635,1
6804,28548,2,Staff,2024-10-10 11:00:00,0.999680468729261,1
6805,14158,4,Staff,2024-10-10 12:00:00,0.633019267236758,0
6806,23134,3,Facilities,2024-10-10 13:00:00,0.8254258185152314,1
6807,10389,3,Food,2024-10-10 14:00:00,0.44870202464592757,1
6808,40277,5,Staff,2024-10-10 15:00:00,0.4650634421145984,1
6809,31589,2,Animals,2024-10-10 16:00:00,0.12525422373783646,1
6810,8016,5,Food,2024-10-10 17:00:00,0.3616490546108121,0
6811,26124,3,Food,2024-10-10 18:00:00,0.4834014792940634,1
6812,32,2,Facilities,2024-10-10 19:00:00,0.775082780135574,1
6813,18070,3,Animals,2024-10-10 20:00:00,0.9291381792053605,0
6814,43449,3,Facilities,2024-10-10 21:00:00,0.49619790651085993,1
6815,26369,4,Value,2024-10-10 22:00:00,0.19506117366460884,1
6816,42592,1,Facilities,2024-10-10 23:00:00,0.21575657552587302,1
6817,12269,5,Value,2024-10-11 00:00:00,0.8008402120702617,1
6818,19807,4,Value,2024-10-11 01:00:00,0.794308687485743,1
6819,2702,5,Staff,2024-10-11 02:00:00,0.1911294424482448,1
6820,45886,5,Animals,2024-10-11 03:00:00,0.5716329701763858,0
6821,27930,1,Animals,2024-10-11 04:00:00,0.9374495276764317,1
6822,18926,4,Animals,2024-10-11 05:00:00,0.7738136517254536,1
6823,26604,5,Staff,2024-10-11 06:00:00,0.33524000399950715,1
6824,35023,3,Staff,2024-10-11 07:00:00,0.5519564028087514,1
6825,31160,2,Animals,2024-10-11 08:00:00,0.8683357341430274,1
6826,33379,5,Staff,2024-10-11 09:00:00,0.9940286893317971,1
6827,44220,5,Facilities,2024-10-11 10:00:00,0.5445165481887816,0
6828,3562,5,Animals,2024-10-11 11:00:00,0.4404786494089654,1
6829,17022,5,Facilities,2024-10-11 12:00:00,0.39370069690407394,0
6830,18078,5,Food,2024-10-11 13:00:00,0.969469541291123,1
6831,46907,4,Food,2024-10-11 14:00:00,0.9319848704498237,0
6832,14672,2,Value,2024-10-11 15:00:00,0.16884281534601997,0
6833,4966,5,Value,2024-10-11 16:00:00,0.35875497883080054,0
6834,15807,3,Staff,2024-10-11 17:00:00,0.12775813531426916,1
6835,49662,5,Facilities,2024-10-11 18:00:00,0.8076572331422398,1
6836,40203,1,Animals,2024-10-11 19:00:00,0.414442148675521,1
6837,30435,5,Staff,2024-10-11 20:00:00,0.14888924641296664,1
6838,10120,3,Facilities,2024-10-11 21:00:00,0.8301136969106416,0
6839,16783,5,Food,2024-10-11 22:00:00,0.3996409887175827,0
6840,12043,3,Facilities,2024-10-11 23:00:00,0.6238542825922891,1
6841,16891,5,Staff,2024-10-12 00:00:00,0.6110218488299964,0
6842,14185,4,Facilities,2024-10-12 01:00:00,0.8046596010538428,1
6843,36165,5,Facilities,2024-10-12 02:00:00,0.3858436513971625,0
6844,44644,4,Food,2024-10-12 03:00:00,0.07302668618587616,1
6845,8400,4,Animals,2024-10-12 04:00:00,0.5759316769639785,1
6846,16501,5,Animals,2024-10-12 05:00:00,0.20223085687388875,1
6847,14319,5,Food,2024-10-12 06:00:00,0.4046467612561333,1
6848,31459,5,Animals,2024-10-12 07:00:00,0.4059675905853408,1
6849,24184,5,Value,2024-10-12 08:00:00,0.30252445024905805,1
6850,45561,5,Animals,2024-10-12 09:00:00,0.6615577013465268,0
6851,4154,5,Staff,2024-10-12 10:00:00,0.5610981919676303,0
6852,12587,5,Food,2024-10-12 11:00:00,0.459728634528507,0
6853,43792,4,Staff,2024-10-12 12:00:00,0.9541704450922858,1
6854,44468,2,Value,2024-10-12 13:00:00,0.7043965093252781,1
6855,19748,3,Value,2024-10-12 14:00:00,0.5256932597505222,0
6856,47253,4,Facilities,2024-10-12 15:00:00,0.9980008767865558,1
6857,39977,5,Food,2024-10-12 16:00:00,0.00709000235185564,1
6858,33408,2,Staff,2024-10-12 17:00:00,0.5808362311416361,0
6859,29335,4,Animals,2024-10-12 18:00:00,0.785139084540435,1
6860,27330,4,Value,2024-10-12 19:00:00,0.539395204543145,0
6861,22149,5,Animals,2024-10-12 20:00:00,0.42524529853953497,1
6862,2130,5,Value,2024-10-12 21:00:00,0.542869886833752,1
6863,18769,3,Facilities,2024-10-12 22:00:00,0.6443056749296627,1
6864,36068,4,Animals,2024-10-12 23:00:00,0.8211085055994136,1
6865,48851,5,Staff,2024-10-13 00:00:00,0.16675052247949418,0
6866,44517,5,Facilities,2024-10-13 01:00:00,0.4675749251438941,1
6867,19492,4,Staff,2024-10-13 02:00:00,0.9699383996395353,1
6868,1005,4,Value,2024-10-13 03:00:00,0.3347027308535102,1
6869,24657,5,Value,2024-10-13 04:00:00,0.5683233661524506,1
6870,29775,5,Food,2024-10-13 05:00:00,0.9871041693408568,0
6871,21086,2,Facilities,2024-10-13 06:00:00,0.5584990423035847,1
6872,12741,3,Facilities,2024-10-13 07:00:00,0.3886067531121983,1
6873,37596,5,Staff,2024-10-13 08:00:00,0.7326429533336228,1
6874,47899,2,Value,2024-10-13 09:00:00,0.33376400459815914,1
6875,8370,3,Animals,2024-10-13 10:00:00,0.5884348114028258,1
6876,24425,4,Facilities,2024-10-13 11:00:00,0.5063796746797805,1
6877,23336,4,Food,2024-10-13 12:00:00,0.34023974211308117,1
6878,31443,5,Staff,2024-10-13 13:00:00,0.22705133711218206,1
6879,26977,4,Animals,2024-10-13 14:00:00,0.474200002323378,1
6880,21643,5,Value,2024-10-13 15:00:00,0.49490752322999954,1
6881,27682,3,Facilities,2024-10-13 16:00:00,0.3785874415817714,0
6882,42872,5,Value,2024-10-13 17:00:00,0.9967527734428241,0
6883,14010,5,Animals,2024-10-13 18:00:00,0.7611276633257545,0
6884,48392,4,Food,2024-10-13 19:00:00,0.11995328725479704,1
6885,27481,5,Value,2024-10-13 20:00:00,0.8209379477249665,1
6886,24063,5,Staff,2024-10-13 21:00:00,0.2882287747198924,1
6887,42308,5,Food,2024-10-13 22:00:00,0.932713322632731,1
6888,19077,3,Food,2024-10-13 23:00:00,0.907208108103558,1
6889,4566,4,Food,2024-10-14 00:00:00,0.545278551831863,1
6890,30005,4,Facilities,2024-10-14 01:00:00,0.22538384327439465,1
6891,17435,3,Value,2024-10-14 02:00:00,0.875547203936656,0
6892,29117,5,Facilities,2024-10-14 03:00:00,0.7017274984230673,1
6893,19235,4,Staff,2024-10-14 04:00:00,0.4830101608327688,1
6894,45175,4,Food,2024-10-14 05:00:00,0.7575785933548319,1
6895,8676,3,Staff,2024-10-14 06:00:00,0.06466531193511049,1
6896,33214,1,Facilities,2024-10-14 07:00:00,0.36951688203653676,1
6897,38823,3,Value,2024-10-14 08:00:00,0.31841439402427085,1
6898,3416,4,Facilities,2024-10-14 09:00:00,0.9569108685490323,1
6899,37359,4,Animals,2024-10-14 10:00:00,0.21693219141749298,1
6900,16836,5,Animals,2024-10-14 11:00:00,0.46591570439432883,1
6901,23445,1,Value,2024-10-14 12:00:00,0.45983698720832067,1
6902,39861,3,Food,2024-10-14 13:00:00,0.3701029844578032,1
6903,33910,3,Value,2024-10-14 14:00:00,0.5687461582448498,0
6904,40537,5,Facilities,2024-10-14 15:00:00,0.8404336632769493,1
6905,33020,4,Staff,2024-10-14 16:00:00,0.24120352376020293,0
6906,5139,3,Food,2024-10-14 17:00:00,0.17400819390812172,0
6907,6066,5,Staff,2024-10-14 18:00:00,0.33926541815844247,1
6908,16182,4,Staff,2024-10-14 19:00:00,0.5322063971433321,0
6909,38592,3,Staff,2024-10-14 20:00:00,0.7960347783543309,1
6910,43726,4,Food,2024-10-14 21:00:00,0.9837094222165292,1
6911,14138,4,Staff,2024-10-14 22:00:00,0.06406027750230237,1
6912,12302,2,Staff,2024-10-14 23:00:00,0.375454021236595,1
6913,22567,5,Facilities,2024-10-15 00:00:00,0.21361678273911022,0
6914,15535,4,Value,2024-10-15 01:00:00,0.4469857254744629,1
6915,32179,3,Facilities,2024-10-15 02:00:00,0.5110413089050316,1
6916,31458,2,Animals,2024-10-15 03:00:00,0.9525084937140478,1
6917,24914,5,Animals,2024-10-15 04:00:00,0.42947467641193093,1
6918,26217,5,Staff,2024-10-15 05:00:00,0.4933851994920708,0
6919,3131,5,Facilities,2024-10-15 06:00:00,0.9489203235521835,1
6920,48106,5,Food,2024-10-15 07:00:00,0.4828539831103458,1
6921,32561,5,Staff,2024-10-15 08:00:00,0.870998056422994,1
6922,22195,2,Food,2024-10-15 09:00:00,0.10824509857293374,1
6923,47409,1,Value,2024-10-15 10:00:00,0.4623370055525703,1
6924,6748,4,Facilities,2024-10-15 11:00:00,0.5278480711327724,1
6925,7753,4,Value,2024-10-15 12:00:00,0.9421465955740214,0
6926,13023,2,Animals,2024-10-15 13:00:00,0.8905269522988482,1
6927,29513,4,Value,2024-10-15 14:00:00,0.42842324758898853,1
6928,4253,4,Animals,2024-10-15 15:00:00,0.20028405557714546,1
6929,47332,2,Facilities,2024-10-15 16:00:00,0.8803903860865564,1
6930,19986,4,Food,2024-10-15 17:00:00,0.3302982495130792,1
6931,26003,4,Staff,2024-10-15 18:00:00,0.06632444729394371,1
6932,45657,4,Value,2024-10-15 19:00:00,0.4087997891910229,1
6933,11413,4,Facilities,2024-10-15 20:00:00,0.21504106715306082,1
6934,3635,4,Facilities,2024-10-15 21:00:00,0.349088081755886,1
6935,22037,4,Value,2024-10-15 22:00:00,0.5009087873340847,1
6936,10556,4,Facilities,2024-10-15 23:00:00,0.06358858765332132,1
6937,13587,1,Facilities,2024-10-16 00:00:00,0.08027010301894055,1
6938,32982,3,Staff,2024-10-16 01:00:00,0.7300153048746463,1
6939,15419,3,Animals,2024-10-16 02:00:00,0.9255105208609085,1
6940,25483,4,Animals,2024-10-16 03:00:00,0.9755576477318654,1
6941,43755,3,Value,2024-10-16 04:00:00,0.030290113615715875,1
6942,39273,4,Facilities,2024-10-16 05:00:00,0.43231956722653575,1
6943,48633,1,Animals,2024-10-16 06:00:00,0.24992405509708138,1
6944,24870,4,Value,2024-10-16 07:00:00,0.5647150872610861,0
6945,40908,3,Animals,2024-10-16 08:00:00,0.41853751298029274,1
6946,28606,5,Staff,2024-10-16 09:00:00,0.18143146288758605,1
6947,12944,4,Staff,2024-10-16 10:00:00,0.25664138991924335,1
6948,41363,3,Food,2024-10-16 11:00:00,0.45615835992452947,0
6949,46549,3,Value,2024-10-16 12:00:00,0.596555324425553,1
6950,11917,3,Facilities,2024-10-16 13:00:00,0.37930041365846623,1
6951,7119,4,Facilities,2024-10-16 14:00:00,0.09658703714931083,1
6952,37735,4,Staff,2024-10-16 15:00:00,0.36548016073278844,1
6953,39412,5,Animals,2024-10-16 16:00:00,0.5027700820106227,1
6954,12499,5,Facilities,2024-10-16 17:00:00,0.619458720320445,0
6955,34395,3,Food,2024-10-16 18:00:00,0.4775998519593786,1
6956,33713,4,Food,2024-10-16 19:00:00,0.21041643747510796,1
6957,35451,4,Animals,2024-10-16 20:00:00,0.4542976459755499,0
6958,49283,4,Food,2024-10-16 21:00:00,0.7068810241330675,1
6959,13059,5,Facilities,2024-10-16 22:00:00,0.7100970400741733,1
6960,28109,3,Facilities,2024-10-16 23:00:00,0.8386130636038202,0
6961,18551,4,Facilities,2024-10-17 00:00:00,0.1423857440806653,1
6962,15530,5,Facilities,2024-10-17 01:00:00,0.8570120580354343,1
6963,10519,4,Facilities,2024-10-17 02:00:00,0.9240169651451982,0
6964,32853,3,Facilities,2024-10-17 03:00:00,0.16689454433590634,1
6965,32014,5,Animals,2024-10-17 04:00:00,0.30432809480988243,0
6966,18797,5,Value,2024-10-17 05:00:00,0.6933356727805082,1
6967,27915,3,Facilities,2024-10-17 06:00:00,0.7734174720066515,1
6968,31065,3,Animals,2024-10-17 07:00:00,0.7991249051878734,1
6969,23414,5,Facilities,2024-10-17 08:00:00,0.8656100462380184,1
6970,9651,5,Animals,2024-10-17 09:00:00,0.4514171253317807,0
6971,48898,5,Value,2024-10-17 10:00:00,0.29561198263628097,0
6972,10310,2,Value,2024-10-17 11:00:00,0.8344675836873131,1
6973,829,4,Facilities,2024-10-17 12:00:00,0.432221021855705,1
6974,30797,1,Facilities,2024-10-17 13:00:00,0.1710676309051561,1
6975,28875,3,Food,2024-10-17 14:00:00,0.09791943513738177,1
6976,1112,3,Facilities,2024-10-17 15:00:00,0.8118816510931649,1
6977,35801,4,Food,2024-10-17 16:00:00,0.2229864492524536,1
6978,7506,1,Facilities,2024-10-17 17:00:00,0.9596620658243022,1
6979,21275,5,Staff,2024-10-17 18:00:00,0.8533961873352067,0
6980,47189,4,Value,2024-10-17 19:00:00,0.4421026577487627,0
6981,1595,3,Food,2024-10-17 20:00:00,0.5615661726006907,1
6982,40146,3,Value,2024-10-17 21:00:00,0.23762250728982637,1
6983,9209,4,Food,2024-10-17 22:00:00,0.39828918479718023,1
6984,44567,2,Value,2024-10-17 23:00:00,0.8553086181820898,1
6985,21896,2,Value,2024-10-18 00:00:00,0.37438283305908227,1
6986,26092,3,Animals,2024-10-18 01:00:00,0.8058054906686292,1
6987,16588,1,Food,2024-10-18 02:00:00,0.30957157377956745,1
6988,10386,3,Staff,2024-10-18 03:00:00,0.4157715548886437,1
6989,45371,4,Staff,2024-10-18 04:00:00,0.6449702950561133,1
6990,124,4,Food,2024-10-18 05:00:00,0.42288125765964446,1
6991,13630,2,Animals,2024-10-18 06:00:00,0.564423582926832,0
6992,25025,1,Value,2024-10-18 07:00:00,0.5710484093352782,1
6993,8531,2,Animals,2024-10-18 08:00:00,0.05803398888920075,0
6994,15209,4,Animals,2024-10-18 09:00:00,0.6259176960361968,0
6995,49550,3,Animals,2024-10-18 10:00:00,0.8084424334002133,1
6996,36153,4,Animals,2024-10-18 11:00:00,0.8388986914258276,0
6997,26845,5,Staff,2024-10-18 12:00:00,0.49951682608654935,1
6998,6992,4,Facilities,2024-10-18 13:00:00,0.7915895909411514,1
6999,7876,4,Food,2024-10-18 14:00:00,0.11562057701415562,1
7000,29355,5,Facilities,2024-10-18 15:00:00,0.6375165011632242,1
7001,7579,4,Animals,2024-10-18 16:00:00,0.953323106779687,1
7002,38357,4,Facilities,2024-10-18 17:00:00,0.9747070831235918,1
7003,23094,3,Animals,2024-10-18 18:00:00,0.842605400740088,1
7004,48977,3,Animals,2024-10-18 19:00:00,0.32015735395380596,1
7005,16395,5,Value,2024-10-18 20:00:00,0.9699453015432002,1
7006,22274,5,Value,2024-10-18 21:00:00,0.21979216992415262,1
7007,49634,5,Animals,2024-10-18 22:00:00,0.10337450668621029,1
7008,33750,5,Food,2024-10-18 23:00:00,0.03895137638794943,1
7009,39307,5,Facilities,2024-10-19 00:00:00,0.21182715081208103,1
7010,32209,5,Value,2024-10-19 01:00:00,0.12604015105128175,1
7011,27195,3,Animals,2024-10-19 02:00:00,0.5337102438707781,1
7012,34704,1,Food,2024-10-19 03:00:00,0.2137830464241488,1
7013,46185,5,Staff,2024-10-19 04:00:00,0.87679261713895,1
7014,32661,5,Facilities,2024-10-19 05:00:00,0.44533048718329626,1
7015,39051,4,Staff,2024-10-19 06:00:00,0.9197532489520935,0
7016,42671,5,Animals,2024-10-19 07:00:00,0.35857391250642245,1
7017,37895,4,Animals,2024-10-19 08:00:00,0.9703241459496177,1
7018,7706,2,Animals,2024-10-19 09:00:00,0.42768635767608154,1
7019,32832,5,Staff,2024-10-19 10:00:00,0.8938778556879086,1
7020,43160,5,Food,2024-10-19 11:00:00,0.5929796052405143,0
7021,38572,3,Facilities,2024-10-19 12:00:00,0.7207455944888784,1
7022,36863,3,Facilities,2024-10-19 13:00:00,0.17671417138532808,0
7023,27892,5,Facilities,2024-10-19 14:00:00,0.3491260663418485,1
7024,31201,4,Staff,2024-10-19 15:00:00,0.22677430217653882,1
7025,16042,5,Food,2024-10-19 16:00:00,0.18726051088799023,1
7026,8273,5,Food,2024-10-19 17:00:00,0.41050048764150426,1
7027,15097,4,Staff,2024-10-19 18:00:00,0.9386930873681525,1
7028,7907,4,Staff,2024-10-19 19:00:00,0.5941498620855079,1
7029,12809,4,Staff,2024-10-19 20:00:00,0.9074066075028517,1
7030,941,1,Animals,2024-10-19 21:00:00,0.40416052434850047,1
7031,46510,5,Value,2024-10-19 22:00:00,0.9547854901134594,1
7032,43384,4,Staff,2024-10-19 23:00:00,0.4795886532114476,0
7033,27943,5,Value,2024-10-20 00:00:00,0.4888032227844922,0
7034,28322,5,Value,2024-10-20 01:00:00,0.21456793287746523,1
7035,53,4,Staff,2024-10-20 02:00:00,0.788045790504331,1
7036,38183,2,Facilities,2024-10-20 03:00:00,0.32411688916841874,1
7037,19148,5,Staff,2024-10-20 04:00:00,0.7129557497785468,1
7038,16358,4,Food,2024-10-20 05:00:00,0.31034389438992493,0
7039,24711,3,Animals,2024-10-20 06:00:00,0.7946600815614139,1
7040,40245,4,Staff,2024-10-20 07:00:00,0.03641595597895231,1
7041,15881,4,Food,2024-10-20 08:00:00,0.4333187115558135,0
7042,24829,5,Animals,2024-10-20 09:00:00,0.4407333615699559,1
7043,35390,4,Facilities,2024-10-20 10:00:00,0.9013377057988649,1
7044,40498,2,Value,2024-10-20 11:00:00,0.2559198068427321,1
7045,8305,5,Food,2024-10-20 12:00:00,0.837785859054068,0
7046,23811,4,Staff,2024-10-20 13:00:00,0.15661449207158062,0
7047,677,4,Food,2024-10-20 14:00:00,0.5279037041395052,1
7048,19934,3,Food,2024-10-20 15:00:00,0.3377287122469377,0
7049,41284,4,Value,2024-10-20 16:00:00,0.24347185441701347,1
7050,5254,4,Food,2024-10-20 17:00:00,0.5610819034681573,1
7051,34315,5,Value,2024-10-20 18:00:00,0.7086695443251013,1
7052,3256,5,Value,2024-10-20 19:00:00,0.7129398443792013,1
7053,26933,3,Food,2024-10-20 20:00:00,0.37805318602738236,1
7054,38099,3,Food,2024-10-20 21:00:00,0.43141398450378454,1
7055,38369,4,Facilities,2024-10-20 22:00:00,0.6867799068430109,1
7056,18640,4,Animals,2024-10-20 23:00:00,0.42755250739253126,1
7057,32171,4,Value,2024-10-21 00:00:00,0.013800704083638982,1
7058,10947,3,Value,2024-10-21 01:00:00,0.44639319363020225,1
7059,325,2,Food,2024-10-21 02:00:00,0.11803502977261304,1
7060,17317,5,Food,2024-10-21 03:00:00,0.6845716737587632,0
7061,45145,4,Value,2024-10-21 04:00:00,0.9084948440623128,1
7062,32722,3,Staff,2024-10-21 05:00:00,0.12367618858317608,0
7063,18620,4,Staff,2024-10-21 06:00:00,0.8406614695993265,1
7064,23054,4,Value,2024-10-21 07:00:00,0.8653900580264963,1
7065,40751,3,Animals,2024-10-21 08:00:00,0.9441518448531618,1
7066,1497,4,Animals,2024-10-21 09:00:00,0.8716907587950445,1
7067,23169,5,Animals,2024-10-21 10:00:00,0.5724057342216166,1
7068,38193,3,Facilities,2024-10-21 11:00:00,0.0707863769188306,0
7069,31961,1,Facilities,2024-10-21 12:00:00,0.3200466235472106,1
7070,33689,3,Animals,2024-10-21 13:00:00,0.7068203492011698,1
7071,9492,3,Animals,2024-10-21 14:00:00,0.1259701393472501,1
7072,33735,3,Staff,2024-10-21 15:00:00,0.7612731964730101,1
7073,47604,3,Animals,2024-10-21 16:00:00,0.9359290006204223,1
7074,42223,2,Facilities,2024-10-21 17:00:00,0.23827158338069354,0
7075,21963,4,Value,2024-10-21 18:00:00,0.058368615646635535,1
7076,31438,3,Food,2024-10-21 19:00:00,0.7640076105839972,1
7077,21719,3,Facilities,2024-10-21 20:00:00,0.04848238825015794,0
7078,16661,4,Facilities,2024-10-21 21:00:00,0.21488722851138609,1
7079,2682,4,Food,2024-10-21 22:00:00,0.23012200567034458,1
7080,19968,3,Food,2024-10-21 23:00:00,0.8982236865217561,0
7081,28691,4,Food,2024-10-22 00:00:00,0.9107918801373946,1
7082,11561,1,Food,2024-10-22 01:00:00,0.8681204194179962,1
7083,26637,5,Animals,2024-10-22 02:00:00,0.2133548329513656,0
7084,23951,2,Facilities,2024-10-22 03:00:00,0.4792534115804076,1
7085,31308,4,Staff,2024-10-22 04:00:00,0.3576483143241791,1
7086,39360,1,Facilities,2024-10-22 05:00:00,0.9988276224036567,1
7087,20280,4,Staff,2024-10-22 06:00:00,0.1456360679142088,1
7088,17942,5,Food,2024-10-22 07:00:00,0.3412850253804077,1
7089,28256,5,Food,2024-10-22 08:00:00,0.2668097273316381,0
7090,28818,4,Staff,2024-10-22 09:00:00,0.9100593728380112,0
7091,24408,3,Staff,2024-10-22 10:00:00,0.14534661219716538,1
7092,22514,4,Food,2024-10-22 11:00:00,0.004104526906795414,1
7093,38781,4,Food,2024-10-22 12:00:00,0.7561620249474734,0
7094,3981,5,Food,2024-10-22 13:00:00,0.5563045803623167,1
7095,8966,3,Food,2024-10-22 14:00:00,0.3131135488579484,1
7096,10519,4,Animals,2024-10-22 15:00:00,0.8769172114149298,1
7097,2856,5,Staff,2024-10-22 16:00:00,0.7817799548112285,1
7098,7258,1,Food,2024-10-22 17:00:00,0.8092843560241412,0
7099,8071,4,Facilities,2024-10-22 18:00:00,0.3257127827052383,1
7100,41313,4,Food,2024-10-22 19:00:00,0.38645287799806527,0
7101,34514,2,Facilities,2024-10-22 20:00:00,0.7076483587866493,1
7102,23383,4,Staff,2024-10-22 21:00:00,0.4812089111604355,1
7103,46317,2,Food,2024-10-22 22:00:00,0.29243961212854963,0
7104,48184,5,Staff,2024-10-22 23:00:00,0.06588863900594888,1
7105,26339,5,Facilities,2024-10-23 00:00:00,0.017073096812318722,1
7106,16241,5,Facilities,2024-10-23 01:00:00,0.9989388379387484,1
7107,14971,3,Value,2024-10-23 02:00:00,0.5063514056955862,1
7108,9501,5,Facilities,2024-10-23 03:00:00,0.3651287450426042,0
7109,21661,4,Animals,2024-10-23 04:00:00,0.0557692686538902,0
7110,46629,4,Staff,2024-10-23 05:00:00,0.6322383239956529,1
7111,41524,1,Food,2024-10-23 06:00:00,0.9106277816415047,1
7112,30908,5,Staff,2024-10-23 07:00:00,0.08757015797125156,1
7113,41586,3,Facilities,2024-10-23 08:00:00,0.10183168213743354,1
7114,27216,5,Staff,2024-10-23 09:00:00,0.947499945822443,1
7115,17831,3,Animals,2024-10-23 10:00:00,0.19867392981678944,1
7116,5636,5,Value,2024-10-23 11:00:00,0.05495430514756705,1
7117,20843,3,Facilities,2024-10-23 12:00:00,0.631696167247937,0
7118,45669,2,Staff,2024-10-23 13:00:00,0.03240263407913435,1
7119,19836,4,Facilities,2024-10-23 14:00:00,0.5503057287137931,0
7120,4810,4,Food,2024-10-23 15:00:00,0.026125347957202005,1
7121,26850,5,Staff,2024-10-23 16:00:00,0.8938523571974197,1
7122,48654,3,Animals,2024-10-23 17:00:00,0.41141652738450096,1
7123,48804,4,Staff,2024-10-23 18:00:00,0.48487577473733645,0
7124,40026,5,Animals,2024-10-23 19:00:00,0.5387219259515522,1
7125,45634,4,Animals,2024-10-23 20:00:00,0.06604690262438018,1
7126,3832,3,Value,2024-10-23 21:00:00,0.5607814046780695,1
7127,23332,4,Food,2024-10-23 22:00:00,0.36893331123276185,1
7128,108,4,Food,2024-10-23 23:00:00,0.13457309732144362,1
7129,7988,5,Value,2024-10-24 00:00:00,0.9732161450778524,1
7130,32142,5,Facilities,2024-10-24 01:00:00,0.5541469184931194,1
7131,22970,2,Value,2024-10-24 02:00:00,0.6766418896068876,1
7132,22729,5,Food,2024-10-24 03:00:00,0.9764307949931718,1
7133,35997,4,Staff,2024-10-24 04:00:00,0.027832477227725305,1
7134,6155,3,Value,2024-10-24 05:00:00,0.727557607135257,1
7135,24924,4,Facilities,2024-10-24 06:00:00,0.21884751408349767,1
7136,36191,2,Staff,2024-10-24 07:00:00,0.2738824769882794,1
7137,13726,3,Animals,2024-10-24 08:00:00,0.023297895558026416,1
7138,15877,4,Staff,2024-10-24 09:00:00,0.12743658945255498,1
7139,41398,5,Value,2024-10-24 10:00:00,0.2687322486153326,1
7140,18866,5,Facilities,2024-10-24 11:00:00,0.4508053940713791,1
7141,14378,4,Value,2024-10-24 12:00:00,0.6169541023623631,0
7142,25938,5,Facilities,2024-10-24 13:00:00,0.5884793478035982,1
7143,41509,1,Value,2024-10-24 14:00:00,0.24520997114071375,1
7144,40593,5,Facilities,2024-10-24 15:00:00,0.06221551070713216,1
7145,3221,4,Staff,2024-10-24 16:00:00,0.475052937889622,1
7146,30483,5,Food,2024-10-24 17:00:00,0.8245871194344231,1
7147,40132,2,Animals,2024-10-24 18:00:00,0.3555170588569865,1
7148,10793,4,Animals,2024-10-24 19:00:00,0.324730458138185,1
7149,4586,5,Value,2024-10-24 20:00:00,0.4445999795798141,0
7150,30271,3,Food,2024-10-24 21:00:00,0.548857632440308,1
7151,8294,5,Value,2024-10-24 22:00:00,0.9498700475286987,1
7152,22241,3,Facilities,2024-10-24 23:00:00,0.5225284391284271,1
7153,23118,4,Value,2024-10-25 00:00:00,0.09872045806757024,1
7154,12429,3,Food,2024-10-25 01:00:00,0.08005756600465563,0
7155,2797,4,Food,2024-10-25 02:00:00,0.6097336152475689,1
7156,20913,4,Food,2024-10-25 03:00:00,0.5655932500128656,1
7157,26175,5,Value,2024-10-25 04:00:00,0.6637812859692486,1
7158,26188,4,Animals,2024-10-25 05:00:00,0.4357553423449403,0
7159,49171,3,Value,2024-10-25 06:00:00,0.9601473218319249,1
7160,28280,4,Animals,2024-10-25 07:00:00,0.6769814896342986,1
7161,49322,4,Value,2024-10-25 08:00:00,0.02489576337945676,1
7162,33760,3,Facilities,2024-10-25 09:00:00,0.09153492973676491,1
7163,7335,4,Food,2024-10-25 10:00:00,0.4995392441627251,1
7164,37351,3,Value,2024-10-25 11:00:00,0.9140073657407726,0
7165,9219,4,Food,2024-10-25 12:00:00,0.9636767986805932,1
7166,18096,3,Value,2024-10-25 13:00:00,0.9403445042582722,1
7167,26633,3,Food,2024-10-25 14:00:00,0.47262020127685744,1
7168,32589,5,Staff,2024-10-25 15:00:00,0.5611481690041745,1
7169,39970,3,Animals,2024-10-25 16:00:00,0.9518158164640523,1
7170,48884,4,Value,2024-10-25 17:00:00,0.014102644274538667,1
7171,28768,4,Food,2024-10-25 18:00:00,0.3461011404253411,1
7172,19024,4,Value,2024-10-25 19:00:00,0.7261516320265055,1
7173,5847,3,Value,2024-10-25 20:00:00,0.37150836702976153,0
7174,17800,3,Food,2024-10-25 21:00:00,0.4251630689434134,1
7175,16631,3,Staff,2024-10-25 22:00:00,0.615638487074189,1
7176,16659,2,Animals,2024-10-25 23:00:00,0.7887672161278749,1
7177,36447,5,Animals,2024-10-26 00:00:00,0.2690419112164594,1
7178,18953,4,Animals,2024-10-26 01:00:00,0.9307323504524234,1
7179,13,3,Facilities,2024-10-26 02:00:00,0.5523841166133003,1
7180,12621,5,Animals,2024-10-26 03:00:00,0.8529421052484965,1
7181,39537,4,Food,2024-10-26 04:00:00,0.05405601921217662,1
7182,48386,1,Food,2024-10-26 05:00:00,0.9685245980073744,0
7183,4233,3,Facilities,2024-10-26 06:00:00,0.513580470093242,0
7184,29736,4,Animals,2024-10-26 07:00:00,0.5042798141311254,0
7185,49234,2,Staff,2024-10-26 08:00:00,0.9832401148839159,1
7186,37748,5,Food,2024-10-26 09:00:00,0.3350592267582667,1
7187,26075,5,Facilities,2024-10-26 10:00:00,0.9539368479886232,1
7188,15628,1,Value,2024-10-26 11:00:00,0.8774603992139705,1
7189,14189,4,Food,2024-10-26 12:00:00,0.6162635356637005,0
7190,37452,5,Facilities,2024-10-26 13:00:00,0.0003046904425439978,1
7191,41175,5,Facilities,2024-10-26 14:00:00,0.8323124245347755,1
7192,39669,5,Animals,2024-10-26 15:00:00,0.18616965014526565,1
7193,30961,4,Animals,2024-10-26 16:00:00,0.1376452071048151,0
7194,11937,5,Facilities,2024-10-26 17:00:00,0.7992822699579459,1
7195,23730,4,Staff,2024-10-26 18:00:00,0.5083709995048075,1
7196,41703,4,Animals,2024-10-26 19:00:00,0.1433180314277971,0
7197,21685,1,Food,2024-10-26 20:00:00,0.23332826344415547,1
7198,6682,2,Animals,2024-10-26 21:00:00,0.5364247787052292,0
7199,18033,3,Animals,2024-10-26 22:00:00,0.7716768802803634,1
7200,38168,2,Animals,2024-10-26 23:00:00,0.7589725615598663,0
7201,12882,4,Staff,2024-10-27 00:00:00,0.3573382216097126,1
7202,27571,4,Staff,2024-10-27 01:00:00,0.7752786578001533,1
7203,39729,4,Facilities,2024-10-27 02:00:00,0.46142647995972974,1
7204,22927,5,Food,2024-10-27 03:00:00,0.36897551290264463,0
7205,36385,4,Animals,2024-10-27 04:00:00,0.6643417314262271,1
7206,22518,3,Facilities,2024-10-27 05:00:00,0.4349128354962678,0
7207,48741,4,Value,2024-10-27 06:00:00,0.021024124284860113,1
7208,45387,3,Value,2024-10-27 07:00:00,0.9218240665612348,1
7209,49596,3,Value,2024-10-27 08:00:00,0.08272978537106668,0
7210,27678,4,Facilities,2024-10-27 09:00:00,0.117635594592995,1
7211,11982,3,Staff,2024-10-27 10:00:00,0.8041257449214294,1
7212,46334,5,Staff,2024-10-27 11:00:00,0.4156827131319537,1
7213,11663,5,Food,2024-10-27 12:00:00,0.3739949841169683,1
7214,23477,5,Food,2024-10-27 13:00:00,0.6982341294388428,0
7215,12969,4,Staff,2024-10-27 14:00:00,0.3985002317844233,0
7216,72,2,Facilities,2024-10-27 15:00:00,0.09829190904104046,1
7217,2364,4,Staff,2024-10-27 16:00:00,0.9426832212390097,1
7218,44471,3,Facilities,2024-10-27 17:00:00,0.9811171864746265,1
7219,45550,2,Value,2024-10-27 18:00:00,0.09405611869343344,1
7220,30484,5,Staff,2024-10-27 19:00:00,0.702777222325857,0
7221,21627,5,Animals,2024-10-27 20:00:00,0.1863549561426625,1
7222,47909,3,Facilities,2024-10-27 21:00:00,0.6234579076770368,0
7223,3556,5,Facilities,2024-10-27 22:00:00,0.588387000518643,1
7224,24532,4,Value,2024-10-27 23:00:00,0.48250625566158156,1
7225,13085,2,Facilities,2024-10-28 00:00:00,0.9268526779861962,1
7226,29421,1,Food,2024-10-28 01:00:00,0.6330698142256316,1
7227,10986,3,Staff,2024-10-28 02:00:00,0.3334328297894098,0
7228,24293,4,Facilities,2024-10-28 03:00:00,0.2604675709062917,1
7229,38710,4,Food,2024-10-28 04:00:00,0.025813811926223118,1
7230,15460,3,Animals,2024-10-28 05:00:00,0.0982871192232262,0
7231,4051,3,Facilities,2024-10-28 06:00:00,0.541635785675106,0
7232,9818,3,Value,2024-10-28 07:00:00,0.8734357792416526,1
7233,39107,4,Value,2024-10-28 08:00:00,0.07637547774270614,1
7234,8915,5,Food,2024-10-28 09:00:00,0.621848952290334,1
7235,34479,5,Food,2024-10-28 10:00:00,0.7373596671877911,1
7236,49159,5,Animals,2024-10-28 11:00:00,0.30883606787104523,0
7237,33930,3,Food,2024-10-28 12:00:00,0.6204108269332821,1
7238,24591,5,Staff,2024-10-28 13:00:00,0.6041389430437384,1
7239,23569,4,Food,2024-10-28 14:00:00,0.7980311649261751,1
7240,42118,5,Facilities,2024-10-28 15:00:00,0.21383269016924455,1
7241,15543,2,Staff,2024-10-28 16:00:00,0.6970824120201503,1
7242,25446,3,Food,2024-10-28 17:00:00,0.15977834815629754,1
7243,32258,5,Staff,2024-10-28 18:00:00,0.8920907101575961,1
7244,20928,4,Facilities,2024-10-28 19:00:00,0.33105112336234677,1
7245,23449,3,Animals,2024-10-28 20:00:00,0.5607995084637256,1
7246,20460,4,Facilities,2024-10-28 21:00:00,0.37398589161969253,1
7247,14647,2,Value,2024-10-28 22:00:00,0.5192794640797704,1
7248,16754,3,Food,2024-10-28 23:00:00,0.6767703681401285,1
7249,29424,5,Staff,2024-10-29 00:00:00,0.9890158236826249,1
7250,35493,5,Staff,2024-10-29 01:00:00,0.06057665052354955,1
7251,3122,5,Animals,2024-10-29 02:00:00,0.6492840258024493,0
7252,36027,5,Animals,2024-10-29 03:00:00,0.6980015220467518,0
7253,20098,3,Food,2024-10-29 04:00:00,0.9761799781961473,1
7254,13930,5,Staff,2024-10-29 05:00:00,0.8253449922856101,1
7255,11984,4,Animals,2024-10-29 06:00:00,0.08632147506660781,1
7256,701,5,Food,2024-10-29 07:00:00,0.9050890676283545,1
7257,19712,5,Facilities,2024-10-29 08:00:00,0.15603047643105505,0
7258,46141,4,Staff,2024-10-29 09:00:00,0.8693433644679395,1
7259,13304,4,Value,2024-10-29 10:00:00,0.5414662334032339,0
7260,35842,5,Animals,2024-10-29 11:00:00,0.9631716217440408,1
7261,22571,4,Staff,2024-10-29 12:00:00,0.9217419222165426,1
7262,7231,5,Value,2024-10-29 13:00:00,0.8045228286356634,0
7263,43563,5,Facilities,2024-10-29 14:00:00,0.8419006617829187,0
7264,36199,4,Facilities,2024-10-29 15:00:00,0.9801431376196812,1
7265,29742,5,Value,2024-10-29 16:00:00,0.4105983229069059,1
7266,11468,3,Food,2024-10-29 17:00:00,0.308239873302665,1
7267,45668,4,Staff,2024-10-29 18:00:00,0.4280660870704327,1
7268,434,4,Value,2024-10-29 19:00:00,0.5440561197168633,1
7269,49097,3,Animals,2024-10-29 20:00:00,0.6590190048539997,1
7270,9994,5,Value,2024-10-29 21:00:00,0.15908312468470465,1
7271,25842,4,Food,2024-10-29 22:00:00,0.8469920734669656,1
7272,15993,5,Value,2024-10-29 23:00:00,0.5140172875740108,0
7273,41628,5,Animals,2024-10-30 00:00:00,0.616611326310728,1
7274,23780,2,Staff,2024-10-30 01:00:00,0.7581387216287121,1
7275,1241,5,Animals,2024-10-30 02:00:00,0.6645555620009896,0
7276,9224,3,Facilities,2024-10-30 03:00:00,0.8590806646785356,1
7277,9558,3,Food,2024-10-30 04:00:00,0.27120942480083743,1
7278,37108,5,Staff,2024-10-30 05:00:00,0.4831728381258048,1
7279,24869,4,Food,2024-10-30 06:00:00,0.7947864550129738,1
7280,36802,1,Staff,2024-10-30 07:00:00,0.8305508092135261,1
7281,17168,1,Staff,2024-10-30 08:00:00,0.4453612139835247,1
7282,49249,5,Value,2024-10-30 09:00:00,0.5846028476956524,1
7283,49400,5,Food,2024-10-30 10:00:00,0.9437846008955435,1
7284,41591,5,Value,2024-10-30 11:00:00,0.010181388290544269,1
7285,24741,3,Value,2024-10-30 12:00:00,0.43086704401634124,1
7286,23942,4,Value,2024-10-30 13:00:00,0.8329125765782217,0
7287,30420,3,Food,2024-10-30 14:00:00,0.7002483454454032,1
7288,13666,4,Animals,2024-10-30 15:00:00,0.0072216877171317195,1
7289,39262,2,Animals,2024-10-30 16:00:00,0.19814571520823832,1
7290,46073,3,Value,2024-10-30 17:00:00,0.6426559841204447,1
7291,7528,5,Facilities,2024-10-30 18:00:00,0.8822499023968797,0
7292,5052,4,Staff,2024-10-30 19:00:00,0.07970649846425615,1
7293,49547,5,Staff,2024-10-30 20:00:00,0.8549415684258621,0
7294,33569,4,Value,2024-10-30 21:00:00,0.8457804908198798,1
7295,4898,4,Value,2024-10-30 22:00:00,0.6243336610385442,1
7296,31262,2,Animals,2024-10-30 23:00:00,0.483590780137233,1
7297,34699,4,Food,2024-10-31 00:00:00,0.07927143583919682,1
7298,15290,5,Animals,2024-10-31 01:00:00,0.5677000055406249,1
7299,34045,4,Facilities,2024-10-31 02:00:00,0.6126588245715316,1
7300,18978,2,Facilities,2024-10-31 03:00:00,0.8026682375631665,0
7301,22099,4,Facilities,2024-10-31 04:00:00,0.20592013934041886,1
7302,47024,5,Facilities,2024-10-31 05:00:00,0.825072355565988,1
7303,44930,4,Facilities,2024-10-31 06:00:00,0.6591063293196691,0
7304,46143,5,Value,2024-10-31 07:00:00,0.6585596054714753,0
7305,20025,3,Facilities,2024-10-31 08:00:00,0.42714177471250436,1
7306,12178,3,Food,2024-10-31 09:00:00,0.7757849806716526,1
7307,38646,4,Value,2024-10-31 10:00:00,0.1330887257907295,1
7308,27846,3,Food,2024-10-31 11:00:00,0.4785944747569021,1
7309,6676,4,Facilities,2024-10-31 12:00:00,0.925400172050002,0
7310,45532,3,Staff,2024-10-31 13:00:00,0.05035445580742437,1
7311,41811,4,Food,2024-10-31 14:00:00,0.472104183549494,1
7312,23062,4,Food,2024-10-31 15:00:00,0.37574864358871274,1
7313,25622,5,Staff,2024-10-31 16:00:00,0.5902876931738137,1
7314,48165,5,Food,2024-10-31 17:00:00,0.2121469287233917,1
7315,5342,4,Animals,2024-10-31 18:00:00,0.24368851443123907,1
7316,28540,5,Food,2024-10-31 19:00:00,0.735306158762174,1
7317,19669,1,Animals,2024-10-31 20:00:00,0.8114640065831685,1
7318,30402,5,Facilities,2024-10-31 21:00:00,0.6029572544629188,1
7319,38200,3,Food,2024-10-31 22:00:00,0.9074337273338787,1
7320,12617,4,Facilities,2024-10-31 23:00:00,0.5219499209394802,1
7321,39518,5,Food,2024-11-01 00:00:00,0.29230670637994793,1
7322,18431,4,Staff,2024-11-01 01:00:00,0.17030307044121917,1
7323,44955,5,Staff,2024-11-01 02:00:00,0.3778038479561928,0
7324,37293,5,Staff,2024-11-01 03:00:00,0.8397901495816236,1
7325,18834,4,Staff,2024-11-01 04:00:00,0.07929664059005859,1
7326,28600,1,Food,2024-11-01 05:00:00,0.9923340244990118,1
7327,40017,4,Animals,2024-11-01 06:00:00,0.5953777472976141,1
7328,5237,4,Animals,2024-11-01 07:00:00,0.043861554579503026,1
7329,5170,2,Staff,2024-11-01 08:00:00,0.6595974121882642,0
7330,32106,4,Staff,2024-11-01 09:00:00,0.6175315246086667,1
7331,1517,5,Value,2024-11-01 10:00:00,0.7134356613592922,1
7332,27968,4,Staff,2024-11-01 11:00:00,0.1061205084197735,1
7333,21213,4,Staff,2024-11-01 12:00:00,0.29781490363592567,1
7334,5552,3,Staff,2024-11-01 13:00:00,0.5838967812250443,0
7335,14195,5,Staff,2024-11-01 14:00:00,0.8293397472107903,1
7336,43126,3,Food,2024-11-01 15:00:00,0.170441117282073,1
7337,21981,2,Food,2024-11-01 16:00:00,0.8616417101197543,1
7338,22134,4,Food,2024-11-01 17:00:00,0.013697695672719723,1
7339,38621,5,Value,2024-11-01 18:00:00,0.8509499130796917,1
7340,30139,5,Animals,2024-11-01 19:00:00,0.3850414156026034,0
7341,40820,4,Animals,2024-11-01 20:00:00,0.12814150802976887,1
7342,37558,5,Value,2024-11-01 21:00:00,0.5721109146648384,1
7343,49470,1,Staff,2024-11-01 22:00:00,0.5425504723589569,1
7344,23088,4,Value,2024-11-01 23:00:00,0.9355605972864928,0
7345,14456,4,Staff,2024-11-02 00:00:00,0.5328596768831453,1
7346,27546,5,Food,2024-11-02 01:00:00,0.22939098940979352,1
7347,6117,3,Food,2024-11-02 02:00:00,0.9720914309842226,1
7348,3136,4,Value,2024-11-02 03:00:00,0.8312076768566092,1
7349,24778,3,Food,2024-11-02 04:00:00,0.06537735013401202,1
7350,36993,4,Food,2024-11-02 05:00:00,0.8317638882667917,1
7351,25417,5,Animals,2024-11-02 06:00:00,0.5259091225420437,1
7352,35138,4,Value,2024-11-02 07:00:00,0.13269883555280249,1
7353,211,5,Animals,2024-11-02 08:00:00,0.14575439792016298,0
7354,37775,3,Animals,2024-11-02 09:00:00,0.7733176244245011,1
7355,12099,3,Value,2024-11-02 10:00:00,0.5478420883503782,1
7356,20528,1,Facilities,2024-11-02 11:00:00,0.8200563870463209,1
7357,45204,4,Value,2024-11-02 12:00:00,0.4312463589845511,0
7358,19274,5,Animals,2024-11-02 13:00:00,0.8875704651218601,1
7359,6271,4,Animals,2024-11-02 14:00:00,0.21775317936569782,1
7360,4872,4,Facilities,2024-11-02 15:00:00,0.03634278504847166,1
7361,10178,4,Staff,2024-11-02 16:00:00,0.35638561901398313,1
7362,36056,4,Staff,2024-11-02 17:00:00,0.8453369548236902,1
7363,29440,4,Value,2024-11-02 18:00:00,0.867586637702225,1
7364,17398,4,Staff,2024-11-02 19:00:00,0.1812322421172613,1
7365,39912,5,Facilities,2024-11-02 20:00:00,0.9989420091372659,0
7366,43573,4,Food,2024-11-02 21:00:00,0.36867531569137135,1
7367,47980,3,Food,2024-11-02 22:00:00,0.858771372421795,1
7368,31242,3,Food,2024-11-02 23:00:00,0.6811073628313798,1
7369,37469,3,Value,2024-11-03 00:00:00,0.9736351526380536,1
7370,29152,5,Facilities,2024-11-03 01:00:00,0.41243279544127553,1
7371,47018,4,Food,2024-11-03 02:00:00,0.08692946138420465,1
7372,27103,4,Facilities,2024-11-03 03:00:00,0.49534607077126136,1
7373,676,5,Value,2024-11-03 04:00:00,0.25137034220759447,1
7374,25432,5,Value,2024-11-03 05:00:00,0.457609305774629,1
7375,4935,5,Food,2024-11-03 06:00:00,0.33886815193012565,1
7376,37179,5,Facilities,2024-11-03 07:00:00,0.05861032832437174,1
7377,49386,5,Facilities,2024-11-03 08:00:00,0.6987536350529389,1
7378,38848,4,Facilities,2024-11-03 09:00:00,0.6350986838519217,1
7379,1078,3,Animals,2024-11-03 10:00:00,0.45784035994059036,1
7380,42027,5,Food,2024-11-03 11:00:00,0.8356631960302084,0
7381,8568,5,Staff,2024-11-03 12:00:00,0.30795430339748675,1
7382,27456,4,Food,2024-11-03 13:00:00,0.5998654847887435,1
7383,18991,5,Facilities,2024-11-03 14:00:00,0.20102315555382677,1
7384,49932,4,Facilities,2024-11-03 15:00:00,0.5881558096576589,1
7385,19400,4,Food,2024-11-03 16:00:00,0.8769136816350838,1
7386,32738,3,Staff,2024-11-03 17:00:00,0.42341231490409925,1
7387,1835,3,Animals,2024-11-03 18:00:00,0.7846518002655095,0
7388,12785,3,Value,2024-11-03 19:00:00,0.26893680642625417,1
7389,38024,3,Facilities,2024-11-03 20:00:00,0.8782691618033664,1
7390,41932,5,Facilities,2024-11-03 21:00:00,0.060982503908038055,1
7391,2024,3,Staff,2024-11-03 22:00:00,0.5659101084036522,1
7392,32535,4,Facilities,2024-11-03 23:00:00,0.012958924919851844,1
7393,27493,4,Food,2024-11-04 00:00:00,0.002648097980055608,1
7394,18211,3,Animals,2024-11-04 01:00:00,0.3845152388238994,1
7395,43400,4,Value,2024-11-04 02:00:00,0.20924277541152358,0
7396,40997,3,Facilities,2024-11-04 03:00:00,0.11257858038962054,1
7397,5506,1,Food,2024-11-04 04:00:00,0.8679886076941797,1
7398,44134,2,Animals,2024-11-04 05:00:00,0.5647656721226342,1
7399,3612,4,Animals,2024-11-04 06:00:00,0.42919023078325347,0
7400,8768,3,Staff,2024-11-04 07:00:00,0.6138990286738367,1
7401,12657,4,Facilities,2024-11-04 08:00:00,0.646751391211232,1
7402,32334,4,Food,2024-11-04 09:00:00,0.4116294355073745,1
7403,42186,2,Value,2024-11-04 10:00:00,0.5117484881490529,1
7404,3994,5,Food,2024-11-04 11:00:00,0.564167048077669,1
7405,37385,4,Animals,2024-11-04 12:00:00,0.0868065405317261,1
7406,42375,5,Food,2024-11-04 13:00:00,0.8465506698604766,1
7407,30594,3,Food,2024-11-04 14:00:00,0.7937638587121021,1
7408,25120,5,Facilities,2024-11-04 15:00:00,0.533217984026042,1
7409,8277,3,Facilities,2024-11-04 16:00:00,0.7491203002989966,0
7410,26605,3,Staff,2024-11-04 17:00:00,0.3240161026569113,1
7411,30820,2,Staff,2024-11-04 18:00:00,0.10574369659742944,1
7412,35566,5,Facilities,2024-11-04 19:00:00,0.13149180330232169,1
7413,23479,4,Food,2024-11-04 20:00:00,0.2666441736608117,0
7414,14344,4,Facilities,2024-11-04 21:00:00,0.17444116868418258,1
7415,30931,2,Animals,2024-11-04 22:00:00,0.8530436179252487,1
7416,14107,4,Staff,2024-11-04 23:00:00,0.17146908208753842,1
7417,19198,4,Facilities,2024-11-05 00:00:00,0.31360913191806195,1
7418,18797,4,Staff,2024-11-05 01:00:00,0.4627447856530421,1
7419,21445,3,Value,2024-11-05 02:00:00,0.7975118482022105,1
7420,4484,5,Animals,2024-11-05 03:00:00,0.6023454798036599,1
7421,8345,5,Food,2024-11-05 04:00:00,0.6017480384334675,1
7422,11515,4,Value,2024-11-05 05:00:00,0.11670468280993052,1
7423,25875,2,Staff,2024-11-05 06:00:00,0.88268719175557,1
7424,5585,2,Animals,2024-11-05 07:00:00,0.6516573359859751,1
7425,22303,4,Staff,2024-11-05 08:00:00,0.05875103751897659,0
7426,16340,5,Value,2024-11-05 09:00:00,0.12234726396373607,1
7427,853,3,Food,2024-11-05 10:00:00,0.17447535806097636,0
7428,14536,5,Value,2024-11-05 11:00:00,0.013529018668767656,1
7429,16766,4,Food,2024-11-05 12:00:00,0.7232844127528988,1
7430,39814,5,Animals,2024-11-05 13:00:00,0.04551057593593988,1
7431,43181,3,Facilities,2024-11-05 14:00:00,0.4012374874454476,1
7432,20255,5,Animals,2024-11-05 15:00:00,0.6283873645736691,1
7433,10656,4,Food,2024-11-05 16:00:00,0.14609823865469596,1
7434,28174,4,Food,2024-11-05 17:00:00,0.27095804220971964,1
7435,31920,5,Animals,2024-11-05 18:00:00,0.19244677805702415,1
7436,36358,4,Facilities,2024-11-05 19:00:00,0.8386967145724673,0
7437,29722,4,Value,2024-11-05 20:00:00,0.7263087524768603,1
7438,16664,4,Food,2024-11-05 21:00:00,0.13864728420355454,0
7439,20762,4,Staff,2024-11-05 22:00:00,0.48024434817300143,1
7440,36926,5,Food,2024-11-05 23:00:00,0.15160483700351268,1
7441,37063,5,Value,2024-11-06 00:00:00,0.7128348690461556,1
7442,6917,5,Animals,2024-11-06 01:00:00,0.14304671520263268,1
7443,9950,3,Food,2024-11-06 02:00:00,0.33622473980041345,1
7444,15340,5,Food,2024-11-06 03:00:00,0.662079309071633,1
7445,15255,5,Value,2024-11-06 04:00:00,0.32652135285519623,1
7446,18933,3,Facilities,2024-11-06 05:00:00,0.7498541004459024,1
7447,8384,1,Animals,2024-11-06 06:00:00,0.7077201631255016,0
7448,11559,4,Value,2024-11-06 07:00:00,0.6988159863882414,1
7449,49931,4,Food,2024-11-06 08:00:00,0.8899736007381599,1
7450,26007,2,Food,2024-11-06 09:00:00,0.07296567330637027,1
7451,3522,5,Food,2024-11-06 10:00:00,0.8330675829992342,1
7452,38136,4,Food,2024-11-06 11:00:00,0.04615375338697936,1
7453,15138,5,Value,2024-11-06 12:00:00,0.14330494564653384,0
7454,14692,3,Food,2024-11-06 13:00:00,0.3911968930895394,1
7455,11157,2,Staff,2024-11-06 14:00:00,0.9047543068072226,1
7456,23164,5,Facilities,2024-11-06 15:00:00,0.6051148901119081,0
7457,2936,5,Staff,2024-11-06 16:00:00,0.434562197999526,0
7458,7223,5,Food,2024-11-06 17:00:00,0.5445786939763021,0
7459,8086,5,Facilities,2024-11-06 18:00:00,0.7917025150586808,1
7460,13935,4,Value,2024-11-06 19:00:00,0.87368149465681,1
7461,45400,4,Facilities,2024-11-06 20:00:00,0.7387638948319007,1
7462,4515,4,Animals,2024-11-06 21:00:00,0.3076149100751545,1
7463,19652,5,Value,2024-11-06 22:00:00,0.42579351580489044,0
7464,8078,3,Food,2024-11-06 23:00:00,0.9680001276189207,0
7465,19427,5,Facilities,2024-11-07 00:00:00,0.8579114708262421,1
7466,15228,3,Staff,2024-11-07 01:00:00,0.8287075557918385,1
7467,48966,5,Staff,2024-11-07 02:00:00,0.48936921467892336,1
7468,30560,4,Staff,2024-11-07 03:00:00,0.9303954742828583,0
7469,16268,5,Staff,2024-11-07 04:00:00,0.847486275343484,1
7470,44393,4,Value,2024-11-07 05:00:00,0.8628108051786856,0
7471,31759,1,Staff,2024-11-07 06:00:00,0.18730679603390288,1
7472,2361,3,Facilities,2024-11-07 07:00:00,0.7239421654121977,1
7473,8500,1,Value,2024-11-07 08:00:00,0.3324719245486695,0
7474,33729,2,Value,2024-11-07 09:00:00,0.46250297775736815,1
7475,46859,4,Animals,2024-11-07 10:00:00,0.941024757972773,1
7476,9931,4,Value,2024-11-07 11:00:00,0.5672961781671075,1
7477,17389,3,Value,2024-11-07 12:00:00,0.5113298361103714,1
7478,18363,5,Value,2024-11-07 13:00:00,0.09358974937434184,0
7479,28258,5,Animals,2024-11-07 14:00:00,0.41978675835269563,1
7480,48202,4,Staff,2024-11-07 15:00:00,0.504685718191221,1
7481,14585,2,Value,2024-11-07 16:00:00,0.4275932525029519,0
7482,31637,4,Facilities,2024-11-07 17:00:00,0.960440206295482,1
7483,5902,5,Animals,2024-11-07 18:00:00,0.7767374350091223,1
7484,13764,3,Facilities,2024-11-07 19:00:00,0.2805118582172065,0
7485,33398,1,Staff,2024-11-07 20:00:00,0.06076133411270024,1
7486,36526,2,Animals,2024-11-07 21:00:00,0.9045457481897936,1
7487,40211,4,Facilities,2024-11-07 22:00:00,0.5164246928702497,1
7488,35033,5,Food,2024-11-07 23:00:00,0.46937925427774174,1
7489,29342,4,Value,2024-11-08 00:00:00,0.4283282644503297,0
7490,9720,3,Animals,2024-11-08 01:00:00,0.08439368729012975,1
7491,14726,2,Value,2024-11-08 02:00:00,0.7104138720789359,0
7492,46043,4,Staff,2024-11-08 03:00:00,0.43093651182694104,1
7493,43595,2,Animals,2024-11-08 04:00:00,0.6412928026957279,1
7494,49410,4,Facilities,2024-11-08 05:00:00,0.42512550588641174,1
7495,39663,5,Staff,2024-11-08 06:00:00,0.9334638720789986,1
7496,28341,3,Food,2024-11-08 07:00:00,0.2104457140746958,1
7497,44081,3,Facilities,2024-11-08 08:00:00,0.7274386007324267,1
7498,19038,5,Animals,2024-11-08 09:00:00,0.2386724172560437,1
7499,1254,5,Animals,2024-11-08 10:00:00,0.9703443650816017,0
7500,48317,4,Value,2024-11-08 11:00:00,0.7525905957944801,1
7501,16981,5,Facilities,2024-11-08 12:00:00,0.8302839222903471,0
7502,5518,5,Animals,2024-11-08 13:00:00,0.7671970604956079,1
7503,4063,2,Facilities,2024-11-08 14:00:00,0.29147900456885734,0
7504,16876,5,Food,2024-11-08 15:00:00,0.30980570411694563,1
7505,28530,4,Food,2024-11-08 16:00:00,0.1931822471634923,1
7506,35617,5,Value,2024-11-08 17:00:00,0.9920564025271805,1
7507,25996,4,Facilities,2024-11-08 18:00:00,0.5276061576384438,1
7508,24495,4,Staff,2024-11-08 19:00:00,0.3320544027388581,1
7509,9348,4,Food,2024-11-08 20:00:00,0.8715525712880849,0
7510,16653,4,Facilities,2024-11-08 21:00:00,0.21921002058319505,1
7511,23710,4,Staff,2024-11-08 22:00:00,0.7934485761474469,1
7512,12417,4,Animals,2024-11-08 23:00:00,0.15882121103891622,0
7513,31506,5,Facilities,2024-11-09 00:00:00,0.6998746427550542,1
7514,47419,2,Animals,2024-11-09 01:00:00,0.6603553117253638,1
7515,48376,4,Facilities,2024-11-09 02:00:00,0.5530922742573214,1
7516,35614,2,Value,2024-11-09 03:00:00,0.3655248113595019,1
7517,35181,5,Facilities,2024-11-09 04:00:00,0.2756121232986073,1
7518,28023,2,Facilities,2024-11-09 05:00:00,0.02529855604829445,1
7519,16194,5,Food,2024-11-09 06:00:00,0.3301125314281267,1
7520,47483,5,Staff,2024-11-09 07:00:00,0.13157607184543452,1
7521,31722,3,Value,2024-11-09 08:00:00,0.7900128336201961,1
7522,13029,4,Food,2024-11-09 09:00:00,0.4573486201742484,1
7523,10156,3,Staff,2024-11-09 10:00:00,0.19975075306349266,0
7524,34789,4,Animals,2024-11-09 11:00:00,0.8725881377763881,1
7525,42469,5,Staff,2024-11-09 12:00:00,0.2961335713457368,0
7526,18220,5,Value,2024-11-09 13:00:00,0.2540256942267699,1
7527,45190,3,Animals,2024-11-09 14:00:00,0.3936995841034914,0
7528,15814,5,Staff,2024-11-09 15:00:00,0.9541687632345347,1
7529,25310,4,Facilities,2024-11-09 16:00:00,0.7803770993382758,0
7530,10442,3,Animals,2024-11-09 17:00:00,0.5636659961881145,1
7531,10365,3,Staff,2024-11-09 18:00:00,0.6421926863815463,1
7532,9377,4,Value,2024-11-09 19:00:00,0.790404579361385,1
7533,13575,5,Animals,2024-11-09 20:00:00,0.3966474773437525,1
7534,18121,3,Staff,2024-11-09 21:00:00,0.5158986566086012,0
7535,46559,4,Facilities,2024-11-09 22:00:00,0.10881534443955887,1
7536,2662,4,Facilities,2024-11-09 23:00:00,0.704607819205961,1
7537,924,4,Food,2024-11-10 00:00:00,0.8713574473735156,0
7538,46572,3,Staff,2024-11-10 01:00:00,0.3776239053168917,0
7539,3305,2,Animals,2024-11-10 02:00:00,0.4082020707361623,1
7540,4144,4,Staff,2024-11-10 03:00:00,0.3277616320940936,1
7541,4791,4,Animals,2024-11-10 04:00:00,0.21886467423259204,1
7542,6853,2,Facilities,2024-11-10 05:00:00,0.7239667677819601,1
7543,47928,4,Value,2024-11-10 06:00:00,0.35799372456373413,1
7544,1130,4,Facilities,2024-11-10 07:00:00,0.6505796304740307,1
7545,8001,1,Food,2024-11-10 08:00:00,0.27364316762782126,1
7546,37329,3,Facilities,2024-11-10 09:00:00,0.5689231775967306,1
7547,4983,3,Food,2024-11-10 10:00:00,0.839600094172122,1
7548,41870,4,Value,2024-11-10 11:00:00,0.7853174829078807,1
7549,4792,5,Facilities,2024-11-10 12:00:00,0.10207817587163559,1
7550,10476,3,Facilities,2024-11-10 13:00:00,0.9435371546316387,1
7551,44404,2,Food,2024-11-10 14:00:00,0.6485304562495076,1
7552,19617,4,Staff,2024-11-10 15:00:00,0.6164278682860722,1
7553,42570,5,Food,2024-11-10 16:00:00,0.7457899643064103,1
7554,4054,1,Staff,2024-11-10 17:00:00,0.6842696194136272,0
7555,24340,5,Animals,2024-11-10 18:00:00,0.6201310885285044,1
7556,5072,4,Staff,2024-11-10 19:00:00,0.5873160766064904,0
7557,2660,1,Value,2024-11-10 20:00:00,0.6635508837195441,1
7558,13606,4,Animals,2024-11-10 21:00:00,0.0747597476249322,0
7559,10296,3,Value,2024-11-10 22:00:00,0.8836344488155955,1
7560,30834,4,Animals,2024-11-10 23:00:00,0.5820743542399878,1
7561,762,1,Facilities,2024-11-11 00:00:00,0.9358294837824862,0
7562,45677,5,Animals,2024-11-11 01:00:00,0.9820485905364261,0
7563,37854,5,Value,2024-11-11 02:00:00,0.035602905513536176,1
7564,41005,3,Animals,2024-11-11 03:00:00,0.10333577105035596,1
7565,15159,5,Animals,2024-11-11 04:00:00,0.7810339876786018,1
7566,10458,3,Value,2024-11-11 05:00:00,0.40774806333076075,1
7567,28185,2,Animals,2024-11-11 06:00:00,0.2758452955316678,0
7568,43533,2,Food,2024-11-11 07:00:00,0.9282581174329468,1
7569,36809,2,Value,2024-11-11 08:00:00,0.7352414761414228,1
7570,4331,5,Animals,2024-11-11 09:00:00,0.9671641963170627,1
7571,2136,1,Value,2024-11-11 10:00:00,0.005569423638718152,0
7572,6372,4,Animals,2024-11-11 11:00:00,0.3057846948048628,1
7573,44367,4,Staff,2024-11-11 12:00:00,0.8608596591962915,1
7574,12749,3,Food,2024-11-11 13:00:00,0.8819215663120388,1
7575,28334,5,Value,2024-11-11 14:00:00,0.8461817068115488,0
7576,7694,4,Animals,2024-11-11 15:00:00,0.3039381217777586,1
7577,32781,4,Staff,2024-11-11 16:00:00,0.515816353437819,1
7578,39260,5,Staff,2024-11-11 17:00:00,0.9199575367100563,1
7579,832,3,Facilities,2024-11-11 18:00:00,0.4106214969188807,1
7580,39104,5,Food,2024-11-11 19:00:00,0.6989546640907924,1
7581,19175,3,Value,2024-11-11 20:00:00,0.8547993633825645,1
7582,14101,4,Staff,2024-11-11 21:00:00,0.4480038607482857,0
7583,45050,5,Staff,2024-11-11 22:00:00,0.625060091555711,1
7584,13861,4,Food,2024-11-11 23:00:00,0.11452431001413144,0
7585,19874,5,Facilities,2024-11-12 00:00:00,0.6887475308800796,1
7586,42657,2,Value,2024-11-12 01:00:00,0.836998825563141,1
7587,20064,3,Food,2024-11-12 02:00:00,0.8123323848757718,0
7588,25476,2,Staff,2024-11-12 03:00:00,0.6200739597678822,1
7589,3687,4,Value,2024-11-12 04:00:00,0.02063655372609774,1
7590,14845,4,Staff,2024-11-12 05:00:00,0.4517394197805279,1
7591,37897,2,Food,2024-11-12 06:00:00,0.9535115601268681,1
7592,16574,3,Value,2024-11-12 07:00:00,0.44531583898126614,1
7593,47540,3,Facilities,2024-11-12 08:00:00,0.19289039529608643,1
7594,19012,1,Animals,2024-11-12 09:00:00,0.8070970121703774,1
7595,28661,2,Animals,2024-11-12 10:00:00,0.0025979297031749615,1
7596,41949,3,Animals,2024-11-12 11:00:00,0.7509861600578838,1
7597,6886,3,Facilities,2024-11-12 12:00:00,0.6222844505212016,0
7598,406,4,Facilities,2024-11-12 13:00:00,0.5443826614336875,1
7599,5345,3,Value,2024-11-12 14:00:00,0.033886049470037816,1
7600,2019,4,Food,2024-11-12 15:00:00,0.6266024236517637,1
7601,24160,5,Animals,2024-11-12 16:00:00,0.18986745698569485,1
7602,47482,3,Staff,2024-11-12 17:00:00,0.898985105335077,1
7603,47395,1,Facilities,2024-11-12 18:00:00,0.5166290552101791,1
7604,12487,4,Facilities,2024-11-12 19:00:00,0.9645038332917389,1
7605,16928,4,Facilities,2024-11-12 20:00:00,0.17812076611765293,1
7606,21795,5,Animals,2024-11-12 21:00:00,0.371067236797365,1
7607,26837,5,Animals,2024-11-12 22:00:00,0.4163217916071411,1
7608,16908,4,Food,2024-11-12 23:00:00,0.9275829875345724,1
7609,38995,4,Facilities,2024-11-13 00:00:00,0.42332435242540745,1
7610,9806,3,Facilities,2024-11-13 01:00:00,0.9961812955387983,1
7611,38962,4,Staff,2024-11-13 02:00:00,0.626196380007877,1
7612,45101,4,Value,2024-11-13 03:00:00,0.840535921193385,1
7613,36925,5,Value,2024-11-13 04:00:00,0.371510537316311,1
7614,14545,3,Facilities,2024-11-13 05:00:00,0.13917711425941637,1
7615,33855,4,Animals,2024-11-13 06:00:00,0.3507631636273649,1
7616,40989,4,Value,2024-11-13 07:00:00,0.9616771027650903,1
7617,30001,3,Facilities,2024-11-13 08:00:00,0.25091211103585964,0
7618,5826,5,Staff,2024-11-13 09:00:00,0.5415251423573372,1
7619,10668,2,Facilities,2024-11-13 10:00:00,0.8520909139754131,1
7620,14715,5,Animals,2024-11-13 11:00:00,0.11687200597291125,0
7621,5045,5,Staff,2024-11-13 12:00:00,0.8795475226798148,1
7622,42191,1,Value,2024-11-13 13:00:00,0.7503395910064657,1
7623,31307,5,Value,2024-11-13 14:00:00,0.3551236667439496,0
7624,33892,4,Animals,2024-11-13 15:00:00,0.11985414803061145,0
7625,30333,1,Facilities,2024-11-13 16:00:00,0.06454620064625527,1
7626,41828,4,Animals,2024-11-13 17:00:00,0.08011724226804151,1
7627,39617,5,Facilities,2024-11-13 18:00:00,0.19898210584622622,1
7628,27007,3,Facilities,2024-11-13 19:00:00,0.43760484450660064,1
7629,36064,3,Value,2024-11-13 20:00:00,0.2788668198780285,1
7630,285,5,Staff,2024-11-13 21:00:00,0.7841547810501244,0
7631,15718,4,Value,2024-11-13 22:00:00,0.7317681477711591,1
7632,38480,5,Food,2024-11-13 23:00:00,0.7778514077221104,1
7633,30657,4,Food,2024-11-14 00:00:00,0.05775044947219954,1
7634,46607,5,Food,2024-11-14 01:00:00,0.40149652374835487,0
7635,5116,5,Value,2024-11-14 02:00:00,0.5603368989611323,1
7636,25959,5,Facilities,2024-11-14 03:00:00,0.6107217092749083,1
7637,19527,4,Staff,2024-11-14 04:00:00,0.6421221265235959,1
7638,47631,4,Value,2024-11-14 05:00:00,0.851742120061938,1
7639,24598,3,Staff,2024-11-14 06:00:00,0.2524909337803831,1
7640,16000,4,Facilities,2024-11-14 07:00:00,0.9594223646994211,1
7641,41748,4,Facilities,2024-11-14 08:00:00,0.528486424961695,1
7642,6206,2,Value,2024-11-14 09:00:00,0.7081312065804889,0
7643,33048,3,Food,2024-11-14 10:00:00,0.5314436321852126,0
7644,17745,3,Staff,2024-11-14 11:00:00,0.5915638452463312,1
7645,49445,4,Staff,2024-11-14 12:00:00,0.2874737785732021,1
7646,43493,4,Facilities,2024-11-14 13:00:00,0.2743391204073903,0
7647,23870,5,Staff,2024-11-14 14:00:00,0.9884667891741972,0
7648,8530,4,Food,2024-11-14 15:00:00,0.8394842909741768,0
7649,46824,5,Facilities,2024-11-14 16:00:00,0.017657916852317768,0
7650,2472,4,Facilities,2024-11-14 17:00:00,0.11214398984911267,1
7651,21408,5,Animals,2024-11-14 18:00:00,0.9603236904871514,0
7652,18262,1,Value,2024-11-14 19:00:00,0.2681142448653232,0
7653,45525,5,Food,2024-11-14 20:00:00,0.309587919830294,1
7654,4949,3,Animals,2024-11-14 21:00:00,0.4920442458074815,1
7655,28318,1,Value,2024-11-14 22:00:00,0.3010732409111587,1
7656,30878,1,Animals,2024-11-14 23:00:00,0.9915428057480867,1
7657,2567,5,Animals,2024-11-15 00:00:00,0.7289239151040368,1
7658,17596,5,Food,2024-11-15 01:00:00,0.8992427531884929,1
7659,10890,5,Facilities,2024-11-15 02:00:00,0.15879584529381474,1
7660,28624,4,Facilities,2024-11-15 03:00:00,0.07455306200903966,1
7661,47879,5,Value,2024-11-15 04:00:00,0.13419703537922056,1
7662,5474,5,Food,2024-11-15 05:00:00,0.9585635689096191,1
7663,25246,4,Animals,2024-11-15 06:00:00,0.4383323222802237,1
7664,17973,5,Animals,2024-11-15 07:00:00,0.8139748749524609,1
7665,37760,2,Facilities,2024-11-15 08:00:00,0.5146594804105642,1
7666,7018,4,Staff,2024-11-15 09:00:00,0.7621647839590308,1
7667,14973,3,Facilities,2024-11-15 10:00:00,0.29683608203052403,1
7668,36199,5,Staff,2024-11-15 11:00:00,0.4162009830047314,1
7669,33974,3,Staff,2024-11-15 12:00:00,0.5486028887174771,0
7670,31531,5,Food,2024-11-15 13:00:00,0.895753355646166,0
7671,45893,3,Staff,2024-11-15 14:00:00,0.44735603210020936,0
7672,14990,4,Food,2024-11-15 15:00:00,0.5326507576581689,0
7673,2213,2,Food,2024-11-15 16:00:00,0.30512743116618035,1
7674,31137,5,Staff,2024-11-15 17:00:00,0.7324862370412687,1
7675,34505,3,Staff,2024-11-15 18:00:00,0.9176413252832166,1
7676,14286,4,Food,2024-11-15 19:00:00,0.8912241417311972,1
7677,27858,5,Value,2024-11-15 20:00:00,0.2621914854481532,1
7678,32640,4,Staff,2024-11-15 21:00:00,0.4936937051639876,1
7679,17090,5,Facilities,2024-11-15 22:00:00,0.13913973999243723,1
7680,35529,3,Value,2024-11-15 23:00:00,0.8000924919248842,1
7681,30793,4,Staff,2024-11-16 00:00:00,0.4859747804216604,1
7682,41193,4,Food,2024-11-16 01:00:00,0.8977446135578484,0
7683,22364,4,Staff,2024-11-16 02:00:00,0.21341549674515514,0
7684,24841,4,Staff,2024-11-16 03:00:00,0.23510338770174433,1
7685,27025,5,Facilities,2024-11-16 04:00:00,0.6060985680959747,1
7686,18959,3,Value,2024-11-16 05:00:00,0.35864052682152037,1
7687,9573,4,Value,2024-11-16 06:00:00,0.05585045279937351,1
7688,17027,5,Staff,2024-11-16 07:00:00,0.2818907879847914,0
7689,44827,3,Staff,2024-11-16 08:00:00,0.3714116749737828,1
7690,48707,4,Value,2024-11-16 09:00:00,0.7256962245851061,1
7691,34137,4,Animals,2024-11-16 10:00:00,0.7627273279878546,1
7692,9334,4,Staff,2024-11-16 11:00:00,0.4642834352832106,1
7693,19532,4,Value,2024-11-16 12:00:00,0.2896739153846972,1
7694,31302,5,Animals,2024-11-16 13:00:00,0.09566719263145573,0
7695,38578,4,Animals,2024-11-16 14:00:00,0.9128353988060323,1
7696,10938,1,Animals,2024-11-16 15:00:00,0.8598720663631257,1
7697,42385,3,Facilities,2024-11-16 16:00:00,0.6024089728738569,1
7698,5554,5,Animals,2024-11-16 17:00:00,0.49169696120831974,1
7699,33792,5,Facilities,2024-11-16 18:00:00,0.5035258614014305,1
7700,45232,4,Value,2024-11-16 19:00:00,0.893513519470889,1
7701,39396,4,Value,2024-11-16 20:00:00,0.4037390820893575,1
7702,19677,4,Animals,2024-11-16 21:00:00,0.35031990190882745,1
7703,4096,4,Value,2024-11-16 22:00:00,0.14705277995463772,1
7704,26411,5,Animals,2024-11-16 23:00:00,0.21624169883874722,0
7705,2982,3,Value,2024-11-17 00:00:00,0.905563677558608,0
7706,5769,5,Food,2024-11-17 01:00:00,0.6730816529767643,1
7707,39992,3,Food,2024-11-17 02:00:00,0.6213811967786464,1
7708,34972,4,Animals,2024-11-17 03:00:00,0.4730258890404351,1
7709,11619,5,Facilities,2024-11-17 04:00:00,0.8046360357237808,1
7710,16046,4,Staff,2024-11-17 05:00:00,0.9567772851493965,1
7711,47627,2,Staff,2024-11-17 06:00:00,0.8253871699242804,0
7712,37797,1,Staff,2024-11-17 07:00:00,0.4116242146650023,1
7713,11719,5,Facilities,2024-11-17 08:00:00,0.01715648218839494,1
7714,33967,3,Staff,2024-11-17 09:00:00,0.3671081038819354,1
7715,33307,5,Food,2024-11-17 10:00:00,0.8726461572394464,1
7716,16610,4,Animals,2024-11-17 11:00:00,0.7649074207954373,0
7717,32119,4,Food,2024-11-17 12:00:00,0.3266100807318325,0
7718,108,4,Facilities,2024-11-17 13:00:00,0.890493835761866,1
7719,21141,5,Staff,2024-11-17 14:00:00,0.7606331158782964,1
7720,14455,5,Facilities,2024-11-17 15:00:00,0.9252876535558536,1
7721,30933,4,Value,2024-11-17 16:00:00,0.7348437461920955,1
7722,20525,4,Staff,2024-11-17 17:00:00,0.20119380112193352,0
7723,9366,3,Facilities,2024-11-17 18:00:00,0.635262295330351,1
7724,18282,2,Food,2024-11-17 19:00:00,0.2165583949602875,1
7725,7150,3,Staff,2024-11-17 20:00:00,0.24224156371854066,1
7726,36197,4,Facilities,2024-11-17 21:00:00,0.8053926219611762,1
7727,11416,4,Food,2024-11-17 22:00:00,0.5117727043255168,1
7728,21099,3,Food,2024-11-17 23:00:00,0.8297583902485475,1
7729,8151,3,Value,2024-11-18 00:00:00,0.1493222669668719,1
7730,14955,5,Animals,2024-11-18 01:00:00,0.5501655084791898,1
7731,44281,5,Animals,2024-11-18 02:00:00,0.8812337626807331,1
7732,20296,5,Staff,2024-11-18 03:00:00,0.8595300997173297,1
7733,48747,3,Facilities,2024-11-18 04:00:00,0.25860596119733803,1
7734,5913,4,Food,2024-11-18 05:00:00,0.8489612648297372,1
7735,45658,4,Facilities,2024-11-18 06:00:00,0.01925989077401158,1
7736,6770,3,Value,2024-11-18 07:00:00,0.6145537613521003,1
7737,29307,4,Staff,2024-11-18 08:00:00,0.9524994736258742,1
7738,5046,5,Staff,2024-11-18 09:00:00,0.7291975161187207,0
7739,31406,4,Food,2024-11-18 10:00:00,0.9142628328965731,0
7740,6503,1,Staff,2024-11-18 11:00:00,0.29694223032926625,0
7741,49956,4,Animals,2024-11-18 12:00:00,0.3304673027800321,1
7742,41036,2,Animals,2024-11-18 13:00:00,0.20186219648638615,1
7743,9169,3,Facilities,2024-11-18 14:00:00,0.14467675014969306,1
7744,46914,5,Animals,2024-11-18 15:00:00,0.3923970150039523,1
7745,47167,3,Facilities,2024-11-18 16:00:00,0.6305991611038322,1
7746,41230,5,Value,2024-11-18 17:00:00,0.21173768937821613,1
7747,48916,3,Staff,2024-11-18 18:00:00,0.5821072169244423,1
7748,48689,5,Animals,2024-11-18 19:00:00,0.2410879523635534,1
7749,9092,3,Food,2024-11-18 20:00:00,0.21621094303052413,1
7750,18948,5,Staff,2024-11-18 21:00:00,0.3113383774828925,1
7751,45708,4,Animals,2024-11-18 22:00:00,0.32376103636908293,1
7752,3929,4,Value,2024-11-18 23:00:00,0.4450343553716639,1
7753,43906,4,Facilities,2024-11-19 00:00:00,0.44408282272469846,1
7754,33494,4,Animals,2024-11-19 01:00:00,0.6588442990562955,0
7755,14824,3,Food,2024-11-19 02:00:00,0.33048000541232203,1
7756,9052,4,Food,2024-11-19 03:00:00,0.6648068449092861,1
7757,1020,3,Staff,2024-11-19 04:00:00,0.1645599682232265,1
7758,18903,4,Staff,2024-11-19 05:00:00,0.42977980160103746,1
7759,43659,4,Food,2024-11-19 06:00:00,0.04225192964736235,1
7760,19438,4,Facilities,2024-11-19 07:00:00,0.27646776617073654,1
7761,5648,3,Facilities,2024-11-19 08:00:00,0.13102918893942805,1
7762,17673,5,Food,2024-11-19 09:00:00,0.882073369626562,1
7763,47093,5,Staff,2024-11-19 10:00:00,0.28572703554092715,1
7764,22870,5,Food,2024-11-19 11:00:00,0.3509346268036011,1
7765,30190,3,Value,2024-11-19 12:00:00,0.038349304923140815,1
7766,38424,5,Animals,2024-11-19 13:00:00,0.4418126521230208,1
7767,31197,5,Staff,2024-11-19 14:00:00,0.3809385265877361,1
7768,26004,2,Food,2024-11-19 15:00:00,0.8361505300067316,1
7769,46660,5,Facilities,2024-11-19 16:00:00,0.27687471704091215,1
7770,39209,3,Value,2024-11-19 17:00:00,0.9985819273174867,1
7771,8065,3,Value,2024-11-19 18:00:00,0.020132242764243302,0
7772,31764,1,Food,2024-11-19 19:00:00,0.36579770254512955,1
7773,26974,2,Animals,2024-11-19 20:00:00,0.16055492069075494,1
7774,35519,1,Staff,2024-11-19 21:00:00,0.1068193925317622,1
7775,12469,1,Value,2024-11-19 22:00:00,0.7557503906149373,1
7776,3547,5,Staff,2024-11-19 23:00:00,0.39786871551173386,0
7777,47004,4,Food,2024-11-20 00:00:00,0.2912693503241871,1
7778,37044,5,Facilities,2024-11-20 01:00:00,0.9309948846329272,1
7779,9157,5,Value,2024-11-20 02:00:00,0.33134806100237935,1
7780,49606,3,Value,2024-11-20 03:00:00,0.00796287968056164,1
7781,10028,4,Food,2024-11-20 04:00:00,0.07002699507407995,1
7782,12423,1,Animals,2024-11-20 05:00:00,0.14162895599562886,1
7783,1491,3,Food,2024-11-20 06:00:00,0.26041568650985125,1
7784,44913,3,Animals,2024-11-20 07:00:00,0.425731225098813,0
7785,10116,5,Food,2024-11-20 08:00:00,0.6334217217146021,0
7786,30950,5,Value,2024-11-20 09:00:00,0.16743987809318017,0
7787,3039,3,Facilities,2024-11-20 10:00:00,0.9922605736774079,1
7788,22857,3,Value,2024-11-20 11:00:00,0.8105843140741938,0
7789,2590,2,Animals,2024-11-20 12:00:00,0.9053696826208602,1
7790,46921,3,Food,2024-11-20 13:00:00,0.7862169252340203,1
7791,42019,4,Value,2024-11-20 14:00:00,0.5685772069828923,1
7792,36124,5,Animals,2024-11-20 15:00:00,0.2338478419501936,1
7793,3147,5,Value,2024-11-20 16:00:00,0.7398873399179078,1
7794,1063,3,Animals,2024-11-20 17:00:00,0.7713720002286379,1
7795,5490,3,Staff,2024-11-20 18:00:00,0.3001514796598188,1
7796,42921,3,Facilities,2024-11-20 19:00:00,0.691898682747355,1
7797,12279,5,Facilities,2024-11-20 20:00:00,0.9373712093678872,0
7798,2,4,Animals,2024-11-20 21:00:00,0.778897663718896,0
7799,34689,5,Animals,2024-11-20 22:00:00,0.8362493796910423,1
7800,10487,5,Animals,2024-11-20 23:00:00,0.658420193649631,1
7801,32086,3,Staff,2024-11-21 00:00:00,0.1564470574769229,1
7802,39687,4,Facilities,2024-11-21 01:00:00,0.49585323142473847,0
7803,35153,5,Facilities,2024-11-21 02:00:00,0.8802723129638602,1
7804,21942,4,Staff,2024-11-21 03:00:00,0.8569063947969683,1
7805,5531,4,Food,2024-11-21 04:00:00,0.3331320156058152,1
7806,7376,3,Value,2024-11-21 05:00:00,0.9582142526268986,1
7807,10831,5,Food,2024-11-21 06:00:00,0.6210575789354701,1
7808,20368,4,Staff,2024-11-21 07:00:00,0.40827809915729285,1
7809,38786,4,Food,2024-11-21 08:00:00,0.624252557425643,1
7810,19369,4,Food,2024-11-21 09:00:00,0.9694087376485706,1
7811,36046,3,Facilities,2024-11-21 10:00:00,0.2737649724548472,1
7812,2925,4,Facilities,2024-11-21 11:00:00,0.7713908214077629,1
7813,15072,4,Animals,2024-11-21 12:00:00,0.028367151293910764,1
7814,3227,5,Staff,2024-11-21 13:00:00,0.09896818712122324,1
7815,22626,4,Facilities,2024-11-21 14:00:00,0.28625774821443206,1
7816,33257,4,Staff,2024-11-21 15:00:00,0.39933942469447414,0
7817,46459,3,Animals,2024-11-21 16:00:00,0.48876577383014497,1
7818,34732,4,Animals,2024-11-21 17:00:00,0.0366915626428892,1
7819,18543,4,Staff,2024-11-21 18:00:00,0.37310236601973823,1
7820,4921,3,Facilities,2024-11-21 19:00:00,0.46523695769041074,1
7821,40972,1,Value,2024-11-21 20:00:00,0.15062398039011193,1
7822,38364,3,Food,2024-11-21 21:00:00,0.01195505521181972,1
7823,4081,5,Value,2024-11-21 22:00:00,0.11158916826929388,1
7824,30451,3,Value,2024-11-21 23:00:00,0.8235014323737242,1
7825,30174,4,Animals,2024-11-22 00:00:00,0.12795481299860445,1
7826,26050,5,Value,2024-11-22 01:00:00,0.29176734636909074,0
7827,15469,3,Food,2024-11-22 02:00:00,0.7603968087211281,1
7828,24616,4,Value,2024-11-22 03:00:00,0.025920860131606438,1
7829,36370,4,Value,2024-11-22 04:00:00,0.9907523640910189,1
7830,37591,5,Value,2024-11-22 05:00:00,0.0918584508697633,0
7831,33279,5,Value,2024-11-22 06:00:00,0.24716880462349133,1
7832,13879,5,Facilities,2024-11-22 07:00:00,0.7347697442669779,1
7833,25634,4,Food,2024-11-22 08:00:00,0.12897290094469338,1
7834,20649,3,Facilities,2024-11-22 09:00:00,0.8990582517782725,0
7835,8535,4,Animals,2024-11-22 10:00:00,0.0194810175905048,1
7836,12688,5,Value,2024-11-22 11:00:00,0.22509218715638724,1
7837,47316,3,Value,2024-11-22 12:00:00,0.2426652177567764,1
7838,34035,4,Staff,2024-11-22 13:00:00,0.14724015090969111,1
7839,40995,4,Facilities,2024-11-22 14:00:00,0.8391056152499028,1
7840,41342,4,Food,2024-11-22 15:00:00,0.724850826247939,1
7841,48938,4,Animals,2024-11-22 16:00:00,0.8620405412094512,1
7842,36411,2,Staff,2024-11-22 17:00:00,0.7690107604785745,1
7843,38805,2,Facilities,2024-11-22 18:00:00,0.39277737562058834,1
7844,25381,3,Staff,2024-11-22 19:00:00,0.13207444341681662,0
7845,12332,5,Value,2024-11-22 20:00:00,0.6812174658814407,1
7846,24549,4,Staff,2024-11-22 21:00:00,0.604707479414549,0
7847,22199,4,Staff,2024-11-22 22:00:00,0.8234675096349428,0
7848,16734,4,Value,2024-11-22 23:00:00,0.6022126092800615,1
7849,30562,1,Staff,2024-11-23 00:00:00,0.8990090324529086,1
7850,17189,4,Animals,2024-11-23 01:00:00,0.6962278354852782,1
7851,29774,3,Food,2024-11-23 02:00:00,0.0031826615623931076,0
7852,21260,3,Food,2024-11-23 03:00:00,0.1747888703200322,0
7853,28533,5,Animals,2024-11-23 04:00:00,0.2820209020417562,1
7854,13493,5,Animals,2024-11-23 05:00:00,0.9328001791846201,1
7855,47199,4,Value,2024-11-23 06:00:00,0.2526704177192356,1
7856,19972,4,Animals,2024-11-23 07:00:00,0.8505314681388395,1
7857,38410,3,Facilities,2024-11-23 08:00:00,0.3291848140250119,0
7858,27521,3,Food,2024-11-23 09:00:00,0.4481221502349262,1
7859,19393,3,Staff,2024-11-23 10:00:00,0.5320388447745764,0
7860,10161,4,Facilities,2024-11-23 11:00:00,0.31722630506537663,0
7861,13612,4,Animals,2024-11-23 12:00:00,0.33157839169597725,1
7862,49806,4,Animals,2024-11-23 13:00:00,0.2691828446116271,1
7863,19476,5,Animals,2024-11-23 14:00:00,0.8969595518518785,1
7864,25527,3,Staff,2024-11-23 15:00:00,0.27098883290432085,1
7865,687,3,Facilities,2024-11-23 16:00:00,0.07968487680045977,1
7866,39863,4,Staff,2024-11-23 17:00:00,0.9467206554792315,1
7867,8161,4,Staff,2024-11-23 18:00:00,0.9249236374416392,1
7868,35398,4,Facilities,2024-11-23 19:00:00,0.3967156102975897,1
7869,18791,4,Facilities,2024-11-23 20:00:00,0.6146527237022651,1
7870,44187,4,Animals,2024-11-23 21:00:00,0.031120803830988586,1
7871,29380,3,Staff,2024-11-23 22:00:00,0.7647785112848707,0
7872,20854,4,Facilities,2024-11-23 23:00:00,0.8792586147615867,1
7873,49519,1,Animals,2024-11-24 00:00:00,0.9795500108793889,1
7874,40771,4,Facilities,2024-11-24 01:00:00,0.41741335354107656,1
7875,22130,3,Animals,2024-11-24 02:00:00,0.3781905394176528,1
7876,9094,2,Food,2024-11-24 03:00:00,0.32125247370886756,1
7877,14471,4,Facilities,2024-11-24 04:00:00,0.657144786083037,1
7878,42746,2,Staff,2024-11-24 05:00:00,0.182210927540168,1
7879,25824,5,Facilities,2024-11-24 06:00:00,0.5406073474202717,1
7880,40444,4,Animals,2024-11-24 07:00:00,0.3912363229874659,1
7881,5063,4,Food,2024-11-24 08:00:00,0.08646165247404403,1
7882,22924,4,Facilities,2024-11-24 09:00:00,0.9734101029499106,1
7883,19748,5,Animals,2024-11-24 10:00:00,0.8347310154320028,0
7884,26559,4,Food,2024-11-24 11:00:00,0.9716989227384113,1
7885,21611,2,Food,2024-11-24 12:00:00,0.28908470894667093,1
7886,43562,3,Animals,2024-11-24 13:00:00,0.6860625367803407,1
7887,20780,4,Value,2024-11-24 14:00:00,0.9695232628934138,1
7888,4236,2,Facilities,2024-11-24 15:00:00,0.655010194692955,1
7889,49454,4,Value,2024-11-24 16:00:00,0.4827863715904033,1
7890,22850,4,Value,2024-11-24 17:00:00,0.5351043129235018,1
7891,17651,4,Value,2024-11-24 18:00:00,0.13939755142602694,1
7892,47980,1,Facilities,2024-11-24 19:00:00,0.8773138091828188,0
7893,14158,1,Value,2024-11-24 20:00:00,0.048327395760180636,0
7894,34594,3,Staff,2024-11-24 21:00:00,0.9335223467148103,1
7895,47618,4,Animals,2024-11-24 22:00:00,0.941322044932948,0
7896,2336,4,Food,2024-11-24 23:00:00,0.796314184319311,1
7897,2219,4,Food,2024-11-25 00:00:00,0.6860928958003644,1
7898,23616,4,Animals,2024-11-25 01:00:00,0.8072367841454601,1
7899,37802,5,Food,2024-11-25 02:00:00,0.6383245080395862,1
7900,4350,5,Animals,2024-11-25 03:00:00,0.6333021737764236,1
7901,37113,2,Staff,2024-11-25 04:00:00,0.1929556885881143,1
7902,38212,4,Staff,2024-11-25 05:00:00,0.6307613530159568,1
7903,17988,5,Facilities,2024-11-25 06:00:00,0.2260138956380009,0
7904,42359,3,Food,2024-11-25 07:00:00,0.5274467619176949,1
7905,6052,3,Animals,2024-11-25 08:00:00,0.9389030065342499,1
7906,17890,4,Facilities,2024-11-25 09:00:00,0.5956061980002036,1
7907,13709,5,Facilities,2024-11-25 10:00:00,0.011768062880764485,0
7908,47024,3,Animals,2024-11-25 11:00:00,0.9711907565134815,1
7909,44382,3,Food,2024-11-25 12:00:00,0.6749065244376261,1
7910,10167,3,Value,2024-11-25 13:00:00,0.2586468293445331,1
7911,29591,4,Facilities,2024-11-25 14:00:00,0.6036112963368272,1
7912,39869,1,Value,2024-11-25 15:00:00,0.17525870958484258,0
7913,17223,5,Facilities,2024-11-25 16:00:00,0.2131092449366253,0
7914,13750,1,Value,2024-11-25 17:00:00,0.25805185798730734,1
7915,35472,2,Food,2024-11-25 18:00:00,0.7035052515382382,0
7916,15186,2,Facilities,2024-11-25 19:00:00,0.43161462339712775,1
7917,8240,5,Staff,2024-11-25 20:00:00,0.36234315194575006,1
7918,4285,4,Value,2024-11-25 21:00:00,0.057513204187533584,1
7919,5737,5,Facilities,2024-11-25 22:00:00,0.507015303068218,1
7920,35304,5,Animals,2024-11-25 23:00:00,0.787623260264207,0
7921,24165,2,Value,2024-11-26 00:00:00,0.2328275147785367,1
7922,43498,5,Value,2024-11-26 01:00:00,0.08590966806733369,1
7923,43099,3,Food,2024-11-26 02:00:00,0.4995160466563552,1
7924,20364,3,Facilities,2024-11-26 03:00:00,0.5085864184157671,1
7925,12417,3,Food,2024-11-26 04:00:00,0.5092820757018308,1
7926,32552,1,Facilities,2024-11-26 05:00:00,0.7157149135974518,1
7927,27195,5,Facilities,2024-11-26 06:00:00,0.32915712485503623,1
7928,46227,3,Food,2024-11-26 07:00:00,0.7280247187155665,1
7929,28526,4,Animals,2024-11-26 08:00:00,0.5542078774983225,1
7930,278,5,Facilities,2024-11-26 09:00:00,0.3663343353113975,1
7931,17176,4,Staff,2024-11-26 10:00:00,0.6494924831924086,1
7932,19712,5,Value,2024-11-26 11:00:00,0.8515171834421437,0
7933,29627,5,Animals,2024-11-26 12:00:00,0.23060091850508913,1
7934,44671,4,Facilities,2024-11-26 13:00:00,0.5353573159553564,1
7935,17337,5,Facilities,2024-11-26 14:00:00,0.27680865338045335,0
7936,19345,4,Staff,2024-11-26 15:00:00,0.7890010859237521,1
7937,20806,4,Value,2024-11-26 16:00:00,0.9795001723748497,0
7938,46828,2,Animals,2024-11-26 17:00:00,0.36830767513867857,1
7939,14438,4,Value,2024-11-26 18:00:00,0.4320861920539385,0
7940,29333,4,Facilities,2024-11-26 19:00:00,0.41920490381663345,1
7941,25241,5,Value,2024-11-26 20:00:00,0.014263361502183991,0
7942,47143,5,Food,2024-11-26 21:00:00,0.6208505900501382,1
7943,48903,1,Animals,2024-11-26 22:00:00,0.8652928039710658,1
7944,20192,4,Food,2024-11-26 23:00:00,0.06818871136784099,1
7945,48539,4,Animals,2024-11-27 00:00:00,0.4099492277803417,1
7946,9630,5,Food,2024-11-27 01:00:00,0.6889830591050577,1
7947,39766,5,Value,2024-11-27 02:00:00,0.9241430611378713,1
7948,6024,2,Facilities,2024-11-27 03:00:00,0.742024089041662,1
7949,33753,2,Animals,2024-11-27 04:00:00,0.6041965684093182,1
7950,11825,5,Food,2024-11-27 05:00:00,0.9493778530879875,0
7951,17626,3,Facilities,2024-11-27 06:00:00,0.13411912097951406,1
7952,21620,4,Facilities,2024-11-27 07:00:00,0.9601438172834029,1
7953,1543,5,Facilities,2024-11-27 08:00:00,0.5193840390397083,1
7954,42388,4,Staff,2024-11-27 09:00:00,0.826961176125587,1
7955,38299,3,Facilities,2024-11-27 10:00:00,0.611242350820364,1
7956,32862,2,Food,2024-11-27 11:00:00,0.6085881378557715,1
7957,48380,3,Value,2024-11-27 12:00:00,0.8208718794728964,0
7958,27161,2,Value,2024-11-27 13:00:00,0.3458641274339965,1
7959,8277,4,Staff,2024-11-27 14:00:00,0.22800170497395156,1
7960,14753,4,Facilities,2024-11-27 15:00:00,0.4494687853651854,1
7961,22850,4,Value,2024-11-27 16:00:00,0.8945730397975773,0
7962,47843,3,Value,2024-11-27 17:00:00,0.9877726769948769,0
7963,43944,4,Facilities,2024-11-27 18:00:00,0.17696803938475136,1
7964,13776,4,Facilities,2024-11-27 19:00:00,0.05739631815325019,0
7965,28839,5,Facilities,2024-11-27 20:00:00,0.8241515532738722,0
7966,14747,3,Food,2024-11-27 21:00:00,0.28289637835595205,1
7967,34149,4,Food,2024-11-27 22:00:00,0.4399881449847768,1
7968,44348,4,Food,2024-11-27 23:00:00,0.012601475676212726,0
7969,44038,4,Value,2024-11-28 00:00:00,0.9016536565837971,0
7970,4686,4,Staff,2024-11-28 01:00:00,0.6768661992225463,1
7971,8062,4,Animals,2024-11-28 02:00:00,0.4607110611206984,0
7972,48264,3,Animals,2024-11-28 03:00:00,0.7288863191025966,1
7973,4001,3,Animals,2024-11-28 04:00:00,0.9574717543511155,1
7974,18244,4,Value,2024-11-28 05:00:00,0.12995121697383438,1
7975,7114,4,Animals,2024-11-28 06:00:00,0.6807966192712313,1
7976,33224,3,Staff,2024-11-28 07:00:00,0.9391666390647785,1
7977,36261,4,Facilities,2024-11-28 08:00:00,0.4053554415041285,1
7978,47902,4,Value,2024-11-28 09:00:00,0.9133860357902477,1
7979,28315,3,Facilities,2024-11-28 10:00:00,0.07672217212532717,1
7980,7788,4,Value,2024-11-28 11:00:00,0.9574706254552777,1
7981,10855,3,Animals,2024-11-28 12:00:00,0.48036258720870073,1
7982,44108,5,Value,2024-11-28 13:00:00,0.8671351041317554,1
7983,36157,5,Animals,2024-11-28 14:00:00,0.48826344934211297,1
7984,33959,5,Value,2024-11-28 15:00:00,0.4986770925742776,1
7985,5441,4,Food,2024-11-28 16:00:00,0.47219635838037366,1
7986,32332,4,Animals,2024-11-28 17:00:00,0.8508564508088444,1
7987,39991,5,Food,2024-11-28 18:00:00,0.2630204959025304,1
7988,47560,4,Animals,2024-11-28 19:00:00,0.8472936071290417,1
7989,33086,4,Value,2024-11-28 20:00:00,0.9057717526711626,1
7990,21994,2,Facilities,2024-11-28 21:00:00,0.2482176088739999,1
7991,9272,2,Animals,2024-11-28 22:00:00,0.08426442602258122,1
7992,25199,5,Food,2024-11-28 23:00:00,0.2074856447740855,1
7993,15398,4,Staff,2024-11-29 00:00:00,0.22049915577151247,1
7994,17492,4,Value,2024-11-29 01:00:00,0.41733131446931504,1
7995,34637,4,Food,2024-11-29 02:00:00,0.7004530503769638,1
7996,14791,3,Facilities,2024-11-29 03:00:00,0.6305402706854402,1
7997,41711,3,Facilities,2024-11-29 04:00:00,0.22065424918684784,1
7998,15214,4,Facilities,2024-11-29 05:00:00,0.8109110986801268,1
7999,17392,3,Staff,2024-11-29 06:00:00,0.7786685935704803,1
8000,49207,1,Animals,2024-11-29 07:00:00,0.5313168631475966,1
8001,7088,5,Animals,2024-11-29 08:00:00,0.10219847907377666,1
8002,4676,1,Animals,2024-11-29 09:00:00,0.3878849854973704,1
8003,32194,4,Food,2024-11-29 10:00:00,0.5213021332582707,0
8004,22909,4,Value,2024-11-29 11:00:00,0.015231292053021872,1
8005,20658,4,Staff,2024-11-29 12:00:00,0.9719484323527696,0
8006,30413,3,Food,2024-11-29 13:00:00,0.033007639820292645,1
8007,6371,4,Facilities,2024-11-29 14:00:00,0.11227175960195823,0
8008,41291,4,Animals,2024-11-29 15:00:00,0.9708320336438453,1
8009,44780,4,Facilities,2024-11-29 16:00:00,0.16914185595995723,1
8010,12652,4,Animals,2024-11-29 17:00:00,0.284044597575705,0
8011,43914,4,Food,2024-11-29 18:00:00,0.619617518595343,1
8012,38195,5,Food,2024-11-29 19:00:00,0.06016265695704581,1
8013,41550,5,Facilities,2024-11-29 20:00:00,0.1208593356341805,0
8014,42390,4,Value,2024-11-29 21:00:00,0.6469084029301156,1
8015,10388,4,Staff,2024-11-29 22:00:00,0.005311002173173707,1
8016,44925,4,Animals,2024-11-29 23:00:00,0.9960694387292862,1
8017,19910,3,Facilities,2024-11-30 00:00:00,0.08165814639267943,1
8018,6124,3,Food,2024-11-30 01:00:00,0.27335914068394396,1
8019,23994,3,Food,2024-11-30 02:00:00,0.7008737393291607,1
8020,4979,4,Food,2024-11-30 03:00:00,0.018829470251016334,1
8021,41365,3,Facilities,2024-11-30 04:00:00,0.5627851202638847,1
8022,10888,5,Food,2024-11-30 05:00:00,0.30000523214655006,1
8023,35542,4,Staff,2024-11-30 06:00:00,0.2942991121323786,1
8024,45304,2,Staff,2024-11-30 07:00:00,0.2248223179962171,1
8025,8385,5,Food,2024-11-30 08:00:00,0.9702667116575302,1
8026,6741,2,Staff,2024-11-30 09:00:00,0.13866392957319018,1
8027,14312,4,Animals,2024-11-30 10:00:00,0.3782317165309187,1
8028,2445,3,Animals,2024-11-30 11:00:00,0.40328624995104756,0
8029,6825,2,Animals,2024-11-30 12:00:00,0.24842464874967618,1
8030,31388,5,Animals,2024-11-30 13:00:00,0.3808354011306587,1
8031,13302,4,Animals,2024-11-30 14:00:00,0.6605776431859245,1
8032,18597,4,Facilities,2024-11-30 15:00:00,0.061762991831743275,1
8033,45266,3,Value,2024-11-30 16:00:00,0.9753872775981478,0
8034,36874,4,Animals,2024-11-30 17:00:00,0.8947325207455205,0
8035,1255,4,Staff,2024-11-30 18:00:00,0.9309999658161574,1
8036,48411,3,Animals,2024-11-30 19:00:00,0.8178658557059945,1
8037,16923,4,Staff,2024-11-30 20:00:00,0.5118635024231691,1
8038,44823,4,Facilities,2024-11-30 21:00:00,0.9776958045173476,1
8039,13269,3,Animals,2024-11-30 22:00:00,0.7264646913081064,1
8040,2242,4,Value,2024-11-30 23:00:00,0.059863741971724393,0
8041,3035,2,Facilities,2024-12-01 00:00:00,0.7409023661803038,1
8042,43282,3,Animals,2024-12-01 01:00:00,0.8274568513739513,1
8043,32875,5,Value,2024-12-01 02:00:00,0.18322454259240872,0
8044,30224,3,Staff,2024-12-01 03:00:00,0.398129043604156,1
8045,23674,3,Animals,2024-12-01 04:00:00,0.6231794315466177,1
8046,12521,2,Facilities,2024-12-01 05:00:00,0.4556020678628123,1
8047,28293,1,Staff,2024-12-01 06:00:00,0.7297769360353095,1
8048,36389,3,Facilities,2024-12-01 07:00:00,0.6664651582427961,1
8049,15016,4,Facilities,2024-12-01 08:00:00,0.9494410829427856,1
8050,36297,1,Staff,2024-12-01 09:00:00,0.25128577277649944,0
8051,11035,3,Facilities,2024-12-01 10:00:00,0.7069709917114707,1
8052,300,4,Animals,2024-12-01 11:00:00,0.38309746955055934,1
8053,21540,3,Staff,2024-12-01 12:00:00,0.9654544976147216,1
8054,15536,2,Facilities,2024-12-01 13:00:00,0.4677121669157007,1
8055,33232,5,Animals,2024-12-01 14:00:00,0.07360475687269641,1
8056,22749,5,Animals,2024-12-01 15:00:00,0.6244666226201179,1
8057,48458,5,Animals,2024-12-01 16:00:00,0.5604951531829995,1
8058,15145,5,Animals,2024-12-01 17:00:00,0.31457414075538614,1
8059,19942,3,Value,2024-12-01 18:00:00,0.5806958249956463,0
8060,39853,5,Food,2024-12-01 19:00:00,0.2508405310874622,0
8061,45738,4,Food,2024-12-01 20:00:00,0.9031673917964592,1
8062,46180,4,Animals,2024-12-01 21:00:00,0.8994758513583437,1
8063,30679,3,Facilities,2024-12-01 22:00:00,0.4413495197773214,1
8064,15500,2,Staff,2024-12-01 23:00:00,0.052826321679456445,1
8065,43129,4,Staff,2024-12-02 00:00:00,0.027000063784188844,1
8066,47221,3,Food,2024-12-02 01:00:00,0.47405590433867006,1
8067,34054,5,Food,2024-12-02 02:00:00,0.1416456702495439,0
8068,45979,3,Animals,2024-12-02 03:00:00,0.462885268852233,1
8069,14085,1,Value,2024-12-02 04:00:00,0.8394583701899591,1
8070,40814,3,Staff,2024-12-02 05:00:00,0.1337634946280024,0
8071,36725,4,Food,2024-12-02 06:00:00,0.6085733831204363,1
8072,15895,3,Staff,2024-12-02 07:00:00,0.9384851414509248,1
8073,47824,3,Food,2024-12-02 08:00:00,0.11742423658958945,1
8074,12835,5,Animals,2024-12-02 09:00:00,0.5136971375346626,1
8075,42720,3,Food,2024-12-02 10:00:00,0.29601829951750436,1
8076,30990,1,Value,2024-12-02 11:00:00,0.3939233809593752,1
8077,23322,5,Facilities,2024-12-02 12:00:00,0.5758388229666219,1
8078,49275,3,Value,2024-12-02 13:00:00,0.030981312705035124,1
8079,33027,1,Value,2024-12-02 14:00:00,0.14328167788929436,1
8080,49545,3,Staff,2024-12-02 15:00:00,0.8076234609575438,1
8081,38239,4,Value,2024-12-02 16:00:00,0.7389145411649396,1
8082,46039,2,Staff,2024-12-02 17:00:00,0.9324515577955186,0
8083,15515,4,Staff,2024-12-02 18:00:00,0.3615939592269425,1
8084,38917,4,Facilities,2024-12-02 19:00:00,0.28517589134743404,1
8085,8781,3,Facilities,2024-12-02 20:00:00,0.8502759451416466,0
8086,22720,2,Animals,2024-12-02 21:00:00,0.9378904432228261,1
8087,3593,1,Food,2024-12-02 22:00:00,0.07051861495893541,1
8088,26260,3,Food,2024-12-02 23:00:00,0.8567311563066183,1
8089,17898,1,Facilities,2024-12-03 00:00:00,0.8642051196097286,1
8090,4752,2,Food,2024-12-03 01:00:00,0.16290794457793678,1
8091,3346,1,Staff,2024-12-03 02:00:00,0.10497322519069119,0
8092,12296,4,Value,2024-12-03 03:00:00,0.16093184855090847,1
8093,33671,5,Facilities,2024-12-03 04:00:00,0.5244043707922659,0
8094,14608,5,Value,2024-12-03 05:00:00,0.19601804550548652,1
8095,8542,4,Facilities,2024-12-03 06:00:00,0.8706605581706256,1
8096,41327,4,Animals,2024-12-03 07:00:00,0.6176278754931638,1
8097,5654,4,Value,2024-12-03 08:00:00,0.24252554307732377,1
8098,10116,4,Facilities,2024-12-03 09:00:00,0.8334106418067868,1
8099,7294,5,Value,2024-12-03 10:00:00,0.33103047554742526,1
8100,32267,5,Staff,2024-12-03 11:00:00,0.938395368618217,0
8101,13723,2,Value,2024-12-03 12:00:00,0.492128042154543,1
8102,33542,4,Facilities,2024-12-03 13:00:00,0.5768874760066599,0
8103,3205,1,Animals,2024-12-03 14:00:00,0.10449277095129539,1
8104,5245,3,Facilities,2024-12-03 15:00:00,0.7261628165382616,1
8105,35730,5,Facilities,2024-12-03 16:00:00,0.3170157840785486,1
8106,32752,5,Animals,2024-12-03 17:00:00,0.22859721916013886,1
8107,34768,1,Value,2024-12-03 18:00:00,0.49258696903068167,1
8108,16490,1,Value,2024-12-03 19:00:00,0.2414899800407786,0
8109,12015,3,Animals,2024-12-03 20:00:00,0.3959166015444594,1
8110,8014,4,Animals,2024-12-03 21:00:00,0.06340415011248979,1
8111,22173,3,Staff,2024-12-03 22:00:00,0.5374336473671848,0
8112,8032,4,Animals,2024-12-03 23:00:00,0.13447218166837605,1
8113,16709,5,Value,2024-12-04 00:00:00,0.9680670835192635,0
8114,32927,4,Value,2024-12-04 01:00:00,0.5966836599634918,1
8115,1987,5,Staff,2024-12-04 02:00:00,0.46825225123688163,1
8116,4878,4,Food,2024-12-04 03:00:00,0.05780202260713141,1
8117,27406,3,Food,2024-12-04 04:00:00,0.9733788565473775,1
8118,17568,3,Staff,2024-12-04 05:00:00,0.4452798761254415,1
8119,9507,3,Facilities,2024-12-04 06:00:00,0.2769758135527802,1
8120,24877,5,Food,2024-12-04 07:00:00,0.005220869243387272,1
8121,16725,4,Facilities,2024-12-04 08:00:00,0.7906181421348419,1
8122,4907,5,Staff,2024-12-04 09:00:00,0.8204633045019373,1
8123,22308,3,Food,2024-12-04 10:00:00,0.42332435576081995,1
8124,195,2,Value,2024-12-04 11:00:00,0.5522592592433053,0
8125,3230,5,Staff,2024-12-04 12:00:00,0.6927346853733599,1
8126,28758,5,Animals,2024-12-04 13:00:00,0.16983162370225768,1
8127,10239,4,Food,2024-12-04 14:00:00,0.6881383966407997,1
8128,11259,5,Animals,2024-12-04 15:00:00,0.42788761555319565,1
8129,30374,4,Value,2024-12-04 16:00:00,0.7346917253578427,0
8130,47834,4,Staff,2024-12-04 17:00:00,0.8602712029399991,1
8131,47000,4,Facilities,2024-12-04 18:00:00,0.8040677238633757,1
8132,7775,4,Food,2024-12-04 19:00:00,0.8977393184213573,0
8133,27410,1,Staff,2024-12-04 20:00:00,0.7984602445600643,1
8134,48073,5,Facilities,2024-12-04 21:00:00,0.4974887684710243,1
8135,46779,5,Facilities,2024-12-04 22:00:00,0.31737059811611545,1
8136,8130,5,Food,2024-12-04 23:00:00,0.5942205019002293,1
8137,19205,5,Staff,2024-12-05 00:00:00,0.6657874372185715,1
8138,4598,2,Staff,2024-12-05 01:00:00,0.6739398753981879,0
8139,36736,4,Food,2024-12-05 02:00:00,0.05857229886489401,1
8140,13275,4,Food,2024-12-05 03:00:00,0.8523458496615932,1
8141,35445,3,Value,2024-12-05 04:00:00,0.08359185756284371,0
8142,13160,5,Animals,2024-12-05 05:00:00,0.044938917228780184,1
8143,13976,3,Staff,2024-12-05 06:00:00,0.1360305486569181,0
8144,31827,5,Food,2024-12-05 07:00:00,0.34493261290553345,1
8145,17098,4,Animals,2024-12-05 08:00:00,0.012966930978522972,1
8146,10679,2,Value,2024-12-05 09:00:00,0.8392476039209182,1
8147,27446,4,Food,2024-12-05 10:00:00,0.36481387551466926,1
8148,49761,4,Value,2024-12-05 11:00:00,0.809337360501909,1
8149,6898,4,Facilities,2024-12-05 12:00:00,0.2176438035340036,1
8150,45687,5,Food,2024-12-05 13:00:00,0.5250735136504494,0
8151,17558,2,Animals,2024-12-05 14:00:00,0.19892892485270863,0
8152,2837,4,Staff,2024-12-05 15:00:00,0.08837980588652417,1
8153,193,5,Food,2024-12-05 16:00:00,0.2513002381814451,0
8154,46738,5,Staff,2024-12-05 17:00:00,0.9830574043748881,0
8155,34363,4,Facilities,2024-12-05 18:00:00,0.3981058543244521,1
8156,45752,4,Value,2024-12-05 19:00:00,0.5025630251622457,0
8157,30048,4,Animals,2024-12-05 20:00:00,0.42043938944865655,1
8158,19339,4,Facilities,2024-12-05 21:00:00,0.7441201404696042,1
8159,17026,2,Animals,2024-12-05 22:00:00,0.5828064904317716,1
8160,8490,4,Food,2024-12-05 23:00:00,0.4254330971978546,1
8161,42356,3,Facilities,2024-12-06 00:00:00,0.5757144068612151,1
8162,26722,4,Animals,2024-12-06 01:00:00,0.760767661838169,0
8163,28138,4,Value,2024-12-06 02:00:00,0.9348899872061041,1
8164,31271,2,Facilities,2024-12-06 03:00:00,0.7765577889780213,1
8165,16034,4,Facilities,2024-12-06 04:00:00,0.15039614136891832,0
8166,2453,5,Animals,2024-12-06 05:00:00,0.6426179378393712,1
8167,29513,5,Value,2024-12-06 06:00:00,0.27433408815522675,1
8168,46390,2,Animals,2024-12-06 07:00:00,0.9901876674731632,0
8169,42636,2,Value,2024-12-06 08:00:00,0.9304271079224696,1
8170,23946,2,Animals,2024-12-06 09:00:00,0.06929627725625642,1
8171,36458,3,Food,2024-12-06 10:00:00,0.22561496857486496,0
8172,17579,3,Animals,2024-12-06 11:00:00,0.30662658682754085,1
8173,18670,5,Value,2024-12-06 12:00:00,0.5198060084261673,1
8174,4178,4,Staff,2024-12-06 13:00:00,0.10712981775305597,1
8175,40155,3,Food,2024-12-06 14:00:00,0.8621613738234004,0
8176,38405,3,Staff,2024-12-06 15:00:00,0.6481815187735425,1
8177,14914,5,Food,2024-12-06 16:00:00,0.9403674842224109,1
8178,28127,4,Facilities,2024-12-06 17:00:00,0.4780437784148024,1
8179,34650,4,Staff,2024-12-06 18:00:00,0.8126663898739187,1
8180,13325,4,Value,2024-12-06 19:00:00,0.7265602354357023,1
8181,2948,4,Facilities,2024-12-06 20:00:00,0.7517574553428282,1
8182,7825,4,Food,2024-12-06 21:00:00,0.38127806032830036,0
8183,48743,4,Staff,2024-12-06 22:00:00,0.7901843998638982,1
8184,23701,4,Animals,2024-12-06 23:00:00,0.11003079818825379,1
8185,3613,3,Animals,2024-12-07 00:00:00,0.9010672325331551,0
8186,34216,4,Animals,2024-12-07 01:00:00,0.1392839398015464,1
8187,17622,4,Food,2024-12-07 02:00:00,0.1086381020950723,1
8188,11341,4,Facilities,2024-12-07 03:00:00,0.4798986528814567,1
8189,21612,4,Animals,2024-12-07 04:00:00,0.992389562478136,1
8190,36199,2,Food,2024-12-07 05:00:00,0.7248512959117245,1
8191,19091,5,Animals,2024-12-07 06:00:00,0.6513195212942281,1
8192,32305,2,Staff,2024-12-07 07:00:00,0.45756325352601035,1
8193,47495,4,Value,2024-12-07 08:00:00,0.8209769622247485,0
8194,3300,4,Food,2024-12-07 09:00:00,0.24071876533588443,1
8195,36533,5,Value,2024-12-07 10:00:00,0.9686063618329797,1
8196,14617,5,Facilities,2024-12-07 11:00:00,0.5867086862579131,1
8197,31625,4,Facilities,2024-12-07 12:00:00,0.9538306488763634,1
8198,858,5,Staff,2024-12-07 13:00:00,0.35156909923139934,1
8199,42434,5,Staff,2024-12-07 14:00:00,0.9261890748648626,1
8200,46185,2,Food,2024-12-07 15:00:00,0.6655687748935002,1
8201,27441,4,Food,2024-12-07 16:00:00,0.4036050910199003,1
8202,15043,4,Animals,2024-12-07 17:00:00,0.08567140023668196,1
8203,9208,3,Staff,2024-12-07 18:00:00,0.0716082356886727,1
8204,35745,3,Facilities,2024-12-07 19:00:00,0.751659175532402,1
8205,20530,1,Staff,2024-12-07 20:00:00,0.5911051101197823,1
8206,49892,4,Staff,2024-12-07 21:00:00,0.6923600719753827,1
8207,24091,5,Value,2024-12-07 22:00:00,0.7791489081324577,0
8208,89,4,Value,2024-12-07 23:00:00,0.82159126384213,0
8209,13288,1,Value,2024-12-08 00:00:00,0.036934435542270605,1
8210,40627,5,Facilities,2024-12-08 01:00:00,0.7894475057357,1
8211,44779,4,Staff,2024-12-08 02:00:00,0.48106889458583846,1
8212,10527,5,Value,2024-12-08 03:00:00,0.23595177735725803,1
8213,41152,5,Facilities,2024-12-08 04:00:00,0.9972184438852534,1
8214,48213,4,Staff,2024-12-08 05:00:00,0.475879782597714,0
8215,26582,3,Facilities,2024-12-08 06:00:00,0.907598923890978,1
8216,19257,3,Animals,2024-12-08 07:00:00,0.1172313201604942,0
8217,39268,5,Staff,2024-12-08 08:00:00,0.6283024467706577,0
8218,46532,4,Facilities,2024-12-08 09:00:00,0.2566280314007351,1
8219,28865,5,Facilities,2024-12-08 10:00:00,0.28327409395970093,1
8220,823,5,Animals,2024-12-08 11:00:00,0.5289781834702385,1
8221,12856,3,Facilities,2024-12-08 12:00:00,0.6845154871260102,1
8222,29623,4,Value,2024-12-08 13:00:00,0.799843326047539,1
8223,3968,3,Value,2024-12-08 14:00:00,0.7698137963275823,0
8224,10606,2,Value,2024-12-08 15:00:00,0.5385763624180615,1
8225,29304,4,Animals,2024-12-08 16:00:00,0.3197899508105928,1
8226,25723,3,Animals,2024-12-08 17:00:00,0.9981725705452741,0
8227,37356,5,Staff,2024-12-08 18:00:00,0.9208463139939977,1
8228,7189,2,Staff,2024-12-08 19:00:00,0.8539586441560274,0
8229,31342,1,Animals,2024-12-08 20:00:00,0.401449420370539,1
8230,27376,3,Value,2024-12-08 21:00:00,0.7145204382877414,1
8231,32433,4,Food,2024-12-08 22:00:00,0.6119167313589087,1
8232,13591,3,Value,2024-12-08 23:00:00,0.2877546191913085,0
8233,29904,4,Animals,2024-12-09 00:00:00,0.6967413900240718,1
8234,39206,5,Animals,2024-12-09 01:00:00,0.6191892949819363,0
8235,34849,5,Staff,2024-12-09 02:00:00,0.8596022071725771,0
8236,36919,2,Value,2024-12-09 03:00:00,0.6650897220195452,1
8237,13222,5,Staff,2024-12-09 04:00:00,0.9322564763252378,1
8238,43123,5,Facilities,2024-12-09 05:00:00,0.4421059385364592,1
8239,4173,4,Staff,2024-12-09 06:00:00,0.5757051217197319,1
8240,14525,3,Animals,2024-12-09 07:00:00,0.5618613171364548,1
8241,427,3,Food,2024-12-09 08:00:00,0.7480599895709974,1
8242,32883,4,Facilities,2024-12-09 09:00:00,0.745605943709198,1
8243,18084,3,Facilities,2024-12-09 10:00:00,0.8646805597958978,1
8244,39477,4,Animals,2024-12-09 11:00:00,0.3933505943164982,0
8245,16446,3,Food,2024-12-09 12:00:00,0.11493084586332725,1
8246,20869,5,Staff,2024-12-09 13:00:00,0.4149328545967027,0
8247,16449,4,Value,2024-12-09 14:00:00,0.5867889031430729,1
8248,13443,3,Value,2024-12-09 15:00:00,0.36038374635927173,1
8249,32633,2,Food,2024-12-09 16:00:00,0.7208823422558166,1
8250,2025,4,Staff,2024-12-09 17:00:00,0.8008243549137863,1
8251,28992,3,Animals,2024-12-09 18:00:00,0.09692468454165681,0
8252,2535,4,Animals,2024-12-09 19:00:00,0.8727461597878304,1
8253,42396,4,Animals,2024-12-09 20:00:00,0.11444057860286294,0
8254,29581,3,Value,2024-12-09 21:00:00,0.5742565354044112,1
8255,46203,4,Value,2024-12-09 22:00:00,0.5208505606055358,1
8256,29179,4,Facilities,2024-12-09 23:00:00,0.565166780420559,1
8257,4792,3,Food,2024-12-10 00:00:00,0.6219027611113505,1
8258,8413,2,Facilities,2024-12-10 01:00:00,0.17477625175679978,1
8259,7711,5,Facilities,2024-12-10 02:00:00,0.9470913457092963,0
8260,33629,5,Staff,2024-12-10 03:00:00,0.82010639875706,1
8261,13093,4,Facilities,2024-12-10 04:00:00,0.5375902341122369,1
8262,49790,3,Value,2024-12-10 05:00:00,0.6374168785506505,1
8263,10560,4,Staff,2024-12-10 06:00:00,0.7569671286292388,0
8264,420,2,Animals,2024-12-10 07:00:00,0.7038319695284667,0
8265,39138,2,Animals,2024-12-10 08:00:00,0.44339973225348894,1
8266,6018,4,Staff,2024-12-10 09:00:00,0.029301039424952435,1
8267,9108,3,Staff,2024-12-10 10:00:00,0.4650848937988513,1
8268,34119,5,Facilities,2024-12-10 11:00:00,0.33333593228608105,0
8269,6712,5,Animals,2024-12-10 12:00:00,0.1918724257358193,1
8270,19094,4,Value,2024-12-10 13:00:00,0.8398649253678685,1
8271,46462,5,Facilities,2024-12-10 14:00:00,0.7554575885136988,0
8272,18899,3,Staff,2024-12-10 15:00:00,0.28867356914604525,1
8273,29140,3,Staff,2024-12-10 16:00:00,0.5374362940226842,1
8274,23785,4,Facilities,2024-12-10 17:00:00,0.6425634699620348,1
8275,40653,3,Animals,2024-12-10 18:00:00,0.07784792039035082,1
8276,13133,3,Food,2024-12-10 19:00:00,0.9939122806620051,1
8277,7394,4,Value,2024-12-10 20:00:00,0.19792088771531813,1
8278,45130,3,Animals,2024-12-10 21:00:00,0.27773578183437553,1
8279,30887,4,Staff,2024-12-10 22:00:00,0.25644735901595594,1
8280,19269,3,Animals,2024-12-10 23:00:00,0.93423809342596,1
8281,36869,4,Facilities,2024-12-11 00:00:00,0.5114275930407193,1
8282,18569,5,Staff,2024-12-11 01:00:00,0.5951163788629811,1
8283,27879,5,Value,2024-12-11 02:00:00,0.5777953889642005,1
8284,7593,5,Facilities,2024-12-11 03:00:00,0.4873136449879446,1
8285,32512,1,Facilities,2024-12-11 04:00:00,0.06383805024185141,1
8286,24571,4,Facilities,2024-12-11 05:00:00,0.1015989915184049,0
8287,22721,2,Value,2024-12-11 06:00:00,0.08964838081476112,1
8288,49881,3,Staff,2024-12-11 07:00:00,0.5495119455107311,1
8289,11621,4,Food,2024-12-11 08:00:00,0.673668151025273,1
8290,48700,5,Staff,2024-12-11 09:00:00,0.1074350936761238,1
8291,18834,4,Value,2024-12-11 10:00:00,0.9280340753792271,1
8292,10716,3,Facilities,2024-12-11 11:00:00,0.45326933780396184,1
8293,13929,4,Facilities,2024-12-11 12:00:00,0.23733460880077595,1
8294,33081,4,Staff,2024-12-11 13:00:00,0.3638322667309726,1
8295,29076,3,Staff,2024-12-11 14:00:00,0.4756627725934174,1
8296,12709,5,Food,2024-12-11 15:00:00,0.4730215108243627,0
8297,34700,4,Animals,2024-12-11 16:00:00,0.8234389282419895,0
8298,22125,3,Facilities,2024-12-11 17:00:00,0.07623992429870774,0
8299,30102,5,Animals,2024-12-11 18:00:00,0.39785271617283835,1
8300,38883,4,Facilities,2024-12-11 19:00:00,0.769341446136124,0
8301,45586,5,Value,2024-12-11 20:00:00,0.6254046959188976,1
8302,1273,4,Facilities,2024-12-11 21:00:00,0.1534842158076305,1
8303,45385,4,Animals,2024-12-11 22:00:00,0.5212775919841091,1
8304,24184,4,Animals,2024-12-11 23:00:00,0.24130911449978554,1
8305,45446,3,Value,2024-12-12 00:00:00,0.1942611877770274,0
8306,27427,4,Staff,2024-12-12 01:00:00,0.5277364967497455,1
8307,24521,2,Food,2024-12-12 02:00:00,0.9998705539372672,1
8308,25531,5,Facilities,2024-12-12 03:00:00,0.9961858554454796,1
8309,48044,3,Facilities,2024-12-12 04:00:00,0.0040234328802352115,1
8310,21869,4,Food,2024-12-12 05:00:00,0.3519042412085085,1
8311,40468,3,Value,2024-12-12 06:00:00,0.3633228654714309,1
8312,41118,4,Animals,2024-12-12 07:00:00,0.13419227683983037,1
8313,38117,1,Value,2024-12-12 08:00:00,0.14856565896200047,1
8314,5086,4,Animals,2024-12-12 09:00:00,0.34047091298691745,1
8315,25613,4,Value,2024-12-12 10:00:00,0.18578757889991782,1
8316,44163,4,Value,2024-12-12 11:00:00,0.7473613438396365,1
8317,24105,5,Facilities,2024-12-12 12:00:00,0.621052186326757,1
8318,44598,5,Food,2024-12-12 13:00:00,0.3038212068810715,1
8319,47901,2,Facilities,2024-12-12 14:00:00,0.3282842435033613,1
8320,46088,5,Animals,2024-12-12 15:00:00,0.895305933955643,0
8321,37991,4,Value,2024-12-12 16:00:00,0.8422081485741522,0
8322,8745,3,Facilities,2024-12-12 17:00:00,0.5266818605504398,1
8323,36162,5,Facilities,2024-12-12 18:00:00,0.1850872342192026,1
8324,26118,3,Facilities,2024-12-12 19:00:00,0.034231841783571415,1
8325,38792,2,Value,2024-12-12 20:00:00,0.8128934532743537,1
8326,20693,5,Animals,2024-12-12 21:00:00,0.6396914842482673,1
8327,8737,3,Food,2024-12-12 22:00:00,0.6155781004276739,0
8328,25996,4,Food,2024-12-12 23:00:00,0.16118334320455852,1
8329,14425,4,Animals,2024-12-13 00:00:00,0.5036992339822116,1
8330,27427,4,Staff,2024-12-13 01:00:00,0.8550647842377356,1
8331,18210,4,Staff,2024-12-13 02:00:00,0.6112682841922796,1
8332,18747,5,Animals,2024-12-13 03:00:00,0.43206535990881034,1
8333,1382,5,Staff,2024-12-13 04:00:00,0.8971058729655171,1
8334,34867,3,Facilities,2024-12-13 05:00:00,0.07768278906831949,1
8335,34995,5,Staff,2024-12-13 06:00:00,0.2103436184191162,1
8336,2308,2,Food,2024-12-13 07:00:00,0.24077276870186393,1
8337,24092,3,Value,2024-12-13 08:00:00,0.6457841014370975,1
8338,42920,3,Animals,2024-12-13 09:00:00,0.9157940223106599,1
8339,26341,4,Facilities,2024-12-13 10:00:00,0.26954206968338923,1
8340,13836,4,Food,2024-12-13 11:00:00,0.5649001962836828,1
8341,27948,4,Value,2024-12-13 12:00:00,0.35136713883723547,1
8342,28247,3,Food,2024-12-13 13:00:00,0.34009350494327006,1
8343,10714,4,Animals,2024-12-13 14:00:00,0.6387105475100532,1
8344,23610,4,Staff,2024-12-13 15:00:00,0.4358451654420309,1
8345,49397,4,Facilities,2024-12-13 16:00:00,0.15103716805192502,1
8346,5947,2,Value,2024-12-13 17:00:00,0.439228667999754,1
8347,9472,4,Value,2024-12-13 18:00:00,0.8395160870068182,0
8348,1623,1,Food,2024-12-13 19:00:00,0.648633843171704,0
8349,2762,1,Staff,2024-12-13 20:00:00,0.4939197339470942,1
8350,31468,3,Food,2024-12-13 21:00:00,0.3960313089326931,0
8351,11492,4,Staff,2024-12-13 22:00:00,0.026617334740980936,1
8352,46510,5,Animals,2024-12-13 23:00:00,0.5685646727251481,1
8353,49515,3,Animals,2024-12-14 00:00:00,0.4562215272603598,1
8354,33213,4,Animals,2024-12-14 01:00:00,0.7519408804829363,1
8355,18149,4,Food,2024-12-14 02:00:00,0.29558217726653957,1
8356,14738,5,Animals,2024-12-14 03:00:00,0.013251352514890624,1
8357,33020,5,Facilities,2024-12-14 04:00:00,0.2638077315330316,1
8358,8004,5,Facilities,2024-12-14 05:00:00,0.5631367056216934,1
8359,5998,5,Value,2024-12-14 06:00:00,0.33769747254529203,1
8360,34322,4,Food,2024-12-14 07:00:00,0.7992435006791849,1
8361,38303,4,Food,2024-12-14 08:00:00,0.36393372199431184,1
8362,42891,3,Staff,2024-12-14 09:00:00,0.963951578244351,1
8363,19140,3,Staff,2024-12-14 10:00:00,0.10151125859371468,1
8364,41655,5,Facilities,2024-12-14 11:00:00,0.2647223638375148,1
8365,4354,1,Staff,2024-12-14 12:00:00,0.8733413705306196,0
8366,28909,5,Staff,2024-12-14 13:00:00,0.45197668956913784,1
8367,29098,4,Value,2024-12-14 14:00:00,0.9116757318844455,0
8368,22418,5,Staff,2024-12-14 15:00:00,0.3984325559776307,1
8369,40419,3,Facilities,2024-12-14 16:00:00,0.3282058680204182,1
8370,20706,4,Food,2024-12-14 17:00:00,0.6710229837093666,0
8371,14296,5,Value,2024-12-14 18:00:00,0.08847403482795624,1
8372,48689,2,Value,2024-12-14 19:00:00,0.16775072295413607,1
8373,20620,5,Animals,2024-12-14 20:00:00,0.07955906267430635,1
8374,28247,2,Food,2024-12-14 21:00:00,0.3304283877275447,1
8375,48791,2,Staff,2024-12-14 22:00:00,0.24190508488441986,1
8376,45524,2,Food,2024-12-14 23:00:00,0.5855136699725467,1
8377,42816,5,Staff,2024-12-15 00:00:00,0.6612002986716724,0
8378,14974,5,Facilities,2024-12-15 01:00:00,0.8947561026397421,1
8379,9891,4,Animals,2024-12-15 02:00:00,0.27423689568125087,0
8380,24062,4,Facilities,2024-12-15 03:00:00,0.4095428023341431,1
8381,33974,3,Animals,2024-12-15 04:00:00,0.06411746785705852,1
8382,12305,4,Value,2024-12-15 05:00:00,0.08845617252864646,1
8383,38094,5,Facilities,2024-12-15 06:00:00,0.29290233585111936,1
8384,12170,2,Staff,2024-12-15 07:00:00,0.40577285717171474,0
8385,28529,2,Value,2024-12-15 08:00:00,0.25125017509108194,0
8386,8982,4,Value,2024-12-15 09:00:00,0.9879648783325263,1
8387,20580,3,Food,2024-12-15 10:00:00,0.8294479109215551,0
8388,37867,4,Staff,2024-12-15 11:00:00,0.4890553364155983,1
8389,18338,4,Facilities,2024-12-15 12:00:00,0.7137158081350835,0
8390,16434,4,Food,2024-12-15 13:00:00,0.14291780854172798,1
8391,12431,4,Value,2024-12-15 14:00:00,0.6078278627989356,0
8392,28140,3,Food,2024-12-15 15:00:00,0.3686035621258297,1
8393,39590,4,Facilities,2024-12-15 16:00:00,0.22658422075025264,1
8394,6915,4,Value,2024-12-15 17:00:00,0.5212935240054271,0
8395,11640,4,Value,2024-12-15 18:00:00,0.20672140878642498,1
8396,1679,4,Facilities,2024-12-15 19:00:00,0.4393540576869627,1
8397,33083,5,Facilities,2024-12-15 20:00:00,0.9922400873434211,1
8398,5717,4,Animals,2024-12-15 21:00:00,0.9371705257170431,1
8399,8848,3,Staff,2024-12-15 22:00:00,0.1527663641395992,1
8400,6462,1,Facilities,2024-12-15 23:00:00,0.33299780932274703,1
8401,563,4,Facilities,2024-12-16 00:00:00,0.36521147188813696,1
8402,17604,5,Food,2024-12-16 01:00:00,0.5206419514812092,0
8403,41268,4,Value,2024-12-16 02:00:00,0.6899957928467586,1
8404,15970,5,Staff,2024-12-16 03:00:00,0.17436271653141333,1
8405,8035,5,Value,2024-12-16 04:00:00,0.2250084081240563,1
8406,25676,4,Food,2024-12-16 05:00:00,0.3263765761723504,1
8407,22525,5,Staff,2024-12-16 06:00:00,0.18670802775703588,0
8408,17942,4,Staff,2024-12-16 07:00:00,0.4837453975401578,1
8409,8440,4,Staff,2024-12-16 08:00:00,0.08663824992178604,1
8410,48973,3,Animals,2024-12-16 09:00:00,0.7287741733224578,1
8411,15344,5,Food,2024-12-16 10:00:00,0.0963285466895869,1
8412,4409,5,Food,2024-12-16 11:00:00,0.45116323926730584,0
8413,25159,5,Facilities,2024-12-16 12:00:00,0.3450654148433231,1
8414,21132,3,Animals,2024-12-16 13:00:00,0.655610724817305,0
8415,46430,4,Animals,2024-12-16 14:00:00,0.3796413370538724,1
8416,43355,5,Staff,2024-12-16 15:00:00,0.4143723904743867,1
8417,3116,3,Staff,2024-12-16 16:00:00,0.5697209650264834,1
8418,23827,4,Animals,2024-12-16 17:00:00,0.8309975176088248,1
8419,44938,3,Food,2024-12-16 18:00:00,0.5161014629794308,1
8420,13099,5,Value,2024-12-16 19:00:00,0.6856403569030969,1
8421,21729,4,Value,2024-12-16 20:00:00,0.5384164675785,1
8422,11360,1,Food,2024-12-16 21:00:00,0.9864542864339794,1
8423,10766,4,Animals,2024-12-16 22:00:00,0.5636762864547714,1
8424,49111,3,Value,2024-12-16 23:00:00,0.4436136006909748,0
8425,23437,1,Facilities,2024-12-17 00:00:00,0.46008645904151735,0
8426,44022,2,Staff,2024-12-17 01:00:00,0.3639477458520902,0
8427,19573,2,Food,2024-12-17 02:00:00,0.4022119945781303,1
8428,12324,4,Staff,2024-12-17 03:00:00,0.16215709097046482,0
8429,11925,4,Staff,2024-12-17 04:00:00,0.667644697085165,1
8430,12279,4,Food,2024-12-17 05:00:00,0.0750477285692327,1
8431,29451,5,Animals,2024-12-17 06:00:00,0.780740483346052,1
8432,17834,3,Staff,2024-12-17 07:00:00,0.17440534241050787,1
8433,14147,5,Food,2024-12-17 08:00:00,0.8021367599046676,1
8434,20948,3,Food,2024-12-17 09:00:00,0.5376819332252802,1
8435,48357,4,Value,2024-12-17 10:00:00,0.5897165818225064,0
8436,1198,1,Animals,2024-12-17 11:00:00,0.625055699125158,1
8437,30452,5,Animals,2024-12-17 12:00:00,0.35341455290378676,0
8438,45958,4,Facilities,2024-12-17 13:00:00,0.6217528080176393,0
8439,42954,5,Facilities,2024-12-17 14:00:00,0.6150313439046166,1
8440,35792,4,Animals,2024-12-17 15:00:00,0.8145158588328237,1
8441,20258,5,Animals,2024-12-17 16:00:00,0.7387467969169773,0
8442,38668,4,Value,2024-12-17 17:00:00,0.5807268057239837,1
8443,5090,1,Animals,2024-12-17 18:00:00,0.5158432041017569,1
8444,34186,5,Animals,2024-12-17 19:00:00,0.8127424351779458,1
8445,34586,5,Staff,2024-12-17 20:00:00,0.8798056390363905,1
8446,16592,4,Staff,2024-12-17 21:00:00,0.932270498334025,1
8447,34085,5,Animals,2024-12-17 22:00:00,0.3729522324860951,1
8448,15664,1,Staff,2024-12-17 23:00:00,0.6583074247536361,1
8449,49999,5,Animals,2024-12-18 00:00:00,0.5281196090513163,1
8450,6537,4,Animals,2024-12-18 01:00:00,0.5808988436585862,1
8451,35773,1,Staff,2024-12-18 02:00:00,0.46122980115139167,1
8452,46234,5,Staff,2024-12-18 03:00:00,0.2554569912353791,1
8453,20542,2,Animals,2024-12-18 04:00:00,0.4702269040366992,1
8454,7010,2,Food,2024-12-18 05:00:00,0.0449469158898228,1
8455,22310,4,Facilities,2024-12-18 06:00:00,0.48110987847491016,1
8456,13669,4,Value,2024-12-18 07:00:00,0.585819569342244,1
8457,41650,4,Value,2024-12-18 08:00:00,0.9736698790199639,1
8458,3269,5,Value,2024-12-18 09:00:00,0.40726592554297336,1
8459,41850,3,Value,2024-12-18 10:00:00,0.12443136135187294,1
8460,22534,3,Facilities,2024-12-18 11:00:00,0.8094970626882978,1
8461,25985,4,Food,2024-12-18 12:00:00,0.3984562327222714,1
8462,48694,5,Food,2024-12-18 13:00:00,0.9061563132350382,1
8463,33462,2,Animals,2024-12-18 14:00:00,0.2978371733407049,1
8464,10599,3,Facilities,2024-12-18 15:00:00,0.30237701316706156,0
8465,19066,2,Animals,2024-12-18 16:00:00,0.9749337899642909,0
8466,2139,2,Staff,2024-12-18 17:00:00,0.013489911966736545,0
8467,28551,5,Food,2024-12-18 18:00:00,0.35647028978658013,0
8468,3171,4,Facilities,2024-12-18 19:00:00,0.34199829998140485,0
8469,45523,5,Food,2024-12-18 20:00:00,0.1646495966721796,0
8470,39688,5,Staff,2024-12-18 21:00:00,0.787358540683609,1
8471,4786,5,Food,2024-12-18 22:00:00,0.5687576849060606,1
8472,45857,5,Animals,2024-12-18 23:00:00,0.318074753291699,1
8473,47415,5,Staff,2024-12-19 00:00:00,0.9389167836411012,1
8474,3629,4,Value,2024-12-19 01:00:00,0.7408252490586663,1
8475,5419,2,Staff,2024-12-19 02:00:00,0.5767381164609294,1
8476,10029,5,Animals,2024-12-19 03:00:00,0.37312587142900155,1
8477,10929,4,Facilities,2024-12-19 04:00:00,0.36224475481904994,1
8478,6255,4,Value,2024-12-19 05:00:00,0.008889742788514177,0
8479,40981,5,Staff,2024-12-19 06:00:00,0.7482493992355814,1
8480,21131,2,Value,2024-12-19 07:00:00,0.3900973102189347,1
8481,45796,4,Staff,2024-12-19 08:00:00,0.058304279528344716,1
8482,27475,5,Animals,2024-12-19 09:00:00,0.348636422985252,1
8483,12129,5,Facilities,2024-12-19 10:00:00,0.30207917923019756,1
8484,5602,5,Staff,2024-12-19 11:00:00,0.5250217467985521,1
8485,42265,4,Facilities,2024-12-19 12:00:00,0.9048092012115065,0
8486,47035,4,Animals,2024-12-19 13:00:00,0.20238818896515576,1
8487,4075,5,Staff,2024-12-19 14:00:00,0.06584775683408317,1
8488,49723,3,Value,2024-12-19 15:00:00,0.5688710596750141,1
8489,23669,4,Staff,2024-12-19 16:00:00,0.9598202846273263,1
8490,42255,4,Food,2024-12-19 17:00:00,0.24479693998360008,1
8491,31603,4,Animals,2024-12-19 18:00:00,0.15080937170026587,1
8492,28335,3,Animals,2024-12-19 19:00:00,0.8791376513328589,1
8493,20147,4,Facilities,2024-12-19 20:00:00,0.8155066109061001,1
8494,20272,5,Staff,2024-12-19 21:00:00,0.02494426675834327,1
8495,33900,4,Animals,2024-12-19 22:00:00,0.21550812253846918,1
8496,42339,5,Value,2024-12-19 23:00:00,0.95723464241478,1
8497,47584,5,Animals,2024-12-20 00:00:00,0.6735540759313478,1
8498,26237,3,Value,2024-12-20 01:00:00,0.27436880828622734,1
8499,29355,3,Value,2024-12-20 02:00:00,0.5238695489830807,1
8500,41567,3,Staff,2024-12-20 03:00:00,0.6680537788047707,1
8501,38292,4,Facilities,2024-12-20 04:00:00,0.38876159434316926,1
8502,37921,1,Facilities,2024-12-20 05:00:00,0.793452383488426,1
8503,30243,5,Value,2024-12-20 06:00:00,0.33931173631051126,0
8504,47369,4,Food,2024-12-20 07:00:00,0.7873852264888143,1
8505,25421,5,Staff,2024-12-20 08:00:00,0.6145633165320579,0
8506,16557,4,Facilities,2024-12-20 09:00:00,0.5462278732068814,0
8507,23342,3,Food,2024-12-20 10:00:00,0.26585509246665295,1
8508,23260,4,Food,2024-12-20 11:00:00,0.43636366206454336,1
8509,8143,4,Animals,2024-12-20 12:00:00,0.9787282159295954,1
8510,33820,5,Facilities,2024-12-20 13:00:00,0.5819518871986308,1
8511,40349,5,Facilities,2024-12-20 14:00:00,0.18290578280317427,1
8512,37207,3,Value,2024-12-20 15:00:00,0.7948712219008672,1
8513,27934,4,Value,2024-12-20 16:00:00,0.12880047177268295,0
8514,20625,4,Facilities,2024-12-20 17:00:00,0.5157009723242516,1
8515,49584,4,Animals,2024-12-20 18:00:00,0.13968465839123478,1
8516,13661,4,Facilities,2024-12-20 19:00:00,0.1319073090713493,1
8517,18799,5,Facilities,2024-12-20 20:00:00,0.7583914922507276,1
8518,41740,4,Animals,2024-12-20 21:00:00,0.49316896033098334,0
8519,49703,5,Staff,2024-12-20 22:00:00,0.5054211959633579,0
8520,14323,3,Animals,2024-12-20 23:00:00,0.7357465352211051,1
8521,31073,5,Value,2024-12-21 00:00:00,0.38119248594481503,1
8522,16776,1,Staff,2024-12-21 01:00:00,0.5676259881361656,1
8523,45288,3,Staff,2024-12-21 02:00:00,0.45068275758452103,1
8524,38086,3,Value,2024-12-21 03:00:00,0.08912969449168306,1
8525,33622,4,Animals,2024-12-21 04:00:00,0.05957848183385395,1
8526,4992,3,Staff,2024-12-21 05:00:00,0.3395833283835201,1
8527,24412,5,Food,2024-12-21 06:00:00,0.5470108980972875,1
8528,9968,5,Animals,2024-12-21 07:00:00,0.8315886459893927,0
8529,35879,4,Food,2024-12-21 08:00:00,0.5995826224068381,0
8530,48298,4,Food,2024-12-21 09:00:00,0.23748073478355203,1
8531,49280,1,Facilities,2024-12-21 10:00:00,0.33318133035584585,1
8532,20192,4,Animals,2024-12-21 11:00:00,0.6664471088291327,1
8533,11546,4,Facilities,2024-12-21 12:00:00,0.9302386831417098,1
8534,32836,2,Animals,2024-12-21 13:00:00,0.3119390031203587,1
8535,26544,5,Animals,2024-12-21 14:00:00,0.24390520787803505,0
8536,30159,1,Food,2024-12-21 15:00:00,0.8498509122444489,1
8537,18322,3,Value,2024-12-21 16:00:00,0.8154943238140612,1
8538,26285,2,Food,2024-12-21 17:00:00,0.4315852362974265,1
8539,32734,5,Food,2024-12-21 18:00:00,0.3395613471430827,1
8540,18008,4,Value,2024-12-21 19:00:00,0.09666908646659123,0
8541,6710,4,Staff,2024-12-21 20:00:00,0.555593877946111,1
8542,37590,4,Staff,2024-12-21 21:00:00,0.8377191579673153,0
8543,41201,2,Animals,2024-12-21 22:00:00,0.04676897650337952,1
8544,21122,3,Food,2024-12-21 23:00:00,0.5272163899961106,1
8545,21965,4,Food,2024-12-22 00:00:00,0.922432735406667,0
8546,12483,5,Staff,2024-12-22 01:00:00,0.48448413914667976,1
8547,43122,3,Animals,2024-12-22 02:00:00,0.269836883907301,1
8548,8668,2,Facilities,2024-12-22 03:00:00,0.6153288948207892,1
8549,27454,2,Staff,2024-12-22 04:00:00,0.3224207397515305,1
8550,39270,5,Value,2024-12-22 05:00:00,0.9073400882102203,1
8551,15974,2,Value,2024-12-22 06:00:00,0.30272095744481087,1
8552,30222,4,Facilities,2024-12-22 07:00:00,0.02043942463600923,0
8553,25214,3,Facilities,2024-12-22 08:00:00,0.35005085467728014,1
8554,40712,3,Facilities,2024-12-22 09:00:00,0.3648447060164458,1
8555,48341,5,Food,2024-12-22 10:00:00,0.9698588995738412,1
8556,21061,5,Value,2024-12-22 11:00:00,0.8881914763571453,1
8557,6212,5,Facilities,2024-12-22 12:00:00,0.9481408090645518,1
8558,43249,3,Animals,2024-12-22 13:00:00,0.7154483867977457,1
8559,47547,4,Staff,2024-12-22 14:00:00,0.16591973189287568,0
8560,45715,4,Food,2024-12-22 15:00:00,0.13308334261805177,1
8561,14859,3,Food,2024-12-22 16:00:00,0.2539490360500518,1
8562,38840,1,Animals,2024-12-22 17:00:00,0.43163710882275586,1
8563,41624,5,Animals,2024-12-22 18:00:00,0.45368758526676,0
8564,22386,5,Value,2024-12-22 19:00:00,0.02963015200059005,0
8565,27552,4,Facilities,2024-12-22 20:00:00,0.06689622273290885,0
8566,32195,3,Food,2024-12-22 21:00:00,0.1339500743643246,1
8567,30248,3,Facilities,2024-12-22 22:00:00,0.8842375279238454,1
8568,31305,5,Animals,2024-12-22 23:00:00,0.4186124458355136,0
8569,15529,3,Value,2024-12-23 00:00:00,0.5822447386472317,0
8570,20276,2,Animals,2024-12-23 01:00:00,0.8426619752266568,1
8571,36865,4,Animals,2024-12-23 02:00:00,0.18228180934655447,0
8572,31204,5,Staff,2024-12-23 03:00:00,0.7864651267573441,1
8573,12591,3,Staff,2024-12-23 04:00:00,0.29615824631901033,1
8574,42682,3,Facilities,2024-12-23 05:00:00,0.49028569305720815,1
8575,6811,4,Food,2024-12-23 06:00:00,0.15065506204863943,1
8576,13287,4,Staff,2024-12-23 07:00:00,0.04184834159391093,1
8577,12959,5,Food,2024-12-23 08:00:00,0.3962130628634294,0
8578,10186,2,Value,2024-12-23 09:00:00,0.42354922296878794,1
8579,10731,5,Value,2024-12-23 10:00:00,0.9340190983643479,1
8580,5898,5,Staff,2024-12-23 11:00:00,0.290928489089359,0
8581,35833,3,Food,2024-12-23 12:00:00,0.6098646613965598,1
8582,42605,3,Facilities,2024-12-23 13:00:00,0.9926375538051294,1
8583,5217,4,Facilities,2024-12-23 14:00:00,0.6496625333092012,1
8584,29850,4,Facilities,2024-12-23 15:00:00,0.9598524770319068,1
8585,31492,4,Facilities,2024-12-23 16:00:00,0.20063612594851132,1
8586,8455,2,Facilities,2024-12-23 17:00:00,0.726833888806205,1
8587,33858,4,Food,2024-12-23 18:00:00,0.41920840398620896,0
8588,19895,4,Staff,2024-12-23 19:00:00,0.348673115193016,0
8589,46243,4,Value,2024-12-23 20:00:00,0.4984711508666434,1
8590,19266,5,Animals,2024-12-23 21:00:00,0.7944683161975514,0
8591,6408,4,Food,2024-12-23 22:00:00,0.7283916344881372,1
8592,16105,3,Animals,2024-12-23 23:00:00,0.31471739929535836,1
8593,40546,5,Animals,2024-12-24 00:00:00,0.626594964119673,1
8594,48487,1,Animals,2024-12-24 01:00:00,0.5516557254295671,1
8595,42847,4,Staff,2024-12-24 02:00:00,0.5049717864469581,1
8596,35651,1,Value,2024-12-24 03:00:00,0.45453953186130125,1
8597,22068,5,Facilities,2024-12-24 04:00:00,0.7816297467969641,1
8598,1102,5,Staff,2024-12-24 05:00:00,0.8560332021409918,0
8599,28638,5,Animals,2024-12-24 06:00:00,0.026773790815424525,0
8600,31749,1,Facilities,2024-12-24 07:00:00,0.05940821390810447,0
8601,14495,2,Value,2024-12-24 08:00:00,0.16013470532349006,1
8602,47558,3,Animals,2024-12-24 09:00:00,0.14591592121045238,0
8603,7424,2,Staff,2024-12-24 10:00:00,0.2694304489721464,1
8604,43507,3,Facilities,2024-12-24 11:00:00,0.45037524710341414,1
8605,39320,4,Staff,2024-12-24 12:00:00,0.01564298801219155,1
8606,20540,3,Staff,2024-12-24 13:00:00,0.3408292202060378,1
8607,1299,5,Food,2024-12-24 14:00:00,0.5692507208809033,0
8608,46220,4,Value,2024-12-24 15:00:00,0.4908635660360643,1
8609,17591,5,Facilities,2024-12-24 16:00:00,0.4163354397117266,1
8610,21687,4,Animals,2024-12-24 17:00:00,0.732232585130036,1
8611,36085,4,Food,2024-12-24 18:00:00,0.441097159469919,1
8612,19453,3,Staff,2024-12-24 19:00:00,0.4110198362338473,1
8613,9600,4,Food,2024-12-24 20:00:00,0.9985204999642313,1
8614,6010,3,Facilities,2024-12-24 21:00:00,0.8416936477180675,0
8615,32976,5,Staff,2024-12-24 22:00:00,0.6394827826800905,1
8616,16929,1,Animals,2024-12-24 23:00:00,0.7426183613689488,1
8617,19410,5,Value,2024-12-25 00:00:00,0.18150360195589066,1
8618,44869,4,Facilities,2024-12-25 01:00:00,0.2719478460613448,1
8619,26201,3,Animals,2024-12-25 02:00:00,0.4972392035918607,0
8620,37340,4,Value,2024-12-25 03:00:00,0.8203772825860569,1
8621,48029,3,Food,2024-12-25 04:00:00,0.47766780375287754,1
8622,47284,3,Food,2024-12-25 05:00:00,0.2139141116700839,1
8623,25592,3,Value,2024-12-25 06:00:00,0.8091185781178257,1
8624,12334,4,Animals,2024-12-25 07:00:00,0.6164018096604126,1
8625,44858,5,Staff,2024-12-25 08:00:00,0.5364285565919328,1
8626,6793,4,Staff,2024-12-25 09:00:00,0.9727681738208286,1
8627,887,4,Animals,2024-12-25 10:00:00,0.45310691982399376,1
8628,4626,5,Value,2024-12-25 11:00:00,0.7461262978103389,1
8629,15636,4,Facilities,2024-12-25 12:00:00,0.8263835835212606,1
8630,20217,4,Facilities,2024-12-25 13:00:00,0.1403019979059974,1
8631,8429,3,Staff,2024-12-25 14:00:00,0.30900575136010844,0
8632,20707,4,Animals,2024-12-25 15:00:00,0.3274401538204138,1
8633,24497,5,Animals,2024-12-25 16:00:00,0.93192023050352,0
8634,40668,2,Food,2024-12-25 17:00:00,0.5434824270581984,1
8635,8195,5,Value,2024-12-25 18:00:00,0.7560522685149744,1
8636,42884,5,Staff,2024-12-25 19:00:00,0.047795149591413066,0
8637,1200,4,Facilities,2024-12-25 20:00:00,0.022781338030279263,1
8638,20509,3,Animals,2024-12-25 21:00:00,0.3191358333077162,1
8639,453,1,Facilities,2024-12-25 22:00:00,0.0443610030676832,1
8640,31725,5,Food,2024-12-25 23:00:00,0.14712195232277814,1
8641,38528,4,Animals,2024-12-26 00:00:00,0.2640971626942926,1
8642,26359,5,Animals,2024-12-26 01:00:00,0.17278542870511826,1
8643,38440,5,Facilities,2024-12-26 02:00:00,0.35639657032681615,1
8644,31392,5,Facilities,2024-12-26 03:00:00,0.4967329440040772,1
8645,26711,5,Staff,2024-12-26 04:00:00,0.11544294431199431,0
8646,16029,3,Animals,2024-12-26 05:00:00,0.6738584546404601,1
8647,8425,4,Facilities,2024-12-26 06:00:00,0.9095772021452191,1
8648,24821,4,Staff,2024-12-26 07:00:00,0.980081653595265,1
8649,40459,3,Food,2024-12-26 08:00:00,0.0025664735462000987,1
8650,14289,5,Facilities,2024-12-26 09:00:00,0.7170553848417983,1
8651,15425,3,Facilities,2024-12-26 10:00:00,0.3283502725415737,1
8652,49017,2,Value,2024-12-26 11:00:00,0.38750610788119466,0
8653,43574,4,Value,2024-12-26 12:00:00,0.8213015411266901,0
8654,45039,4,Animals,2024-12-26 13:00:00,0.9696160971177773,1
8655,21518,5,Value,2024-12-26 14:00:00,0.0691726307401731,1
8656,39324,4,Food,2024-12-26 15:00:00,0.5133587970885626,1
8657,44921,2,Food,2024-12-26 16:00:00,0.9110141600119922,1
8658,20884,3,Value,2024-12-26 17:00:00,0.5379262362019306,1
8659,13200,3,Staff,2024-12-26 18:00:00,0.238841651009831,1
8660,15684,3,Animals,2024-12-26 19:00:00,0.1604749776570703,1
8661,46175,5,Value,2024-12-26 20:00:00,0.5855379542433167,1
8662,35021,2,Animals,2024-12-26 21:00:00,0.8829016725118934,0
8663,30231,3,Animals,2024-12-26 22:00:00,0.13535732364391206,1
8664,38445,4,Staff,2024-12-26 23:00:00,0.9421453867173274,1
8665,46211,4,Facilities,2024-12-27 00:00:00,0.024308762381097693,1
8666,46965,5,Food,2024-12-27 01:00:00,0.6438181346882945,0
8667,6366,4,Value,2024-12-27 02:00:00,0.2247397606499214,0
8668,40507,4,Animals,2024-12-27 03:00:00,0.7687255921948373,0
8669,42476,5,Facilities,2024-12-27 04:00:00,0.5332611320702131,0
8670,30605,4,Food,2024-12-27 05:00:00,0.6331130249419415,1
8671,45351,4,Value,2024-12-27 06:00:00,0.9897497171512627,1
8672,43500,3,Staff,2024-12-27 07:00:00,0.520562843157504,1
8673,34776,5,Animals,2024-12-27 08:00:00,0.3029514368783244,1
8674,1403,3,Value,2024-12-27 09:00:00,0.03236113731699164,1
8675,18998,3,Food,2024-12-27 10:00:00,0.6378855845256884,1
8676,46067,2,Animals,2024-12-27 11:00:00,0.18821664993937504,1
8677,7723,3,Value,2024-12-27 12:00:00,0.7012363562213645,0
8678,25542,4,Value,2024-12-27 13:00:00,0.8501609852936459,0
8679,1404,3,Staff,2024-12-27 14:00:00,0.9368218313546464,1
8680,35081,5,Staff,2024-12-27 15:00:00,0.6496814091576308,1
8681,38937,4,Food,2024-12-27 16:00:00,0.7324518354527885,1
8682,16116,2,Staff,2024-12-27 17:00:00,0.6661438057127446,1
8683,43115,5,Food,2024-12-27 18:00:00,0.6464632343198037,1
8684,25180,4,Animals,2024-12-27 19:00:00,0.06554336488854062,1
8685,7084,3,Food,2024-12-27 20:00:00,0.038510842828131664,1
8686,14074,5,Animals,2024-12-27 21:00:00,0.777211127534923,1
8687,22338,4,Animals,2024-12-27 22:00:00,0.1175238832654022,0
8688,14906,2,Animals,2024-12-27 23:00:00,0.5221377090407148,1
8689,9041,5,Food,2024-12-28 00:00:00,0.7627905096555182,0
8690,46732,5,Value,2024-12-28 01:00:00,0.3398321857134935,0
8691,21442,4,Animals,2024-12-28 02:00:00,0.7134707170300476,1
8692,28231,5,Animals,2024-12-28 03:00:00,0.15533833471557779,1
8693,45703,3,Animals,2024-12-28 04:00:00,0.6716710610352614,1
8694,27457,4,Value,2024-12-28 05:00:00,0.510549030824037,1
8695,18422,4,Animals,2024-12-28 06:00:00,0.583778038893292,1
8696,7869,4,Staff,2024-12-28 07:00:00,0.8894638531860045,0
8697,46345,4,Animals,2024-12-28 08:00:00,0.27402116263930176,0
8698,14046,4,Facilities,2024-12-28 09:00:00,0.5465616467963347,1
8699,35899,4,Food,2024-12-28 10:00:00,0.24820782604084635,1
8700,8391,4,Facilities,2024-12-28 11:00:00,0.06176293072289074,1
8701,13131,4,Food,2024-12-28 12:00:00,0.15273341446116495,1
8702,1672,4,Staff,2024-12-28 13:00:00,0.38473103971794864,1
8703,603,3,Food,2024-12-28 14:00:00,0.014005796175986851,1
8704,18687,5,Facilities,2024-12-28 15:00:00,0.630688886224933,1
8705,44296,4,Value,2024-12-28 16:00:00,0.027669832203663036,1
8706,30107,4,Animals,2024-12-28 17:00:00,0.1759019498518356,1
8707,9655,5,Food,2024-12-28 18:00:00,0.17189674360373464,1
8708,11418,4,Food,2024-12-28 19:00:00,0.413675487700647,0
8709,14115,5,Animals,2024-12-28 20:00:00,0.645532885130011,1
8710,21381,5,Facilities,2024-12-28 21:00:00,0.6644798190916087,1
8711,908,4,Value,2024-12-28 22:00:00,0.3965510506377643,0
8712,48457,5,Food,2024-12-28 23:00:00,0.6845157982487,1
8713,3417,4,Animals,2024-12-29 00:00:00,0.6748628738258104,1
8714,22370,4,Animals,2024-12-29 01:00:00,0.043580011961407594,1
8715,15236,2,Facilities,2024-12-29 02:00:00,0.19661101099707223,1
8716,40200,5,Staff,2024-12-29 03:00:00,0.9786656997530981,0
8717,47164,4,Facilities,2024-12-29 04:00:00,0.16741248718979218,1
8718,38298,3,Value,2024-12-29 05:00:00,0.6212268091839501,0
8719,29859,3,Animals,2024-12-29 06:00:00,0.42701610213994934,1
8720,17828,5,Value,2024-12-29 07:00:00,0.4574533618801899,1
8721,35447,4,Animals,2024-12-29 08:00:00,0.1629634243952357,1
8722,14516,3,Value,2024-12-29 09:00:00,0.22647547809314672,0
8723,1223,5,Facilities,2024-12-29 10:00:00,0.8604348770731589,1
8724,23166,5,Animals,2024-12-29 11:00:00,0.7758907459644356,1
8725,9019,5,Staff,2024-12-29 12:00:00,0.07113150290481574,1
8726,40108,4,Staff,2024-12-29 13:00:00,0.2993693473364276,1
8727,45258,5,Animals,2024-12-29 14:00:00,0.05108661748246568,1
8728,48186,5,Animals,2024-12-29 15:00:00,0.6349212621348402,1
8729,48229,5,Value,2024-12-29 16:00:00,0.9176159144106432,1
8730,21346,5,Value,2024-12-29 17:00:00,0.33309903541641206,1
8731,20062,3,Facilities,2024-12-29 18:00:00,0.8153192931315306,1
8732,25892,4,Value,2024-12-29 19:00:00,0.9403075764651733,1
8733,1426,4,Facilities,2024-12-29 20:00:00,0.5945449172264278,1
8734,9987,4,Staff,2024-12-29 21:00:00,0.7903592049143667,1
8735,45771,5,Staff,2024-12-29 22:00:00,0.49239991743230593,1
8736,32528,2,Food,2024-12-29 23:00:00,0.8027288726287313,0
8737,10739,4,Animals,2024-12-30 00:00:00,0.39891290723717765,1
8738,19753,5,Food,2024-12-30 01:00:00,0.8703592719437251,1
8739,21053,4,Animals,2024-12-30 02:00:00,0.1125924793808517,0
8740,9000,5,Staff,2024-12-30 03:00:00,0.20605853820197972,1
8741,36092,5,Staff,2024-12-30 04:00:00,0.14689192752852798,0
8742,13266,5,Facilities,2024-12-30 05:00:00,0.42662806705066325,1
8743,21393,4,Facilities,2024-12-30 06:00:00,0.44741699669594204,1
8744,11724,4,Staff,2024-12-30 07:00:00,0.1864688805938226,1
8745,19782,2,Staff,2024-12-30 08:00:00,0.4633329126085485,1
8746,44355,5,Food,2024-12-30 09:00:00,0.3202075699922329,1
8747,37721,5,Animals,2024-12-30 10:00:00,0.643582698448236,0
8748,26826,3,Animals,2024-12-30 11:00:00,0.6953952125801404,1
8749,20037,5,Food,2024-12-30 12:00:00,0.6312063921438875,1
8750,19737,3,Facilities,2024-12-30 13:00:00,0.8659964631427035,1
8751,32013,5,Food,2024-12-30 14:00:00,0.8577208203615866,1
8752,36448,2,Staff,2024-12-30 15:00:00,0.5025576233836107,1
8753,10298,3,Value,2024-12-30 16:00:00,0.01857131638390097,0
8754,16398,3,Food,2024-12-30 17:00:00,0.963237444832479,0
8755,17616,4,Staff,2024-12-30 18:00:00,0.11295866611359984,0
8756,47695,4,Food,2024-12-30 19:00:00,0.6451308498159329,1
8757,7867,4,Food,2024-12-30 20:00:00,0.02548293092598164,0
8758,9365,1,Staff,2024-12-30 21:00:00,0.1994027721277808,1
8759,25075,2,Animals,2024-12-30 22:00:00,0.7793767070845771,1
8760,38838,3,Animals,2024-12-30 23:00:00,0.6213542006121507,1
8761,11736,3,Animals,2024-12-31 00:00:00,0.3240042615527239,1
8762,14672,4,Facilities,2024-12-31 01:00:00,0.43013348038852584,1
8763,18858,4,Animals,2024-12-31 02:00:00,0.22774858499432704,1
8764,10847,2,Animals,2024-12-31 03:00:00,0.6422874133806358,1
8765,26460,4,Value,2024-12-31 04:00:00,0.46488239386171737,0
8766,9843,2,Facilities,2024-12-31 05:00:00,0.23101856747600502,0
8767,44025,4,Facilities,2024-12-31 06:00:00,0.2564841715514107,1
8768,29423,5,Animals,2024-12-31 07:00:00,0.7888187644040359,1
8769,25752,2,Facilities,2024-12-31 08:00:00,0.9451864050759885,1
8770,26789,4,Staff,2024-12-31 09:00:00,0.9173603820517373,0
8771,30087,4,Value,2024-12-31 10:00:00,0.11583655844880081,1
8772,25504,4,Value,2024-12-31 11:00:00,0.18735688718883992,1
8773,48753,5,Food,2024-12-31 12:00:00,0.7921600707888177,1
8774,12744,4,Animals,2024-12-31 13:00:00,0.5074571242731786,1
8775,1977,3,Food,2024-12-31 14:00:00,0.7271680128185513,1
8776,10404,3,Facilities,2024-12-31 15:00:00,0.0729965927396744,1
8777,2456,2,Food,2024-12-31 16:00:00,0.9945995350052564,1
8778,48960,4,Value,2024-12-31 17:00:00,0.23247924658080876,1
8779,44776,5,Facilities,2024-12-31 18:00:00,0.9953119108466684,1
8780,7262,5,Staff,2024-12-31 19:00:00,0.8101643741259518,1
8781,15398,5,Food,2024-12-31 20:00:00,0.434510560629769,1
8782,20896,3,Value,2024-12-31 21:00:00,0.24869765088648,1
8783,3158,5,Food,2024-12-31 22:00:00,0.3644240378950867,1
8784,31253,3,Food,2024-12-31 23:00:00,0.5188065804775058,1
8785,44770,5,Food,2025-01-01 00:00:00,0.9109362256768656,1
8786,49986,5,Facilities,2025-01-01 01:00:00,0.09965541079157891,1
8787,16347,2,Food,2025-01-01 02:00:00,0.31075944013668866,0
8788,13446,5,Animals,2025-01-01 03:00:00,0.9288359720833081,0
8789,3789,3,Food,2025-01-01 04:00:00,0.3052898808165312,1
8790,26613,5,Animals,2025-01-01 05:00:00,0.19163789370323303,1
8791,32480,3,Staff,2025-01-01 06:00:00,0.17812929560800372,1
8792,29803,4,Facilities,2025-01-01 07:00:00,0.4738706136945503,1
8793,19874,4,Food,2025-01-01 08:00:00,0.03037332892749056,0
8794,18134,5,Facilities,2025-01-01 09:00:00,0.6906062451239114,1
8795,3919,4,Staff,2025-01-01 10:00:00,0.688905045592089,1
8796,36117,4,Animals,2025-01-01 11:00:00,0.7707438453136843,1
8797,21647,5,Staff,2025-01-01 12:00:00,0.6076598707332285,1
8798,16205,3,Animals,2025-01-01 13:00:00,0.4496684146270742,1
8799,27339,4,Staff,2025-01-01 14:00:00,0.02386695067824962,1
8800,33107,4,Value,2025-01-01 15:00:00,0.042689145178557486,1
8801,42252,4,Animals,2025-01-01 16:00:00,0.6179578624225147,1
8802,43818,3,Animals,2025-01-01 17:00:00,0.6222966270400341,1
8803,14936,5,Staff,2025-01-01 18:00:00,0.8062228960465382,1
8804,31547,4,Staff,2025-01-01 19:00:00,0.2033598844756601,1
8805,6066,4,Animals,2025-01-01 20:00:00,0.7367416779222888,1
8806,30038,5,Value,2025-01-01 21:00:00,0.8391082825084984,0
8807,35408,5,Food,2025-01-01 22:00:00,0.17763456149972368,1
8808,48376,5,Animals,2025-01-01 23:00:00,0.4157905300403125,1
8809,14176,4,Staff,2025-01-02 00:00:00,0.2384036754949702,1
8810,45634,3,Food,2025-01-02 01:00:00,0.6574234125649703,1
8811,231,4,Staff,2025-01-02 02:00:00,0.4891916018131798,1
8812,27050,5,Staff,2025-01-02 03:00:00,0.7963759724891752,1
8813,1099,5,Value,2025-01-02 04:00:00,0.10061454004032244,0
8814,45099,5,Animals,2025-01-02 05:00:00,0.7595620969957904,1
8815,21028,5,Value,2025-01-02 06:00:00,0.40440445228723654,1
8816,13470,4,Animals,2025-01-02 07:00:00,0.056398776840537734,1
8817,23244,2,Facilities,2025-01-02 08:00:00,0.8562195915882604,1
8818,41094,5,Value,2025-01-02 09:00:00,0.8198160049455153,1
8819,48281,4,Animals,2025-01-02 10:00:00,0.8925209850642919,1
8820,45935,5,Animals,2025-01-02 11:00:00,0.7577938661114055,1
8821,7570,5,Facilities,2025-01-02 12:00:00,0.49752742888091617,0
8822,38778,4,Staff,2025-01-02 13:00:00,0.9756803527063523,1
8823,19077,2,Animals,2025-01-02 14:00:00,0.005403436863860578,1
8824,12664,5,Animals,2025-01-02 15:00:00,0.8153499732785979,1
8825,13720,4,Staff,2025-01-02 16:00:00,0.6414573885332816,1
8826,38938,2,Facilities,2025-01-02 17:00:00,0.8987571211091072,1
8827,34651,5,Facilities,2025-01-02 18:00:00,0.6510683308501042,1
8828,48548,3,Staff,2025-01-02 19:00:00,0.33109647648796303,1
8829,7576,3,Value,2025-01-02 20:00:00,0.8922564159620083,1
8830,48326,4,Food,2025-01-02 21:00:00,0.35751943663114416,1
8831,35093,3,Staff,2025-01-02 22:00:00,0.18104825143371073,1
8832,21393,5,Value,2025-01-02 23:00:00,0.44895219106742246,1
8833,9155,5,Facilities,2025-01-03 00:00:00,0.7558883971986473,1
8834,14460,3,Food,2025-01-03 01:00:00,0.3088807685688223,0
8835,31124,5,Value,2025-01-03 02:00:00,0.6726504852602528,0
8836,30457,4,Food,2025-01-03 03:00:00,0.879294168695448,1
8837,14953,3,Animals,2025-01-03 04:00:00,0.7257057444637872,0
8838,42278,4,Staff,2025-01-03 05:00:00,0.2939672869734712,1
8839,13718,4,Staff,2025-01-03 06:00:00,0.41200220050464753,1
8840,6086,5,Animals,2025-01-03 07:00:00,0.33298355886307474,1
8841,29009,3,Food,2025-01-03 08:00:00,0.5912848860230048,1
8842,11210,3,Food,2025-01-03 09:00:00,0.6008114407766545,1
8843,22517,4,Staff,2025-01-03 10:00:00,0.8810030116781468,1
8844,34850,3,Value,2025-01-03 11:00:00,0.37467671968772875,0
8845,49792,4,Animals,2025-01-03 12:00:00,0.44418260671897436,0
8846,44878,5,Facilities,2025-01-03 13:00:00,0.17244578088890627,1
8847,44035,4,Food,2025-01-03 14:00:00,0.08113182331386004,1
8848,36970,5,Food,2025-01-03 15:00:00,0.5858289261199201,0
8849,20528,5,Animals,2025-01-03 16:00:00,0.41367891729284967,1
8850,37957,4,Facilities,2025-01-03 17:00:00,0.508018928014301,1
8851,33261,1,Facilities,2025-01-03 18:00:00,0.48507966842835704,1
8852,31571,4,Staff,2025-01-03 19:00:00,0.9223784695488992,0
8853,12055,5,Animals,2025-01-03 20:00:00,0.34466959191867597,0
8854,211,5,Facilities,2025-01-03 21:00:00,0.9215252532159596,1
8855,8203,3,Food,2025-01-03 22:00:00,0.3382278578825114,0
8856,48209,5,Staff,2025-01-03 23:00:00,0.8677888397210497,1
8857,37929,4,Value,2025-01-04 00:00:00,0.8913303084158413,1
8858,22135,4,Animals,2025-01-04 01:00:00,0.35387641780684687,1
8859,28072,3,Value,2025-01-04 02:00:00,0.6086678285666999,1
8860,6084,5,Animals,2025-01-04 03:00:00,0.781147722859709,0
8861,9743,3,Value,2025-01-04 04:00:00,0.6854674375746206,1
8862,23932,4,Staff,2025-01-04 05:00:00,0.30995181477291434,1
8863,2790,4,Staff,2025-01-04 06:00:00,0.6294044360589929,0
8864,2027,5,Staff,2025-01-04 07:00:00,0.049306198841781,1
8865,16451,2,Facilities,2025-01-04 08:00:00,0.7353114037649868,1
8866,44538,5,Value,2025-01-04 09:00:00,0.8581876843188058,0
8867,44995,3,Staff,2025-01-04 10:00:00,0.19665799833161635,1
8868,9446,5,Value,2025-01-04 11:00:00,0.016362255119243496,1
8869,38272,5,Facilities,2025-01-04 12:00:00,0.14883766524539566,1
8870,19357,4,Food,2025-01-04 13:00:00,0.6713643053655806,1
8871,24651,4,Staff,2025-01-04 14:00:00,0.21524414035757566,1
8872,35604,4,Value,2025-01-04 15:00:00,0.6481616871463988,1
8873,27231,5,Animals,2025-01-04 16:00:00,0.1933011544605392,1
8874,19177,4,Animals,2025-01-04 17:00:00,0.4169194682898424,0
8875,22250,5,Value,2025-01-04 18:00:00,0.18617290319630575,1
8876,32202,5,Facilities,2025-01-04 19:00:00,0.45423309357287756,1
8877,11684,4,Food,2025-01-04 20:00:00,0.6340938088503637,1
8878,5124,4,Facilities,2025-01-04 21:00:00,0.4368973174225821,1
8879,27230,5,Staff,2025-01-04 22:00:00,0.8226866346396277,0
8880,20105,5,Value,2025-01-04 23:00:00,0.2769379316787274,1
8881,35481,5,Facilities,2025-01-05 00:00:00,0.9869009787232128,1
8882,11578,4,Facilities,2025-01-05 01:00:00,0.48432526918903573,1
8883,22365,3,Animals,2025-01-05 02:00:00,0.04909188207463111,0
8884,1696,3,Facilities,2025-01-05 03:00:00,0.27641187290555636,1
8885,13668,5,Animals,2025-01-05 04:00:00,0.19215807168140087,1
8886,41777,4,Food,2025-01-05 05:00:00,0.18371359311345492,1
8887,592,4,Facilities,2025-01-05 06:00:00,0.11235287953833784,1
8888,9089,5,Staff,2025-01-05 07:00:00,0.47328978034171243,0
8889,33103,5,Value,2025-01-05 08:00:00,0.914018614240884,1
8890,8327,4,Value,2025-01-05 09:00:00,0.704976626841552,1
8891,23514,1,Food,2025-01-05 10:00:00,0.6531945667678909,1
8892,31138,4,Value,2025-01-05 11:00:00,0.9497687684736208,0
8893,7650,4,Value,2025-01-05 12:00:00,0.22119822719683424,0
8894,7831,2,Staff,2025-01-05 13:00:00,0.7728358688727596,1
8895,27714,2,Food,2025-01-05 14:00:00,0.28891577916109434,1
8896,9259,4,Facilities,2025-01-05 15:00:00,0.580951710030721,1
8897,5477,4,Staff,2025-01-05 16:00:00,0.567416535277183,1
8898,29288,4,Facilities,2025-01-05 17:00:00,0.0927085345102917,1
8899,29407,4,Facilities,2025-01-05 18:00:00,0.26361752942746575,0
8900,33879,5,Staff,2025-01-05 19:00:00,0.738050482136879,1
8901,5464,4,Value,2025-01-05 20:00:00,0.09487839266479225,1
8902,27781,2,Food,2025-01-05 21:00:00,0.3734661299009745,1
8903,18029,3,Food,2025-01-05 22:00:00,0.17777466819781773,1
8904,4819,4,Value,2025-01-05 23:00:00,0.8598407899775011,1
8905,22068,4,Facilities,2025-01-06 00:00:00,0.6449901359907464,0
8906,37866,2,Staff,2025-01-06 01:00:00,0.630395495679261,0
8907,21341,4,Food,2025-01-06 02:00:00,0.7544273749555298,1
8908,3529,4,Food,2025-01-06 03:00:00,0.9097297965541942,0
8909,31880,3,Animals,2025-01-06 04:00:00,0.8784130561744623,1
8910,10945,3,Animals,2025-01-06 05:00:00,0.5106850040780307,1
8911,4187,4,Value,2025-01-06 06:00:00,0.294206147146414,1
8912,15447,4,Staff,2025-01-06 07:00:00,0.8363772512647704,1
8913,7141,3,Animals,2025-01-06 08:00:00,0.8167175143194733,1
8914,1312,5,Animals,2025-01-06 09:00:00,0.326133679181162,1
8915,48534,5,Facilities,2025-01-06 10:00:00,0.542721108541537,1
8916,22439,3,Staff,2025-01-06 11:00:00,0.7861787797622988,1
8917,13024,2,Food,2025-01-06 12:00:00,0.4060858981669224,1
8918,46590,3,Staff,2025-01-06 13:00:00,0.482652940621368,0
8919,21807,4,Animals,2025-01-06 14:00:00,0.43514873613752647,0
8920,20517,5,Food,2025-01-06 15:00:00,0.28449212459585127,1
8921,49694,4,Food,2025-01-06 16:00:00,0.35024133473982544,1
8922,15667,4,Staff,2025-01-06 17:00:00,0.14554103779005778,1
8923,39433,5,Facilities,2025-01-06 18:00:00,0.06861781537936074,0
8924,11867,5,Value,2025-01-06 19:00:00,0.49767175354185456,0
8925,47285,5,Animals,2025-01-06 20:00:00,0.8770836370542444,1
8926,37023,4,Value,2025-01-06 21:00:00,0.05429972562800123,0
8927,40579,5,Animals,2025-01-06 22:00:00,0.512871243043935,1
8928,33293,4,Value,2025-01-06 23:00:00,0.5221007767792584,1
8929,18310,5,Animals,2025-01-07 00:00:00,0.9893680891204729,1
8930,30907,3,Facilities,2025-01-07 01:00:00,0.694831326649407,1
8931,24393,5,Staff,2025-01-07 02:00:00,0.0934020024152038,1
8932,214,2,Value,2025-01-07 03:00:00,0.6613704787699572,1
8933,13305,4,Facilities,2025-01-07 04:00:00,0.9992149441527847,1
8934,46714,4,Staff,2025-01-07 05:00:00,0.5229130548176651,1
8935,24060,5,Facilities,2025-01-07 06:00:00,0.08028673975297895,1
8936,42913,5,Value,2025-01-07 07:00:00,0.5402750972971463,1
8937,47669,4,Facilities,2025-01-07 08:00:00,0.509926957807803,1
8938,22329,4,Staff,2025-01-07 09:00:00,0.5776220900069065,1
8939,27641,2,Animals,2025-01-07 10:00:00,0.6293363106199799,1
8940,1642,5,Food,2025-01-07 11:00:00,0.8731055281466741,1
8941,2832,4,Facilities,2025-01-07 12:00:00,0.5561624652562112,1
8942,19307,3,Staff,2025-01-07 13:00:00,0.556853052243903,1
8943,37699,3,Animals,2025-01-07 14:00:00,0.5699907467945959,1
8944,31145,4,Value,2025-01-07 15:00:00,0.6260544967441054,1
8945,4821,4,Value,2025-01-07 16:00:00,0.8860858218593726,0
8946,43845,5,Facilities,2025-01-07 17:00:00,0.9201042677415701,1
8947,1058,1,Animals,2025-01-07 18:00:00,0.14745252729757663,1
8948,32780,5,Staff,2025-01-07 19:00:00,0.3824540161045267,1
8949,47988,3,Staff,2025-01-07 20:00:00,0.19120657629080862,0
8950,12900,4,Value,2025-01-07 21:00:00,0.2659336085722934,1
8951,27693,3,Staff,2025-01-07 22:00:00,0.25811352587371006,1
8952,23096,3,Food,2025-01-07 23:00:00,0.5009576277795573,1
8953,36449,5,Staff,2025-01-08 00:00:00,0.19804445558124817,0
8954,9473,5,Value,2025-01-08 01:00:00,0.5612902720255253,1
8955,36791,4,Food,2025-01-08 02:00:00,0.5233157796446944,0
8956,44656,5,Facilities,2025-01-08 03:00:00,0.9493031247327948,1
8957,48385,5,Food,2025-01-08 04:00:00,0.4679550312718592,0
8958,22026,3,Staff,2025-01-08 05:00:00,0.9289759788158134,1
8959,9187,3,Value,2025-01-08 06:00:00,0.4256442812979374,1
8960,22552,3,Food,2025-01-08 07:00:00,0.36916731171598105,1
8961,10511,4,Animals,2025-01-08 08:00:00,0.21660753361306506,1
8962,25832,5,Value,2025-01-08 09:00:00,0.2020917803839185,1
8963,29639,4,Value,2025-01-08 10:00:00,0.9086112074722844,1
8964,44456,3,Animals,2025-01-08 11:00:00,0.17980880578513558,1
8965,14992,4,Animals,2025-01-08 12:00:00,0.41658718788581217,1
8966,22058,1,Staff,2025-01-08 13:00:00,0.3201811355513515,1
8967,1981,5,Value,2025-01-08 14:00:00,0.5702484314296029,1
8968,47506,5,Animals,2025-01-08 15:00:00,0.31463465094683485,1
8969,11991,4,Facilities,2025-01-08 16:00:00,0.005148280095491287,1
8970,28990,4,Food,2025-01-08 17:00:00,0.7506315905690693,1
8971,34840,4,Facilities,2025-01-08 18:00:00,0.4191857777621566,1
8972,49474,1,Value,2025-01-08 19:00:00,0.4148220393224338,1
8973,4018,2,Staff,2025-01-08 20:00:00,0.3632135986598217,1
8974,37262,3,Animals,2025-01-08 21:00:00,0.3151053814914363,1
8975,49559,4,Food,2025-01-08 22:00:00,0.7189966105922679,1
8976,36062,4,Value,2025-01-08 23:00:00,0.6894662899443387,1
8977,11196,5,Food,2025-01-09 00:00:00,0.7967251162056335,0
8978,6405,5,Facilities,2025-01-09 01:00:00,0.7065851323920257,1
8979,48408,4,Animals,2025-01-09 02:00:00,0.9653402779877621,1
8980,48447,4,Animals,2025-01-09 03:00:00,0.288402286858904,0
8981,9192,3,Value,2025-01-09 04:00:00,0.9894534049538899,1
8982,3765,4,Food,2025-01-09 05:00:00,0.9199442639314195,1
8983,27509,3,Animals,2025-01-09 06:00:00,0.5151871644657543,0
8984,40131,4,Food,2025-01-09 07:00:00,0.6135525608235425,1
8985,42071,3,Value,2025-01-09 08:00:00,0.7188085588649077,1
8986,21835,3,Animals,2025-01-09 09:00:00,0.3316136227574339,1
8987,23401,5,Staff,2025-01-09 10:00:00,0.7101691122744567,1
8988,3214,5,Animals,2025-01-09 11:00:00,0.7748151203030951,1
8989,44939,3,Staff,2025-01-09 12:00:00,0.4328136100698885,1
8990,41593,3,Value,2025-01-09 13:00:00,0.31905802118573345,1
8991,47948,2,Value,2025-01-09 14:00:00,0.9277382736969139,0
8992,49938,4,Value,2025-01-09 15:00:00,0.853820103511178,1
8993,45135,3,Staff,2025-01-09 16:00:00,0.11179891990189972,1
8994,41510,4,Staff,2025-01-09 17:00:00,0.4601623997559783,0
8995,16216,3,Animals,2025-01-09 18:00:00,0.3746123919806338,1
8996,18259,4,Food,2025-01-09 19:00:00,0.47040063838818125,1
8997,21546,3,Facilities,2025-01-09 20:00:00,0.7180115058415418,0
8998,10493,5,Staff,2025-01-09 21:00:00,0.861604191302414,1
8999,40752,1,Value,2025-01-09 22:00:00,0.07685549020668114,1
9000,148,5,Facilities,2025-01-09 23:00:00,0.53904499055406,1
9001,25004,5,Animals,2025-01-10 00:00:00,0.11084622895170015,0
9002,23727,4,Facilities,2025-01-10 01:00:00,0.7175315283562226,1
9003,10608,4,Staff,2025-01-10 02:00:00,0.3634500093194162,1
9004,45720,4,Food,2025-01-10 03:00:00,0.8563080836395007,1
9005,7481,5,Facilities,2025-01-10 04:00:00,0.42686259324719333,1
9006,9628,4,Food,2025-01-10 05:00:00,0.8235471708478496,1
9007,14480,1,Animals,2025-01-10 06:00:00,0.05889776637216393,1
9008,28978,4,Value,2025-01-10 07:00:00,0.3955369328286893,1
9009,35110,4,Staff,2025-01-10 08:00:00,0.08655536615853665,1
9010,39064,3,Staff,2025-01-10 09:00:00,0.18825973376206118,1
9011,29895,4,Staff,2025-01-10 10:00:00,0.9460063106536383,1
9012,18317,4,Food,2025-01-10 11:00:00,0.04020617696942996,1
9013,16577,3,Animals,2025-01-10 12:00:00,0.25700515136014046,1
9014,9201,4,Staff,2025-01-10 13:00:00,0.07357152806367773,1
9015,7820,3,Value,2025-01-10 14:00:00,0.8764078824233984,1
9016,37869,4,Value,2025-01-10 15:00:00,0.7011954754129055,1
9017,36057,3,Animals,2025-01-10 16:00:00,0.08252328708128076,1
9018,30740,5,Animals,2025-01-10 17:00:00,0.2509391954778275,1
9019,38966,4,Animals,2025-01-10 18:00:00,0.276911250220502,0
9020,13445,5,Animals,2025-01-10 19:00:00,0.2522931285497345,1
9021,35989,5,Staff,2025-01-10 20:00:00,0.9189653515447794,1
9022,32392,1,Value,2025-01-10 21:00:00,0.700758112454058,1
9023,48991,2,Staff,2025-01-10 22:00:00,0.4710787968750175,0
9024,32109,4,Food,2025-01-10 23:00:00,0.9328594054321185,0
9025,8544,5,Facilities,2025-01-11 00:00:00,0.02223254667373431,1
9026,16554,5,Animals,2025-01-11 01:00:00,0.5443407605652804,1
9027,3005,1,Facilities,2025-01-11 02:00:00,0.4664076686712828,0
9028,20335,2,Food,2025-01-11 03:00:00,0.06715935245648519,1
9029,13175,4,Value,2025-01-11 04:00:00,0.2983656578454902,1
9030,7802,4,Value,2025-01-11 05:00:00,0.5379912059429884,1
9031,10058,2,Food,2025-01-11 06:00:00,0.7187756497088709,1
9032,45416,4,Value,2025-01-11 07:00:00,0.5089031326186974,1
9033,12642,4,Animals,2025-01-11 08:00:00,0.8344371681638738,0
9034,20165,5,Value,2025-01-11 09:00:00,0.3475279945160038,0
9035,16626,5,Staff,2025-01-11 10:00:00,0.4766223395679158,1
9036,17795,4,Staff,2025-01-11 11:00:00,0.7131801179708784,0
9037,41668,4,Value,2025-01-11 12:00:00,0.2094917660427188,0
9038,2832,3,Staff,2025-01-11 13:00:00,0.9317642500180358,1
9039,31903,3,Food,2025-01-11 14:00:00,0.3157037893205479,1
9040,858,4,Staff,2025-01-11 15:00:00,0.6216731504730554,1
9041,7154,5,Staff,2025-01-11 16:00:00,0.3453913072369088,1
9042,25049,2,Staff,2025-01-11 17:00:00,0.5895253963469467,1
9043,1943,4,Value,2025-01-11 18:00:00,0.29787724323979614,1
9044,32766,3,Staff,2025-01-11 19:00:00,0.4045253981277195,1
9045,20681,4,Staff,2025-01-11 20:00:00,0.8883284775218538,1
9046,10143,4,Food,2025-01-11 21:00:00,0.35609708293460607,1
9047,5150,4,Food,2025-01-11 22:00:00,0.9315053677847254,1
9048,9220,4,Food,2025-01-11 23:00:00,0.799316742621675,1
9049,13377,4,Animals,2025-01-12 00:00:00,0.6592869454714901,0
9050,41859,4,Staff,2025-01-12 01:00:00,0.23840797214136245,1
9051,42507,2,Food,2025-01-12 02:00:00,0.28045571781118617,1
9052,25375,5,Food,2025-01-12 03:00:00,0.39523413684984776,1
9053,34682,5,Facilities,2025-01-12 04:00:00,0.8143450638176143,1
9054,41241,3,Facilities,2025-01-12 05:00:00,0.8466456995119838,0
9055,17566,5,Value,2025-01-12 06:00:00,0.9548867692155365,1
9056,18815,4,Food,2025-01-12 07:00:00,0.8941240331897633,0
9057,2132,5,Value,2025-01-12 08:00:00,0.8740521380482403,1
9058,16372,2,Value,2025-01-12 09:00:00,0.5993711098676044,0
9059,32613,3,Staff,2025-01-12 10:00:00,0.5412155576506188,1
9060,10159,5,Facilities,2025-01-12 11:00:00,0.4335446265392022,1
9061,15089,5,Animals,2025-01-12 12:00:00,0.4989710244967206,1
9062,17589,3,Staff,2025-01-12 13:00:00,0.9876361608167632,0
9063,3891,4,Staff,2025-01-12 14:00:00,0.00533722857979213,1
9064,681,3,Staff,2025-01-12 15:00:00,0.38640713084286726,0
9065,31587,4,Facilities,2025-01-12 16:00:00,0.5838885855289352,1
9066,19361,5,Food,2025-01-12 17:00:00,0.703827620516272,1
9067,35030,3,Food,2025-01-12 18:00:00,0.019795478331816274,1
9068,7250,4,Staff,2025-01-12 19:00:00,0.03455717033290062,1
9069,49839,2,Value,2025-01-12 20:00:00,0.284461586559559,1
9070,34731,4,Animals,2025-01-12 21:00:00,0.78931055945459,1
9071,6544,3,Animals,2025-01-12 22:00:00,0.5375101556091008,0
9072,47284,4,Staff,2025-01-12 23:00:00,0.46619500923573387,1
9073,33805,5,Animals,2025-01-13 00:00:00,0.19089285211949003,1
9074,5897,4,Facilities,2025-01-13 01:00:00,0.9539860953229021,1
9075,23933,2,Facilities,2025-01-13 02:00:00,0.799462931749581,1
9076,515,5,Food,2025-01-13 03:00:00,0.7051478319288773,0
9077,17148,5,Facilities,2025-01-13 04:00:00,0.42430624088556823,1
9078,39330,3,Value,2025-01-13 05:00:00,0.31951404223265767,1
9079,1262,1,Staff,2025-01-13 06:00:00,0.7984372060522461,1
9080,30328,3,Food,2025-01-13 07:00:00,0.46822119703425735,1
9081,44237,5,Facilities,2025-01-13 08:00:00,0.1585786766676719,0
9082,40539,5,Value,2025-01-13 09:00:00,0.2546906147179797,0
9083,17634,3,Staff,2025-01-13 10:00:00,0.7402861386546716,1
9084,19753,4,Facilities,2025-01-13 11:00:00,0.5164362688148797,0
9085,22734,3,Animals,2025-01-13 12:00:00,0.819156630388737,1
9086,15280,4,Food,2025-01-13 13:00:00,0.15756758337378518,1
9087,14200,5,Value,2025-01-13 14:00:00,0.2654001366035974,0
9088,9050,2,Value,2025-01-13 15:00:00,0.9404194850120476,1
9089,17524,1,Value,2025-01-13 16:00:00,0.38429787225797996,1
9090,27874,5,Value,2025-01-13 17:00:00,0.5758022529882731,1
9091,39532,4,Food,2025-01-13 18:00:00,0.8967231772953771,1
9092,18686,1,Facilities,2025-01-13 19:00:00,0.39891752566226024,1
9093,1490,3,Value,2025-01-13 20:00:00,0.39368535129637827,1
9094,26510,4,Staff,2025-01-13 21:00:00,0.7162368757237787,1
9095,25473,5,Value,2025-01-13 22:00:00,0.5425670860451323,1
9096,22079,4,Food,2025-01-13 23:00:00,0.7744973483810703,1
9097,28123,2,Facilities,2025-01-14 00:00:00,0.2693687467143021,0
9098,39710,4,Animals,2025-01-14 01:00:00,0.4632373541187905,1
9099,3982,5,Animals,2025-01-14 02:00:00,0.06565116468558319,1
9100,5398,3,Animals,2025-01-14 03:00:00,0.1035828650331655,1
9101,38396,5,Animals,2025-01-14 04:00:00,0.5679805758367172,1
9102,30786,5,Staff,2025-01-14 05:00:00,0.30552778209013987,0
9103,39163,4,Value,2025-01-14 06:00:00,0.3271150665169956,1
9104,41745,3,Facilities,2025-01-14 07:00:00,0.9417941662186639,1
9105,34063,5,Staff,2025-01-14 08:00:00,0.2653739854172207,1
9106,47424,5,Value,2025-01-14 09:00:00,0.26316338241653836,1
9107,46245,5,Animals,2025-01-14 10:00:00,0.677683632734932,0
9108,2105,5,Value,2025-01-14 11:00:00,0.697778970756013,0
9109,45073,2,Facilities,2025-01-14 12:00:00,0.8430691307533495,1
9110,23796,3,Value,2025-01-14 13:00:00,0.07781301375589489,1
9111,40278,5,Staff,2025-01-14 14:00:00,0.5836027204900021,1
9112,44946,3,Facilities,2025-01-14 15:00:00,0.018205645878379806,1
9113,25909,5,Food,2025-01-14 16:00:00,0.8877256990509691,1
9114,14253,1,Value,2025-01-14 17:00:00,0.9354603022361727,0
9115,24906,5,Food,2025-01-14 18:00:00,0.6460675375512684,1
9116,16425,2,Staff,2025-01-14 19:00:00,0.570377365577335,1
9117,25552,4,Food,2025-01-14 20:00:00,0.13066595356638755,1
9118,17080,4,Facilities,2025-01-14 21:00:00,0.76384171819203,1
9119,21797,3,Animals,2025-01-14 22:00:00,0.5028891627943081,1
9120,47006,5,Animals,2025-01-14 23:00:00,0.8066194878744869,1
9121,45871,5,Food,2025-01-15 00:00:00,0.9726684846389589,1
9122,26816,2,Facilities,2025-01-15 01:00:00,0.12655507147629963,1
9123,14098,4,Animals,2025-01-15 02:00:00,0.9348327272242644,1
9124,37941,3,Facilities,2025-01-15 03:00:00,0.686257378724362,0
9125,18746,2,Facilities,2025-01-15 04:00:00,0.35257806985453355,1
9126,4687,4,Animals,2025-01-15 05:00:00,0.3048159989931426,1
9127,1500,5,Value,2025-01-15 06:00:00,0.013886468072308866,1
9128,37090,5,Value,2025-01-15 07:00:00,0.15428124338786442,1
9129,48959,4,Value,2025-01-15 08:00:00,0.0458946594787889,1
9130,25585,2,Facilities,2025-01-15 09:00:00,0.0468852620255068,1
9131,20897,4,Staff,2025-01-15 10:00:00,0.04892108736800027,1
9132,38570,3,Animals,2025-01-15 11:00:00,0.12438252318264154,1
9133,9428,4,Value,2025-01-15 12:00:00,0.9644465364688698,1
9134,10981,4,Staff,2025-01-15 13:00:00,0.7286198761018589,1
9135,30948,5,Animals,2025-01-15 14:00:00,0.6970849478796546,1
9136,20791,5,Food,2025-01-15 15:00:00,0.5117708399902516,1
9137,23298,5,Animals,2025-01-15 16:00:00,0.6807555124046273,0
9138,36933,3,Value,2025-01-15 17:00:00,0.3129098661029871,1
9139,9333,3,Food,2025-01-15 18:00:00,0.35986032718406835,1
9140,31924,3,Staff,2025-01-15 19:00:00,0.14136421085622575,1
9141,3500,3,Value,2025-01-15 20:00:00,0.8646438650503794,1
9142,3399,5,Facilities,2025-01-15 21:00:00,0.5465739238015809,1
9143,2427,4,Animals,2025-01-15 22:00:00,0.9769044497418431,1
9144,6670,4,Animals,2025-01-15 23:00:00,0.44306238651536756,0
9145,30662,4,Food,2025-01-16 00:00:00,0.7708537905496157,1
9146,1422,2,Value,2025-01-16 01:00:00,0.3842892071889401,0
9147,3508,4,Animals,2025-01-16 02:00:00,0.8161585923934377,1
9148,47203,4,Food,2025-01-16 03:00:00,0.9341263613397424,1
9149,49903,2,Food,2025-01-16 04:00:00,0.9489543331500829,0
9150,31741,4,Facilities,2025-01-16 05:00:00,0.9409019293986325,0
9151,26038,5,Facilities,2025-01-16 06:00:00,0.04856210075707901,0
9152,44556,5,Animals,2025-01-16 07:00:00,0.9716499992665927,1
9153,50000,2,Facilities,2025-01-16 08:00:00,0.0089061634176002,1
9154,44102,5,Value,2025-01-16 09:00:00,0.24308742917827908,1
9155,1925,5,Facilities,2025-01-16 10:00:00,0.5188582189619096,0
9156,43627,5,Value,2025-01-16 11:00:00,0.33269260517694077,0
9157,7416,3,Facilities,2025-01-16 12:00:00,0.7690540014451852,1
9158,33242,5,Animals,2025-01-16 13:00:00,0.23144721702666082,1
9159,44040,4,Animals,2025-01-16 14:00:00,0.0042127219418287565,1
9160,22001,2,Food,2025-01-16 15:00:00,0.21415564219234906,1
9161,49537,3,Value,2025-01-16 16:00:00,0.8906279560588296,1
9162,2722,5,Staff,2025-01-16 17:00:00,0.7336858794974037,1
9163,29232,5,Facilities,2025-01-16 18:00:00,0.521452336602614,1
9164,44846,4,Staff,2025-01-16 19:00:00,0.37669305862912617,1
9165,560,2,Facilities,2025-01-16 20:00:00,0.5804705550459127,1
9166,38836,2,Staff,2025-01-16 21:00:00,0.47923352158772714,1
9167,8835,4,Staff,2025-01-16 22:00:00,0.6517287887218376,1
9168,46963,2,Animals,2025-01-16 23:00:00,0.2521732524883529,1
9169,36284,5,Animals,2025-01-17 00:00:00,0.4561958652893948,1
9170,11421,4,Animals,2025-01-17 01:00:00,0.5689617495476699,1
9171,47647,4,Staff,2025-01-17 02:00:00,0.007372095874920381,1
9172,28106,5,Staff,2025-01-17 03:00:00,0.6813903825165454,1
9173,21134,4,Animals,2025-01-17 04:00:00,0.5660931061005346,0
9174,30002,3,Food,2025-01-17 05:00:00,0.3784061195436659,1
9175,26717,5,Value,2025-01-17 06:00:00,0.2898814149348985,1
9176,27734,5,Value,2025-01-17 07:00:00,0.6562797456025656,1
9177,43264,3,Food,2025-01-17 08:00:00,0.8098008005066204,1
9178,823,3,Food,2025-01-17 09:00:00,0.39265193830386647,1
9179,7403,5,Facilities,2025-01-17 10:00:00,0.8233254244524676,1
9180,22139,5,Facilities,2025-01-17 11:00:00,0.8571991145892514,1
9181,40104,5,Food,2025-01-17 12:00:00,0.5829551023219091,1
9182,8449,5,Animals,2025-01-17 13:00:00,0.9128828362005975,1
9183,28137,4,Animals,2025-01-17 14:00:00,0.27829049643138526,1
9184,19131,4,Food,2025-01-17 15:00:00,0.6667883760292403,0
9185,10801,4,Animals,2025-01-17 16:00:00,0.22965338730984597,1
9186,20041,5,Facilities,2025-01-17 17:00:00,0.010047618466982877,1
9187,34441,4,Facilities,2025-01-17 18:00:00,0.8298484857604783,1
9188,3530,5,Food,2025-01-17 19:00:00,0.28232962209399615,1
9189,24382,4,Animals,2025-01-17 20:00:00,0.6417558025063453,1
9190,426,4,Staff,2025-01-17 21:00:00,0.2155893180773606,0
9191,43405,3,Facilities,2025-01-17 22:00:00,0.7136161393377796,1
9192,30839,5,Animals,2025-01-17 23:00:00,0.1763972268519025,1
9193,31315,3,Food,2025-01-18 00:00:00,0.737402621680497,1
9194,31242,1,Food,2025-01-18 01:00:00,0.23469457229123003,0
9195,33964,3,Animals,2025-01-18 02:00:00,0.08793050926408474,1
9196,27716,4,Animals,2025-01-18 03:00:00,0.6735011027228345,1
9197,46801,4,Facilities,2025-01-18 04:00:00,0.09072259187947829,1
9198,36387,5,Animals,2025-01-18 05:00:00,0.607710276052447,1
9199,26020,3,Food,2025-01-18 06:00:00,0.7939119597538546,0
9200,16571,3,Staff,2025-01-18 07:00:00,0.10110950534575458,0
9201,14053,2,Facilities,2025-01-18 08:00:00,0.18118735287228427,1
9202,40884,5,Facilities,2025-01-18 09:00:00,0.2979794451231125,1
9203,25270,3,Facilities,2025-01-18 10:00:00,0.006576320185278872,1
9204,34426,4,Food,2025-01-18 11:00:00,0.30347840736288134,1
9205,20447,2,Food,2025-01-18 12:00:00,0.7785798496483143,1
9206,32578,5,Food,2025-01-18 13:00:00,0.503754975738333,1
9207,26214,4,Animals,2025-01-18 14:00:00,0.13506458910337615,1
9208,12413,4,Value,2025-01-18 15:00:00,0.1416598809430546,0
9209,9135,1,Animals,2025-01-18 16:00:00,0.43105585216240505,0
9210,23255,1,Value,2025-01-18 17:00:00,0.6546033846871865,1
9211,39126,3,Animals,2025-01-18 18:00:00,0.5748511088559871,1
9212,27785,3,Facilities,2025-01-18 19:00:00,0.3514992166312736,0
9213,4455,3,Value,2025-01-18 20:00:00,0.5448614184442523,1
9214,15420,4,Value,2025-01-18 21:00:00,0.6918693661306459,1
9215,2661,4,Value,2025-01-18 22:00:00,0.2738411675887853,1
9216,23332,5,Food,2025-01-18 23:00:00,0.3094558624523511,1
9217,19929,4,Value,2025-01-19 00:00:00,0.810049208604251,1
9218,228,5,Facilities,2025-01-19 01:00:00,0.6371214058012669,1
9219,18913,5,Food,2025-01-19 02:00:00,0.2897675892376361,1
9220,8446,5,Staff,2025-01-19 03:00:00,0.4683057313742176,1
9221,16694,3,Food,2025-01-19 04:00:00,0.27462519028418597,1
9222,28831,4,Facilities,2025-01-19 05:00:00,0.18512555967972621,1
9223,32295,2,Staff,2025-01-19 06:00:00,0.3712263474759331,1
9224,33887,4,Animals,2025-01-19 07:00:00,0.36728463804919975,1
9225,3976,4,Food,2025-01-19 08:00:00,0.9637901142389327,1
9226,17943,4,Food,2025-01-19 09:00:00,0.14704549367869413,1
9227,13037,1,Staff,2025-01-19 10:00:00,0.3392266670280544,1
9228,26593,3,Value,2025-01-19 11:00:00,0.4161402558532158,0
9229,22771,4,Food,2025-01-19 12:00:00,0.7009281187369096,1
9230,14983,4,Value,2025-01-19 13:00:00,0.7063546242428659,1
9231,667,4,Facilities,2025-01-19 14:00:00,0.243862011770547,1
9232,26959,3,Food,2025-01-19 15:00:00,0.3699477569611975,1
9233,32277,4,Animals,2025-01-19 16:00:00,0.6805352160021916,1
9234,19118,2,Facilities,2025-01-19 17:00:00,0.7567784218418931,1
9235,18217,4,Value,2025-01-19 18:00:00,0.02292353851564599,0
9236,4529,4,Value,2025-01-19 19:00:00,0.47431779177213007,1
9237,16089,5,Value,2025-01-19 20:00:00,0.6792370876991471,1
9238,13581,5,Value,2025-01-19 21:00:00,0.6588123837665142,0
9239,17744,3,Food,2025-01-19 22:00:00,0.928521804429528,1
9240,23539,5,Animals,2025-01-19 23:00:00,0.08921505320156531,1
9241,22965,3,Facilities,2025-01-20 00:00:00,0.4717259157072575,1
9242,529,3,Staff,2025-01-20 01:00:00,0.7845956324264998,1
9243,30695,4,Value,2025-01-20 02:00:00,0.7768906830169898,0
9244,37037,3,Animals,2025-01-20 03:00:00,0.9521219149646453,1
9245,21265,5,Facilities,2025-01-20 04:00:00,0.22341667141988597,1
9246,32613,3,Facilities,2025-01-20 05:00:00,0.22495968885684747,1
9247,5514,5,Staff,2025-01-20 06:00:00,0.4942882458809319,1
9248,7120,3,Staff,2025-01-20 07:00:00,0.24866373262470032,1
9249,39402,3,Staff,2025-01-20 08:00:00,0.06666240578955496,1
9250,25627,4,Staff,2025-01-20 09:00:00,0.5465365903307179,0
9251,21293,2,Animals,2025-01-20 10:00:00,0.1101781381833783,1
9252,47173,2,Animals,2025-01-20 11:00:00,0.7457667922356456,0
9253,13544,5,Animals,2025-01-20 12:00:00,0.4338071497499353,0
9254,41642,5,Food,2025-01-20 13:00:00,0.516773862043744,1
9255,4453,4,Animals,2025-01-20 14:00:00,0.656272450163621,1
9256,31443,3,Facilities,2025-01-20 15:00:00,0.19791764305310977,0
9257,25320,3,Staff,2025-01-20 16:00:00,0.34341095715724956,1
9258,9918,3,Facilities,2025-01-20 17:00:00,0.3411292469080939,1
9259,27698,5,Staff,2025-01-20 18:00:00,0.31694526783029786,0
9260,29596,5,Food,2025-01-20 19:00:00,0.24911036146482268,1
9261,8641,3,Food,2025-01-20 20:00:00,0.11613818499972417,0
9262,31074,5,Animals,2025-01-20 21:00:00,0.8745546060084173,1
9263,30975,1,Food,2025-01-20 22:00:00,0.9701398338865262,1
9264,26923,3,Facilities,2025-01-20 23:00:00,0.4988971433993026,1
9265,30514,5,Facilities,2025-01-21 00:00:00,0.3670398629545709,1
9266,18193,4,Staff,2025-01-21 01:00:00,0.9050657651679659,1
9267,35580,4,Staff,2025-01-21 02:00:00,0.20434071197106352,1
9268,7239,1,Facilities,2025-01-21 03:00:00,0.8959899834388383,1
9269,19623,4,Value,2025-01-21 04:00:00,0.39351943081206964,1
9270,5266,5,Food,2025-01-21 05:00:00,0.40243146772540594,1
9271,27852,5,Animals,2025-01-21 06:00:00,0.25277025726202573,0
9272,29149,4,Staff,2025-01-21 07:00:00,0.9084801403641654,1
9273,23112,5,Staff,2025-01-21 08:00:00,0.7367689259836677,0
9274,12767,4,Animals,2025-01-21 09:00:00,0.060427612440595024,1
9275,2187,4,Animals,2025-01-21 10:00:00,0.2150345305374397,1
9276,46108,4,Facilities,2025-01-21 11:00:00,0.015545106689827004,1
9277,41763,4,Animals,2025-01-21 12:00:00,0.8646169438758731,1
9278,8194,5,Facilities,2025-01-21 13:00:00,0.6674736198713144,0
9279,40537,4,Food,2025-01-21 14:00:00,0.08252880917158112,1
9280,13722,5,Value,2025-01-21 15:00:00,0.6504117988111496,1
9281,30914,5,Animals,2025-01-21 16:00:00,0.6839711702068442,0
9282,17258,4,Staff,2025-01-21 17:00:00,0.03094327132493646,1
9283,16564,5,Food,2025-01-21 18:00:00,0.9229837247438977,1
9284,43250,2,Animals,2025-01-21 19:00:00,0.18713968804528236,1
9285,17242,5,Food,2025-01-21 20:00:00,0.508057301298053,1
9286,19839,5,Value,2025-01-21 21:00:00,0.8805463790971672,1
9287,11941,3,Animals,2025-01-21 22:00:00,0.6153824308874426,1
9288,11261,4,Staff,2025-01-21 23:00:00,0.5600278939929066,1
9289,8731,3,Facilities,2025-01-22 00:00:00,0.9848926698181951,1
9290,44555,5,Animals,2025-01-22 01:00:00,0.5881157160139072,0
9291,17557,3,Food,2025-01-22 02:00:00,0.5812283365088574,1
9292,27547,5,Staff,2025-01-22 03:00:00,0.9859670856567163,1
9293,24316,5,Staff,2025-01-22 04:00:00,0.75283641236362,1
9294,3564,1,Staff,2025-01-22 05:00:00,0.1824470810234724,0
9295,42549,4,Food,2025-01-22 06:00:00,0.813002031992333,1
9296,42442,3,Value,2025-01-22 07:00:00,0.6514103184548604,0
9297,32691,3,Staff,2025-01-22 08:00:00,0.5898540982888295,1
9298,28368,3,Staff,2025-01-22 09:00:00,0.14335479238515403,1
9299,44858,5,Value,2025-01-22 10:00:00,0.25004499625141696,1
9300,12264,4,Facilities,2025-01-22 11:00:00,0.26389433807702745,1
9301,11148,4,Food,2025-01-22 12:00:00,0.05430377329268066,1
9302,39623,5,Value,2025-01-22 13:00:00,0.8528960214180006,0
9303,7803,4,Value,2025-01-22 14:00:00,0.42986435314788873,1
9304,7278,2,Value,2025-01-22 15:00:00,0.11297153045977004,0
9305,8771,2,Facilities,2025-01-22 16:00:00,0.9176875903325693,0
9306,44153,4,Value,2025-01-22 17:00:00,0.13190434406567808,1
9307,27383,5,Animals,2025-01-22 18:00:00,0.5197976773115897,0
9308,23820,3,Facilities,2025-01-22 19:00:00,0.676610085442933,1
9309,47031,3,Staff,2025-01-22 20:00:00,0.5232127952695554,1
9310,34764,5,Animals,2025-01-22 21:00:00,0.653613550833972,0
9311,30703,5,Staff,2025-01-22 22:00:00,0.7693803448526758,1
9312,20630,5,Food,2025-01-22 23:00:00,0.9539937000913675,1
9313,9181,5,Facilities,2025-01-23 00:00:00,0.9748909058270795,1
9314,12989,4,Animals,2025-01-23 01:00:00,0.860248246986666,1
9315,17281,5,Food,2025-01-23 02:00:00,0.079149512474195,1
9316,22109,4,Animals,2025-01-23 03:00:00,0.08442603512348745,0
9317,25547,5,Value,2025-01-23 04:00:00,0.9911971972511449,1
9318,17451,1,Animals,2025-01-23 05:00:00,0.39074500126256706,1
9319,1113,3,Staff,2025-01-23 06:00:00,0.25014614109618116,0
9320,31243,5,Facilities,2025-01-23 07:00:00,0.4105433708503098,1
9321,22939,3,Facilities,2025-01-23 08:00:00,0.2873138345213153,1
9322,48994,3,Animals,2025-01-23 09:00:00,0.9881336347887056,1
9323,41072,4,Staff,2025-01-23 10:00:00,0.291971942857014,1
9324,14469,2,Facilities,2025-01-23 11:00:00,0.6999109755989599,1
9325,43954,3,Value,2025-01-23 12:00:00,0.11760518887042137,1
9326,6186,4,Staff,2025-01-23 13:00:00,0.9954873213659806,1
9327,24446,4,Staff,2025-01-23 14:00:00,0.3282717282339448,1
9328,48192,2,Value,2025-01-23 15:00:00,0.027067112171195395,1
9329,48120,4,Animals,2025-01-23 16:00:00,0.9317525908796761,1
9330,47367,4,Value,2025-01-23 17:00:00,0.47800535526374144,1
9331,4291,5,Facilities,2025-01-23 18:00:00,0.538918540990568,1
9332,23502,3,Staff,2025-01-23 19:00:00,0.6888370265065334,1
9333,16134,4,Staff,2025-01-23 20:00:00,0.6741465072129046,1
9334,23517,5,Facilities,2025-01-23 21:00:00,0.8610401873962313,1
9335,16354,4,Value,2025-01-23 22:00:00,0.19915521649606915,1
9336,31143,4,Value,2025-01-23 23:00:00,0.89713768430505,1
9337,20627,4,Facilities,2025-01-24 00:00:00,0.5315958366576675,1
9338,10708,5,Facilities,2025-01-24 01:00:00,0.4442380014489269,1
9339,36803,3,Animals,2025-01-24 02:00:00,0.7950312035264385,1
9340,20544,4,Food,2025-01-24 03:00:00,0.7664606111967113,1
9341,33993,3,Food,2025-01-24 04:00:00,0.8558186379472066,0
9342,46419,4,Animals,2025-01-24 05:00:00,0.8787386092400108,0
9343,37897,3,Food,2025-01-24 06:00:00,0.43461415284144844,1
9344,26590,4,Animals,2025-01-24 07:00:00,0.022142783432169022,1
9345,47128,5,Food,2025-01-24 08:00:00,0.7137135632624507,1
9346,34864,4,Food,2025-01-24 09:00:00,0.16185273330552963,1
9347,34894,5,Value,2025-01-24 10:00:00,0.18764601377189494,1
9348,32932,4,Staff,2025-01-24 11:00:00,0.042699426839529764,1
9349,36740,3,Facilities,2025-01-24 12:00:00,0.5708315636882685,1
9350,48458,4,Staff,2025-01-24 13:00:00,0.04333553360660447,1
9351,4760,5,Facilities,2025-01-24 14:00:00,0.3310989673646728,1
9352,27177,4,Value,2025-01-24 15:00:00,0.8715605252685242,1
9353,44526,4,Value,2025-01-24 16:00:00,0.5863745260061333,1
9354,48254,1,Facilities,2025-01-24 17:00:00,0.338424164653196,1
9355,38268,4,Value,2025-01-24 18:00:00,0.30263961403182926,1
9356,44876,1,Food,2025-01-24 19:00:00,0.3095492755842314,1
9357,49038,4,Food,2025-01-24 20:00:00,0.4003840500285253,0
9358,49499,5,Value,2025-01-24 21:00:00,0.09501839094489617,1
9359,31106,4,Animals,2025-01-24 22:00:00,0.1262197008233058,0
9360,44497,4,Facilities,2025-01-24 23:00:00,0.3067261621583066,1
9361,32485,2,Facilities,2025-01-25 00:00:00,0.3546677127957547,1
9362,43524,2,Staff,2025-01-25 01:00:00,0.9316799380317692,1
9363,5863,3,Facilities,2025-01-25 02:00:00,0.2912183860947125,0
9364,5993,3,Facilities,2025-01-25 03:00:00,0.4527847350683918,1
9365,41314,2,Food,2025-01-25 04:00:00,0.4289638285673638,1
9366,36438,5,Facilities,2025-01-25 05:00:00,0.6826707477753885,1
9367,45219,4,Facilities,2025-01-25 06:00:00,0.03308297064045529,1
9368,2740,4,Food,2025-01-25 07:00:00,0.23149574575706122,0
9369,39984,5,Animals,2025-01-25 08:00:00,0.6365511313111332,1
9370,19937,4,Animals,2025-01-25 09:00:00,0.9472588428861467,0
9371,6668,4,Value,2025-01-25 10:00:00,0.1636895363951053,0
9372,14964,5,Staff,2025-01-25 11:00:00,0.8399322834887099,0
9373,25440,4,Animals,2025-01-25 12:00:00,0.3820759611295108,1
9374,20717,3,Animals,2025-01-25 13:00:00,0.7352246263578219,0
9375,37841,4,Value,2025-01-25 14:00:00,0.28522044663173873,1
9376,34057,5,Food,2025-01-25 15:00:00,0.6624553601324958,1
9377,37303,4,Facilities,2025-01-25 16:00:00,0.7465057835191877,1
9378,32858,5,Staff,2025-01-25 17:00:00,0.4438008067860667,0
9379,49116,3,Food,2025-01-25 18:00:00,0.3483108178399371,0
9380,26562,5,Facilities,2025-01-25 19:00:00,0.22603162794917742,1
9381,12901,5,Food,2025-01-25 20:00:00,0.31675279865236583,1
9382,4403,5,Staff,2025-01-25 21:00:00,0.17241807135052678,1
9383,7236,5,Animals,2025-01-25 22:00:00,0.8123771604877328,1
9384,38833,5,Food,2025-01-25 23:00:00,0.34612955128810885,0
9385,31219,5,Value,2025-01-26 00:00:00,0.7458981888188914,1
9386,33501,5,Facilities,2025-01-26 01:00:00,0.930057529178098,1
9387,42760,3,Animals,2025-01-26 02:00:00,0.7460127857852654,1
9388,13951,4,Value,2025-01-26 03:00:00,0.41570473350340786,1
9389,29008,4,Facilities,2025-01-26 04:00:00,0.28062043512819046,1
9390,39065,2,Food,2025-01-26 05:00:00,0.41718592267460786,1
9391,14861,4,Animals,2025-01-26 06:00:00,0.9984594199217656,1
9392,9975,5,Staff,2025-01-26 07:00:00,0.11210586627953989,1
9393,15142,4,Facilities,2025-01-26 08:00:00,0.8868746291132733,1
9394,33026,5,Animals,2025-01-26 09:00:00,0.15970322291338312,1
9395,10125,5,Animals,2025-01-26 10:00:00,0.18711275597185983,1
9396,39552,3,Staff,2025-01-26 11:00:00,0.3554439229531171,0
9397,17996,5,Staff,2025-01-26 12:00:00,0.9940884108229912,1
9398,32488,1,Facilities,2025-01-26 13:00:00,0.2717442208971941,1
9399,16593,4,Animals,2025-01-26 14:00:00,0.3934420562897005,1
9400,46777,4,Facilities,2025-01-26 15:00:00,0.3102347269551732,1
9401,7071,4,Animals,2025-01-26 16:00:00,0.058556158481469556,1
9402,5498,4,Value,2025-01-26 17:00:00,0.46807615017603277,1
9403,19257,3,Food,2025-01-26 18:00:00,0.8392295975541693,1
9404,13171,4,Food,2025-01-26 19:00:00,0.037931882362075786,1
9405,2070,1,Value,2025-01-26 20:00:00,0.787300230666262,0
9406,23533,3,Value,2025-01-26 21:00:00,0.007350699213061751,1
9407,15605,5,Facilities,2025-01-26 22:00:00,0.50163415377627,0
9408,3633,4,Animals,2025-01-26 23:00:00,0.5404096964453354,1
9409,8646,5,Staff,2025-01-27 00:00:00,0.6174845228018134,1
9410,36700,4,Facilities,2025-01-27 01:00:00,0.9238985948159477,1
9411,43156,4,Staff,2025-01-27 02:00:00,0.8701961795908312,1
9412,49756,4,Animals,2025-01-27 03:00:00,0.32891907756339345,1
9413,13510,4,Food,2025-01-27 04:00:00,0.08406793031677329,1
9414,8610,5,Staff,2025-01-27 05:00:00,0.16739992866165143,0
9415,1264,1,Food,2025-01-27 06:00:00,0.29921672496221574,1
9416,17599,5,Animals,2025-01-27 07:00:00,0.9517970434049556,0
9417,46190,3,Food,2025-01-27 08:00:00,0.21105817430848273,0
9418,32104,4,Value,2025-01-27 09:00:00,0.8482148008058051,1
9419,217,3,Facilities,2025-01-27 10:00:00,0.905036207082448,1
9420,41540,4,Animals,2025-01-27 11:00:00,0.3792556267651116,0
9421,7900,2,Food,2025-01-27 12:00:00,0.41765958931251657,1
9422,20975,5,Value,2025-01-27 13:00:00,0.60397684182912,0
9423,46564,4,Animals,2025-01-27 14:00:00,0.14676753280309185,0
9424,29596,5,Facilities,2025-01-27 15:00:00,0.030704994321531398,1
9425,47436,5,Food,2025-01-27 16:00:00,0.808442736048039,0
9426,42904,4,Facilities,2025-01-27 17:00:00,0.37394762213700106,1
9427,34704,4,Value,2025-01-27 18:00:00,0.2173209028059231,1
9428,30015,5,Facilities,2025-01-27 19:00:00,0.9911994026416195,0
9429,19456,3,Facilities,2025-01-27 20:00:00,0.3701909148576432,1
9430,35537,5,Food,2025-01-27 21:00:00,0.35847681834687295,1
9431,5418,2,Value,2025-01-27 22:00:00,0.2818990240251271,0
9432,11974,4,Animals,2025-01-27 23:00:00,0.6427817977741295,1
9433,49139,1,Value,2025-01-28 00:00:00,0.1407356669630162,1
9434,10145,3,Facilities,2025-01-28 01:00:00,0.7899477128060775,1
9435,33954,5,Value,2025-01-28 02:00:00,0.3989874074166304,1
9436,34120,4,Value,2025-01-28 03:00:00,0.4855998860532461,1
9437,44547,5,Value,2025-01-28 04:00:00,0.16520862297005434,1
9438,40123,4,Food,2025-01-28 05:00:00,0.20354133436043054,1
9439,17863,3,Value,2025-01-28 06:00:00,0.03661758218448574,1
9440,36771,4,Staff,2025-01-28 07:00:00,0.49022112255424755,1
9441,43012,4,Value,2025-01-28 08:00:00,0.646354791420573,1
9442,33965,5,Food,2025-01-28 09:00:00,0.437991867042857,1
9443,4962,2,Food,2025-01-28 10:00:00,0.4943848172835996,1
9444,9654,2,Staff,2025-01-28 11:00:00,0.012518411291168485,1
9445,757,5,Staff,2025-01-28 12:00:00,0.880377791876487,1
9446,34817,3,Food,2025-01-28 13:00:00,0.7959027448520335,1
9447,28438,3,Animals,2025-01-28 14:00:00,0.9683601497426724,1
9448,9281,4,Value,2025-01-28 15:00:00,0.09572479203294049,1
9449,27781,5,Animals,2025-01-28 16:00:00,0.26466155551434156,1
9450,27644,4,Staff,2025-01-28 17:00:00,0.5211272398653223,1
9451,672,2,Food,2025-01-28 18:00:00,0.8653962471873321,0
9452,18581,5,Animals,2025-01-28 19:00:00,0.6875458350586007,1
9453,43173,3,Food,2025-01-28 20:00:00,0.2254419926255118,1
9454,7915,4,Animals,2025-01-28 21:00:00,0.3252848403510462,1
9455,11820,5,Animals,2025-01-28 22:00:00,0.210652676054082,1
9456,6833,5,Staff,2025-01-28 23:00:00,0.7063520280536568,1
9457,30886,4,Value,2025-01-29 00:00:00,0.6380433196403421,1
9458,7343,3,Food,2025-01-29 01:00:00,0.2135521878304738,1
9459,17574,5,Value,2025-01-29 02:00:00,0.005335122378877122,0
9460,48761,5,Food,2025-01-29 03:00:00,0.2127724386520281,0
9461,20161,3,Staff,2025-01-29 04:00:00,0.3754595250669822,1
9462,9154,4,Facilities,2025-01-29 05:00:00,0.9891828837795729,0
9463,934,4,Facilities,2025-01-29 06:00:00,0.8318408204483544,1
9464,28687,2,Food,2025-01-29 07:00:00,0.23291122380922236,0
9465,31057,4,Staff,2025-01-29 08:00:00,0.7152257497545549,1
9466,32348,5,Staff,2025-01-29 09:00:00,0.7792096511728789,1
9467,25027,1,Staff,2025-01-29 10:00:00,0.18673555708827982,1
9468,25922,5,Animals,2025-01-29 11:00:00,0.479389008080893,1
9469,13181,4,Animals,2025-01-29 12:00:00,0.1759256448141353,1
9470,30596,4,Staff,2025-01-29 13:00:00,0.7080615601188438,0
9471,23827,4,Food,2025-01-29 14:00:00,0.4628261835502423,0
9472,580,3,Animals,2025-01-29 15:00:00,0.6512046678019525,1
9473,37138,1,Animals,2025-01-29 16:00:00,0.6825632933314534,1
9474,15132,4,Facilities,2025-01-29 17:00:00,0.04526425522817934,1
9475,4697,4,Staff,2025-01-29 18:00:00,0.2150502816553167,0
9476,23444,2,Food,2025-01-29 19:00:00,0.3517356860977945,1
9477,48684,4,Animals,2025-01-29 20:00:00,0.0161891007840248,1
9478,20948,4,Staff,2025-01-29 21:00:00,0.8781552393076059,0
9479,6029,4,Value,2025-01-29 22:00:00,0.6511509509091391,1
9480,8498,4,Staff,2025-01-29 23:00:00,0.3272924666871212,1
9481,6586,3,Value,2025-01-30 00:00:00,0.30310915645807546,1
9482,27039,5,Food,2025-01-30 01:00:00,0.9408773917191405,1
9483,8280,5,Animals,2025-01-30 02:00:00,0.5229578783677925,0
9484,48960,2,Facilities,2025-01-30 03:00:00,0.18422912301353345,1
9485,28902,5,Facilities,2025-01-30 04:00:00,0.3677578857588917,1
9486,33643,5,Animals,2025-01-30 05:00:00,0.7868055438596027,1
9487,3791,4,Value,2025-01-30 06:00:00,0.9221134158101241,0
9488,18385,4,Facilities,2025-01-30 07:00:00,0.3798748911773133,1
9489,49719,5,Facilities,2025-01-30 08:00:00,0.42892406993616916,1
9490,2700,4,Animals,2025-01-30 09:00:00,0.07947793016720184,1
9491,24814,1,Staff,2025-01-30 10:00:00,0.9023440839123775,1
9492,30770,3,Food,2025-01-30 11:00:00,0.21670578244523675,1
9493,28017,4,Animals,2025-01-30 12:00:00,0.05007533964309718,1
9494,25567,5,Staff,2025-01-30 13:00:00,0.6617820004635568,1
9495,42743,4,Staff,2025-01-30 14:00:00,0.9011114613107347,1
9496,38146,5,Value,2025-01-30 15:00:00,0.2004384055278986,1
9497,36211,5,Facilities,2025-01-30 16:00:00,0.8537256304762959,1
9498,21542,3,Value,2025-01-30 17:00:00,0.0335322942595746,1
9499,25739,4,Animals,2025-01-30 18:00:00,0.44480853584053737,0
9500,22435,5,Food,2025-01-30 19:00:00,0.2930403622856972,1
9501,6647,3,Food,2025-01-30 20:00:00,0.4549294862825397,1
9502,47898,5,Animals,2025-01-30 21:00:00,0.8651897655881969,1
9503,34274,4,Animals,2025-01-30 22:00:00,0.9889216295066335,1
9504,27480,5,Value,2025-01-30 23:00:00,0.23197746202549985,1
9505,10106,4,Staff,2025-01-31 00:00:00,0.9303081673568304,0
9506,14622,4,Value,2025-01-31 01:00:00,0.9788245240517088,1
9507,36852,3,Staff,2025-01-31 02:00:00,0.23320355885514032,1
9508,6398,4,Animals,2025-01-31 03:00:00,0.06374762620692387,1
9509,30002,2,Value,2025-01-31 04:00:00,0.09066795041271114,1
9510,20840,5,Food,2025-01-31 05:00:00,0.8167972764769684,1
9511,14015,5,Animals,2025-01-31 06:00:00,0.3365300128984766,0
9512,48152,5,Value,2025-01-31 07:00:00,0.8719725099628719,1
9513,15805,4,Facilities,2025-01-31 08:00:00,0.27631478049141234,1
9514,304,5,Food,2025-01-31 09:00:00,0.3771192456343656,1
9515,17660,3,Facilities,2025-01-31 10:00:00,0.262626836471217,1
9516,21882,4,Food,2025-01-31 11:00:00,0.8660195385753271,1
9517,31651,4,Facilities,2025-01-31 12:00:00,0.226051531254722,1
9518,29559,2,Facilities,2025-01-31 13:00:00,0.008480880066497498,0
9519,39751,5,Staff,2025-01-31 14:00:00,0.8741001186861243,0
9520,10630,5,Food,2025-01-31 15:00:00,0.061155030368666985,1
9521,47777,4,Animals,2025-01-31 16:00:00,0.02123631618995836,1
9522,22017,5,Staff,2025-01-31 17:00:00,0.23668719434394214,1
9523,11433,2,Animals,2025-01-31 18:00:00,0.6592629904918772,1
9524,37405,5,Food,2025-01-31 19:00:00,0.36702695979289157,1
9525,20840,5,Facilities,2025-01-31 20:00:00,0.2664704221258809,1
9526,8513,4,Staff,2025-01-31 21:00:00,0.27092052115633025,0
9527,36930,2,Staff,2025-01-31 22:00:00,0.5221118803325103,1
9528,34741,3,Staff,2025-01-31 23:00:00,0.2499429955261645,1
9529,5926,4,Facilities,2025-02-01 00:00:00,0.4795361496303946,0
9530,15356,2,Staff,2025-02-01 01:00:00,0.5446115483055712,1
9531,25321,4,Staff,2025-02-01 02:00:00,0.20708816216969061,1
9532,41131,4,Animals,2025-02-01 03:00:00,0.14220982373352176,1
9533,37354,5,Staff,2025-02-01 04:00:00,0.05399919643920792,1
9534,42354,2,Facilities,2025-02-01 05:00:00,0.6867513870832453,1
9535,1880,2,Facilities,2025-02-01 06:00:00,0.3317758283832499,0
9536,12313,3,Staff,2025-02-01 07:00:00,0.9657754422122797,1
9537,8801,3,Value,2025-02-01 08:00:00,0.2694939548650511,1
9538,26776,3,Value,2025-02-01 09:00:00,0.5727339601544177,1
9539,21260,5,Staff,2025-02-01 10:00:00,0.2532236339813877,1
9540,13008,5,Food,2025-02-01 11:00:00,0.9607037836741831,1
9541,17778,5,Facilities,2025-02-01 12:00:00,0.21328493263395853,1
9542,8055,2,Animals,2025-02-01 13:00:00,0.5455383462407486,0
9543,8070,5,Facilities,2025-02-01 14:00:00,0.378847930849763,1
9544,49851,5,Value,2025-02-01 15:00:00,0.07782732201883225,1
9545,25872,4,Animals,2025-02-01 16:00:00,0.0002946513136609097,0
9546,42931,2,Staff,2025-02-01 17:00:00,0.36798807654651056,1
9547,23600,2,Facilities,2025-02-01 18:00:00,0.31435784470459716,1
9548,32237,5,Value,2025-02-01 19:00:00,0.03404239040753143,1
9549,1998,3,Value,2025-02-01 20:00:00,0.6145383682922853,1
9550,5206,4,Staff,2025-02-01 21:00:00,0.014763667280783155,1
9551,2226,5,Staff,2025-02-01 22:00:00,0.1657897852317619,1
9552,9127,4,Food,2025-02-01 23:00:00,0.49177735793851574,1
9553,678,5,Value,2025-02-02 00:00:00,0.27124735240290965,1
9554,40405,5,Animals,2025-02-02 01:00:00,0.5370902486272331,1
9555,14806,2,Staff,2025-02-02 02:00:00,0.23301944832443966,1
9556,10455,2,Value,2025-02-02 03:00:00,0.5866457896489227,0
9557,40433,4,Value,2025-02-02 04:00:00,0.7090891459250271,1
9558,19115,4,Animals,2025-02-02 05:00:00,0.3742676642367557,0
9559,49824,2,Staff,2025-02-02 06:00:00,0.922917515574724,1
9560,33435,3,Food,2025-02-02 07:00:00,0.42470932069140277,1
9561,5441,5,Value,2025-02-02 08:00:00,0.988295344649205,1
9562,38199,4,Animals,2025-02-02 09:00:00,0.340560922929528,1
9563,10142,4,Food,2025-02-02 10:00:00,0.9316091824567165,1
9564,25791,5,Food,2025-02-02 11:00:00,0.8219035232350766,1
9565,23247,3,Facilities,2025-02-02 12:00:00,0.6612491251169301,0
9566,10177,5,Value,2025-02-02 13:00:00,0.9805538816074417,1
9567,11374,4,Staff,2025-02-02 14:00:00,0.8999607008397624,1
9568,1605,2,Animals,2025-02-02 15:00:00,0.5852710500250562,1
9569,28388,5,Food,2025-02-02 16:00:00,0.2836278855931753,1
9570,34052,5,Animals,2025-02-02 17:00:00,0.037053763606666346,1
9571,1216,5,Facilities,2025-02-02 18:00:00,0.9657160043366322,1
9572,8134,3,Value,2025-02-02 19:00:00,0.31231158247397917,0
9573,7637,3,Food,2025-02-02 20:00:00,0.07498031390989035,1
9574,28990,1,Value,2025-02-02 21:00:00,0.1215463898290865,1
9575,18144,4,Facilities,2025-02-02 22:00:00,0.22479189140484845,1
9576,32863,4,Staff,2025-02-02 23:00:00,0.049505371979020385,0
9577,25060,4,Animals,2025-02-03 00:00:00,0.533153721145241,1
9578,6738,5,Facilities,2025-02-03 01:00:00,0.23866994400320263,1
9579,1690,4,Staff,2025-02-03 02:00:00,0.26246678946853796,1
9580,6398,4,Value,2025-02-03 03:00:00,0.6606231703458946,1
9581,44572,2,Food,2025-02-03 04:00:00,0.7068801599198123,0
9582,19476,3,Value,2025-02-03 05:00:00,0.2198762991945612,1
9583,23239,5,Staff,2025-02-03 06:00:00,0.8656240872368426,1
9584,38350,5,Value,2025-02-03 07:00:00,0.012847617010230628,0
9585,3997,3,Staff,2025-02-03 08:00:00,0.7543001332274478,1
9586,32308,5,Value,2025-02-03 09:00:00,0.24075760185967665,1
9587,20376,5,Animals,2025-02-03 10:00:00,0.741159015386916,1
9588,40668,4,Facilities,2025-02-03 11:00:00,0.30402780471317004,1
9589,7182,4,Food,2025-02-03 12:00:00,0.3536638609567474,1
9590,18608,5,Animals,2025-02-03 13:00:00,0.08542248675616304,1
9591,15149,5,Facilities,2025-02-03 14:00:00,0.644275026101296,1
9592,18496,3,Food,2025-02-03 15:00:00,0.007486173642305416,0
9593,24359,4,Animals,2025-02-03 16:00:00,0.8973361857008181,1
9594,4227,4,Value,2025-02-03 17:00:00,0.9904325649926268,1
9595,41297,5,Facilities,2025-02-03 18:00:00,0.5364623669432955,0
9596,49498,4,Facilities,2025-02-03 19:00:00,0.6128522289023977,1
9597,43412,4,Value,2025-02-03 20:00:00,0.5523441634722948,0
9598,45359,5,Animals,2025-02-03 21:00:00,0.06002924409785315,1
9599,40977,3,Animals,2025-02-03 22:00:00,0.677489968670601,1
9600,5850,2,Food,2025-02-03 23:00:00,0.456184118954471,1
9601,33180,5,Animals,2025-02-04 00:00:00,0.1135061752687021,0
9602,31033,3,Animals,2025-02-04 01:00:00,0.2794507085164344,0
9603,15942,3,Food,2025-02-04 02:00:00,0.5006879746674864,0
9604,37624,3,Animals,2025-02-04 03:00:00,0.763670670185488,0
9605,19680,4,Facilities,2025-02-04 04:00:00,0.579823592582651,1
9606,2388,2,Staff,2025-02-04 05:00:00,0.6985022510586782,0
9607,31176,4,Facilities,2025-02-04 06:00:00,0.265625645930184,1
9608,17448,3,Value,2025-02-04 07:00:00,0.8080475970890183,0
9609,1817,4,Facilities,2025-02-04 08:00:00,0.30813480596291154,1
9610,40366,3,Staff,2025-02-04 09:00:00,0.2978613915139009,1
9611,10215,5,Animals,2025-02-04 10:00:00,0.7184042168110074,0
9612,23134,3,Food,2025-02-04 11:00:00,0.2305018315123708,1
9613,6311,4,Facilities,2025-02-04 12:00:00,0.6648391739189637,0
9614,43198,4,Animals,2025-02-04 13:00:00,0.558253084757712,1
9615,3481,4,Facilities,2025-02-04 14:00:00,0.3417795220773354,1
9616,47764,4,Facilities,2025-02-04 15:00:00,0.7519135278481737,1
9617,23346,5,Facilities,2025-02-04 16:00:00,0.009418078826727183,1
9618,11247,4,Value,2025-02-04 17:00:00,0.42675474038209216,1
9619,7291,5,Animals,2025-02-04 18:00:00,0.37585682105132545,1
9620,42573,2,Food,2025-02-04 19:00:00,0.12456369312044435,0
9621,18750,4,Food,2025-02-04 20:00:00,0.7713835753007303,1
9622,24348,4,Animals,2025-02-04 21:00:00,0.16018874985494924,1
9623,39216,3,Value,2025-02-04 22:00:00,0.6585203229767028,1
9624,29173,4,Value,2025-02-04 23:00:00,0.18598843064372195,1
9625,31916,4,Animals,2025-02-05 00:00:00,0.0764089823959817,1
9626,47770,5,Staff,2025-02-05 01:00:00,0.09162690315311728,1
9627,34461,5,Facilities,2025-02-05 02:00:00,0.7103990306734762,1
9628,34554,5,Staff,2025-02-05 03:00:00,0.7442338128798969,1
9629,41810,5,Facilities,2025-02-05 04:00:00,0.782815013423077,1
9630,47396,5,Facilities,2025-02-05 05:00:00,0.698993210632783,1
9631,12129,4,Value,2025-02-05 06:00:00,0.9150418895767923,1
9632,18661,4,Value,2025-02-05 07:00:00,0.8115322578992448,1
9633,23226,4,Animals,2025-02-05 08:00:00,0.12983378623917152,1
9634,39730,3,Animals,2025-02-05 09:00:00,0.3163168674924747,0
9635,22999,5,Staff,2025-02-05 10:00:00,0.6294250234019849,1
9636,12226,3,Animals,2025-02-05 11:00:00,0.3947314093905908,1
9637,40747,4,Staff,2025-02-05 12:00:00,0.13224076575116428,1
9638,19946,3,Value,2025-02-05 13:00:00,0.42476696126385605,1
9639,16707,4,Staff,2025-02-05 14:00:00,0.07716203240380537,1
9640,17392,5,Staff,2025-02-05 15:00:00,0.2963709054763338,1
9641,3222,4,Staff,2025-02-05 16:00:00,0.5108662776344302,1
9642,18453,2,Animals,2025-02-05 17:00:00,0.18631829853002724,1
9643,35857,3,Value,2025-02-05 18:00:00,0.5447385365142866,1
9644,12569,4,Food,2025-02-05 19:00:00,0.9254877952144862,1
9645,6422,4,Value,2025-02-05 20:00:00,0.355858176176724,0
9646,1210,4,Staff,2025-02-05 21:00:00,0.9621212780831483,0
9647,19614,5,Value,2025-02-05 22:00:00,0.5546517410059614,1
9648,16012,4,Facilities,2025-02-05 23:00:00,0.9288653439165536,1
9649,13395,5,Facilities,2025-02-06 00:00:00,0.6117252644176192,1
9650,29393,3,Facilities,2025-02-06 01:00:00,0.21439027593453808,1
9651,21408,3,Facilities,2025-02-06 02:00:00,0.6957547732223331,1
9652,12217,5,Facilities,2025-02-06 03:00:00,0.7661387145733248,1
9653,9764,4,Food,2025-02-06 04:00:00,0.5505457330592963,1
9654,48251,5,Animals,2025-02-06 05:00:00,0.16220379959433906,1
9655,23608,4,Animals,2025-02-06 06:00:00,0.769676198330865,0
9656,9500,4,Food,2025-02-06 07:00:00,0.5805184726302105,1
9657,28058,1,Food,2025-02-06 08:00:00,0.9912679967110134,1
9658,24098,5,Food,2025-02-06 09:00:00,0.1599231896194493,1
9659,37935,4,Staff,2025-02-06 10:00:00,0.49414216351091456,1
9660,12156,5,Value,2025-02-06 11:00:00,0.5178776509209247,1
9661,35539,3,Animals,2025-02-06 12:00:00,0.7187698715395666,0
9662,25187,1,Staff,2025-02-06 13:00:00,0.6901401226559012,1
9663,19267,3,Animals,2025-02-06 14:00:00,0.23045323248585714,1
9664,32011,4,Animals,2025-02-06 15:00:00,0.42832467651828254,1
9665,35479,5,Staff,2025-02-06 16:00:00,0.1169092350437082,0
9666,29323,4,Animals,2025-02-06 17:00:00,0.9985249616571601,0
9667,15240,5,Food,2025-02-06 18:00:00,0.01594966062747094,0
9668,31333,5,Staff,2025-02-06 19:00:00,0.6904501457019984,1
9669,35866,4,Staff,2025-02-06 20:00:00,0.33597776312933425,1
9670,43876,5,Staff,2025-02-06 21:00:00,0.13179956904920243,1
9671,23855,4,Food,2025-02-06 22:00:00,0.6597227876710365,1
9672,42102,4,Facilities,2025-02-06 23:00:00,0.40363089076272574,0
9673,43548,4,Food,2025-02-07 00:00:00,0.2908542887320861,1
9674,28964,2,Staff,2025-02-07 01:00:00,0.44728349819402446,1
9675,17249,3,Staff,2025-02-07 02:00:00,0.08019549418822225,1
9676,10277,5,Facilities,2025-02-07 03:00:00,0.7387092505546378,1
9677,10817,3,Staff,2025-02-07 04:00:00,0.8361152467592959,1
9678,19667,3,Facilities,2025-02-07 05:00:00,0.8606684931196049,1
9679,13052,5,Value,2025-02-07 06:00:00,0.0012806337117694522,1
9680,48651,3,Value,2025-02-07 07:00:00,0.9028368610910564,0
9681,20983,4,Facilities,2025-02-07 08:00:00,0.9246281564476952,1
9682,30514,1,Animals,2025-02-07 09:00:00,0.4581531812637192,0
9683,27131,3,Staff,2025-02-07 10:00:00,0.8699382753182193,1
9684,17023,4,Staff,2025-02-07 11:00:00,0.06946704498127187,1
9685,49979,5,Animals,2025-02-07 12:00:00,0.03062338016831556,1
9686,11798,5,Food,2025-02-07 13:00:00,0.7796577115147378,0
9687,32251,1,Staff,2025-02-07 14:00:00,0.05216947150861451,0
9688,9032,5,Value,2025-02-07 15:00:00,0.9017081542574761,1
9689,20173,4,Animals,2025-02-07 16:00:00,0.8698097942176777,1
9690,12675,5,Staff,2025-02-07 17:00:00,0.052408930276326204,1
9691,28906,3,Animals,2025-02-07 18:00:00,0.9880271972779765,1
9692,23091,3,Food,2025-02-07 19:00:00,0.7050226615857098,1
9693,5036,5,Staff,2025-02-07 20:00:00,0.012144353173461186,1
9694,48023,2,Animals,2025-02-07 21:00:00,0.8467953815431959,0
9695,6769,5,Food,2025-02-07 22:00:00,0.2695015245040223,1
9696,26811,3,Facilities,2025-02-07 23:00:00,0.035414200177454336,1
9697,19501,3,Food,2025-02-08 00:00:00,0.912640635838616,1
9698,19343,4,Food,2025-02-08 01:00:00,0.6878108527240994,1
9699,14168,5,Food,2025-02-08 02:00:00,0.31231438928405875,1
9700,36464,5,Food,2025-02-08 03:00:00,0.2604998018056017,0
9701,36575,4,Facilities,2025-02-08 04:00:00,0.5346322486571685,0
9702,40282,4,Value,2025-02-08 05:00:00,0.5530958192222465,0
9703,21481,5,Animals,2025-02-08 06:00:00,0.37236816875234924,1
9704,10800,4,Food,2025-02-08 07:00:00,0.8579276180190946,1
9705,43442,2,Staff,2025-02-08 08:00:00,0.741616539848704,1
9706,47250,1,Animals,2025-02-08 09:00:00,0.5719150005567889,1
9707,6911,4,Food,2025-02-08 10:00:00,0.9223115698915394,1
9708,21286,4,Food,2025-02-08 11:00:00,0.05260190459398606,1
9709,39366,5,Food,2025-02-08 12:00:00,0.3696006461521453,1
9710,11074,5,Staff,2025-02-08 13:00:00,0.0370013141471498,1
9711,16780,5,Food,2025-02-08 14:00:00,0.715073729658248,1
9712,24813,5,Food,2025-02-08 15:00:00,0.5098117823394,0
9713,6193,3,Value,2025-02-08 16:00:00,0.1907283243596326,1
9714,25222,5,Facilities,2025-02-08 17:00:00,0.37094139901104073,1
9715,17942,2,Staff,2025-02-08 18:00:00,0.4674872363148779,1
9716,35318,4,Staff,2025-02-08 19:00:00,0.9455246470624041,1
9717,23662,4,Animals,2025-02-08 20:00:00,0.02607616140175628,1
9718,42902,5,Food,2025-02-08 21:00:00,0.319836371518356,1
9719,44031,3,Facilities,2025-02-08 22:00:00,0.4723783130700815,0
9720,24653,5,Value,2025-02-08 23:00:00,0.3156308832392073,1
9721,266,2,Staff,2025-02-09 00:00:00,0.12653042854001484,0
9722,4247,5,Value,2025-02-09 01:00:00,0.5898644284362086,0
9723,46212,3,Facilities,2025-02-09 02:00:00,0.9665270785713914,1
9724,16834,4,Value,2025-02-09 03:00:00,0.0037100088457940883,1
9725,42607,3,Facilities,2025-02-09 04:00:00,0.484658533717907,0
9726,5536,4,Facilities,2025-02-09 05:00:00,0.6706070713276596,1
9727,40111,2,Food,2025-02-09 06:00:00,0.8166252480383412,1
9728,46814,5,Animals,2025-02-09 07:00:00,0.4467339717886398,0
9729,7900,5,Animals,2025-02-09 08:00:00,0.4238018750764825,1
9730,44009,4,Facilities,2025-02-09 09:00:00,0.0700678684644106,1
9731,45603,3,Facilities,2025-02-09 10:00:00,0.5341419820024657,1
9732,20765,4,Animals,2025-02-09 11:00:00,0.5813696885777103,0
9733,33155,5,Staff,2025-02-09 12:00:00,0.5107781254833763,0
9734,9632,5,Value,2025-02-09 13:00:00,0.10775030899689875,1
9735,13914,3,Food,2025-02-09 14:00:00,0.79460772573866,1
9736,40748,2,Animals,2025-02-09 15:00:00,0.6113209226976164,0
9737,23856,4,Animals,2025-02-09 16:00:00,0.6280959958159955,1
9738,9273,4,Staff,2025-02-09 17:00:00,0.8688323857733893,1
9739,11688,4,Food,2025-02-09 18:00:00,0.6571848823567944,1
9740,28090,5,Facilities,2025-02-09 19:00:00,0.04914980047321604,1
9741,23156,5,Staff,2025-02-09 20:00:00,0.34562548584901764,1
9742,3205,4,Animals,2025-02-09 21:00:00,0.581336151572688,0
9743,31121,3,Facilities,2025-02-09 22:00:00,0.1362374890212168,1
9744,12825,3,Food,2025-02-09 23:00:00,0.22270889313745323,1
9745,683,1,Food,2025-02-10 00:00:00,0.4436516490087512,1
9746,21176,3,Value,2025-02-10 01:00:00,0.9838799359039244,1
9747,10284,5,Animals,2025-02-10 02:00:00,0.9040084913300898,1
9748,33122,4,Facilities,2025-02-10 03:00:00,0.9695425252013274,1
9749,32632,5,Food,2025-02-10 04:00:00,0.9340001879088516,1
9750,33009,5,Facilities,2025-02-10 05:00:00,0.42107103798811263,0
9751,37016,2,Facilities,2025-02-10 06:00:00,0.56421098433645,1
9752,4839,5,Food,2025-02-10 07:00:00,0.14153756901122916,1
9753,30868,4,Facilities,2025-02-10 08:00:00,0.14972156265318548,1
9754,46590,4,Food,2025-02-10 09:00:00,0.7506985167450904,1
9755,28171,3,Food,2025-02-10 10:00:00,0.060405235048121786,1
9756,9891,3,Facilities,2025-02-10 11:00:00,0.9182161967494111,0
9757,33627,4,Food,2025-02-10 12:00:00,0.6382489321545017,1
9758,5436,5,Food,2025-02-10 13:00:00,0.677487459290478,0
9759,41630,3,Food,2025-02-10 14:00:00,0.7917805542583041,1
9760,48704,3,Food,2025-02-10 15:00:00,0.973655357587607,1
9761,11729,4,Facilities,2025-02-10 16:00:00,0.6598181960825695,1
9762,31345,1,Food,2025-02-10 17:00:00,0.26566947742065183,1
9763,568,4,Animals,2025-02-10 18:00:00,0.17997233741674912,1
9764,20116,4,Staff,2025-02-10 19:00:00,0.6253349444007252,0
9765,25102,4,Facilities,2025-02-10 20:00:00,0.9282257691700871,1
9766,29103,4,Food,2025-02-10 21:00:00,0.8480330961647221,0
9767,16731,5,Food,2025-02-10 22:00:00,0.8921826595633159,1
9768,47154,3,Value,2025-02-10 23:00:00,0.1291835934545026,1
9769,4910,4,Value,2025-02-11 00:00:00,0.32574073186635777,1
9770,32644,2,Facilities,2025-02-11 01:00:00,0.6700656953454902,0
9771,45506,5,Facilities,2025-02-11 02:00:00,0.28010229476618764,1
9772,17953,1,Staff,2025-02-11 03:00:00,0.8794407862350562,1
9773,37604,4,Animals,2025-02-11 04:00:00,0.22772656205748953,1
9774,29297,4,Staff,2025-02-11 05:00:00,0.035383673691342654,0
9775,36835,3,Value,2025-02-11 06:00:00,0.34496311616130904,0
9776,8499,5,Animals,2025-02-11 07:00:00,0.6284525714134159,1
9777,39478,4,Food,2025-02-11 08:00:00,0.15509381565175573,0
9778,1005,4,Food,2025-02-11 09:00:00,0.33557541765884047,1
9779,29879,3,Value,2025-02-11 10:00:00,0.9785726035414436,1
9780,34293,5,Food,2025-02-11 11:00:00,0.36439999589371963,1
9781,38217,4,Food,2025-02-11 12:00:00,0.2280434047765556,1
9782,49979,5,Facilities,2025-02-11 13:00:00,0.1071420013689427,0
9783,29035,4,Food,2025-02-11 14:00:00,0.7582180458946546,1
9784,31567,3,Food,2025-02-11 15:00:00,0.6307411238146291,1
9785,25894,5,Value,2025-02-11 16:00:00,0.9072740719103335,1
9786,45607,4,Value,2025-02-11 17:00:00,0.11230898064074102,1
9787,19340,4,Animals,2025-02-11 18:00:00,0.8517471640157049,1
9788,29960,5,Staff,2025-02-11 19:00:00,0.33783697584900696,0
9789,36175,3,Staff,2025-02-11 20:00:00,0.45694817772408713,1
9790,34372,4,Food,2025-02-11 21:00:00,0.2641244860165076,0
9791,42848,5,Staff,2025-02-11 22:00:00,0.6363071638136996,1
9792,26605,4,Facilities,2025-02-11 23:00:00,0.6881112087374361,1
9793,43201,3,Value,2025-02-12 00:00:00,0.9185084230662928,1
9794,19219,4,Facilities,2025-02-12 01:00:00,0.7033287971636554,1
9795,45237,5,Facilities,2025-02-12 02:00:00,0.7764655636394405,1
9796,14337,4,Staff,2025-02-12 03:00:00,0.3141650646457348,1
9797,1736,5,Staff,2025-02-12 04:00:00,0.757704510908133,1
9798,15629,1,Staff,2025-02-12 05:00:00,0.9568377257845627,1
9799,48918,5,Food,2025-02-12 06:00:00,0.7689004855445274,1
9800,25918,4,Value,2025-02-12 07:00:00,0.26545911166258174,0
9801,12295,2,Animals,2025-02-12 08:00:00,0.0469823730705331,1
9802,28912,4,Animals,2025-02-12 09:00:00,0.030046772909723463,1
9803,46035,5,Staff,2025-02-12 10:00:00,0.5657511034176435,0
9804,2841,4,Food,2025-02-12 11:00:00,0.03801522490651743,1
9805,26156,4,Food,2025-02-12 12:00:00,0.21483696270585328,1
9806,24637,2,Staff,2025-02-12 13:00:00,0.9427866316628191,1
9807,32531,1,Facilities,2025-02-12 14:00:00,0.3969393252172714,1
9808,11696,4,Animals,2025-02-12 15:00:00,0.8562888219064776,0
9809,22074,4,Facilities,2025-02-12 16:00:00,0.42387102434794166,1
9810,23480,4,Staff,2025-02-12 17:00:00,0.17418026508793372,1
9811,8997,3,Facilities,2025-02-12 18:00:00,0.8461515897028372,1
9812,38974,3,Facilities,2025-02-12 19:00:00,0.2992400236060726,1
9813,30401,5,Staff,2025-02-12 20:00:00,0.051214485078664995,1
9814,6113,4,Food,2025-02-12 21:00:00,0.17389809944206003,0
9815,43655,2,Value,2025-02-12 22:00:00,0.5523675733569152,1
9816,9723,3,Facilities,2025-02-12 23:00:00,0.5546580588061011,1
9817,7954,4,Facilities,2025-02-13 00:00:00,0.3799341917344877,1
9818,5938,5,Facilities,2025-02-13 01:00:00,0.7150003777841415,1
9819,48636,2,Animals,2025-02-13 02:00:00,0.3381538218018819,1
9820,38745,4,Animals,2025-02-13 03:00:00,0.22324497137747168,1
9821,10442,3,Staff,2025-02-13 04:00:00,0.9868363356385573,1
9822,38543,4,Staff,2025-02-13 05:00:00,0.39764424978740964,0
9823,33674,5,Facilities,2025-02-13 06:00:00,0.3600508704083597,1
9824,14052,4,Value,2025-02-13 07:00:00,0.3620622940574052,1
9825,482,5,Food,2025-02-13 08:00:00,0.8611165413062644,1
9826,31919,1,Animals,2025-02-13 09:00:00,0.9506764071864018,1
9827,5605,1,Facilities,2025-02-13 10:00:00,0.5142058996011503,1
9828,26321,5,Facilities,2025-02-13 11:00:00,0.875299182630108,1
9829,21134,4,Animals,2025-02-13 12:00:00,0.2580351030322048,1
9830,32381,4,Value,2025-02-13 13:00:00,0.7532113661135352,0
9831,17714,4,Animals,2025-02-13 14:00:00,0.22343002371053367,1
9832,6715,3,Facilities,2025-02-13 15:00:00,0.6113851198605939,1
9833,33472,5,Staff,2025-02-13 16:00:00,0.18911741249469727,1
9834,25254,5,Animals,2025-02-13 17:00:00,0.6347724424046691,0
9835,40542,4,Food,2025-02-13 18:00:00,0.1967869974039652,1
9836,27792,3,Food,2025-02-13 19:00:00,0.46805451491739947,1
9837,40791,3,Value,2025-02-13 20:00:00,0.8719463042611088,1
9838,1686,4,Animals,2025-02-13 21:00:00,0.38673666794602524,0
9839,37480,4,Facilities,2025-02-13 22:00:00,0.4409174062036425,1
9840,38625,4,Staff,2025-02-13 23:00:00,0.2201285363877723,1
9841,7139,5,Food,2025-02-14 00:00:00,0.3465244251791153,0
9842,3770,4,Staff,2025-02-14 01:00:00,0.514067917646121,1
9843,31350,2,Staff,2025-02-14 02:00:00,0.32097886121760877,1
9844,38564,4,Facilities,2025-02-14 03:00:00,0.4128726974870147,1
9845,1120,2,Value,2025-02-14 04:00:00,0.8092077930014877,0
9846,20758,4,Animals,2025-02-14 05:00:00,0.9612069309171564,1
9847,15719,5,Value,2025-02-14 06:00:00,0.7156568285692883,1
9848,20424,4,Food,2025-02-14 07:00:00,0.6663029858232254,1
9849,41423,4,Facilities,2025-02-14 08:00:00,0.18641839048989906,1
9850,10587,5,Value,2025-02-14 09:00:00,0.8723823320043341,1
9851,48086,3,Food,2025-02-14 10:00:00,0.892876869170764,1
9852,12122,3,Food,2025-02-14 11:00:00,0.6526943409899547,1
9853,31311,4,Animals,2025-02-14 12:00:00,0.004958789180342316,1
9854,25571,3,Value,2025-02-14 13:00:00,0.5964436121704081,0
9855,2701,4,Value,2025-02-14 14:00:00,0.6508519143519794,1
9856,38273,4,Staff,2025-02-14 15:00:00,0.8428528094427329,1
9857,4969,3,Facilities,2025-02-14 16:00:00,0.257805117665462,0
9858,26292,5,Animals,2025-02-14 17:00:00,0.954588357803627,0
9859,20624,5,Food,2025-02-14 18:00:00,0.7973012035630277,1
9860,4165,4,Facilities,2025-02-14 19:00:00,0.5757280617226016,1
9861,44265,4,Food,2025-02-14 20:00:00,0.6554781484627947,1
9862,28640,4,Food,2025-02-14 21:00:00,0.7306484585861031,0
9863,47076,4,Facilities,2025-02-14 22:00:00,0.4291606065092315,1
9864,36602,3,Value,2025-02-14 23:00:00,0.2676977812590311,1
9865,5611,4,Facilities,2025-02-15 00:00:00,0.01808936634563707,0
9866,18337,2,Food,2025-02-15 01:00:00,0.8136462837291856,1
9867,18178,5,Value,2025-02-15 02:00:00,0.7806376885377185,1
9868,18706,3,Animals,2025-02-15 03:00:00,0.029559389460332874,0
9869,38478,5,Food,2025-02-15 04:00:00,0.44674664749767723,1
9870,5158,5,Staff,2025-02-15 05:00:00,0.35421235421257036,1
9871,25280,2,Animals,2025-02-15 06:00:00,0.7309347286026971,0
9872,44955,4,Animals,2025-02-15 07:00:00,0.30640250812642156,1
9873,5547,4,Facilities,2025-02-15 08:00:00,0.07832057707852025,1
9874,32445,4,Value,2025-02-15 09:00:00,0.6572123125312529,1
9875,520,3,Food,2025-02-15 10:00:00,0.7323493783913837,1
9876,10537,4,Food,2025-02-15 11:00:00,0.18880857883914226,1
9877,24344,4,Food,2025-02-15 12:00:00,0.7405005973851199,1
9878,5574,2,Value,2025-02-15 13:00:00,0.17073212359686374,1
9879,34673,3,Value,2025-02-15 14:00:00,0.8176894752929262,1
9880,30904,5,Facilities,2025-02-15 15:00:00,0.8094540081311974,1
9881,48812,3,Food,2025-02-15 16:00:00,0.7693756469048917,1
9882,36551,5,Staff,2025-02-15 17:00:00,0.7289146589681877,0
9883,39483,1,Value,2025-02-15 18:00:00,0.18966407298441545,1
9884,1607,4,Staff,2025-02-15 19:00:00,0.6730255515081953,1
9885,36119,5,Value,2025-02-15 20:00:00,0.32776272189171807,1
9886,38546,5,Food,2025-02-15 21:00:00,0.6979251983687641,1
9887,32015,4,Value,2025-02-15 22:00:00,0.08562780744333465,1
9888,5711,4,Staff,2025-02-15 23:00:00,0.1680977980379753,1
9889,37275,5,Staff,2025-02-16 00:00:00,0.35602858238358004,1
9890,31669,4,Facilities,2025-02-16 01:00:00,0.6282574395170645,0
9891,2848,4,Animals,2025-02-16 02:00:00,0.9531967997442738,1
9892,16879,5,Food,2025-02-16 03:00:00,0.6780330725212502,1
9893,18537,3,Facilities,2025-02-16 04:00:00,0.21658786203847546,1
9894,36900,4,Facilities,2025-02-16 05:00:00,0.22386749442588105,1
9895,16711,1,Staff,2025-02-16 06:00:00,0.3964157062462258,1
9896,19920,5,Value,2025-02-16 07:00:00,0.6453623918840123,1
9897,6000,4,Staff,2025-02-16 08:00:00,0.4962586725734043,0
9898,17786,4,Staff,2025-02-16 09:00:00,0.3724916822863157,1
9899,10870,1,Value,2025-02-16 10:00:00,0.15167882805105193,1
9900,22446,3,Food,2025-02-16 11:00:00,0.8631044381588443,1
9901,31182,4,Staff,2025-02-16 12:00:00,0.5601005171617255,1
9902,33341,5,Food,2025-02-16 13:00:00,0.5530729814570614,0
9903,44265,4,Value,2025-02-16 14:00:00,0.9101872500979651,1
9904,36082,2,Animals,2025-02-16 15:00:00,0.17388456506443695,0
9905,12530,5,Food,2025-02-16 16:00:00,0.5800922040453452,0
9906,17106,2,Value,2025-02-16 17:00:00,0.34666165420319495,1
9907,17138,5,Staff,2025-02-16 18:00:00,0.24378444338276084,1
9908,21021,4,Facilities,2025-02-16 19:00:00,0.3434839677328604,1
9909,39079,5,Food,2025-02-16 20:00:00,0.3027764059686595,0
9910,34905,5,Value,2025-02-16 21:00:00,0.1872984930025705,0
9911,19905,5,Value,2025-02-16 22:00:00,0.35145810647626363,1
9912,5078,4,Food,2025-02-16 23:00:00,0.3428993288124246,0
9913,3585,2,Food,2025-02-17 00:00:00,0.14255773845619146,1
9914,3252,5,Staff,2025-02-17 01:00:00,0.2913503575278499,1
9915,38305,4,Value,2025-02-17 02:00:00,0.702390366968126,1
9916,11104,1,Animals,2025-02-17 03:00:00,0.8884382193586716,1
9917,5988,5,Animals,2025-02-17 04:00:00,0.7735730371464,1
9918,26016,2,Value,2025-02-17 05:00:00,0.08386351407706394,1
9919,1255,4,Food,2025-02-17 06:00:00,0.3146300806852498,0
9920,20915,2,Food,2025-02-17 07:00:00,0.07109611316089925,0
9921,27187,3,Animals,2025-02-17 08:00:00,0.7804666283339499,1
9922,5238,3,Food,2025-02-17 09:00:00,0.5377619625692263,0
9923,17079,5,Staff,2025-02-17 10:00:00,0.4414062780768312,1
9924,45913,4,Staff,2025-02-17 11:00:00,0.2141233308809395,1
9925,23129,3,Staff,2025-02-17 12:00:00,0.9647378025330622,1
9926,40849,5,Value,2025-02-17 13:00:00,0.5927361418177202,0
9927,16490,5,Staff,2025-02-17 14:00:00,0.003368085259876308,1
9928,5931,5,Value,2025-02-17 15:00:00,0.8566563343988758,0
9929,596,5,Food,2025-02-17 16:00:00,0.8746103008268707,1
9930,1836,4,Value,2025-02-17 17:00:00,0.4217344672013933,0
9931,37836,2,Animals,2025-02-17 18:00:00,0.22978757841245157,1
9932,18960,4,Value,2025-02-17 19:00:00,0.19934012752638386,1
9933,17735,3,Value,2025-02-17 20:00:00,0.5799537746278393,1
9934,45225,4,Facilities,2025-02-17 21:00:00,0.5326056705005466,1
9935,15095,3,Food,2025-02-17 22:00:00,0.15919455568703667,1
9936,42521,3,Staff,2025-02-17 23:00:00,0.7375427748554011,1
9937,23694,2,Animals,2025-02-18 00:00:00,0.8766108834483717,1
9938,14244,5,Food,2025-02-18 01:00:00,0.9315427316206041,1
9939,29021,4,Value,2025-02-18 02:00:00,0.034458288957732175,1
9940,17401,5,Value,2025-02-18 03:00:00,0.11451826871807658,1
9941,36852,2,Staff,2025-02-18 04:00:00,0.4521427436218083,1
9942,22053,5,Value,2025-02-18 05:00:00,0.6870070275639256,1
9943,14911,5,Staff,2025-02-18 06:00:00,0.63571757800026,1
9944,38947,4,Food,2025-02-18 07:00:00,0.6445924256569956,1
9945,14573,5,Facilities,2025-02-18 08:00:00,0.9195127979511852,1
9946,38808,5,Staff,2025-02-18 09:00:00,0.23204756943248617,0
9947,6440,5,Food,2025-02-18 10:00:00,0.45162465228482196,1
9948,26424,3,Facilities,2025-02-18 11:00:00,0.006096962775389958,1
9949,5168,5,Value,2025-02-18 12:00:00,0.08671785163410062,1
9950,22832,5,Value,2025-02-18 13:00:00,0.9837677219932764,1
9951,9566,4,Animals,2025-02-18 14:00:00,0.7620726191173983,1
9952,36483,5,Value,2025-02-18 15:00:00,0.9384686819083247,1
9953,1129,5,Animals,2025-02-18 16:00:00,0.1968878757036573,1
9954,35616,5,Value,2025-02-18 17:00:00,0.41872098279747605,1
9955,17422,2,Value,2025-02-18 18:00:00,0.024544594561371258,1
9956,45126,4,Animals,2025-02-18 19:00:00,0.8421631861248036,0
9957,7475,5,Facilities,2025-02-18 20:00:00,0.2909810735214211,1
9958,32654,5,Food,2025-02-18 21:00:00,0.6011335201096081,1
9959,40781,4,Staff,2025-02-18 22:00:00,0.45756137456999546,1
9960,3975,5,Food,2025-02-18 23:00:00,0.5771826862929959,1
9961,21069,1,Food,2025-02-19 00:00:00,0.03182185650691516,1
9962,26976,3,Value,2025-02-19 01:00:00,0.24280579541328529,1
9963,43246,3,Facilities,2025-02-19 02:00:00,0.2342464480120614,1
9964,42172,3,Facilities,2025-02-19 03:00:00,0.8268281428886043,0
9965,868,3,Staff,2025-02-19 04:00:00,0.4629362371132123,1
9966,43608,3,Value,2025-02-19 05:00:00,0.17110137378521462,1
9967,3920,5,Facilities,2025-02-19 06:00:00,0.4071430650426592,0
9968,40447,4,Animals,2025-02-19 07:00:00,0.47318443249253883,1
9969,38066,4,Value,2025-02-19 08:00:00,0.5546481041059,1
9970,45298,4,Facilities,2025-02-19 09:00:00,0.27421251537410885,1
9971,18033,2,Value,2025-02-19 10:00:00,0.82175613413585,1
9972,11220,3,Staff,2025-02-19 11:00:00,0.7349094889658586,1
9973,25369,4,Animals,2025-02-19 12:00:00,0.32923368915430984,0
9974,48494,4,Value,2025-02-19 13:00:00,0.11599807201463674,1
9975,49515,3,Staff,2025-02-19 14:00:00,0.5645156939895738,1
9976,31026,5,Facilities,2025-02-19 15:00:00,0.7464614052297979,0
9977,33520,5,Value,2025-02-19 16:00:00,0.948547946064642,1
9978,39610,4,Staff,2025-02-19 17:00:00,0.053816344059939625,1
9979,49689,3,Food,2025-02-19 18:00:00,0.0710558677003661,0
9980,26735,4,Value,2025-02-19 19:00:00,0.14419593570204758,1
9981,18668,4,Facilities,2025-02-19 20:00:00,0.7816398506271799,0
9982,10866,5,Staff,2025-02-19 21:00:00,0.3187344909361526,0
9983,17925,3,Facilities,2025-02-19 22:00:00,0.41645249355630765,1
9984,10208,4,Value,2025-02-19 23:00:00,0.2255675301229626,0
9985,8689,5,Value,2025-02-20 00:00:00,0.15758223965511797,1
9986,7632,5,Staff,2025-02-20 01:00:00,0.5950452790750518,1
9987,38525,5,Value,2025-02-20 02:00:00,0.44209974654419515,1
9988,11132,1,Animals,2025-02-20 03:00:00,0.020557972768926902,1
9989,30940,3,Food,2025-02-20 04:00:00,0.5715703512492308,1
9990,38240,1,Value,2025-02-20 05:00:00,0.27348282261026957,0
9991,32427,3,Staff,2025-02-20 06:00:00,0.5438868153594064,1
9992,23769,4,Facilities,2025-02-20 07:00:00,0.7071683750640986,1
9993,13204,1,Staff,2025-02-20 08:00:00,0.05133429785551957,1
9994,6898,3,Facilities,2025-02-20 09:00:00,0.7925261666056763,1
9995,10387,4,Facilities,2025-02-20 10:00:00,0.9642169091428127,1
9996,19214,5,Facilities,2025-02-20 11:00:00,0.5412556257933074,1
9997,36355,3,Value,2025-02-20 12:00:00,0.9921278137895272,1
9998,15933,3,Food,2025-02-20 13:00:00,0.376752037495235,1
9999,39914,5,Food,2025-02-20 14:00:00,0.25571205140096376,1
10000,14432,3,Animals,2025-02-20 15:00:00,0.3509072609691859,1
