user_id,variant,watch_time,engagement_rate,click_through_rate
0,A,21.052408500408593,0.41107604599348835,0.1635100586603914
1,B,17.239975090237035,0.3092846866923715,0.2532476479081557
2,B,35.6012343689283,0.3869697090031192,0.08094108115036788
3,B,157.91712351680846,0.42505580400604864,0.1762339064089683
4,A,18.2175053396402,0.2506306037219858,0.22596676780252734
5,A,8.719719909190518,0.3799133377624545,0.13438262573014115
6,A,42.058100128886885,0.19771002952179792,0.32741316607308063
7,B,154.63116496871731,0.4542487654392549,0.2707641576880794
8,B,16.996865777734786,0.41948894970002215,0.15796643440521943
9,B,112.10953461925278,0.5528734646665027,0.3624907027677124
10,A,29.135495279168264,0.2541896455383701,0.28261206178947995
11,B,108.86613338730048,0.498633050834823,0.1726923196362585
12,B,14.930677972385737,0.4203112668678743,0.36516405328526735
13,A,90.34589539534633,0.5872040754187413,0.24812242813023253
14,A,1.4686380490875113,0.3397836050733437,0.05689973310176548
15,A,46.460413211228826,0.43753209942823945,0.2269800570087766
16,A,64.77657563810597,0.40389229023060846,0.20794237502977797
17,B,47.510893681835306,0.5628884182595367,0.34225883932593243
18,A,64.1240705531138,0.48250710789832574,0.19678346173681588
19,A,97.7492643904305,0.4533331728864495,0.22066468626776783
20,B,106.0657931416912,0.41081162996805803,0.2729729882244752
21,A,58.75924401633106,0.5660622712040727,0.3066739053157321
22,A,118.28045703581635,0.2348828264481015,0.2043002486036293
23,A,18.20027352174218,0.34653615094767615,0.26911716737312324
24,A,31.481401651038354,0.506390125447622,0.15538500523525461
25,B,37.62697486480084,0.5141070632597823,0.42157929832830326
26,A,0.6380874921644905,0.28169735058789647,0.2106941861225464
27,B,24.006819250805517,0.5951342986155904,0.2530063182151741
28,B,54.7075740974418,0.4530719345187769,0.25235629225984724
29,A,0.3141856876780905,0.40874707611450845,0.19709828028200402
30,B,9.841292139037986,0.5893388944969192,0.5207337415159731
31,A,12.357155944769438,0.3105508687361806,0.10297743768406442
32,A,4.7816011714750895,0.4620142714263468,0.1740172290413239
33,B,9.173667509929686,0.38056532661013953,0.42669721097735613
34,B,92.95752632437228,0.4437951133338269,0.2956260042098474
35,B,2.2244009642530513,0.45487828179000633,0.18472562889862382
36,A,13.562584466860015,0.3168862251361888,0.2838361330299706
37,A,8.768325844535257,0.1051861874381172,0.1150078576907993
38,B,84.64323599828911,0.5558589548523756,0.19677431589956304
39,A,1.30205801996819,0.49362136169418586,0.24991369584837708
40,A,108.01096373333198,0.5785679076352063,0.1739358285669135
41,A,0.3715707525108662,0.3050660262988858,0.3276241391109103
42,A,59.94528196706482,0.49523836226056156,0.1456624860996626
43,B,17.845700526125498,0.49967804991789955,0.277318319502134
44,A,7.427207400797788,0.2131268942775766,0.17000030731526908
45,B,34.31736666547565,0.34150998205577765,0.3289242541921072
46,A,109.48640470524478,0.3127028716133758,0.3519949777237147
47,B,40.778377056841855,0.4879710269566017,0.16943476780988656
48,B,75.76473739183206,0.4168009789485523,0.22443617710538732
49,A,100.48595193462279,0.3632226948491786,0.13234636895120516
50,B,111.9529623018037,0.36738723096259396,0.30329717458727945
51,B,84.80080809011761,0.39461587516509605,0.18857828165107682
52,B,44.17065220989476,0.4705206679287573,0.1757778309254125
53,B,22.24204757157743,0.4031047937048283,0.3642073560273747
54,B,38.881725803352246,0.4636537526511109,0.5385713339954011
55,B,1.5850412770735496,0.3644520783264484,0.44442222039064044
56,A,47.74638782677377,0.3302818359851923,0.38601862118337343
57,A,50.195510859095094,0.45194117070908735,0.17238818136023823
58,A,0.24090507564773947,0.31421219731140954,0.051344146497000115
59,A,180.0,0.5743035661685499,0.2723530719810549
60,A,94.60633827972762,0.29431435258117644,0.20074532740244186
61,A,101.4663201539265,0.2865307143737994,0.2752198178569837
62,B,14.612582017754379,0.365328662880674,0.24186528248891503
63,A,48.44655793807069,0.29935384218985395,0.33588985146975936
64,A,19.025765841659194,0.3351083171756573,0.17113420957617484
65,B,23.709473381422498,0.43016905558953267,0.10382505166077047
66,A,100.84531657181918,0.3523934490635437,0.35526635656584493
67,B,20.035680707107357,0.6205157772989245,0.29412569898181273
68,A,15.508310088661325,0.43829843440082866,0.3942292203118551
69,B,5.199101123512371,0.4390253116407276,0.2704276960821561
70,B,2.7085437339592042,0.32120677191016106,0.21061765013064884
71,A,37.22229979924384,0.4616576504553854,0.21418202419028565
72,A,4.727773831836857,0.3109827881978654,0.186327034987715
73,B,28.389936329078843,0.4172050279113535,0.350366991928728
74,B,4.042744262851752,0.6081684711643074,0.3220112247205552
75,B,17.532515396495047,0.6018114916758537,0.22866410405735593
76,B,33.48929963346448,0.45083106834425424,0.24182777865374
77,A,114.77149963070848,0.3775649919969743,0.20458904390371213
78,A,6.827362758235823,0.5796310404258936,0.28609103428170685
79,A,11.464159706853055,0.5576118555215808,0.13587415720963725
80,B,12.255012178523298,0.4910461157844544,0.5106932531261873
81,B,4.309563534997077,0.654325871190078,0.25794652261331436
82,A,36.753703566951856,0.22499178547007911,0.2044110632957678
83,A,64.9942929144484,0.23895559458162263,0.40355029610763904
84,A,43.464527641880444,0.3089754446512294,0.10001393407692873
85,A,11.886296699840454,0.41905192193827606,0.20962059166251382
86,B,29.425162998914438,0.3752509201875735,0.15087068771349735
87,B,30.94368302487088,0.500611989383631,0.07247061849007988
88,B,128.5625785344681,0.5879445058949271,0.3899573998857108
89,A,0.04245693623329317,0.35723468978266804,0.25205323475843966
90,A,63.6891164894133,0.29045715116007315,0.2327398232166666
91,B,7.112543500318004,0.4109577785841022,0.2601370920364248
92,B,49.63399681418311,0.3801184177427292,0.29390087533312137
93,B,20.031709050114543,0.33636704487800995,0.40443021404867663
94,B,6.86037017527946,0.4331020082431787,0.3120194452717323
95,A,180.0,0.4409202332593383,0.08762273155283569
96,B,25.972381127165825,0.5324965619918028,0.37379377540984543
97,A,74.71233224041325,0.5697744025899875,0.2623795706560473
98,A,27.74559774869369,0.24362123546421274,0.2909608390759942
99,A,105.34435474990228,0.3865555413555849,0.355336024549656
100,A,23.731856741252336,0.33492572950736166,0.3979127174778613
101,B,29.042373207067158,0.3608236182033004,0.24308943132418
102,A,33.493577155263495,0.49700926307229787,0.40454675573520715
103,B,23.49735564810179,0.4543707260073026,0.3857024986674229
104,B,75.46721949555595,0.5141273769932463,0.23595706594172416
105,A,29.178988511392404,0.2659026335940004,0.4465914732422911
106,A,26.708673359123434,0.32747541320076506,0.2691082622468892
107,B,95.03697627209259,0.5633031629139212,0.4128407872775214
108,A,67.16263949755948,0.51941119382441,0.3445949587255232
109,A,33.667714874706746,0.3399004302312154,0.3240803356766618
110,A,17.138085090928147,0.4001234920411806,0.30139446161944483
111,A,13.437865012393626,0.2455024243121377,0.32252553015983043
112,B,8.37345581833718,0.37142682644790875,0.2584762451480149
113,B,9.55805489966352,0.3923462452546083,0.2824083673067908
114,B,28.43509183940836,0.551322298524666,0.29841338169876225
115,B,20.068900976890518,0.5974170482398277,0.4690731086007258
116,B,89.04648326515236,0.4300475172568189,0.2992304808123544
117,A,1.7315189339235546,0.36835206766919476,0.1889210108362337
118,B,180.0,0.4192860896759625,0.2505684090951744
119,B,10.389910329070846,0.38545617533601445,0.15730443507502864
120,B,74.76422569519909,0.692964407738426,0.20317923203918112
121,B,48.597842565614975,0.33786490630205535,0.3588038780691212
122,A,39.38117313798653,0.42125427387862063,0.4638073228854147
123,A,11.759159498448524,0.45620369001863814,0.3921159989636612
124,A,7.214667748784533,0.28768969835041214,0.18342869025943564
125,A,47.737133577653076,0.40038870243107916,0.15751173426778867
126,B,53.768855742358696,0.3035584032852838,0.39787562497409146
127,B,15.970508436199452,0.7455533689143647,0.28166065440691906
128,A,51.44491674353429,0.42729444806733785,0.25088797389252787
129,B,5.317002571040334,0.31255374727293544,0.2652246635322155
130,A,62.77280820725585,0.3739220696574417,0.14816506737308932
131,A,31.51470079379022,0.3316169019206869,0.276908200712908
132,A,101.01741574657169,0.2742926079701345,0.3227482162501548
133,A,123.94089493583029,0.4272153675144394,0.44266844696549373
134,B,40.74888750196042,0.42866817562639087,0.2892641667488448
135,A,74.11450082688636,0.4312211679466357,0.17221186178975692
136,B,49.433204291508076,0.5573490660659037,0.2480316589017994
137,B,171.50436895297096,0.396169995407797,0.5101366281758141
138,A,45.42683520786026,0.4914996959985775,0.23957718887002658
139,B,58.481348428682345,0.47043662032893957,0.4012450619345517
140,B,30.493805702108773,0.48540952590325037,0.13819102842838266
141,A,16.2902146612446,0.3219955304348631,0.21232358209291122
142,A,180.0,0.47894142207304036,0.44026518713468965
143,A,14.417677793888167,0.23707768177848196,0.4241976524830539
144,A,10.19116039817249,0.29173263703760494,0.13674742612144233
145,A,26.2652644948447,0.4873821158117947,0.1429075241735373
146,B,180.0,0.3684913539571448,0.27738910206130035
147,B,24.293877460168854,0.4177602645143738,0.3826241294600525
148,A,2.6333975063755655,0.354315400630332,0.28505874435615597
149,A,172.7750213936509,0.4582447599469377,0.37274843430969257
150,B,9.22500127620696,0.5080876301651082,0.36122268264788937
151,A,39.95031622997747,0.5679552816822648,0.28689116816927224
152,A,36.63348163005058,0.5060519674766398,0.29271070706874075
153,A,47.993471428581074,0.32026324623864,0.08223384865586411
154,B,50.03868760267816,0.4980992858094269,0.5264655222495871
155,A,30.924545555751195,0.38720347577882475,0.2696943231233996
156,B,16.098564097555407,0.42806656423589584,0.24840234142787154
157,B,132.79115307588563,0.5251000038537981,0.3166336566988425
158,A,1.4664964811239227,0.6581086590962589,0.22066126564148839
159,B,29.0360814659264,0.42152355657273305,0.3642249349929921
160,A,42.639864848646916,0.30099241473931376,0.19379222968515045
161,B,8.4275192687634,0.5193517830832961,0.3047499159159387
162,B,7.941476465527058,0.4597043432567908,0.4331779123013853
163,B,54.537204088557345,0.44678405686091766,0.24207713906706296
164,A,56.67270620050904,0.5137989154132023,0.21502234137696297
165,B,23.68830686893976,0.5586206835793376,0.3866500961386081
166,A,24.261199087187002,0.3886418961481349,0.06203359549942315
167,A,63.71599148832356,0.6324235395990666,0.2516404812614263
168,A,11.58650600848413,0.38100995970532286,0.17527475069819098
169,B,23.5104327787003,0.3584432091048035,0.3833377516804202
170,B,49.2744316695661,0.4270825323770855,0.35733415279107716
171,A,11.254470988267453,0.3606218102051921,0.4070169719010536
172,B,13.020880256567912,0.3186014869981004,0.3754519784597694
173,A,7.921876574260889,0.46749906172334077,0.2558038675159999
174,B,8.172050766137186,0.39546567471942123,0.16594290629003688
175,A,20.934304571878993,0.5262685958260505,0.19157962829080083
176,B,55.681104036292844,0.4372093918077094,0.192434960626303
177,A,84.48282105108844,0.38668015480624435,0.15946828001217422
178,B,0.27304149461524824,0.5779742275295678,0.21218091183681126
179,A,79.18873498105658,0.3456011343054577,0.33001830785522707
180,A,21.717062167384952,0.5408162902086232,0.47030686586315024
181,A,40.02529506989578,0.3675799612346341,0.3522604877361011
182,B,123.71257818382468,0.44383127356667523,0.3673841320753115
183,B,10.508190788790055,0.38604647091467625,0.20772092817916898
184,A,57.4148407454105,0.4542283867123717,0.22240716207143751
185,B,30.885218317725627,0.4796442118245926,0.3885369639067936
186,B,12.354973828968921,0.35275617448570096,0.22726621363317112
187,B,12.801437178526914,0.4202711102292948,0.17455955796726633
188,B,93.694540682403,0.41141809816433644,0.2866302072107155
189,A,12.421168606905505,0.28767359697970457,0.22343513100405815
190,A,8.284159211985731,0.3209434197252947,0.2609721263098387
191,B,45.73699086675406,0.49475621780861223,0.26001198271297515
192,B,19.404727750486675,0.5178372209150554,0.4637171879697212
193,B,15.035702231294442,0.48982372445429717,0.385197141763453
194,A,161.05432446018577,0.45585792765241284,0.17180884889747638
195,A,43.25294139295358,0.31020181151621773,0.288435520578119
196,B,12.446317278152117,0.4964578478844752,0.36485909362900026
197,B,42.03898963785117,0.5657531254740675,0.16559194410188677
198,B,68.23759037139476,0.3795660366429179,0.32258992089665894
199,B,15.2046098702216,0.38046646095567205,0.22498117947124008
200,B,21.003694346519424,0.3164983886465524,0.28890017187784
201,A,179.34476920069238,0.24207073228624565,0.11460633131594783
202,A,18.54545361583913,0.4120525167432471,0.425275906360923
203,B,66.2621559138959,0.5160498766972894,0.4326411957439439
204,B,69.50626298202752,0.3912739380198582,0.29460180042746303
205,A,54.6358445907994,0.647893590115024,0.2186656023804759
206,A,11.331222228002778,0.31834609739700304,0.30771722580422495
207,B,12.0816615815744,0.4080766923493472,0.48823839626028664
208,A,13.62277181179119,0.4628788799694126,0.1557384394848999
209,A,32.27576949323524,0.4759130190177424,0.35977481291967667
210,B,25.042902041478676,0.5426760983303983,0.2036096666200315
211,B,106.07457585801174,0.4543254873029011,0.439165367834025
212,B,70.08629324813795,0.36984205065524733,0.2590903561259494
213,A,17.32954762367589,0.33955934495993156,0.17445960965698953
214,B,9.22107846652001,0.6359020201870446,0.3541702201923242
215,A,8.256064068954597,0.3059234628021378,0.11480959606530187
216,A,13.725248856102665,0.2945777615088978,0.30447341371391906
217,B,25.360398692338762,0.4867819734398402,0.309339782215531
218,B,180.0,0.5025633761657554,0.32826675914535397
219,B,38.75225885832463,0.4988180447129498,0.16743600367385242
220,B,66.07292902514102,0.38396302903839885,0.270472330893204
221,B,5.020572296948699,0.42511663429174773,0.13665436159067268
222,A,1.6381357575819573,0.3649914791473991,0.5168998145990371
223,A,54.84726015195382,0.4726652042068396,0.26248267552523896
224,A,30.487657396848313,0.2763679310359183,0.10072664311989238
225,A,4.454293236695199,0.5527616293644547,0.22852901811779888
226,B,92.91523303461028,0.3136277119055609,0.3079173808508342
227,A,8.476767871021487,0.396074625377787,0.3015660362989417
228,B,48.272908375014715,0.5037404112365576,0.21360067593563792
229,B,10.041197614817433,0.37305469750988435,0.20084952779677187
230,B,24.875626125450736,0.5965303919177601,0.29075467072499117
231,B,4.50725080898118,0.3749210542669235,0.18280395974697428
232,B,78.03279744460009,0.5106720531578675,0.18921412705160498
233,A,4.8681288871622375,0.3651953048169608,0.19227887538294378
234,A,42.67255338462426,0.38453039888936086,0.37613381700982035
235,B,71.0329014966949,0.2005834923502796,0.3176406850583061
236,A,4.452668519267586,0.375302613981001,0.48174835753803463
237,A,63.160744383964875,0.4628083592589958,0.2445661448185696
238,B,35.03747710721007,0.5867041413194841,0.37123199798774154
239,A,0.9325885279960389,0.381430370832384,0.20793626830159342
240,B,31.278515368249465,0.6110640737559909,0.22248884697068
241,B,32.372507563966394,0.5098031127217145,0.30783323971885285
242,B,1.9857082832011523,0.20805487198220188,0.2373055492462065
243,A,12.90825611706634,0.5335029980258439,0.23561687740754644
244,A,99.6009319639488,0.4500391353992627,0.27698651774978084
245,B,23.88118543830038,0.5404534315918992,0.30583422962598894
246,A,57.04803414100527,0.206020647541102,0.2033099780013304
247,B,7.152287087199528,0.19321293928193053,0.22096593879413354
248,B,10.62424625013454,0.3303746351516843,0.40758721178400137
249,B,170.20874657855435,0.32772848018706957,0.10498024390308727
250,A,3.4095398933716137,0.3565138076927955,0.258197401929083
251,A,77.44833970851319,0.4759247533121714,0.0513858165083802
252,B,15.783063542249891,0.5753127956791818,0.4255503813586803
253,A,30.56910979703843,0.410975487444796,0.18982856922690133
254,A,84.4155107593672,0.4917735787614092,0.2673772018932183
255,B,34.36794315934317,0.6728124164314672,0.336078936644382
256,B,113.74507340518434,0.4360423382563706,0.19017688058142207
257,B,27.7455318581338,0.6085665316369412,0.11867145099696697
258,B,39.10851201569974,0.3289509261214707,0.45154038353947795
259,A,41.31638461434025,0.44651840885716665,0.1800632652123795
260,B,9.613243884699232,0.6176335014209197,0.2666558540701866
261,B,17.450356607948674,0.416216037403722,0.4170390765062764
262,A,51.53305398729522,0.4402134916222436,0.23879556913573502
263,B,36.68344583196123,0.502323934562383,0.21612536552743977
264,B,23.60670790431159,0.45588488736114097,0.3320297002292737
265,B,2.0283465665546694,0.47400119321968115,0.2527728279473504
266,B,26.63483167931007,0.4759776637450091,0.20365052074716566
267,B,87.7745083640207,0.5741503855479229,0.2982171194559294
268,A,180.0,0.309902304989045,0.26878879934304284
269,A,11.898114752796147,0.4864342591439539,0.14353830199609552
270,B,6.415004013742691,0.47930283526128614,0.24507425918494127
271,B,0.9832705439408227,0.573285207535882,0.3280043738171332
272,B,6.5707364807072,0.43501124992200196,0.41394699133732893
273,B,60.37914796306026,0.4982501304258657,0.2311816715990256
274,B,82.31669322211283,0.46724685664219695,0.250157782947847
275,B,2.597593659353473,0.3945430495574377,0.2181832743087721
276,B,113.63324105177627,0.6473631787070258,0.2567455901850608
277,B,51.32657519906834,0.32119571613974296,0.17334445382108388
278,B,37.96435288057888,0.47612082022785324,0.3171888855246341
279,B,15.209103590678867,0.2916370521711196,0.286008105885187
280,B,24.16637706628494,0.4267087306453176,0.2481533737336441
281,A,44.0109629141485,0.37394535910708476,0.17980782732530223
282,A,27.755166752047174,0.3067708407336898,0.4184042596630832
283,A,1.8113073767733854,0.2124631675535848,0.17582622627825514
284,B,152.72187858074565,0.32428644740827006,0.3186464869411945
285,A,0.6559363068435755,0.4323474997725878,0.15391473170815403
286,A,5.713071272879548,0.4419377333179411,0.35224817535699177
287,B,126.1144320085724,0.453686420064964,0.29564980733763274
288,A,47.12537064306638,0.3709790501197717,0.3026605543567715
289,B,51.06757917603677,0.4773378676027307,0.3173652254640701
290,A,37.68274207709954,0.513474840084536,0.33263589521648423
291,A,36.27711600102084,0.3880861298841808,0.3520691545142665
292,B,44.97540232293345,0.45751427292685376,0.1801025590446681
293,A,1.4568853525943366,0.21144471201380272,0.32057288558498603
294,A,28.510381584748067,0.47954107708318006,0.40137754208217125
295,B,12.293425019195086,0.5680527811695514,0.14683738214117714
296,B,159.3046855383563,0.4730313864147248,0.10397021035126944
297,A,116.33628031534329,0.23228043880671573,0.3106096328105192
298,B,73.22105320114046,0.2589906854015962,0.3459258225012657
299,A,22.806904744226603,0.3331352354970023,0.3383479736652491
300,A,44.128013721759295,0.6392198580205516,0.3306060145620753
301,B,25.04773091804559,0.29564604998100774,0.22552305076153503
302,B,87.97902215009285,0.412741408903388,0.3864085232598371
303,B,12.381103474254788,0.6629906553151518,0.47957141193521546
304,B,12.470515788623771,0.5110950823021989,0.29842626797173327
305,B,81.39224930867435,0.4553476356234126,0.2218852649449413
306,B,42.60926887474448,0.3717972360994033,0.3856553370282549
307,A,68.09867416730293,0.46825250043707983,0.09798176032084284
308,B,42.201110304959066,0.3825597264080336,0.3909509668046199
309,A,68.9458950548665,0.2221641237406576,0.24226170808313233
310,A,32.96117116602877,0.4882344061490848,0.2209849381226408
311,A,87.82154396864647,0.32911817487143513,0.1351309326662253
312,A,22.345112116658413,0.4747157400487065,0.30853835797870294
313,B,44.33226332044049,0.45323385733637045,0.159005246998934
314,B,6.991602518615336,0.5356883004403725,0.22698169725763098
315,B,22.365449547174716,0.4458383829806721,0.3456918254549866
316,A,98.79592766668281,0.49312533215767945,0.23532686163009822
317,A,12.363110709040997,0.359677364336043,0.2401279604915483
318,A,14.79621048369796,0.4981608718337748,0.25152283657180025
319,A,2.4562606044193047,0.4029899057066549,0.26449967426113924
320,B,44.26020890657337,0.3312301252685354,0.5311862092052261
321,B,14.792533582347978,0.3829899928248622,0.4282325163831588
322,B,36.461846270230666,0.5309630256747364,0.2687399023438948
323,A,71.4414403027355,0.3625290131110159,0.23617624998002654
324,B,42.34178294799885,0.3423855337739097,0.15072212262107976
325,B,148.7950900380004,0.42303942046372156,0.3680608321000056
326,B,14.667412224568526,0.7034796371428649,0.3462193092286452
327,B,30.090915904513576,0.3280491060639532,0.29548921525301286
328,A,24.28482788751406,0.4326183050029248,0.18295631375398794
329,A,11.709817518042506,0.4008260886830136,0.12784791852319374
330,A,11.866162819178534,0.5309734386902432,0.2993688418699961
331,B,180.0,0.39702751308402917,0.2973886279810245
332,A,104.25075395945953,0.35055782009288405,0.19527256181625532
333,A,80.7869344467799,0.2966304497915279,0.12993057057245655
334,A,36.28732739357858,0.5109564755029972,0.079774883922303
335,A,43.08305898510685,0.4649539079796111,0.22704790617603066
336,B,10.75181889556047,0.5658344977792565,0.1948755144035157
337,B,78.7392480667495,0.5572499050358782,0.3975176910053267
338,A,28.93829459828468,0.4030548556238887,0.37867290742172616
339,A,22.366444416605372,0.3345275341299533,0.21801402884432336
340,A,111.182858414549,0.4387505175738605,0.29758154673067777
341,A,6.040434172342695,0.38571260177547856,0.11969218024398788
342,A,24.39237626966772,0.47194465786443446,0.19091104199598877
343,A,19.010314087016404,0.2973003262361786,0.2298120664094079
344,A,31.025494976194963,0.4637834384952903,0.2019478670003714
345,B,10.139343629304681,0.43608857171000603,0.4475513211887154
346,B,98.66638695045383,0.40318652170187297,0.43928957274635794
347,A,27.531463942669706,0.45874035650908573,0.2366739759042395
348,A,32.92462670931147,0.3997240658387923,0.31937267702074656
349,B,34.807747084585216,0.30310957864875654,0.37070607203561334
350,B,180.0,0.4855607902412739,0.20794379633669652
351,B,9.69383503339355,0.45290474878799686,0.1361998619192766
352,B,60.55483448057505,0.572687098453893,0.307490862842751
353,A,6.782790674049927,0.36169672221887056,0.24535427271190346
354,A,32.39017900387614,0.34537529880317097,0.1460379887235367
355,B,61.79469384034575,0.30001278731957265,0.28444689464237005
356,A,12.4931056929782,0.31114886095098043,0.16750130978867414
357,B,65.98578610420455,0.46962623450281255,0.39110356782233324
358,B,5.534749978013856,0.5092240492106189,0.3304900953668283
359,B,17.70421031288992,0.3728902215671737,0.5319688452919026
360,A,9.168618213955376,0.4748384942697209,0.16366959412012044
361,B,21.450787392820757,0.6668743454004583,0.35416956991112936
362,A,3.016415668468291,0.46972267094426257,0.3542550103803792
363,B,20.38336295531951,0.43954467786782986,0.2746494764559886
364,B,58.447680171643256,0.3296240844917008,0.150274072359957
365,A,64.72035965527812,0.4328085615822562,0.2648211514939939
366,B,2.9322864996625793,0.4408746924148574,0.2133436061918998
367,B,68.1004760855749,0.3688669006346995,0.2555203898288911
368,A,25.09384951862041,0.5639915984598252,0.20579518053980653
369,A,44.33499192141958,0.4059746497007447,0.16232293251451485
370,A,58.52066705091482,0.4000690774952563,0.24265965664444508
371,A,51.17855125786889,0.3797741129670577,0.20311386865447478
372,A,28.612056239809498,0.43789846364846474,0.2254099107457042
373,B,38.88464193031908,0.31867095894838826,0.17761523956294456
374,A,22.088574353117234,0.5105921347327134,0.2896370165495225
375,A,21.219329938758847,0.35414695962102855,0.31925619969891417
376,B,9.877252369403598,0.4228128289619944,0.18900672060341428
377,A,45.98040616862599,0.4204697279855678,0.2739997035510789
378,B,13.329511690559887,0.4788003000255174,0.36648920840166416
379,A,30.72553715972766,0.34541776749887154,0.3178207475288667
380,A,85.11082381846137,0.37634841944889436,0.12891852426919037
381,B,5.339130420876457,0.29899955679343987,0.20230284289263004
382,B,31.95112910610544,0.5582282263788416,0.3072374687157158
383,B,46.99105656327668,0.36837426098501375,0.34584055940226865
384,B,45.230517959449614,0.5580450159251886,0.3091341329184437
385,B,170.55465107908617,0.43210821458898024,0.2249367587198391
386,A,93.4677114215111,0.2834162662703397,0.27061322832038254
387,A,8.415223219595967,0.2655010503654105,0.35079540297717365
388,B,18.248291047714233,0.33944999878717297,0.18204094753803612
389,B,74.66264766089867,0.4598867138828838,0.2718503109619669
390,B,66.76892303434468,0.4621070639328257,0.2757727938959892
391,A,6.590383955129282,0.4020583406494677,0.21068580263412434
392,A,44.790140012688155,0.40600263250675667,0.09930905088679774
393,B,3.290980294239658,0.3677798342259217,0.4856841536648913
394,A,16.12923963803753,0.35380750336127853,0.20649878583567605
395,B,138.28529333631107,0.6719269343309204,0.3000745596809747
396,B,139.25928246148356,0.3427003872565986,0.29320749054525336
397,A,0.843539381254185,0.44569489416952246,0.3053202698825419
398,B,26.246280964614687,0.4643427457624768,0.28739286437486744
399,B,28.11803468769486,0.4266152447544423,0.4226126909655303
400,A,98.77549739651279,0.36835840541082193,0.3526856974775981
401,B,89.05320588053318,0.31887337186122355,0.15581329082204617
402,B,35.52939288360932,0.49590655054291094,0.2881605111687895
403,B,83.48336723141372,0.42131348067596647,0.281336955189214
404,A,11.58065392865639,0.38650956454812196,0.17889403600057885
405,B,1.9132794861315536,0.5836057245944593,0.3578791040655915
406,A,119.20662340692643,0.30256579737027745,0.1940314103941575
407,A,56.873012535972094,0.43122990896459557,0.316215618370172
408,B,14.978233611596982,0.5297869239681368,0.23795079699514723
409,A,64.72053619846066,0.5094241078558277,0.18597559432742938
410,A,10.12374413178026,0.41290185929758527,0.2848235053343245
411,B,4.965047267259892,0.4233241452336315,0.47883889112203337
412,B,31.485953307435185,0.43547388456487574,0.42631051273925596
413,B,100.1125496870911,0.5851908323397218,0.16216804673875437
414,B,43.86078175639217,0.37869893150877776,0.16382252641699402
415,A,12.007213236100116,0.32559941839468276,0.17966234223667288
416,A,33.14762202962337,0.37632276257194636,0.16106516928694595
417,A,8.49882270855572,0.3304986981813173,0.17790488387903933
418,B,38.20254301219187,0.33830759904805324,0.13245128812300885
419,B,23.705496938182428,0.5892803310535919,0.2323694802518713
420,B,3.4176007305307494,0.4022373799449639,0.3075856018294283
421,B,75.61769417923772,0.5039941911773763,0.38363986409443923
422,A,16.400914513028177,0.5936937135833631,0.13889925746489462
423,A,17.451697489164374,0.4077614676890373,0.30346990715945776
424,A,7.826081782925453,0.5268156201870972,0.07954080047173882
425,B,43.979166812725374,0.388239869085892,0.1932487012243401
426,A,10.33394264507099,0.33121635150007334,0.17827808081730687
427,B,139.00374813162145,0.4245160669822142,0.4505004849606224
428,A,69.91989418889519,0.4802908089362967,0.2686813286367311
429,A,8.233055278413401,0.44694871949847503,0.30244015371329325
430,A,1.2991568856346685,0.40127908161547104,0.3355588734792118
431,B,29.4097771422832,0.26790061321914227,0.2201112040513823
432,B,26.69306362601872,0.32084168076077546,0.2899411189750922
433,A,44.662967684932795,0.3526387401860183,0.15785097586234595
434,A,167.80492517521688,0.18157698190845922,0.3741961825390815
435,B,180.0,0.396373839101734,0.5319668202169556
436,A,18.103089296744404,0.3859891837014036,0.31251422553601044
437,B,7.912825474281908,0.4764482884218931,0.2574133625466411
438,B,15.123459020869742,0.4199314441127128,0.45275638256155176
439,A,5.683811720169396,0.4719118486525104,0.31638566343683444
440,A,38.019205479972214,0.3816953234069681,0.4773830468237309
441,B,34.82707481169268,0.3364382285518128,0.3109860772342788
442,A,106.57061178393087,0.4025820695861544,0.25087113622564333
443,A,68.97433184699766,0.27625056841403856,0.27529591434380335
444,B,38.551787714767194,0.4023147966078727,0.4140896704827057
445,B,41.374309584140235,0.4251140000200233,0.15606669538437423
446,B,12.396628590977699,0.30405828425959125,0.41432315129931147
447,B,135.99125660743582,0.6062423501570168,0.2566212238928984
448,A,43.840203601812696,0.20243742403403286,0.29169187984291656
449,A,17.028851441432632,0.3418996145804772,0.18429311844338048
450,B,63.217186930389865,0.5684022693394353,0.41696727316696713
451,B,15.547948038876608,0.5058208155439192,0.1703357149762111
452,A,35.12810244086778,0.48152959129509443,0.4986985108150478
453,B,18.117499313284476,0.20934112335707003,0.33125894541479733
454,A,4.305580805539841,0.4181156428750443,0.21811678184961014
455,A,51.12648686188281,0.3095770186501898,0.28602199229011793
456,A,58.11000308612111,0.2614673578035947,0.1755016920471921
457,A,150.89900119278389,0.5328253656523269,0.09918295102682866
458,A,13.573899372678852,0.38280844563346567,0.29363389027088055
459,A,0.838298873248894,0.40524152994719664,0.2763683501910573
460,A,35.495821775218,0.4774470287463056,0.11875889087962677
461,B,110.40927130646566,0.4704176545756386,0.32839143331307175
462,B,24.887678565974532,0.3966439228269899,0.13861531965081314
463,B,42.26297054323682,0.1753205227242426,0.2595111274179476
464,B,6.672560174936802,0.46754593720678056,0.17817260868567322
465,A,55.209056552937454,0.7167480966785081,0.21767852607655194
466,A,70.31654975484064,0.41339936625779683,0.12646308778749663
467,B,15.079747458137895,0.4956262465432066,0.3315582377457934
468,A,9.690645801847815,0.45849193099246244,0.1846788802897168
469,B,28.019797944248502,0.441678021029298,0.40839941368185745
470,A,13.656449008494592,0.5967972613809238,0.23741546579145625
471,B,55.51067889381973,0.33071573832460954,0.32784335560073574
472,A,32.33931836889733,0.36333537876559113,0.13572064652822358
473,B,17.098150391376578,0.38136168567168227,0.3425099648215983
474,B,156.5761438905862,0.4728038857530954,0.28708926432152015
475,B,12.93446949257148,0.4297037482978728,0.28457921421705656
476,A,18.061861508985157,0.4040737915866331,0.15260997322909411
477,B,78.47691039721802,0.5103433914792975,0.2883053776869529
478,B,23.581931807974325,0.3189343404067997,0.2021984810595451
479,B,93.19257025205293,0.5511906472570489,0.2885336765587244
480,B,133.39683146744764,0.36353713421681577,0.4862937084810879
481,B,10.766252143893439,0.5526165137272574,0.2259005790735925
482,A,88.63978600078073,0.2823940903643164,0.29195490886283815
483,B,35.164735640610246,0.38493791304780695,0.4250625760538602
484,B,8.718761376426512,0.3271767197522347,0.32224039977018354
485,B,63.62622422788828,0.4174654494780037,0.3227120013100234
486,A,28.889918490918166,0.4718168168275144,0.22617124082399345
487,A,72.33000070913764,0.47788292360392337,0.40758807299760347
488,B,92.83089165226097,0.5184285021987985,0.31107683928436136
489,B,25.658072420461966,0.4551026609961354,0.3129059293320137
490,A,39.103977496522674,0.3619233308397226,0.32305954624217115
491,B,26.282103707732524,0.46303483716944005,0.2530042590852099
492,A,66.74410980002375,0.4496347036520108,0.2009172018866315
493,A,18.201378516528838,0.3389203480905918,0.49998395560941195
494,A,80.11461718062036,0.5080623274631986,0.40045357365812406
495,A,14.444724981191653,0.4750903304260163,0.2578040649072536
496,B,11.853651311844333,0.570346786664213,0.3410893289590154
497,A,35.54440845305904,0.2518690076372078,0.16480122588264398
498,B,19.034808781108854,0.33291793640021267,0.2669533933015365
499,B,20.353008975570894,0.1399047249231357,0.23535025580868957
500,B,8.793122007818498,0.37014887793069806,0.25269500748697654
501,B,19.291711503888884,0.27939568350746957,0.33531682689720993
502,A,10.836339139503684,0.39446636694815446,0.30420521263892447
503,B,123.6519432975901,0.491746779638541,0.3337469564618414
504,B,20.46794647103303,0.41783619132572897,0.4139709626252895
505,A,29.04121880843169,0.25896769081159005,0.3205612327434683
506,B,16.68199671370587,0.5830879233158766,0.306054733222006
507,B,25.248679375626104,0.41327023757373715,0.24221083161266294
508,B,167.73770926516767,0.37768874457347673,0.31868437838283153
509,B,75.21178280143806,0.2588756653406588,0.20933601253683437
510,B,11.716578245569332,0.5908178427333802,0.41281512941004905
511,A,17.234215181213003,0.43285137262075296,0.21088022994467492
512,B,72.62076555594744,0.3058691348190604,0.22965926132534253
513,B,75.57878985895054,0.32080826776623256,0.25613049315186426
514,A,13.959227801143575,0.6987078896405052,0.2612671119197389
515,A,153.48572196262697,0.3241823056604675,0.22458127694251623
516,A,7.849872533429974,0.4153886121963629,0.3569735355173505
517,B,155.92083166065103,0.3250316274122908,0.297775684697552
518,B,115.29857747303464,0.45360737319059646,0.30516386046135224
519,A,69.65973170374863,0.40215929458203903,0.3297374257854276
520,B,5.20186209236815,0.5296010930810189,0.3827004528544646
521,A,180.0,0.3296605117801856,0.23334872125516073
522,B,31.522025480501586,0.40119649619577546,0.31765723305709137
523,B,63.12807892613864,0.44669578295559625,0.2626805713670534
524,B,180.0,0.5214256468872253,0.24291283918013515
525,A,0.9045983508372107,0.4626263994745841,0.3337857430885474
526,A,54.03312427197569,0.6556137875911614,0.20677137548893423
527,A,13.120741618533202,0.36208813292758985,0.17913521465957993
528,A,1.8598623306470223,0.3620647404349325,0.23332674825307512
529,B,4.628016581928967,0.4670604813939166,0.4206008322871353
530,B,23.880179766339772,0.5385613189789037,0.29946050588512463
531,B,35.241153216976656,0.5257903540770374,0.35950411145521854
532,B,27.723620512117012,0.3455239774887837,0.39086302360618647
533,B,31.636739742131,0.5720799229632422,0.2361735818490421
534,B,23.95178755604845,0.5525502394927401,0.18723614345162673
535,B,180.0,0.5617956891835888,0.4643439817024501
536,B,84.54133249257757,0.40835117805712806,0.13792333249288347
537,A,23.20439502693883,0.5508508794493158,0.4142318571755432
538,A,123.15260527729205,0.36750794530207465,0.1434707750544223
539,A,0.5325682840443923,0.437797675287417,0.26004795879111786
540,B,69.3840664913063,0.29995996901823774,0.4058517848210625
541,B,27.49875397102843,0.33145553011015455,0.12689785356824074
542,A,39.890453460366345,0.2512717370609663,0.20070383935995117
543,B,110.91814930173686,0.40880772687783457,0.28008943480058873
544,B,5.095322707870714,0.33268147154756783,0.33803311597423624
545,A,31.317482039986405,0.3738302215298385,0.32417033694100844
546,A,92.99689619118463,0.2658082409575245,0.08768371410367747
547,B,8.049903768365391,0.3100705845285008,0.31291178419784116
548,B,160.17936241111806,0.45100576112923485,0.40665170233367076
549,B,43.52350800010451,0.666283863260556,0.318234744733817
550,B,9.032820692373548,0.4276766141008706,0.3086516173776747
551,B,154.89711900182238,0.4173024072278773,0.38792464685373657
552,B,180.0,0.3845764066186579,0.2160846148121983
553,B,110.90475884149139,0.36468060907334543,0.19169463084474933
554,B,14.172136397030357,0.4346079431036678,0.12000638075713434
555,A,3.948335372572489,0.3246980225221261,0.1757698975144572
556,A,51.48965402092839,0.33417395630868796,0.2464212749378783
557,A,51.28997173039417,0.4254594283929599,0.10040227728929586
558,B,16.973557394403006,0.28392565572618844,0.21312549465196226
559,B,27.170785261734697,0.3848606863920541,0.26563061680872596
560,B,45.026120457876914,0.2995024429136131,0.3031038889289481
561,A,49.76454040271666,0.48719416812282584,0.4833311246431192
562,A,128.38932525318717,0.4393401050644729,0.3735036859454009
563,A,77.94450822977677,0.21988994993663816,0.1845295863813783
564,A,1.9295564373947112,0.306924312065327,0.15455305530846006
565,B,180.0,0.5446428201130404,0.2973842368550327
566,A,28.661556464033612,0.3717825931952732,0.10706448936158965
567,A,22.83389356417079,0.4044594182743857,0.22994908144717366
568,B,162.5834816205427,0.5673132510818966,0.45663848388237316
569,A,16.707468062513712,0.19042081825072796,0.2990832640492674
570,B,132.08359914008247,0.47968310849415735,0.3873799282455267
571,B,4.862817414342722,0.49385299948181854,0.4350887531274662
572,A,27.012166576455982,0.5233275188337896,0.18459906325382738
573,B,73.59968815154954,0.5732378741008768,0.5158765285864442
574,B,108.90456451259989,0.5618995037461488,0.35677007182835435
575,B,21.079989094995643,0.3967877361521124,0.4068802754947388
576,A,21.817062018681444,0.3506521192738554,0.10257983082340495
577,B,12.891600714893304,0.40954692327281905,0.20241887581659174
578,A,25.479984825572245,0.3112538970234985,0.24603334989754883
579,A,174.4101464592328,0.41497418427685434,0.17864688864539136
580,A,4.176431151002468,0.24491979944757597,0.22196027744083602
581,B,71.7641437664201,0.3775654985538147,0.3089547006265055
582,A,114.93048199937053,0.2806864058075515,0.21856071023590906
583,A,29.447180516854917,0.3987474856090819,0.22204372486416168
584,B,4.952049175498486,0.6012483600729334,0.1363152737368876
585,A,43.98663839235467,0.3960980136329851,0.3662261269588936
586,A,79.78651630886758,0.5047462111873674,0.3823101065207378
587,A,20.115488138143004,0.23665603825222276,0.4136524985109416
588,A,25.32867218357173,0.5466247411910307,0.23839651856719143
589,A,23.706762291842576,0.38579113604464804,0.11309727724294238
590,A,21.130801104732832,0.3339892286178471,0.2665474839686809
591,B,147.04650298439864,0.6622941334824434,0.21935870738624075
592,A,116.88074145999803,0.3832411004543836,0.34957763381902335
593,A,79.45568160661486,0.5766581132282398,0.28802497353757833
594,B,8.824128777481913,0.5140128214717171,0.2522657580280232
595,A,5.1934878060388465,0.36503674758702165,0.2683561443153735
596,B,31.805122418547466,0.42379193183668856,0.3529283861597996
597,A,5.149234957279794,0.44457128027143505,0.3578314016475543
598,A,25.12746867292079,0.28062812939916965,0.34558788912903254
599,A,4.6741420647552445,0.35344611914212576,0.3446669546328089
600,A,43.4340125215222,0.489771436946567,0.2473134781049916
601,A,6.980611312450425,0.33545338003116376,0.34915359702719123
602,A,33.25165823256998,0.48090621725609634,0.156839775420741
603,A,0.32607616307742643,0.3768800665400174,0.3310020725459015
604,A,17.13013182225649,0.5937028466293244,0.24340247058845776
605,A,50.88121226665591,0.165330031459839,0.21449239948116716
606,A,29.777579185773988,0.24944205976392628,0.19312992695817338
607,A,172.30670239555488,0.5405267400257905,0.13701062753180837
608,B,180.0,0.5493917253925243,0.3836291963488102
609,B,180.0,0.4050140047392754,0.3326264017848663
610,A,93.25338704215751,0.5723905620149435,0.1764749760728514
611,B,77.79542498524629,0.5710091096242037,0.17078087070302686
612,B,95.03116027776514,0.5104467940682711,0.22490972568667716
613,A,20.017631154702528,0.5586143265147894,0.31258293623830274
614,B,177.65462805150258,0.643783205428188,0.16029282202087886
615,B,136.40623908826967,0.24651683304419506,0.31351534877234044
616,A,2.0949091125439265,0.5811322289309809,0.355050575452024
617,A,84.07705470448732,0.2289534106542219,0.19002851610788857
618,B,50.60372260634139,0.3541217702961401,0.2652296614488039
619,B,68.98221935956647,0.3552052663779694,0.4276241811391285
620,A,108.97897864790117,0.5023152412281885,0.1329809108483219
621,A,77.3230516046962,0.40231758535920215,0.2888613589471752
622,A,6.160880228345247,0.361117605836642,0.24697357183918534
623,A,180.0,0.43659833832688444,0.12461997908818835
624,B,46.84429937408456,0.5177002377637213,0.14588105169470658
625,A,13.463716793811953,0.5082066501148954,0.2055492966125708
626,A,57.96437070239282,0.2887564150034361,0.3898881596426199
627,B,36.72358786732626,0.24319132313523073,0.31676049365988507
628,A,107.38556389852984,0.6170327994567257,0.1807706584079396
629,A,12.095011684635082,0.3269184411728968,0.31029940382294374
630,B,110.61419102449973,0.3090420855681369,0.18751095993808015
631,B,69.65434463862991,0.23264481808403925,0.46095049843648567
632,B,102.16963374248749,0.44390923669390164,0.420793758795766
633,B,5.24302644485286,0.23853670099132274,0.1097577117267371
634,A,107.49514659217101,0.6858546258677437,0.18978556666203564
635,A,16.66406830504983,0.42808075009573954,0.30445226484237725
636,B,44.67667059359475,0.5649975362562235,0.2792805079597401
637,A,168.61810475122186,0.36211560949447796,0.3757364027397772
638,A,14.861503276500612,0.31335751031107806,0.26949930670234507
639,A,138.0115712310456,0.3484918473398395,0.11852856380512619
640,A,2.476416788408656,0.5630801043513931,0.3283722300013031
641,A,55.59152386348035,0.4361611698505852,0.2573534699445598
642,A,34.178601452740246,0.38449580788339144,0.4105326808805476
643,A,29.24335054720771,0.24910137493371312,0.14639938028244753
644,A,11.382809136671915,0.46714936927220646,0.22475009734292864
645,B,20.787347088718494,0.19966760113699406,0.35653028486731736
646,B,37.4556246308648,0.36940589199866986,0.3859211609916107
647,B,49.360547578870715,0.3909591886497323,0.3218234701783318
648,B,97.20024820415584,0.4341925194349946,0.1861142221521648
649,A,55.02607160394317,0.4828664205808541,0.5103947523696746
650,A,9.527440642960311,0.5018466021089466,0.17683350067267534
651,B,1.6846378680674585,0.6272352109606626,0.2808514484486026
652,B,9.313552401835471,0.630936139353845,0.5187657847477932
653,B,132.286216352,0.5263819485752237,0.3617228762321422
654,A,36.217927035605136,0.36706691047936707,0.1371462218768873
655,A,13.140837557292327,0.610653911340216,0.2827351749205163
656,A,140.17488534550097,0.4650605869305898,0.2860436279000224
657,A,1.3072077824394126,0.3208498289970148,0.18632878809969963
658,B,177.81321381180172,0.4892235580314507,0.2249235640668885
659,B,2.9649222330306744,0.5076577998774648,0.32213170895827387
660,A,10.026178160454535,0.31923524938037184,0.3354270172889539
661,B,20.963753537319015,0.4373484475033019,0.33919667466656434
662,B,0.5084362022263954,0.3557876219518536,0.2595757809325634
663,A,12.48667867253344,0.35539313973421516,0.2541606160176599
664,A,24.054805788075967,0.35990813134738303,0.2799879648104416
665,A,11.92125752702298,0.29921262964603745,0.029352222494815183
666,A,30.419699995033348,0.5179292370028176,0.26746559891019
667,A,92.67158453046025,0.30518644686550567,0.2503426721036496
668,A,56.02567663453371,0.4077459307366626,0.17712165719370435
669,A,39.03345221697858,0.47442496848002663,0.3119862434240968
670,A,4.19471415825548,0.3728415617355702,0.30331478649126703
671,B,73.66003907610401,0.5551344186929407,0.2516446629078833
672,A,53.2864974503147,0.41786514034603756,0.36034017530956874
673,B,59.56682167504395,0.4326834924645004,0.24933620593974898
674,A,8.190843471880168,0.520308581782571,0.2021371076019795
675,B,43.261989557403474,0.4054549182578068,0.515365301872566
676,A,69.4573873247882,0.21652389065688465,0.21202663110425216
677,A,12.949098899806973,0.32037426984143025,0.3160751122992723
678,B,61.18091271906094,0.3529361789084787,0.2037767956054039
679,B,40.13040559399873,0.3794234960252478,0.2987350274774816
680,B,14.191488376446875,0.6403992580201592,0.47092559141304396
681,A,24.284325516766913,0.5173980149500896,0.14781547585979987
682,A,19.41779547204127,0.1967096992514686,0.3379508045214775
683,B,72.99662813496798,0.3209495329531587,0.3022078204368726
684,B,79.51521741265762,0.18605843439430853,0.2908627319012342
685,B,100.12768706374102,0.5143364169529657,0.36354918649254664
686,B,160.20067421471515,0.382087599623529,0.17209121340618563
687,A,88.09544270856976,0.4782160461888823,0.2834396556769235
688,B,71.57845982664112,0.33670726235763454,0.17795898951597672
689,A,6.088412156124349,0.6459627007354439,0.19018229734307904
690,A,37.52517762482869,0.22717291977411114,0.20133308041573006
691,A,6.895034457751581,0.3174179713699625,0.23467115583664205
692,B,2.9168908007313656,0.3427192555309308,0.2956654680789123
693,A,54.90396365004124,0.5216426426383841,0.14587955410888478
694,A,105.96155056077878,0.31759222236822704,0.27389540718805083
695,B,1.0950554615858903,0.4333279711434562,0.31511660331241775
696,A,25.660591690419142,0.3512332118910559,0.2429099268044608
697,B,70.02197026613871,0.5149141412511292,0.32064639137467205
698,A,30.132488970444577,0.4589204953440793,0.33272482447408086
699,A,118.03972314318479,0.38564302542562345,0.1875999710180846
700,B,2.9995213333491284,0.49334573511440816,0.3109183815695366
701,A,33.121651678438425,0.31687601591862896,0.3478525119618478
702,A,30.08909972975577,0.3776493063840575,0.10820374627885124
703,A,38.858856004198586,0.24481958814001345,0.1804805599093863
704,A,52.59156038592482,0.19429037854335973,0.08498014159937461
705,B,19.745251135828095,0.5355299676240308,0.28818744234340243
706,A,5.0867148431817935,0.41576447177354825,0.1534659962469779
707,B,7.611114279988062,0.5375021873416285,0.34458711793874286
708,A,77.44442117728025,0.3736031170182983,0.2302593136027474
709,B,180.0,0.5786205932240439,0.41381964611679056
710,B,19.77943645547854,0.24899012171779603,0.4633124646090258
711,B,2.949742741638865,0.568753080445976,0.30304699031945603
712,A,25.7320710657397,0.1949436324772483,0.20788960596586734
713,A,3.3794624785856486,0.31329522633620827,0.3296645895204084
714,A,69.41849502886174,0.26401001559849085,0.13964374990897258
715,B,155.37151594623745,0.5039598485819009,0.15769497490659867
716,B,48.796496810732826,0.5164660452233998,0.1961775298964094
717,B,1.9124108966765903,0.48888547126728166,0.20716018273234293
718,A,21.290780751728057,0.503834837349908,0.22875036931010626
719,B,93.18013756301875,0.4972060170125258,0.29146272730888007
720,B,8.605912027262487,0.3629111525305625,0.36859799535034643
721,A,4.759601711838769,0.22773882989451982,0.3400255397477835
722,A,45.20332847923555,0.4696861902637504,0.18760480537188182
723,B,84.32809211574313,0.6058788518300926,0.45847091428590697
724,B,48.00608120424007,0.6298593407099549,0.12636954772589692
725,B,10.13683224257472,0.4637037955476775,0.2548795036193608
726,A,95.46114364525351,0.37378097698186036,0.11261864718628246
727,B,72.63052930693675,0.44736078822234226,0.2322583728347294
728,A,98.41761077020423,0.41647231046866184,0.3056627869761995
729,A,142.29472886193267,0.42158926932924934,0.18565037367294082
730,A,91.0226014555743,0.31866095889014046,0.24702147111921002
731,B,31.51520293638439,0.3489827490826711,0.35357102555835856
732,B,52.85227714751453,0.4765416349502226,0.29021257753101987
733,B,105.89751143844637,0.5093138825030077,0.4193719028280755
734,A,0.09644464752982769,0.5628221282759023,0.1539232982813162
735,B,15.678417697339587,0.6297604034814487,0.35164772529654753
736,A,21.52911846153206,0.627690156732683,0.3108864340761963
737,B,23.694378324866438,0.23430249698675817,0.31597198337029725
738,A,76.80304137736995,0.47065821779945916,0.23200025860593937
739,A,20.524746027638333,0.5257340674645481,0.16637413549719668
740,A,41.40762797560218,0.31526897822928407,0.1640728794056399
741,A,41.94941077693678,0.49318078650038055,0.21835750341186833
742,B,180.0,0.4463641785241923,0.24712694375047134
743,B,36.894481128931595,0.28539656543244285,0.23189839677561833
744,A,20.437655839356125,0.4841247458761793,0.3242794879252592
745,B,42.51433245696205,0.563114894402145,0.2879161873853546
746,A,105.67602251978707,0.5080965074927003,0.13229718081306374
747,B,17.476485877811907,0.44361781447171533,0.2368130647635067
748,B,27.97085005828574,0.6433522296772985,0.4365578429483948
749,B,36.20528603809181,0.5136236850467424,0.40764728199422745
750,A,31.48311626643636,0.24729953767738122,0.29182899676339713
751,B,15.548290015056624,0.44873337495796434,0.2886202781653484
752,B,14.143984453932328,0.4528104348762488,0.26673748635713845
753,A,28.128836701052617,0.44436039571950237,0.12664844042857407
754,A,180.0,0.437993545111648,0.23774181445146755
755,B,47.707839558887464,0.41847207390831254,0.3130426010478011
756,B,10.551520909914125,0.49113056046026565,0.17999936004441086
757,B,41.92350366081495,0.42900146739115974,0.1997168441811459
758,B,63.69499490838997,0.2802117619941454,0.0583498209638784
759,B,11.49033323472837,0.43935963093954417,0.2965155992194896
760,A,30.610425334251598,0.4459410548499923,0.3851902396319635
761,A,8.842477172721166,0.6115595936494913,0.16167292162346836
762,A,32.38351731639191,0.3439102696782282,0.22219506537634173
763,B,71.23693487739669,0.34677373421248076,0.32770598895336606
764,A,75.6944363353776,0.34502784328859076,0.2855141061469102
765,B,23.181291111639148,0.5970409952798599,0.19151726326145962
766,B,180.0,0.5225177701624918,0.3223460474030039
767,B,180.0,0.7632584555567791,0.3984162446917952
768,A,67.4980815064512,0.5190252024733384,0.21377218616647978
769,B,83.32665396466453,0.41487160199848744,0.36558309784910903
770,A,69.9262628175427,0.4546220982350521,0.10925667767692643
771,B,21.82161036179758,0.6049888720978182,0.4266314731610789
772,A,55.398731943550345,0.4154341543450751,0.1842051405844323
773,A,13.199477286846387,0.3773372491427425,0.19465893975377963
774,B,143.9340053414786,0.3322444932498533,0.460316847624338
775,A,89.14999937477532,0.500571786425024,0.24336642748982004
776,A,100.75858169137948,0.3864695793901511,0.22919711795317663
777,B,180.0,0.42696058406459847,0.18814510846527316
778,B,32.26156084404366,0.31920701258638096,0.35807930778487285
779,B,49.57919043592914,0.4337221667843259,0.255884577020246
780,B,0.3122598409814575,0.42863989811937075,0.14464399457183
781,B,2.3144789920203133,0.4272847768474762,0.07669735870435032
782,A,9.713745194505838,0.353810004695112,0.2380774197822892
783,A,6.290366611357588,0.3566380161769163,0.1785510220979739
784,A,167.10191091539284,0.31354884944197076,0.2901103811863691
785,B,36.10586292664294,0.44134423991738947,0.24385824031063877
786,B,48.87224097489401,0.2772954470887361,0.350787942132547
787,A,91.23347894093668,0.3932665984403719,0.1535058062979346
788,A,100.67111400453841,0.3729810039940654,0.3022787494719892
789,B,19.475967103188758,0.5481404069509389,0.19630501109467915
790,A,97.86887606124054,0.4052379708002264,0.42969034301558073
791,B,5.4284940596051685,0.4580578727246759,0.3111192882855971
792,B,79.27448799270948,0.41367992485287136,0.30905785157884996
793,B,28.214762816141615,0.47505670080343004,0.27745103772107593
794,A,35.109114220199864,0.29826929055957985,0.36087200782319734
795,B,54.41993537087587,0.440342404722465,0.200463413114644
796,B,54.62065095257121,0.5373854024728848,0.33449418080091126
797,B,41.15836966192226,0.43106530890218075,0.4160767210808888
798,B,10.223753600589788,0.48740213674710237,0.19647117952046753
799,B,49.78087818099873,0.5882865506111032,0.10194591941375424
800,B,20.214059121632623,0.4886147701765156,0.26952753423537157
801,A,46.78172368271504,0.48041539132066063,0.16107549249113412
802,B,88.91741228416267,0.5717106458583328,0.21617091994208934
803,B,11.16312952791612,0.1287242669014732,0.2763431204844318
804,A,35.4715044930943,0.2900910726881148,0.24577840710820958
805,B,17.893673354420798,0.5052738243436297,0.27082381550154766
806,B,30.178980673773218,0.4248145244142223,0.3376378797905718
807,B,70.0504558011697,0.5762630495663914,0.1237284282156067
808,A,2.365377415745463,0.43373368894406916,0.3285903804510931
809,A,61.580995481639334,0.5515070459023181,0.24187499149672992
810,B,66.33379520772841,0.4167908525095193,0.18159913294534213
811,B,21.379599554145525,0.5216299900973366,0.38530331039465504
812,A,31.674083215463014,0.38950424308374954,0.3613199010828173
813,B,37.1740628336754,0.3337327580320938,0.32746513733010113
814,B,13.877730001848134,0.2691282708048892,0.3459561084841835
815,B,76.50580056825342,0.5766385238361552,0.42982879643306937
816,B,11.390045740443774,0.4972215269325733,0.25680068078717677
817,A,46.94840787002984,0.3461889955936485,0.2364039802939549
818,A,31.42983496058156,0.37176491530003114,0.3052082074170889
819,A,30.460611942415184,0.29401663450145393,0.21186047866142943
820,B,88.98119026593726,0.2935305849710205,0.18978128082752707
821,A,8.481935624793078,0.39481440267907797,0.2815574650110594
822,A,14.702361935793618,0.36134650199517915,0.21244732805441854
823,A,7.784481426115146,0.35948616457134736,0.20543347715884414
824,B,143.648218739686,0.2965193072101369,0.2090510279662956
825,B,180.0,0.3989015494533105,0.3635719792426799
826,A,9.798346832507566,0.3829783049521096,0.35649827443427673
827,A,162.49864506721963,0.4378236229872139,0.0759931728769846
828,B,101.1215945918166,0.45905068972046215,0.3344810832116619
829,A,7.478483923733376,0.2835707622477276,0.12411316958985469
830,A,14.11703213247614,0.47031671999383484,0.13115192883946059
831,A,40.186680483483435,0.2145340329948756,0.39241222323022956
832,A,42.39299396282985,0.47637715869585184,0.16491263483714538
833,A,7.52424031549967,0.33144683692363064,0.5378143769078065
834,A,71.0328748792954,0.5489598160309594,0.12189596776194393
835,A,69.21275705937111,0.4224708148802278,0.09911376059332559
836,B,13.033380183126358,0.368517966227133,0.20896499865458953
837,A,12.191117517939523,0.41056354212339435,0.19028087410495403
838,B,28.014177841662114,0.5231426024097705,0.42907217290891453
839,B,4.837731831863834,0.5650215075749133,0.24892859911144793
840,A,15.327613083867856,0.39333842588367557,0.23580582313220314
841,B,9.348893054170503,0.5347874052211512,0.09971070399425527
842,A,125.11913376114818,0.4704876823625569,0.2816204937180393
843,B,2.6506732295038176,0.21937253979084725,0.11422577378008465
844,A,78.60660834408108,0.3785130855436798,0.18630261285467203
845,A,53.849538512876876,0.2806056593211991,0.41337745055235947
846,A,3.861538855736849,0.41657609338689916,0.34293212359206027
847,B,53.28324557039058,0.6249884264342386,0.22740761253322705
848,B,39.614994532394824,0.2916005896776397,0.20221716378952753
849,B,129.43159331568694,0.6038063776504882,0.21166166407716713
850,A,24.378240666618925,0.44398135595195815,0.20948453061074143
851,B,32.33211697465665,0.5140290471790853,0.3621649327040291
852,A,36.87278197973213,0.27601200929284775,0.33665647349313743
853,B,53.460127702444225,0.3782459817603452,0.23917648514528353
854,A,9.338858402328851,0.3716700525804987,0.2171685699908223
855,A,26.757800631298668,0.44927764353821115,0.18668400739496993
856,A,41.34864240255979,0.32983858479323275,0.3178602932384272
857,A,17.845641406091257,0.3052577947076523,0.20389363825798867
858,B,26.70156459088809,0.36866722659092777,0.20333174323473455
859,A,68.32942256887614,0.32317748526315204,0.29177136155694544
860,B,91.97593836133021,0.4866529737530442,0.2511316849765626
861,A,82.59278868580994,0.2812693716076345,0.23126499538144177
862,B,135.65656633495547,0.6398297639176196,0.16634738490661474
863,A,17.594309781467864,0.3007622989310491,0.34540413884066107
864,A,82.09006663113793,0.3608062445897235,0.27925744651972084
865,B,29.38840722258289,0.30613645488061025,0.25004366502724473
866,A,4.9204077824169765,0.3830146518912951,0.30386839022133555
867,A,81.8319649340899,0.27736527412254064,0.2312814917498379
868,B,4.488751591615659,0.3731957566322895,0.6181293778841548
869,B,9.28572277006792,0.496646293442923,0.32973379019906535
870,A,7.4591990094473735,0.22447118059791032,0.36857510188292464
871,A,3.895576595065485,0.5073141092588879,0.18054931383956882
872,B,66.29540347329947,0.4484296971117216,0.3591639850872988
873,A,46.19678073273121,0.3786733549566206,0.3210388529867156
874,A,28.73431695815378,0.5257638132284013,0.1203619425425925
875,A,107.31502270961563,0.45572191755950503,0.28693549490235637
876,B,20.45882288203064,0.32516154482084725,0.18499448164267027
877,B,80.02329013843412,0.37289122930204044,0.12049409573522278
878,A,20.30772053961661,0.31272310769603784,0.2865825314105491
879,A,15.23193455619134,0.31964658744599467,0.4149527547664985
880,A,31.25781333369122,0.34901168319435943,0.31851886730241447
881,B,72.03732147701935,0.21658445049658748,0.263273235567174
882,A,27.391820120973037,0.3340241344826669,0.15565942795525134
883,A,19.00112456215933,0.4189929938427982,0.2464257415991709
884,B,61.62813831674936,0.31680320831356984,0.3038627218651183
885,A,53.24962973009419,0.21054939167110187,0.19084721631994783
886,B,87.52511721500812,0.42221949780193674,0.31765821979149467
887,A,64.13815476741541,0.4395596716529109,0.17639521244905124
888,A,86.27461397696798,0.610171840448747,0.23361190369224374
889,A,162.2979688325604,0.4895862419982726,0.06220361343671501
890,B,73.46912609357258,0.4316612770525593,0.20980048513806734
891,B,52.066100856566315,0.4889281511536952,0.38338346253484984
892,B,0.22028076125153523,0.3289061186659179,0.3656792077476519
893,A,13.95632902275771,0.4420945193866042,0.449205879140584
894,B,37.700190794993695,0.3706039632065539,0.33953089701501243
895,A,56.65996164169078,0.2791930297251319,0.2800414437672761
896,A,22.55856817111262,0.40199988356826755,0.15679961571130416
897,B,47.03362738007733,0.5900659527350705,0.25391488964217446
898,A,50.86605469942053,0.421534124546553,0.19206156523902035
899,A,29.08028939354616,0.42350831505231007,0.23839835003297258
900,A,180.0,0.48270007840294693,0.1744045212252116
901,A,58.737393033665846,0.4097132977758707,0.18461653620392668
902,A,137.10790961820734,0.5283333829861977,0.2537877563357432
903,B,168.22806722577056,0.36471694942407984,0.2568375457980556
904,A,81.0731373079356,0.6441309444122489,0.3780482431393456
905,B,54.66242041401998,0.46619902815783504,0.3309179621722746
906,B,44.552635399264034,0.4913768314943897,0.3179039501490561
907,A,104.94109428156136,0.5301136083921375,0.3492897475844678
908,A,75.7919203761757,0.24182547075069225,0.3256579947818005
909,A,27.658358306059174,0.5003928532289661,0.1539361242259216
910,B,40.51462870446892,0.5045001592343978,0.29126051012495713
911,A,13.053128607517642,0.4518535780694343,0.19325037649854582
912,B,5.669357599101547,0.5638170227936093,0.3518599012115521
913,A,20.814471170208094,0.27343264440682497,0.2979181620734089
914,B,29.013501831142598,0.28113745750675534,0.27540435970112326
915,A,0.9199705540441939,0.4791172899221592,0.179867151802867
916,A,33.40453818545597,0.5725064351846044,0.2709127288164299
917,B,7.502621628296649,0.47503016904498097,0.2026391237933189
918,B,2.815127721254546,0.36730665547892766,0.2305677360985408
919,A,31.649143115449547,0.42815398242011293,0.09346892193297224
920,B,20.78365274598268,0.3826481739401588,0.21161600579381484
921,A,33.52355587782186,0.4497848974455322,0.2875703774228678
922,B,53.9179581962371,0.4665653351673312,0.4031586858726058
923,B,104.82594272491374,0.36787263571687706,0.18142454419339057
924,A,164.28871904200074,0.601673503739348,0.4529260386370198
925,A,109.09049071545576,0.3317530757659151,0.37583513039111927
926,A,7.937752077066462,0.4619451949313635,0.3660624196491291
927,B,86.45825137455958,0.5816337617329499,0.3845431688550119
928,B,18.15411752608771,0.6652049147269283,0.3425237697591289
929,A,20.711846500653397,0.3018619678647299,0.3152187073371324
930,A,24.820719473666365,0.34061264305803735,0.27107022671438336
931,B,2.448579267710772,0.44989603898299446,0.3435451902466237
932,B,26.795560586753624,0.3911027717966873,0.23597313903747172
933,B,19.656743038719462,0.41158857590255543,0.23188461382793182
934,A,20.120406014053412,0.2949620666809143,0.41205200492007593
935,A,72.08756397241493,0.5302296244376757,0.18585476577100454
936,A,33.408745481682324,0.5276423784921824,0.3174846963816048
937,B,24.130323083969746,0.39744429553358035,0.3866116278719017
938,A,38.1989397520408,0.5535613942985014,0.4755027339775059
939,B,42.584608790498535,0.3467681011645038,0.3874017355808931
940,A,86.2836720511809,0.5032908839502573,0.4213273610995049
941,B,1.6060517710218827,0.3105417109608232,0.3980278753756864
942,B,24.092391688075953,0.4493665793199772,0.20306382443098026
943,B,42.52972106625663,0.313260975213594,0.15787673193016283
944,A,73.77870803666092,0.641562240490434,0.18528788727208037
945,A,6.381327775685829,0.48665917810646375,0.24030204384349801
946,A,56.31591850655372,0.36780138034696175,0.239272142649949
947,B,29.318829944856336,0.5664620252240863,0.5900404095987354
948,B,57.215628150630344,0.32588987767823124,0.2981108566483597
949,B,10.709755296326694,0.30625893728662307,0.2486237618087222
950,B,8.685703492701458,0.5624436061439659,0.2668544338333433
951,B,19.135369330370608,0.6023371715704645,0.3231049072466415
952,A,25.726578996258343,0.31034375068796377,0.35577342187439015
953,B,5.578754673048331,0.5222543243185197,0.34980694624562925
954,A,15.707681563283476,0.4583729835180234,0.23626148185220372
955,A,2.309089772690372,0.48794592133843817,0.20452374276904278
956,B,14.015576094863032,0.46969485636732083,0.4427097054319002
957,A,30.058471106358546,0.20066100210889704,0.3668564117732974
958,A,19.763199713249154,0.38338208552692843,0.4596767084996157
959,B,4.727567373774474,0.2489123655160484,0.21068597779130488
960,A,13.036567335820136,0.2156156288844909,0.39997493687483715
961,B,26.734620868034785,0.32507137726946916,0.1543963297552864
962,A,53.38655031433581,0.38418639146282313,0.13105288825765427
963,A,66.03484603323902,0.5067297140545043,0.33806769050958185
964,A,12.634145362949246,0.48065006547040223,0.12782823506452562
965,A,2.2820318044695878,0.1869280268537911,0.36482884378580105
966,B,64.63121302279686,0.5075414686475138,0.3590529201567235
967,A,84.99775667433069,0.43357916810458463,0.3959611027883284
968,B,17.556563190180942,0.36930507572211396,0.29778641003873146
969,A,0.45043520535538994,0.28434011869684933,0.25526090743317337
970,B,0.1943703840177428,0.47066175030386104,0.29441689243358643
971,B,42.34556273957337,0.6502156063503508,0.20161463652938255
972,B,61.22821807726458,0.33353869702828415,0.2639373378251169
973,A,124.4883494928389,0.28453119600788856,0.14493973733264817
974,A,44.452804603671424,0.45437692915695016,0.3468910788323971
975,A,17.477181668409294,0.3596720258905677,0.11347241210771027
976,B,25.815729106295954,0.43973328074269286,0.41501679495086674
977,A,12.734862491731535,0.25871799084436026,0.13011704788973172
978,A,0.40709071684401593,0.3948661414704534,0.3934059221466151
979,B,18.324708833820093,0.39857956301808983,0.23640424395659568
980,A,12.082313992093589,0.41348002996412364,0.1459878813884262
981,B,35.078988002094626,0.44214804801961044,0.30126940926806545
982,A,6.668318813685447,0.25225063705719675,0.47455412089608007
983,A,42.62302957840539,0.4039664445879649,0.35323399269485267
984,B,5.5504212645924405,0.26062318759323905,0.3363771187180037
985,A,8.197932314727977,0.4183309172835187,0.20561158266072052
986,B,53.696100764040374,0.48825074505948357,0.23471707439209977
987,A,33.84502137287081,0.4957562408058419,0.1185017745484999
988,A,40.134695244521495,0.5382447837001575,0.15584610995257325
989,B,68.72424817082548,0.42764656743302676,0.27556877893704534
990,B,63.41549572175834,0.5911604448805973,0.3515530824443107
991,B,20.72147489511269,0.43199536067655653,0.15640518423700478
992,A,15.924657423380244,0.3805437259274973,0.3671586693508505
993,B,96.1827499397204,0.46273466480896136,0.2550814985905688
994,A,1.6062518065870335,0.45383554975132545,0.5236398713504199
995,A,1.7084491674861895,0.3596147656686311,0.19688135475893512
996,B,152.59993024661892,0.5238888285666895,0.2846331852919078
997,A,1.2015289274887642,0.3967397696933158,0.4217004759180719
998,B,18.330206601540098,0.3889373681159528,0.28963754258677893
999,A,60.4670686936018,0.4952344331816459,0.29088141186071104
1000,A,17.223293302780945,0.5045358531993714,0.2602247398339434
1001,B,15.848894778284306,0.6027196567397489,0.34908895242535093
1002,B,63.32316561402651,0.42717367962246944,0.47330723439424677
1003,B,64.06231290001712,0.4122295276345452,0.5863301033028231
1004,B,37.13851090826292,0.3684317680625748,0.34342870452754504
1005,B,133.5419492016949,0.26111704996206014,0.08605588728834994
1006,B,8.226037790686625,0.5156566706030781,0.27072888277626816
1007,B,33.74154974922041,0.2622397489138082,0.2689082155574009
1008,A,71.59985409143518,0.44066886838291686,0.29272121432293713
1009,A,25.432361563359457,0.5176378058244917,0.2885379033254076
1010,A,27.148635206627002,0.3950152900160827,0.15281231428734815
1011,B,1.8637619122797209,0.36114669447033726,0.2695579547062027
1012,B,2.8128327851327257,0.24789505143840715,0.18889200571993162
1013,A,32.3662555053806,0.2880760866897132,0.2877814172074948
1014,B,2.8693231887195654,0.5316314146782048,0.3944348522976774
1015,B,35.196560682499616,0.5357052346970067,0.14962293388626297
1016,A,56.177220299576504,0.384187565285565,0.30954130230616483
1017,B,46.231942769844274,0.4732652550413569,0.25088202580807595
1018,B,0.1816667842522856,0.5774020148497905,0.20628432226044305
1019,A,14.378433330900526,0.38763573518419425,0.16551997877957797
1020,B,52.060228362612534,0.4334831242268322,0.371739097876283
1021,A,5.83374629769998,0.4391649878469539,0.40283109668847994
1022,B,34.98341417115799,0.35435356745061136,0.2052178645782508
1023,B,13.174069475624904,0.47128291595962707,0.3081977237227205
1024,B,0.7911950672399688,0.5168057753428414,0.37549754796930535
1025,A,36.542693619109755,0.33189454021333487,0.24935304367616243
1026,B,8.825703461095566,0.5405444404107673,0.217309082066485
1027,B,47.69032663111749,0.45106749255864836,0.4506750564498792
1028,A,17.81895152800383,0.22777101609844502,0.10202185799052169
1029,B,55.92102363791595,0.34860659078665085,0.21907042018020692
1030,A,26.29247377071315,0.41715587921594816,0.15607779769260702
1031,B,54.155951900931214,0.43686861203386596,0.1872512724094476
1032,A,46.85113195021606,0.49496995111277875,0.14689197693007194
1033,A,30.666021338482782,0.34120157875705165,0.200720690565105
1034,A,43.5743111153462,0.5370677056495112,0.3529730992281153
1035,B,8.644804683268074,0.6527567890113335,0.21003419926127959
1036,A,35.35655250634811,0.47077021141877323,0.3101060308061788
1037,B,125.91955145618601,0.6482139420246935,0.2540057933193124
1038,A,60.583084633560595,0.4221787108759469,0.11735317047765081
1039,A,55.078197698874725,0.30075664727272067,0.1380380204458338
1040,B,27.52088193202339,0.29561470655133326,0.36437222117293316
1041,B,75.97459473381163,0.4028996374155036,0.19614332855125577
1042,A,34.37897494751687,0.17914250382026506,0.5233192186164184
1043,B,9.469132882153824,0.550050786017593,0.14143866839535016
1044,B,33.06949832524049,0.6409752452705442,0.2127917087684836
1045,B,38.33145300026133,0.6959725852874734,0.18831387519762022
1046,A,51.12054386001146,0.4521612056460421,0.084086012385619
1047,A,93.05929107259533,0.4311123290970112,0.27237778640692817
1048,B,76.50353011360325,0.5906670463939241,0.33669529774766954
1049,A,25.475021716626166,0.2968290089616574,0.08170283394504461
1050,B,50.52264015571379,0.416926770688634,0.2024353350967418
1051,B,26.502516601668596,0.45343569679486734,0.24344985614956013
1052,B,17.2641429185304,0.6700367936353374,0.17026565099303836
1053,B,180.0,0.5825762335443154,0.2559621960364657
1054,B,17.410411218161688,0.42054126318078366,0.25996762593757433
1055,A,23.954711249292796,0.41442888953369705,0.14633630148863808
1056,B,7.210193167765584,0.4219450114482232,0.3018989557207069
1057,A,65.02341520140837,0.4750668390463986,0.4083773591883452
1058,A,39.311986230220946,0.22598336345318823,0.2505937405761191
1059,B,18.578060469144475,0.4303699766195277,0.3578607336241383
1060,B,20.587603452677865,0.534113876695001,0.39149544575399126
1061,B,7.113847237200681,0.42110326361695155,0.39485919200894304
1062,B,64.03792336283045,0.5478913481791023,0.24986490043027695
1063,A,3.314422737207341,0.3792021796920045,0.10183958651417072
1064,A,100.19977975928416,0.4309868205015746,0.1730127357648042
1065,B,50.20023350594602,0.612973395917971,0.3137331178972677
1066,A,1.4070084947552488,0.31383339945410604,0.13990712331168112
1067,A,62.09551223043851,0.4440724259266848,0.37659353952421265
1068,A,63.99470387003199,0.45153727200194366,0.1990399974763176
1069,A,137.6988296140437,0.20850017314857297,0.24859640029734514
1070,A,2.504466035470765,0.2964462502259535,0.2494688850916786
1071,A,40.880861817337085,0.4560627994998052,0.3798145937537418
1072,A,25.12519216912403,0.3676216517142455,0.3384239881302557
1073,A,18.06402248375668,0.30950687194019755,0.40971070470296694
1074,B,19.79627454083251,0.48135604703082147,0.37993098203727543
1075,A,4.259736315965549,0.3974218950534839,0.15822345593355855
1076,A,37.21639089518038,0.4879823978276003,0.11866317048315203
1077,B,180.0,0.6385575722754111,0.24596673508445277
1078,A,29.343753385446494,0.2798673122128519,0.22492974339143504
1079,B,55.34063384712301,0.42483850810878127,0.3535051462341724
1080,B,63.1616717021903,0.26293219929431605,0.3444234267193954
1081,A,4.969524260379089,0.4199172061445774,0.42375929592535727
1082,A,42.66055584432948,0.4009255199248706,0.06736171205565361
1083,B,42.35909062707976,0.634133176267264,0.40876257981520375
1084,B,41.704689366464905,0.5341241838851883,0.3708228630817871
1085,A,60.265433740269,0.4272726114867103,0.2813372020099672
1086,B,1.0517222858422455,0.3611779326848912,0.39901302657573
1087,A,65.60603839951183,0.4001918147587864,0.18337876566192113
1088,B,76.62845259049818,0.32350508399013633,0.29989429661687245
1089,A,106.10164894084693,0.5857362431853057,0.2069753918736887
1090,B,125.64293689591051,0.4243918605621174,0.20439605331304234
1091,B,6.7812882012311455,0.5250301921379377,0.21955802674447011
1092,B,82.56692835607127,0.3283136574315519,0.2896917387665243
1093,B,39.739891210682245,0.5053818932466833,0.26062534551462746
1094,A,23.70312434443575,0.38928890098347524,0.3009670236797494
1095,A,137.6620715535534,0.4106327490651053,0.2966128255890432
1096,A,90.25498567630042,0.46473028218326706,0.5229103464411999
1097,A,15.826033601294803,0.3581873106430481,0.36288204990713613
1098,B,17.467071623367993,0.5563134701751954,0.3263146130245706
1099,A,7.807510090208373,0.49202872794269986,0.304232238231142
1100,A,25.722854195744677,0.4040351996735345,0.21605617002054683
1101,B,131.91573224424963,0.5954600918130919,0.4520465610738566
1102,B,0.9112244174874378,0.3256092082284938,0.37553096468445135
1103,B,16.654868165034106,0.44282546257918604,0.15273457277536776
1104,B,113.03503802618175,0.5321140568808788,0.2887663671980087
1105,A,23.129781960890384,0.35529967351796465,0.2894222207273734
1106,A,38.58120121759357,0.30434704578235383,0.1880228238936384
1107,B,34.105724766130834,0.4161643291918944,0.34339452899793654
1108,B,47.507141210091845,0.5417209190479741,0.1588108713400222
1109,A,39.40180663501312,0.4947545520059058,0.19360464927787627
1110,B,72.03907201939228,0.38522883682097636,0.23586255683517615
1111,A,62.380903499774796,0.29538616242111265,0.3435273631586189
1112,A,32.09063929184264,0.444003070265218,0.32121802374240616
1113,B,8.327164859430006,0.42314106763209564,0.4061107224590591
1114,B,12.59932171221698,0.30648507445991047,0.2231303974208598
1115,B,180.0,0.44640886776587446,0.37082757165912106
1116,A,4.983003620687137,0.4434220340462435,0.14566374949871103
1117,B,14.096718887784998,0.5760109948216345,0.39352321960557407
1118,A,87.92918944832951,0.3059733811641841,0.20602124176911438
1119,A,16.682515010604085,0.33516858665002963,0.2408185108228873
1120,B,40.28942365489305,0.6054611701952668,0.48206679180143797
1121,B,18.451154271507935,0.4951895250748035,0.25737831149461116
1122,B,99.14473288715182,0.2462232103174566,0.30782885338530586
1123,B,169.71573400391912,0.721966434744844,0.37089008691923325
1124,B,7.92099500728151,0.2926577800354389,0.37490781599952744
1125,B,47.72172165793501,0.4253860855605527,0.3865363125280721
1126,A,159.7846351082469,0.42143206982035986,0.3180303351908157
1127,A,5.643208287587717,0.5064208969007895,0.19730751667548546
1128,A,142.9237757477105,0.6070938022137451,0.3181818506735502
1129,A,4.294042819140148,0.2233408510905674,0.44047649084705964
1130,B,86.79129498893519,0.5017661525397558,0.33119843770502555
1131,A,11.822008680446622,0.2939708465621788,0.14429353226412558
1132,A,2.1464864160552604,0.2682226833217773,0.3105338990417575
1133,A,54.95235948649952,0.4482207995966124,0.14163053683222848
1134,B,90.05167479708847,0.5187860508166292,0.42529873853616984
1135,A,85.46010965360905,0.35692097648231685,0.31311346189461164
1136,B,30.192149203130132,0.48065857251496386,0.24370874391238076
1137,A,25.617905771079705,0.43851684536415575,0.17813000359526313
1138,A,118.72649784622124,0.2907866374506402,0.3248752331797186
1139,B,13.279654436387833,0.37376163280155683,0.3661913942502224
1140,B,25.46016894510515,0.5601434041422719,0.2366390655323412
1141,A,40.154752294350274,0.3529181559528558,0.18854767480761078
1142,B,72.32762471533279,0.6158980900782347,0.24772487860421474
1143,B,180.0,0.5598050193857516,0.25802140044874133
1144,A,44.74222013341926,0.29925284392051327,0.18147521990212057
1145,B,42.020419243763456,0.40018704851941606,0.17215807835507366
1146,B,11.287513037455735,0.561660081614816,0.3961694265250733
1147,B,2.2276493297966335,0.5637564035040842,0.2694554771089002
1148,B,149.59777541740797,0.6572452299274699,0.40515184426790585
1149,B,34.308384633407044,0.55392378122035,0.21589430096427306
1150,B,65.56524428102148,0.47180664490610663,0.22162221036934293
1151,B,56.1257974934444,0.4671757389436107,0.2578483323177453
1152,B,115.19181513266827,0.5098080804255797,0.318508369591351
1153,B,16.087221998819583,0.37933719775179,0.3581141432219755
1154,B,30.31053050643548,0.49588006012112773,0.3640206046488777
1155,B,127.34845464511805,0.43260042835529566,0.2549837273394909
1156,A,84.01672588524822,0.5676334423818625,0.2555007861721924
1157,B,45.80503914677543,0.40541452672072487,0.24670542306768425
1158,B,3.849866325540254,0.40055170523411626,0.316148485336701
1159,A,15.845140089422575,0.3193853448688969,0.056155194697493756
1160,B,11.246166479140136,0.4407912663236939,0.258769876427782
1161,A,19.681523691515594,0.32994995032438545,0.46363609048118803
1162,A,106.37771082989818,0.5206903939094699,0.1993877065167275
1163,B,14.080512792742327,0.2784441190695901,0.3318251954971063
1164,A,104.05200464682407,0.4264342300243508,0.31599079154215687
1165,B,180.0,0.4158303239421636,0.25958020850366154
1166,B,13.196658058437295,0.23572497869089254,0.1994906590720958
1167,B,105.96526503619882,0.43508065789468253,0.16795765749259284
1168,A,168.7509989401406,0.42842190094741833,0.3666889799476614
1169,A,104.45126974028284,0.3270672284478618,0.18083972684914715
1170,B,4.2283177361195845,0.6010869208837761,0.42830668276423467
1171,B,10.428680605130232,0.5908002070068332,0.38103998318628274
1172,B,106.92013536301484,0.5236924668663128,0.27621751561607943
1173,A,6.131068743938663,0.4431441073638123,0.21435717556987047
1174,B,119.18431286326056,0.46353308419291905,0.19973287328248934
1175,B,10.078793258832466,0.4287899734393742,0.5165966244964142
1176,B,13.58098632719356,0.45013827626752884,0.32003634370881834
1177,A,78.10676791528786,0.3536659902195835,0.24488148907961518
1178,B,39.32398086948478,0.3114656848421757,0.4165905417587104
1179,B,2.814315398040285,0.5977646380211181,0.3587399051566475
1180,B,151.09131274668977,0.40019796484236125,0.3355111403007541
1181,A,23.7311556135066,0.43606541012112304,0.2900317277860831
1182,B,23.37593760493706,0.4622710173796338,0.3729270475390962
1183,B,34.94136783526839,0.19642804595522878,0.361867295001021
1184,A,180.0,0.48214598455386043,0.23314339001577034
1185,B,5.771250692600824,0.22119620509890311,0.22783165074430548
1186,B,1.7204714299791726,0.38870113192053707,0.25885462936791864
1187,A,28.76360698429131,0.41046626742131076,0.19282829186308315
1188,A,36.318098990791164,0.5573727274499324,0.3493586811007746
1189,B,32.79991978012622,0.4615009887465822,0.302013806853837
1190,A,33.954470784309414,0.4605899014134261,0.19760246043627508
1191,B,6.745955191651396,0.14559221992201649,0.4261658154642164
1192,A,17.469909210358477,0.3918402359645646,0.19466153388949334
1193,B,51.745926128832814,0.42431433123847606,0.38211372771506336
1194,A,3.509343973758451,0.6255634516755508,0.18807976664820075
1195,B,82.27534992831127,0.5230276207531717,0.48502686297252484
1196,B,1.6735424913177792,0.3519653122129158,0.3331849688705155
1197,B,49.26082531497628,0.4706731502313091,0.3798400319567837
1198,B,87.92123846335079,0.4166695501006454,0.3627298091699356
1199,A,101.70073964855314,0.2247410235911315,0.37582906074376177
1200,B,30.097472676542612,0.5311174850835999,0.2949757690035201
1201,A,73.03082764958538,0.35874014478410127,0.20621839532431502
1202,A,6.762275365782061,0.4420411957846839,0.19534113280611218
1203,A,67.4795207307749,0.43613567756394933,0.08478036382675413
1204,A,44.23903117947495,0.16725203692346402,0.27147364297367566
1205,B,166.9990163317058,0.471790197103538,0.46354940044261367
1206,B,6.129620126702544,0.3474326168269785,0.13326615732977445
1207,A,23.678216421579382,0.36124115256946343,0.3163659049363044
1208,A,13.187611312843355,0.4539816626041302,0.2020844372953614
1209,B,20.28317497554566,0.40223720272916763,0.14420643005602649
1210,A,88.38798613848073,0.4169954879472387,0.2009998815158931
1211,A,54.20702395287405,0.5267602977047402,0.10053934998677962
1212,A,35.707402940082005,0.36084488840367274,0.23846397974653288
1213,B,13.596035208715174,0.44144948626685904,0.37793575797584694
1214,B,180.0,0.47707399811510076,0.09585670308381485
1215,A,42.3226272620632,0.5623001622540802,0.17505258685550962
1216,A,4.296734776188642,0.3724096956058001,0.23204168531006214
1217,B,18.11627304160996,0.4834743404402859,0.19697204989286032
1218,B,25.526972196216565,0.24785159192752462,0.2757117657653866
1219,A,28.903568943696342,0.4849793741653144,0.35660562456796635
1220,B,97.83045177223902,0.43000587547038016,0.35028466526049906
1221,A,9.688489218619386,0.3290644069559641,0.5008554763264832
1222,A,10.51553014835342,0.6411521362028241,0.2520838018132317
1223,B,138.25442063108798,0.5875702173606965,0.29821034917341166
1224,A,48.719349798361,0.37150563874366055,0.29178863029541313
1225,B,144.38071626124614,0.4422152151389959,0.3078910522407913
1226,A,108.99005262623056,0.5256660780683954,0.4130236433003593
1227,A,23.26978456187316,0.40175080618483316,0.09627671751445706
1228,B,42.47493365073381,0.27465462829867665,0.29069674823873065
1229,A,10.479481325427646,0.6116718959872216,0.1383055603297053
1230,B,56.60561733871398,0.5761800945719963,0.40037929829425056
1231,A,47.08117524425617,0.3060802779764256,0.19209236919794168
1232,A,92.22272543495639,0.47237753617055867,0.20351492896289952
1233,A,62.08164342828871,0.6071910909587135,0.3735126277503367
1234,B,22.334491959684982,0.2839273809815481,0.2979439970355472
1235,A,91.38179109737122,0.41457520457961505,0.2563159725137175
1236,B,48.58618128912855,0.41762214226057015,0.33574328035026474
1237,A,34.60800840711913,0.4338257247577112,0.27397131964362437
1238,B,18.75164107646348,0.6493949456195793,0.31891219012401906
1239,A,62.72224391894382,0.37401141817949285,0.3776327515566172
1240,B,71.26769818509388,0.5597102502653302,0.4370673584469821
1241,B,19.085483261196707,0.577196689767539,0.26733465852499405
1242,B,109.9989690812901,0.49612590887945623,0.27260613373469167
1243,B,8.053871874789346,0.3180078181542538,0.4519570123769051
1244,B,44.10519782721677,0.47994255748170556,0.23114297164292313
1245,B,38.23962740729752,0.42695640714649113,0.2144349327752143
1246,A,6.790408270849028,0.23184383728326965,0.3371171348544557
1247,A,19.265939774456463,0.23345065562800033,0.2654245976427385
1248,B,15.919351115145922,0.24468808278447854,0.38479509652286226
1249,B,1.4768855118737303,0.4426555145197107,0.3603026504701685
1250,B,8.361357726967722,0.5437375781565031,0.3735623324111722
1251,A,22.210088407896528,0.49608674016483534,0.29575329130282757
1252,A,32.21989967342386,0.3717591789369683,0.3067190452649184
1253,A,119.07681647747638,0.319228206534147,0.06699926885114037
1254,B,178.9057136894115,0.3204860417295634,0.3803420893337362
1255,A,93.32234094517311,0.7347263166628785,0.2844586688120394
1256,A,6.501481138298675,0.25018592632204945,0.301058521446632
1257,A,8.536331947182733,0.3550488757793751,0.36065393161740467
1258,A,19.917325816512477,0.16657756891617992,0.34012615535804214
1259,B,147.44041972239208,0.41223510914029526,0.3242013740189702
1260,A,15.459235047179886,0.28097104814526885,0.18381552338121507
1261,B,6.606030828600693,0.4240047482599314,0.23322608987346258
1262,A,42.92627376268495,0.5119063990912722,0.18830809250893427
1263,A,104.88321790637566,0.37453541853416694,0.1182334175630296
1264,A,147.50418828939846,0.47853128122005323,0.1325581890993293
1265,A,47.70763316168612,0.5337331343015352,0.3006071240017753
1266,A,81.95139682372454,0.33712850170390984,0.21637818563935854
1267,A,33.51898126230128,0.2455146194992653,0.31523558445423483
1268,B,24.428558567385483,0.41121153948693207,0.23781845712265043
1269,A,10.512305284044773,0.3874846571938474,0.14684334852086672
1270,B,32.53771203120479,0.44038234754150996,0.2420040943432267
1271,B,33.811725950170676,0.37255313872419515,0.22043919129341064
1272,B,18.45950042708149,0.54724160718821,0.320208281084977
1273,A,33.470312195911674,0.4469618711237681,0.11500036491574755
1274,A,36.443998586423255,0.44710717290842794,0.3823551583375119
1275,A,61.04568479785127,0.6587333864896612,0.20952365272226903
1276,A,11.174011080914143,0.6389466145942724,0.21277322191083783
1277,B,126.94786800913928,0.485640763476919,0.4046667045404208
1278,A,20.671070236490777,0.4403530457598519,0.07109517975841642
1279,A,20.36699582236632,0.3665910407643861,0.26582921932344195
1280,B,124.34830642099246,0.3077122622970659,0.43393459403565154
1281,B,0.9937125257227258,0.2960041781851418,0.27307988283922624
1282,B,54.590954836921775,0.3694174106244493,0.17565034639605023
1283,A,144.22333287667834,0.31551514510475553,0.21946058420079118
1284,A,26.409959883577333,0.5375000305192058,0.3013295191302125
1285,B,4.018169520335598,0.5250512056837949,0.3559076328553846
1286,A,63.309630690005385,0.33735794701261757,0.20810846084025592
1287,A,62.529532414148115,0.4797497553439395,0.3142712671159967
1288,A,13.888144866549666,0.46427278577232295,0.24019933616343409
1289,A,38.17474495449237,0.3246374393949565,0.12935169204686703
1290,A,101.12299917345406,0.4331355370385533,0.24872799885812302
1291,A,29.013016311662774,0.3693532871255585,0.34613788745258833
1292,B,47.32282743608603,0.5975229120763648,0.3464032238369779
1293,B,104.86326160026803,0.4513339739053994,0.25649075390414994
1294,B,54.52110964337918,0.48820128263048296,0.3290915657921169
1295,A,130.6152394403787,0.3366692539648339,0.31963958791536373
1296,A,10.862174048359948,0.3139438709616191,0.3854376910486687
1297,A,3.4673795815096415,0.44987895270678824,0.22795653102457622
1298,B,32.90856133018343,0.4370033524648481,0.34714169893133023
1299,B,164.71551712635392,0.34061772687863856,0.3276412446625802
1300,A,99.92610288172348,0.32878538397032603,0.5041271283944069
1301,B,71.38458179998412,0.34657847682701454,0.40485218636340903
1302,A,84.68008077343343,0.3401536115069674,0.1894138723801505
1303,B,14.91160631125709,0.42747174998576354,0.46797178947324153
1304,B,25.442945511414422,0.44239219724031936,0.3019877033870042
1305,B,74.18304654815762,0.31186429058177223,0.449270070554083
1306,B,1.0141666707028913,0.3877941394322988,0.4080259068168302
1307,B,3.4372310228833345,0.48075066670821404,0.2351190139759218
1308,A,180.0,0.34277790535500496,0.2411710234497744
1309,B,102.02406068949219,0.5597529701239052,0.2963535357705626
1310,A,51.18933273518144,0.3902421138898826,0.18065918391176441
1311,B,2.282563501790411,0.4612932935594054,0.2280448470650588
1312,B,59.00964098497537,0.5421197412902713,0.4308848713868606
1313,B,19.97085412405359,0.49154127788055046,0.39859232761904806
1314,A,124.18556562281114,0.540965374872785,0.14531399656037333
1315,B,90.90004879858712,0.313127941171736,0.2918971798127901
1316,B,97.73825285568006,0.27262431628508765,0.27342854735418687
1317,B,159.3721426599331,0.5372791215905708,0.21691841648993027
1318,A,78.93760838368213,0.3359318911403074,0.29853532642964514
1319,A,83.72861628975663,0.3919878251748138,0.28255539896248605
1320,A,37.888907065554086,0.5438939691867984,0.24144351562435298
1321,A,21.683563194976383,0.3474930336662281,0.4238687808635137
1322,B,5.22224355395856,0.5455064101916691,0.149756298958807
1323,A,122.69664599943125,0.30521924864524813,0.4098346786991944
1324,B,28.58169074646188,0.5066706385662614,0.21929958984385647
1325,A,25.462807948851847,0.3760862928491431,0.34390673231114166
1326,A,34.82844680872101,0.4489842475203841,0.1874188113816706
1327,B,44.36737399949064,0.5844365009544406,0.32923977138013233
1328,B,128.83602406865953,0.5663808554641336,0.4087642383310908
1329,A,26.58586248336646,0.33862527959079775,0.0967889940872247
1330,B,16.11724225431318,0.27478190644253986,0.3965529677455713
1331,B,3.8647552260368836,0.6368095309912039,0.31381096721326396
1332,A,37.439624971614414,0.42477921934323054,0.278977781128279
1333,B,11.71829169489885,0.593236857455152,0.3171706443715081
1334,B,35.585820477953156,0.4306986044013595,0.17961825515572907
1335,B,59.42165167803469,0.5000125581475029,0.376374526406522
1336,A,28.612426771808007,0.1541037265784046,0.09936839573387782
1337,B,61.014699768918675,0.3237045562607627,0.42124445457837906
1338,A,2.2120275442042976,0.38956899396402517,0.20275658369591656
1339,A,96.18655922612703,0.5453328114643763,0.17618699495544532
1340,A,26.446299439599986,0.5418182292479427,0.24774397994903447
1341,A,40.00612345333894,0.2321704503723473,0.15365009393555265
1342,B,4.035075999155628,0.6285818602307314,0.434867346131179
1343,B,74.51650909058495,0.4630486045237553,0.32415282299845954
1344,B,56.13472989809552,0.2682261128696762,0.3314173579281067
1345,A,6.744551400744005,0.5669470914647422,0.2283599018266015
1346,A,0.15271198802982958,0.39677326844647504,0.24976784263028098
1347,A,12.663982510197721,0.31079804892323165,0.08771161148931753
1348,B,27.220819518932373,0.38282572825878286,0.25425642198344117
1349,A,54.87199314376156,0.24787117707929754,0.1302800979981176
1350,B,44.01797255288369,0.39649112278070875,0.38482998485937564
1351,B,75.91478786752516,0.39471693325806345,0.2671526154615629
1352,A,4.700967721215745,0.3466764507646079,0.3291845662575639
1353,B,15.804731128003967,0.5554049990803158,0.35182525526024067
1354,A,107.80468280951078,0.37035905142596104,0.2549375559641824
1355,B,146.32640166489426,0.4745930664655488,0.22271196278597685
1356,B,7.707983130874632,0.4276333590692311,0.19634456473026335
1357,A,10.894514057336234,0.29291179089617536,0.2977324038284957
1358,A,10.300595307425088,0.3459765522236899,0.22008269755552703
1359,B,120.90332683783595,0.4229403055033183,0.48498138899335397
1360,B,70.21970465388257,0.6310881253298801,0.2757852054701929
1361,A,9.013122418779728,0.3934847603754187,0.5055965306987589
1362,B,56.17748119735957,0.3006942409587104,0.28829967385841815
1363,B,4.5004690439902,0.401983521517205,0.3537481923493166
1364,B,130.69487648522144,0.45041220761211004,0.28296310876365605
1365,A,0.6336170041186514,0.36505187132935496,0.16892467349337298
1366,B,18.201360752415113,0.6427511240959486,0.5885370559052994
1367,B,71.18256233161425,0.4528030597001353,0.29146878951185257
1368,A,66.49005624184392,0.161132703840234,0.5133566027023652
1369,A,93.58730234126791,0.4463255873438933,0.13714520026700655
1370,B,112.37708527392083,0.36036824771289894,0.17548290011944911
1371,A,42.85527784855839,0.5586227388134702,0.012068417597812294
1372,B,14.56462614890083,0.28832585454658954,0.22714362953282927
1373,A,9.3825563404516,0.46081151023264677,0.2201576246596785
1374,A,15.113772846155488,0.47258836266326226,0.2605548424377212
1375,B,127.941746657778,0.5238854790019737,0.2154838896594901
1376,A,29.07556712639922,0.18864093868125212,0.40654536224430277
1377,B,49.22317714312759,0.4269585213357717,0.3321773118464925
1378,A,138.89983468151547,0.30131833504907396,0.17304739078587944
1379,B,55.950232481561,0.31335562398478123,0.26397019162023166
1380,A,12.787055519741003,0.44549480268565345,0.24608552657052904
1381,A,59.19515624380662,0.3895212291458922,0.26139362977347214
1382,B,127.8882609183553,0.47000167439155205,0.31595736647999384
1383,A,26.047514916419512,0.474566211461874,0.2150657705647173
1384,B,38.90118069561919,0.6303677292014296,0.18859597972814315
1385,A,15.912200075268954,0.30892084495039884,0.24088719697186306
1386,B,30.210726895947165,0.2448128143965142,0.2515457580813868
1387,A,27.38931824391591,0.2805063094059912,0.1213243730505265
1388,B,52.15730778435422,0.5939785983311142,0.12545896831366776
1389,A,3.324108650376465,0.2149925251986162,0.16421575509068362
1390,A,72.13032948376004,0.5987674562283728,0.11547780721498674
1391,A,12.545592892549928,0.5604604052534448,0.1769658921878758
1392,A,58.161777082964804,0.28584530221689086,0.26862560305769884
1393,B,41.989430973516804,0.5858238642093521,0.34244861569443846
1394,A,3.1858345476275693,0.4111959274380033,0.2785666293687168
1395,B,3.2992202969427185,0.3542955162555142,0.2688925003140248
1396,A,139.64783976381187,0.37961392462115917,0.16385443423287016
1397,A,9.650258107225111,0.3169975978049171,0.2575295361859836
1398,B,10.35066115531703,0.5449320490994972,0.5408788269546949
1399,B,0.7102859119327416,0.5815097480347442,0.19987583696927233
1400,A,96.45206821271044,0.3021185270119811,0.2031311000901846
1401,A,74.6083108063417,0.3263992087659141,0.3664286389306014
1402,A,154.69432004493407,0.5215864456221534,0.2807166903904955
1403,B,5.952529365043869,0.370276550520293,0.2633542119828676
1404,B,68.05638628409353,0.3931896816805693,0.18723789420288814
1405,A,29.2445213059712,0.556730851742684,0.16503851059758765
1406,B,0.24555930394140194,0.48606026565911575,0.49262790986293115
1407,B,18.87539806758776,0.6707555456239593,0.2488735761399997
1408,B,31.023405454768483,0.4639328815552149,0.3195243775841482
1409,B,144.43505593291675,0.5913325931702674,0.4668117593467022
1410,A,58.488292465714906,0.4867267838487034,0.115248618238908
1411,A,20.842385550391008,0.4242026777614146,0.2800422978464779
1412,A,9.170653407969523,0.30123095988943693,0.16717671382335125
1413,A,26.33968679326035,0.396737005111398,0.1169395717352264
1414,B,20.593059604740382,0.5221736573601038,0.30085842888140146
1415,B,79.47995650629605,0.6672284226714472,0.39053450168273224
1416,A,8.154944150208982,0.5890332712950029,0.24078360293508808
1417,A,180.0,0.45028751508388665,0.19441849428617472
1418,A,4.55393803326641,0.24880708595240125,0.1677551510420153
1419,B,27.328219865327203,0.4375661750518658,0.2749179421793453
1420,A,40.03548027469782,0.40028549389382223,0.26924591409130266
1421,B,5.39165508093741,0.5579726692924815,0.3305658776705457
1422,A,44.31332277044853,0.2623017227809173,0.14351413116980494
1423,A,34.75631580509429,0.4761628849065329,0.1850872108178099
1424,B,5.41198401963876,0.3581406347695158,0.3994180537638642
1425,B,29.452691822054422,0.4202551617052317,0.3520280705048546
1426,A,48.836677162889515,0.31715162174954353,0.5084913312331253
1427,B,3.100549290447715,0.45552041648707914,0.16267894231317293
1428,B,44.08262849428199,0.42226924103473684,0.25160543764423204
1429,B,35.387384581906375,0.40049676966362197,0.4502245258610039
1430,A,5.557623024445404,0.3310937902326981,0.2890455064905209
1431,B,63.04788527641275,0.44443036413265513,0.2694039734288072
1432,A,36.437518129948316,0.4590923715166667,0.10481937285154926
1433,B,10.677163611458003,0.5161771382021509,0.22934439863857173
1434,A,15.235741765925493,0.1870848158122664,0.2954088186984659
1435,A,126.73572384912175,0.33145487489762215,0.1486186044705865
1436,A,64.6103571980664,0.2799108925514555,0.3402713006976625
1437,B,46.73595081366399,0.3843594308588984,0.30007208638954874
1438,A,161.73432166569168,0.33694820187457747,0.2275661461130849
1439,B,9.973248664401314,0.6285295989827206,0.16702109394348538
1440,B,66.61071117060368,0.4509324516376748,0.18796628941065208
1441,A,1.722576095665451,0.42736608556366595,0.16870286803793932
1442,B,19.081621004534487,0.40692051706609855,0.25504743130258745
1443,A,15.10465556837197,0.4917029103021391,0.32189432120303985
1444,B,49.55583030196899,0.43152795173745634,0.3941346427994764
1445,A,9.784714128528227,0.551881232464431,0.23631122487532516
1446,B,111.42698740216824,0.38431392551358107,0.2730121941423991
1447,B,34.83417788367108,0.40045081939592003,0.2449049585331633
1448,B,11.104850016812286,0.4026733244445953,0.15214899265658452
1449,B,112.97704549960235,0.3313806040464055,0.49070193987471356
1450,A,0.5047769817880896,0.4263347265118918,0.14599900601515683
1451,B,23.09164567904468,0.5973002674510207,0.28970953158291013
1452,B,68.13405737861494,0.5776098403481542,0.33278824587368777
1453,B,20.061766110417125,0.5337407730723345,0.24992180247435022
1454,A,12.48757690398216,0.48902440458429924,0.3976969132973888
1455,B,18.414698661961584,0.2562264455385458,0.3067234920803776
1456,B,53.41966408104039,0.4722679703776578,0.1387050920814839
1457,B,8.838536280199008,0.33513712903398435,0.34962280652944666
1458,A,51.10274378689839,0.3326664569461813,0.1724821572192762
1459,B,104.8949049338309,0.35924277689463285,0.24323706514060214
1460,A,11.82509773323913,0.18048291861577143,0.3851571120361472
1461,B,25.501256778329484,0.6503819380288184,0.34466592007173436
1462,A,32.00931758198006,0.3989780416509018,0.17001355720279804
1463,B,1.012214775569625,0.553914814399949,0.4540703303557009
1464,B,18.9525258149655,0.42054407531660765,0.29205649296319813
1465,A,98.44351881207116,0.4194755173108231,0.40927069984141784
1466,B,79.92195293419364,0.34794073652507523,0.29223602969880136
1467,A,53.252072091988396,0.35699734088685964,0.3462200297855871
1468,B,102.00027271746134,0.43556036934027,0.36851154872686526
1469,B,43.6307348068663,0.6662416061852898,0.3928682551777814
1470,B,18.111334534701207,0.5721086000466667,0.20229187237867868
1471,B,39.02429641815103,0.24914454737682296,0.17107718956063417
1472,B,94.12935375229989,0.4342331409023553,0.432349068667373
1473,A,22.586125555423497,0.4014667445805216,0.19501748621660692
1474,A,20.968294925682443,0.38338497724485054,0.13022414711124844
1475,B,19.75233881448395,0.595893684050686,0.2556491997830795
1476,B,25.31587707434833,0.4226261722375419,0.3079811178923838
1477,B,40.34493227353412,0.5787149254720275,0.5142487201068399
1478,B,113.44274132075897,0.6794244843155378,0.30868764581246055
1479,A,27.374423129792305,0.344024129554168,0.09559377542212642
1480,B,45.37677097095418,0.5092761767484258,0.40210886714802596
1481,A,8.768224495354167,0.45247082229380575,0.17763505330296842
1482,B,12.100820694055198,0.5461363411155615,0.3851378739798653
1483,A,45.230581905658376,0.4921978433089327,0.09549928840543216
1484,A,20.375866175637654,0.46726375103170115,0.24429816835063553
1485,A,86.08565849717584,0.4144244451166476,0.3753939372725
1486,A,63.57845803134766,0.36592322610871186,0.11066408290740895
1487,B,4.852982690356481,0.4265735980736077,0.24662536688804443
1488,A,42.431634524473075,0.26715977396332813,0.21456346034411758
1489,A,20.3793626854263,0.4274169599651257,0.20547699888788137
1490,A,10.603622170028135,0.2317792651166619,0.267163228618385
1491,A,67.35543398128681,0.41333646952328273,0.18327853963324509
1492,A,29.984770929035612,0.4459404672528705,0.24831482560873924
1493,A,11.455639661106037,0.34197202911593166,0.15978265424680055
1494,B,5.191459385885384,0.24153002350686828,0.23187506594670143
1495,B,156.03828491220654,0.6188642845791839,0.13544759523783623
1496,B,89.87116812765768,0.30768167299900473,0.2600653121600788
1497,A,9.770847218360851,0.2883091265804497,0.49592597587724857
1498,A,8.136170756081835,0.3293125609310567,0.2194825810290405
1499,B,75.49429544721637,0.4359325390670071,0.2344217712903588
1500,B,35.666937490039324,0.4820801330888563,0.2263121084299484
1501,A,67.55879798307276,0.4277200685838273,0.3381253482598178
1502,A,11.702262810391458,0.45030216907704507,0.2005608694778157
1503,A,33.65567381030492,0.308239052624339,0.16261723304812323
1504,A,27.02936367158538,0.3664538283558899,0.5195250916496289
1505,A,38.995855477545014,0.28054136658534073,0.23042302268063897
1506,B,58.052186400554874,0.4062807501863288,0.32823259742596644
1507,B,7.082303823705509,0.38232271219353525,0.4894455252341978
1508,B,50.43708567201361,0.494522634806969,0.2375082451797229
1509,B,86.57213714681693,0.5260457918657793,0.3764008638490792
1510,B,3.3359690840011855,0.5122689921117339,0.28920149174491455
1511,B,18.261911912780423,0.41204372869623856,0.27857834425594247
1512,B,6.076043034108653,0.4119437086649629,0.27051768567855206
1513,A,94.3573981442377,0.29826430125429154,0.35557951926363796
1514,A,91.03686631680331,0.4556348388379495,0.32509086132576887
1515,A,26.99079351378924,0.4848821886575257,0.22832327181702028
1516,B,15.673421158498048,0.5088586178905886,0.2611653386389042
1517,B,76.99691883145866,0.3060850930331715,0.1888447758556197
1518,A,0.6968490800560874,0.3462136477095094,0.1352889137035686
1519,B,20.984116939852193,0.43064742674447376,0.21117150406776444
1520,A,25.015471308353607,0.41165725281686166,0.2550093903799686
1521,B,60.848510094806144,0.6631034890868116,0.20732347561410353
1522,A,41.93530659470735,0.48281122298990725,0.23654892018795537
1523,A,36.716099366146956,0.2037689610465944,0.10371741753049298
1524,A,47.41410936072696,0.48636490324007026,0.11220482378739202
1525,A,7.529644875267531,0.4287612490085342,0.39439462000708264
1526,A,46.79869895605411,0.46153764454741314,0.19002855633866797
1527,A,9.076043689423997,0.3553501395587377,0.21478550936576132
1528,B,77.17521976897012,0.4330561293709145,0.3817188692798237
1529,B,88.20742864610673,0.5274434517724601,0.34870622914337485
1530,A,62.47766175421221,0.5440589559085272,0.3209701793590999
1531,B,107.45949854450546,0.47262057498590015,0.26786179799790816
1532,B,47.34067833189865,0.5633032168602187,0.2957516613154394
1533,A,18.63602975048068,0.2584335819588796,0.31005671650422145
1534,A,55.68812309008282,0.4409906240195016,0.21214330900363068
1535,A,2.2072084441091384,0.5017821363684867,0.24700970078677018
1536,A,23.580550295452845,0.2888721656654752,0.29646200220647745
1537,B,17.12844211600601,0.3630109943620852,0.3336160973465801
1538,A,54.94036293502647,0.19649317836234434,0.26487621861613364
1539,B,8.485164578726115,0.3472211473233302,0.28908008524635803
1540,B,36.43079096823671,0.30333832195355154,0.4394367918327376
1541,A,11.578893139919447,0.5911531460213193,0.16561721094766108
1542,B,5.6846829925206475,0.3938215614540296,0.35667527437095925
1543,A,71.37659248149505,0.5417586919947638,0.12131981407933169
1544,B,125.6331621370627,0.22621831899184652,0.22163243726752707
1545,A,44.8362847700137,0.4850926509052763,0.19656592928163197
1546,B,30.381381089290116,0.4289898408595824,0.18569192087606504
1547,B,107.29905489630754,0.48591155197439306,0.3492825977950994
1548,A,39.855097578929836,0.3685804045736825,0.285280917230327
1549,B,64.23880305126636,0.49554858072210367,0.2436641495349849
1550,B,101.21452773426863,0.5547763453725354,0.2787301478411731
1551,B,111.99780038715431,0.36805522258463563,0.5298984018105125
1552,B,2.847840228399396,0.45037054180813735,0.3388222964816788
1553,B,67.17995698190342,0.6048449882039781,0.2878904401953294
1554,A,19.63159428781452,0.41071082940183784,0.21720625121460135
1555,A,29.639339153913873,0.423956631085912,0.348049870059277
1556,B,13.358346247087184,0.6260258385317314,0.3756915850241962
1557,A,40.93586301096363,0.5020840298274019,0.34219904608921486
1558,B,180.0,0.40526576528467045,0.4245224001648435
1559,B,78.35852675794666,0.21341643166581734,0.4921223651197835
1560,A,28.77905674119133,0.419084689952388,0.23318588126089396
1561,A,53.92648335020476,0.3003996847530513,0.13803789731602611
1562,B,0.19614962986378914,0.517463790432527,0.3314786907722395
1563,A,25.58816505938688,0.29478743834869336,0.30808289202561634
1564,B,136.39679043322576,0.34628048122282107,0.38015034281109744
1565,A,10.169508291827068,0.5377616384001587,0.40641915692621383
1566,B,17.978653883393044,0.5215577616677195,0.15969944750125065
1567,A,10.832140993554644,0.24896225448159087,0.26929928783349577
1568,B,28.0266532187381,0.49087859885012486,0.23893508745474115
1569,A,0.26193042713266657,0.47851229840708437,0.21724701063088786
1570,B,49.269284403309584,0.3882867359851396,0.2355264981969131
1571,A,16.11198206167292,0.34172803335434965,0.3339687570886139
1572,B,128.9929327441983,0.36959542979699306,0.17814394612167608
1573,B,136.33256876635934,0.518431531997453,0.4192672031580295
1574,A,62.18884206396864,0.18635906398528762,0.15507263764880902
1575,A,71.13011719561516,0.4709705295750931,0.19585030946574444
1576,A,10.180473551319809,0.4316789384644022,0.1902978503341115
1577,B,43.10291521129168,0.5092359958738514,0.48273082035627723
1578,B,19.804570610016366,0.17639268778992925,0.34046532131015533
1579,B,17.023740158717676,0.46382011046418,0.4484152220476351
1580,A,143.78655972962082,0.3983768068000143,0.23250747754142764
1581,A,31.408395816596965,0.3402170882852697,0.173855727439133
1582,B,23.565426549088087,0.5810315426157383,0.349437693569439
1583,A,111.98964006159692,0.5785307738845933,0.2076757733047569
1584,B,10.352034074808843,0.25892350904054534,0.342381785304795
1585,A,55.20518571899502,0.40288529113967236,0.39329977938343286
1586,B,57.62415086523674,0.4939298108623383,0.4799569324380146
1587,A,57.676250589065475,0.2037098298089126,0.10698575778887186
1588,A,3.9995499780712636,0.5306652171693655,0.394698629796
1589,B,39.01856391032815,0.404865669413742,0.1820098222450637
1590,B,77.21243387019449,0.5898495905882797,0.36240729596345533
1591,B,5.139620034209435,0.3542000962984253,0.44532729771064655
1592,A,11.180249261551685,0.3451800232066504,0.19384468041588013
1593,A,0.398426119449004,0.359474175164284,0.39848365110634254
1594,B,26.554771185788567,0.3032069391565061,0.1675741882764241
1595,B,14.26133412083677,0.38629644003979796,0.14857396377650386
1596,A,56.66537610661347,0.4296651944815908,0.24436378131439365
1597,A,19.001827617113474,0.6523980603555051,0.19026460428029818
1598,A,69.51748781718905,0.504154430264281,0.195925122944253
1599,B,39.838156652441185,0.33510724919905116,0.27207790851380503
1600,A,18.625722908564327,0.4374114769794089,0.2367077748418681
1601,A,76.9996748344804,0.3147728627825656,0.2515029110112997
1602,A,6.302924104365511,0.308640635711157,0.39934130230442094
1603,A,8.568085641686315,0.510401050705888,0.14189848643087552
1604,A,18.75799876202412,0.23835754673537354,0.2772184645430636
1605,B,32.84166656025781,0.6258899484147896,0.40152557597186306
1606,A,23.628252384900414,0.5363637840401544,0.3186922715838862
1607,B,31.04645564613894,0.45290291937932214,0.20697755512026114
1608,A,19.295515313164003,0.5762240578516964,0.06431534604263899
1609,B,19.723137381109026,0.5155692389627281,0.3003126548929236
1610,B,67.48133508772608,0.4916423638608711,0.24539229336537563
1611,B,34.1611835243527,0.4196186117174136,0.34620768541403435
1612,B,11.7495152679399,0.5303925715110449,0.4507758531861922
1613,A,64.90930348745569,0.5240489074021998,0.230172222404688
1614,A,4.5890504212742735,0.38268502686776223,0.40475217737302555
1615,B,41.228274910666585,0.5679078553818513,0.36925820983942115
1616,B,47.21628803668938,0.3119378663253174,0.29340822315160886
1617,B,1.1237997259337629,0.372720675948081,0.3694740297517189
1618,B,11.849659511549287,0.5670096785010418,0.3227868413299914
1619,B,14.435454712974973,0.3693496406844132,0.2573370748834207
1620,A,19.469565405604502,0.4453350077988455,0.18347345742483703
1621,A,81.69653487922301,0.42858185165071766,0.2661117812384046
1622,B,14.826183305055983,0.4343707810928158,0.3723541280001474
1623,B,14.191809110152427,0.3731085126423962,0.16532041845152484
1624,A,3.1109673099388155,0.516949049667097,0.21546623033032078
1625,B,16.48199571301869,0.44306884255695356,0.26543672144577957
1626,A,128.3963590046728,0.4401416609859676,0.3154580599688738
1627,B,15.84946176518336,0.3311033762714866,0.2292614611108005
1628,A,180.0,0.26552238074745554,0.3046571171074913
1629,A,4.1732316300004895,0.21553812062088243,0.1716553976990464
1630,B,112.0474518397362,0.499228028690529,0.4351706517924607
1631,A,15.49278908452022,0.49008911230820784,0.22544708548590614
1632,B,20.027528555233484,0.28650963462555984,0.252904892181716
1633,B,22.381732250154784,0.507106973103131,0.4298709559000164
1634,B,16.09336464792416,0.5476912586449993,0.29548445222259967
1635,A,20.963399371453196,0.3604019278649765,0.29392169333599466
1636,A,67.40360715214018,0.39626607137440456,0.16381718817856394
1637,A,40.77716666855591,0.27921651805543996,0.2588573536370829
1638,B,178.29790144454114,0.37161925071990404,0.3931499195933677
1639,B,39.872243589729884,0.5264653403107756,0.2547419601334063
1640,B,49.03651032927149,0.4814280335229527,0.32282081579713323
1641,B,69.15302525517215,0.4367254589711878,0.18817214888955197
1642,B,21.113891470555743,0.44067434968375746,0.42619801849708205
1643,B,180.0,0.6575470623348989,0.38693174328123503
1644,A,46.523354610877234,0.20841789805406769,0.465482265346156
1645,B,8.593486441900735,0.7563540929098448,0.3201223294847036
1646,A,63.75573341518834,0.47612577984122395,0.4816855460319299
1647,B,31.831658067298388,0.44442354668871975,0.2278707412366902
1648,B,8.172720358459435,0.43185230349418924,0.2552487771976335
1649,B,81.2468081788,0.3526538855684162,0.25302434319800243
1650,A,5.6492735893515365,0.5524791046373726,0.47195903083015195
1651,A,80.59574190462597,0.40625317293505636,0.3260768475085256
1652,A,55.02974238106923,0.4513988504334295,0.25971752313438456
1653,A,38.75360793370761,0.3784884657615382,0.37422372847740865
1654,A,99.21922900472315,0.4865786864746185,0.20617238208296051
1655,B,5.903275016383724,0.41335171147074656,0.34662487654409196
1656,B,41.97498488770233,0.520118796665616,0.30862317376143716
1657,A,54.22475275639937,0.49939234463366544,0.2324065199812884
1658,A,10.137184448386229,0.5016221524604964,0.3301462180681039
1659,A,25.27525431121383,0.42570955751899947,0.22461381027371366
1660,B,5.757186844059265,0.3799407157961134,0.2776126892424063
1661,B,31.33980445426366,0.43126581096381483,0.22138246940901146
1662,B,17.104460026705787,0.43639136381690846,0.25286546523513803
1663,A,30.65864987464545,0.32185050764709044,0.31802497489520726
1664,B,121.47763421529135,0.4379335635511588,0.4367598883829535
1665,B,2.8369820580731413,0.5872159901725839,0.37412111714593227
1666,A,2.5560301890347286,0.3841510047364456,0.2820072378202553
1667,B,54.5814848697968,0.3970414319063445,0.5656188670906142
1668,A,139.18814104322774,0.4835594742260822,0.2669338396058678
1669,B,61.7899129343458,0.5056870967529689,0.1299468715755644
1670,A,6.193263177727806,0.4308231454229638,0.18216073757269155
1671,B,114.29932024464782,0.3404032278842171,0.3332526999340126
1672,B,109.27899414696776,0.5265411417195547,0.3207897443966123
1673,B,180.0,0.5384467100025917,0.306336794579754
1674,B,15.231225216578672,0.37881620844575786,0.3742229217567807
1675,A,53.79956853670128,0.34006942080180663,0.21520549616956208
1676,A,31.755940001422466,0.4652411470318341,0.23362111161759763
1677,A,1.168491588581449,0.34549679576061193,0.3576693619755274
1678,A,116.41076246632387,0.36315210031695905,0.15066033242311272
1679,B,16.709825217480915,0.28956983040349404,0.22712634027720682
1680,A,85.92484363052051,0.46785198834728803,0.17488262822904097
1681,B,26.328829955499526,0.3349215686106713,0.23333575007207355
1682,B,40.10630938613014,0.42742505641777956,0.2605960765908971
1683,B,23.79047226278103,0.5040359259997901,0.28411383260999984
1684,A,33.429574663064564,0.47452874690299135,0.19859528163744422
1685,B,70.10714562094653,0.3438318941045078,0.3446661658811788
1686,B,0.44625204979784744,0.28244604486199326,0.22068147254345727
1687,A,11.69964527472416,0.29498405235174796,0.2782657459884781
1688,B,0.9262246123681356,0.4492992963903524,0.3753730717400444
1689,B,65.46700780645371,0.49242168822948845,0.2812872886454603
1690,A,5.835567063772687,0.44974698779135125,0.4163706786662329
1691,B,111.62413451665432,0.35966265659450064,0.1784289492066227
1692,A,20.322087775047976,0.3314361552661117,0.18807354766368672
1693,A,13.272574490698318,0.36949961455049923,0.16233291504107875
1694,A,31.797897025422415,0.21141504860951543,0.3133417937713022
1695,A,152.70776642850416,0.5659227975141785,0.18093793707070707
1696,A,38.50005097572895,0.5153026126647507,0.21300074025839832
1697,A,99.2991755200126,0.5793149894565967,0.31514463701532386
1698,B,77.92492283790048,0.42305626995720375,0.3556625892805942
1699,B,6.475759483816883,0.5601754167235253,0.16354022294609694
1700,B,142.11436216825192,0.45739517907418886,0.39562678257835915
1701,A,47.3551310938607,0.46751763195838375,0.144931823347719
1702,A,29.017201550711963,0.3396667544331966,0.17270618831503637
1703,B,38.374011349795175,0.46337526980259935,0.5699608781735971
1704,A,86.77434278395666,0.39964388874988704,0.25149466127667935
1705,A,28.68583274043923,0.2848839010371124,0.12308138357861807
1706,B,70.50889816150286,0.3738401137810437,0.24678971573926595
1707,A,91.33756125127067,0.5375768000940948,0.23024975090219638
1708,B,11.671512020512788,0.41869209885935876,0.22720915246167225
1709,B,41.38341457285664,0.7386703392937933,0.35317279012395253
1710,A,15.512111136201396,0.41641436950930866,0.18763225938583897
1711,A,6.205442134094407,0.4091942234644287,0.24862509495166274
1712,B,20.829552781478217,0.3533704324583229,0.24482440975432956
1713,A,86.99366751229121,0.4825643822466104,0.1634830180164398
1714,A,39.839104386914286,0.3371629976972894,0.28187535994961255
1715,B,180.0,0.46707387397119915,0.32960875903365544
1716,A,98.95760284402047,0.33426012783992626,0.22272440787772999
1717,B,33.42700530846178,0.3516993726918613,0.43729167199016833
1718,B,73.26045423828944,0.4760614760328882,0.45421623119661164
1719,A,125.00270038720822,0.3131408659445183,0.41346574515025336
1720,A,2.480398427120963,0.3787534679333581,0.14678550985960304
1721,A,31.278944961087706,0.3582400278358471,0.19434811936558238
1722,A,21.147610921811314,0.36536090571509827,0.37577601824342666
1723,A,44.24044210944881,0.44230902691793605,0.11841798604392506
1724,B,48.06897636256859,0.7335833335324167,0.3999736684832055
1725,A,71.00534686817846,0.52024205760442,0.20181433761811243
1726,B,5.150380146299435,0.7091523766285469,0.3715768004342278
1727,B,40.71151843900753,0.636378308258241,0.20569983315404447
1728,B,40.403905190912894,0.4606879237627711,0.2638721364513986
1729,B,65.40342357973633,0.4123647818381796,0.3865645983679147
1730,A,14.819586639977711,0.47855421665242526,0.18981128469569772
1731,B,20.200561239221656,0.5426516196360149,0.24468282011458098
1732,B,102.48064827073847,0.632271253892877,0.4045646763557218
1733,A,36.617872418474164,0.5351414845967779,0.3122943174415309
1734,A,55.507487913704416,0.39205172523411275,0.25793704308835513
1735,B,50.67186393958471,0.5400597354883139,0.22035886938145854
1736,A,6.496572624337169,0.45799834808280016,0.2592080965196692
1737,A,75.70657707278846,0.3371208804239473,0.24590982240432424
1738,A,41.92571612686222,0.5722039445819849,0.10605140005918304
1739,A,134.39355959719066,0.3787917271298185,0.21653294364274944
1740,B,2.087077127547718,0.2989593577520224,0.37312228901221584
1741,B,63.80516365763543,0.4824814672361273,0.2421416331351142
1742,B,123.48960224177426,0.4819621679843356,0.2341406640930121
1743,A,18.666087285308027,0.5327372280159184,0.09729499247936543
1744,A,5.1503747523191645,0.41396383194670194,0.12863356501588943
1745,A,31.780568422065162,0.37703158052967023,0.14840593693925094
1746,A,4.03729631170796,0.46604869895596446,0.31932135424038116
1747,A,157.09043658985635,0.5519557520970776,0.22017080560237548
1748,B,59.76451706380989,0.3923609608359238,0.29215035779525644
1749,A,1.775389353288062,0.33386934922498357,0.15001539864843705
1750,B,24.857635566495805,0.6668006571567971,0.29098543241786395
1751,A,63.01841002279923,0.3741088140865136,0.35214369190139266
1752,A,33.50952329505467,0.2817417975364203,0.08211854476278244
1753,A,20.693178560237477,0.5327767071291923,0.20346731425772965
1754,B,46.44545809564951,0.6719204457321759,0.3108047678252779
1755,B,9.776814461041056,0.5372434330465867,0.28210668958520485
1756,B,47.81058629210381,0.6764022042892242,0.30777106183714453
1757,A,3.064943982668439,0.31354961292721506,0.2923458724852304
1758,A,43.79862506574105,0.5849137674811965,0.3453369220624212
1759,B,36.147001452960005,0.2876733573801744,0.6302133598919979
1760,A,39.60035162691101,0.5319481176075933,0.3685336809352537
1761,B,1.3783060848437165,0.47747189618948394,0.35106118785080215
1762,A,14.83792146978775,0.3103256518721256,0.3076339996009626
1763,A,108.46853985110968,0.3291184736309751,0.43162359468766964
1764,A,16.3153659450164,0.5035688310934918,0.18241329386000874
1765,A,26.880204234252187,0.40692566525171187,0.29452149711270675
1766,B,20.19917091489354,0.6569746958600606,0.37722989227394166
1767,A,35.313375379578034,0.1526668329037973,0.2692981240912504
1768,A,4.752818607214422,0.38546939221740534,0.33958126531300525
1769,A,121.07828835007598,0.40560079965849416,0.29990499823123273
1770,A,21.11677867930683,0.4893749060811793,0.27754251261109364
1771,B,11.03762565114959,0.7305202921308894,0.47002833807678024
1772,B,25.75901253711023,0.4372414459390354,0.387945263083698
1773,B,14.396244111239241,0.4826090891208249,0.3774589973910677
1774,B,93.45787328603713,0.5621946207370468,0.37777985848305956
1775,A,3.790302274111638,0.2890912066766226,0.24604590378547744
1776,B,62.20659955970691,0.5794144812944011,0.2171781646833414
1777,A,22.04394541794778,0.6585031187765067,0.2184124533382939
1778,A,41.25587525338689,0.5002416624583745,0.15923612907181514
1779,B,70.07078308703842,0.52169436117843,0.2233607838173907
1780,A,32.43745094850991,0.5893795986795163,0.19433327806727832
1781,B,23.277446079412332,0.3499174992113458,0.4188388752629753
1782,A,53.367430696530555,0.4384454984337201,0.3389737285316904
1783,B,0.1795205130079137,0.30807277120676296,0.2811251919389149
1784,B,12.863600749840408,0.359415535954978,0.2656097572687415
1785,B,73.20117847776699,0.5306011171386386,0.5813999190137524
1786,B,48.017216937320725,0.292398385755095,0.31575158313358304
1787,B,40.219015846643494,0.35380394890445094,0.302060283127001
1788,A,2.56871658009853,0.16088607593297805,0.3067253187387205
1789,B,17.11977594283859,0.47868085329197446,0.287622213168062
1790,A,15.067369776999733,0.38963434464673147,0.27979728255888303
1791,B,4.095747720861801,0.3882385343893695,0.19104023571551815
1792,B,79.89781149769536,0.37112196013035176,0.5094102664609971
1793,B,2.049971259972217,0.6362140010808565,0.31150177108173643
1794,A,76.97398342577577,0.44650672481221393,0.1638192539370697
1795,A,3.7469726490013646,0.23471331248879992,0.24898910264278928
1796,B,3.1697731141809853,0.4136639434449641,0.17754701097383857
1797,A,87.04703595677695,0.2322031086312411,0.19672600312575636
1798,A,4.337841190037332,0.5033210507389295,0.16253538152492028
1799,A,80.932836386012,0.26283534519945145,0.43447704981015894
1800,B,18.172212033872395,0.2947358758286126,0.3766635205313525
1801,B,44.2424296891685,0.6542444901604981,0.2787654227802159
1802,A,20.138388241397532,0.48379339630289286,0.26550538585799544
1803,A,42.628000833176664,0.3878316677434234,0.15023396804688766
1804,A,7.466459296785266,0.5218205312972968,0.20501277475715388
1805,B,180.0,0.49632732300802895,0.5067801677889986
1806,B,4.940829713235701,0.44109090249198524,0.2542411834642286
1807,A,3.080677559256314,0.41827144000187694,0.2503946019719406
1808,A,10.947034815078773,0.4539089847061797,0.19317199147595654
1809,A,6.155920309959466,0.2751430203482689,0.3025756746146844
1810,B,33.32570177345409,0.45942782276972977,0.31582578073181605
1811,B,47.87554845646664,0.5130761866515273,0.17210327708522793
1812,A,16.855046221758116,0.5186131269636403,0.25198057215090136
1813,A,32.50509926565969,0.6381657289794845,0.25465157508905056
1814,A,39.98596449940014,0.46240917040083895,0.18118059891541072
1815,B,90.07441570670333,0.37870674938279447,0.21734761307971695
1816,A,70.20089483919325,0.22998321678061215,0.12290065246164683
1817,B,60.836792707662596,0.4706845045690316,0.25651829164701884
1818,B,85.7435733646427,0.2961469450224973,0.18968517704477436
1819,A,48.05150530384125,0.3231741588907969,0.4464547591616845
1820,A,42.229341703825085,0.4866098681132479,0.37826041290807255
1821,A,23.87959641996978,0.4840382536574962,0.06907107591720636
1822,B,38.434563159680614,0.467116325931968,0.3306841574922265
1823,B,29.593700146093454,0.44610395170763867,0.19394793449503522
1824,B,50.140640157780915,0.3891533457735478,0.2785502707202109
1825,B,120.18922889099937,0.6763893882076238,0.3844241265942643
1826,A,28.89404732048753,0.5356963626662901,0.15979842309418732
1827,B,41.62038676035402,0.42293119412132907,0.3867234013214699
1828,B,48.379354927145314,0.4785754922499817,0.38590066345383417
1829,A,24.08961023847226,0.31704787288887276,0.08041715346079631
1830,B,21.447592470528942,0.6315249138275919,0.5494164226111014
1831,B,47.1453348084809,0.7114600561866906,0.16361035051586542
1832,B,51.387832454472345,0.4303191202764238,0.3209515430658749
1833,B,72.80473425169743,0.27424924278521423,0.43742521104171694
1834,B,44.150340387770036,0.4642750013106473,0.4244755430053874
1835,B,11.444477117937428,0.5522379328012958,0.21260220413164366
1836,A,83.07952297336082,0.28628425315192135,0.21605740939288273
1837,A,11.761440833689868,0.3008025593475098,0.31181805199885443
1838,B,45.34904556865132,0.591153339783426,0.41516544794955773
1839,A,0.25818114390363267,0.36110936151968875,0.2381080386834822
1840,A,47.41201746395356,0.3729704602538253,0.2684358773328389
1841,A,10.180171206570202,0.5172284864192772,0.20734805228113398
1842,A,99.37449697867557,0.39023120507271075,0.2793428866442674
1843,B,18.389213116427147,0.48585978263096,0.33117234272900353
1844,B,4.751493646562435,0.46168973990244355,0.20358598508872602
1845,A,88.16958099350389,0.44699676869841737,0.34762172702594646
1846,A,3.5923822380373758,0.4723076455082608,0.1423846487994906
1847,A,5.061782527668287,0.42594553549314673,0.14617134450411917
1848,B,90.76326531684064,0.390766730858079,0.3987474873770596
1849,B,3.554514720964414,0.6980306414761249,0.14205432945416593
1850,A,30.759151233347783,0.4485963652927313,0.3594143108624389
1851,B,51.94104444053087,0.6674916047099184,0.3235214943015363
1852,B,180.0,0.4143509999875546,0.2683820964036206
1853,B,4.7682856482974625,0.28691373010181986,0.3319076674313769
1854,B,12.928781023322497,0.4368687289552618,0.2856587027322643
1855,A,42.28278080421355,0.24706596167354908,0.179636424186633
1856,B,74.38458915725582,0.6504553786660212,0.4123301965077556
1857,A,14.465574047709753,0.40691578960622365,0.23396405333498294
1858,B,5.299605572382415,0.47456567745895567,0.2602006994039142
1859,B,92.98204586846559,0.4305640791480482,0.2015834263309536
1860,B,0.014048260009831344,0.3309629485774522,0.35203678667421523
1861,B,114.7534078852202,0.4658061316502508,0.16866192115584572
1862,A,56.77172346117833,0.6099501188671282,0.182045821541288
1863,B,3.596348534562185,0.22510528992699178,0.34402507632941665
1864,B,132.64098298226398,0.2980652048735423,0.17812603464961393
1865,B,103.95641432055857,0.49229310777371166,0.40427660843589225
1866,A,40.664739492673135,0.39886103699496195,0.12961420614790625
1867,A,17.675191975675833,0.32217389957540743,0.1890849768816413
1868,A,1.1564502284278397,0.3562901126135857,0.3253003523059278
1869,B,40.33013392962521,0.5635188439050501,0.2915937077099039
1870,B,78.25201905378279,0.6262584582432957,0.2921020029606014
1871,A,62.410305017796716,0.4219272749991887,0.2660111259573403
1872,B,4.047077471316429,0.49662851134990554,0.1598554251553354
1873,B,7.550229115588364,0.38901145842710044,0.11211725386032384
1874,B,23.967054707021163,0.4863278806066558,0.21354805150254663
1875,B,40.09299771163632,0.3460063580831604,0.2802191366520539
1876,B,105.3820484746246,0.5898514209410072,0.4705047001077999
1877,B,40.68339042876859,0.504579322014093,0.2335281425629686
1878,A,10.879101401778478,0.44475111635436587,0.18351474320025676
1879,B,56.90034583215262,0.5309471921669178,0.2944675112552174
1880,B,59.23180440371534,0.5070086827913381,0.29351202707900376
1881,B,109.21042845763117,0.5041112413059844,0.263069440271019
1882,B,77.9731840474653,0.4226725259677841,0.35747967055516205
1883,B,180.0,0.2615346394831762,0.27989473088220135
1884,A,80.93814511391665,0.4209663274505313,0.19018258964746587
1885,A,24.53524870847208,0.4547068695578132,0.4185528186667571
1886,A,38.72547882921049,0.5632790989139641,0.23244766094556438
1887,A,92.84240593892567,0.36568226548328076,0.35781218029100814
1888,B,1.0512113825732188,0.418019699253786,0.2662906339975621
1889,B,12.114834840270241,0.3386574588828874,0.11886967106487115
1890,A,89.65494793069003,0.5272187022308826,0.0606075049653228
1891,A,20.900267883411896,0.4345868795545404,0.18175154610358804
1892,B,138.61369838743303,0.5167314989837114,0.39209519759133415
1893,A,10.54425855368309,0.41729563992996355,0.19917021205099458
1894,B,81.70637870383733,0.38383659734641074,0.46847173298980976
1895,B,16.17743806729345,0.4205758658377553,0.44492982095800226
1896,B,180.0,0.4399148170856159,0.2893709278326071
1897,A,67.15369448869095,0.40083156652001134,0.2884145476920595
1898,A,25.539184701936897,0.2717099668019988,0.37847194303762993
1899,B,106.0439157401733,0.35468758425051605,0.3880638655215817
1900,B,3.475795134570766,0.5679278410541757,0.2053514801201185
1901,A,9.596033731716068,0.5679220439857332,0.07736120686333306
1902,B,86.71774802458944,0.41607542114920576,0.18209278875935944
1903,A,105.65314114797134,0.34001743871968704,0.1691221288560576
1904,B,79.8063184068277,0.31243674154962553,0.31819947607941107
1905,A,9.934946890291851,0.3776765746108977,0.37314456958538367
1906,B,12.996917655482742,0.4570450522690691,0.24367184190820002
1907,A,1.1765707049307614,0.6763685315296945,0.18986851911350003
1908,A,0.9219796043286532,0.3948972397377133,0.15512363821840328
1909,A,43.816306855444225,0.40408972309334407,0.4133456048794636
1910,A,48.76868189181082,0.2883628669018608,0.2032061160492426
1911,B,57.53186023292504,0.5505402657127638,0.41202105080374657
1912,B,180.0,0.5174564990714486,0.26864876790265735
1913,A,16.76585428364042,0.27992705493583353,0.31008335264988107
1914,A,17.355538872000707,0.2066373307487131,0.42203491747236554
1915,B,58.58355858822897,0.5003079289531555,0.2623872448365093
1916,B,87.39884292925467,0.4995861251255011,0.2128604514424986
1917,B,5.443313364422971,0.288493955567703,0.22662784208869344
1918,A,18.663702409588883,0.19132602179274366,0.17050836033130123
1919,A,51.29684390655181,0.4614917768370548,0.17788200163619947
1920,B,67.59820311773284,0.5263819867312131,0.17821957268167538
1921,A,2.6951419432667003,0.3502520783715033,0.31571998214336733
1922,B,11.913443136336793,0.49827695316946624,0.2867032036329565
1923,A,119.10219824223209,0.15655954282818657,0.31411375276794157
1924,B,3.877453673018506,0.33301462017916117,0.3950759915499455
1925,A,11.326441579254915,0.601935604625113,0.39117171999265193
1926,B,41.76301396570512,0.48062731092791816,0.31323912576941104
1927,A,180.0,0.49198556068035987,0.3364799561681078
1928,B,72.21457381091278,0.3615368441350534,0.6544511957473437
1929,A,8.467462525747568,0.3619027679850878,0.290187545244267
1930,B,41.14760525744696,0.49809635745277425,0.3514946974323208
1931,B,139.481511171559,0.3623469619229171,0.41638878355662046
1932,B,61.86079286196013,0.29559464903436805,0.23514465973496115
1933,B,6.504226568653696,0.3085918107712782,0.27915237303069446
1934,B,141.75111319472398,0.26514027619838704,0.1937386949729116
1935,B,8.62796172966568,0.5529771296024063,0.46551848565027093
1936,A,66.43900816183756,0.5695953338951326,0.2671338925416647
1937,B,73.83343044314667,0.39956120942592,0.3192047036302124
1938,A,11.378070696218636,0.47758761972902497,0.2922753592413975
1939,A,3.7936111216345134,0.4004067453216417,0.3757243692342918
1940,A,93.55087254127542,0.2848422677241404,0.2441577412593502
1941,A,88.07547706294976,0.38035992362936955,0.2782191935053219
1942,B,8.361968008503114,0.21899659847783357,0.3800345590265023
1943,B,180.0,0.48026004369995784,0.33334520242768806
1944,B,20.994887973156477,0.3519599941439356,0.441124465919072
1945,B,35.62201691034958,0.5595638886282894,0.20301843276341736
1946,A,23.255732409468937,0.36240154408088243,0.09498182482295844
1947,A,54.539640639606496,0.31701568115861606,0.2629565240302708
1948,A,36.645045851575084,0.4274256822469302,0.317738667575141
1949,A,86.26608856450969,0.48783139167074047,0.43912764876917243
1950,A,17.028816799169043,0.3954102958314579,0.32438988599100715
1951,A,33.374224178089655,0.25202762053441563,0.30848865487215316
1952,B,32.704309889367366,0.5238901306461663,0.29147073490515424
1953,B,5.588478794393947,0.6038217324473191,0.4498894193485137
1954,B,35.42490922839185,0.36186924936482345,0.34190048159328235
1955,B,8.420771587462538,0.5700972604387121,0.19087564133923082
1956,B,84.20835141130252,0.497375244643033,0.1458380257149179
1957,A,29.894026082777337,0.28844302744903544,0.3159217104473086
1958,B,165.2339700019161,0.4616430990175415,0.3235583664268021
1959,B,85.82934544079063,0.43936964990224175,0.2608308752366681
1960,A,19.65645027163042,0.6132320456294317,0.2723487422086301
1961,A,99.92659680830401,0.20211114290483984,0.31153375248914655
1962,B,29.327340699207895,0.5201407007290884,0.2486816627962204
1963,A,8.161898131287229,0.4018907656316858,0.31309386414642776
1964,B,0.12345908480212697,0.4877408220836201,0.40747806118158286
1965,B,1.9412482727563993,0.41165742196500243,0.4541377792411799
1966,A,7.287346141398832,0.35113329247904956,0.37083690242151146
1967,A,38.7076166242374,0.4450763485916972,0.3857638516115066
1968,A,48.216004859811086,0.4302674165975107,0.2956986391537981
1969,A,9.739806182421011,0.4101491221474296,0.3016133147534915
1970,A,22.29629169815115,0.5115283425722491,0.1813016358137614
1971,B,35.52985519540785,0.4579553904172532,0.16699762097794846
1972,A,131.8170448965119,0.45000755647300367,0.23514954650143552
1973,B,59.167335864167796,0.4650072052485453,0.47361639160016117
1974,A,12.743194923476649,0.40592101151804466,0.22485196226725773
1975,B,89.02932623287138,0.4644074118821895,0.1555099481211447
1976,A,49.66683087795509,0.4326213448564452,0.13226784126121557
1977,A,60.64417819133743,0.5526202817019614,0.34915814237819387
1978,B,47.58625010992468,0.4277901693745749,0.24760281414896573
1979,B,180.0,0.43876544547104107,0.3612556846341131
1980,A,26.749818499230383,0.3987720436001314,0.24777271865672099
1981,B,35.4005617952886,0.49997591046487877,0.30994273213840146
1982,A,124.7852068585637,0.5225416761327094,0.25301736710591893
1983,A,60.043360884359615,0.5209432197312532,0.18143395766251244
1984,A,27.555756105375472,0.2822927932139712,0.5688695706865192
1985,A,37.90913498129219,0.2990485747052686,0.4746366788490191
1986,B,47.65086218669275,0.6971313290629242,0.445947066279453
1987,A,53.084213168020376,0.4433300699298942,0.19288989843355295
1988,A,40.36294537886804,0.5391737960732219,0.6625029278801141
1989,B,13.597878330344816,0.40457524997636224,0.3397654678944462
1990,B,21.580060029160727,0.41163326343368417,0.3273084577259162
1991,A,94.92608449066093,0.3321278507701614,0.12295564348495139
1992,B,59.76199694626649,0.36675441336591164,0.3610366494802299
1993,A,19.86468372918707,0.4268369716724024,0.11994822720791547
1994,B,47.860930405962776,0.7186438413453567,0.2708591923604117
1995,B,23.996870637758185,0.471226057429384,0.22606579039268715
1996,B,6.175687089352984,0.33589736141834226,0.17970960907712213
1997,A,16.043027794530566,0.45533845875959833,0.2857829082652351
1998,A,10.826708956227504,0.1819452106806131,0.22662297763682068
1999,A,1.7331861977521141,0.45772605791940846,0.19252952551531435
2000,A,1.9784915758950083,0.3216794731488318,0.28861523284816115
2001,A,91.8290466476,0.4044053967428357,0.12352136725593373
2002,B,21.81325962328159,0.49217308085983297,0.46747768817928453
2003,A,51.049144393987284,0.22137116292984593,0.41649626208546864
2004,A,48.616956741268105,0.3124705394483735,0.2377460480027965
2005,B,2.348326766977753,0.4996074401134497,0.41888037606697115
2006,A,42.91130842900459,0.40822924754254053,0.12042743098851927
2007,B,45.205106269758645,0.36591982225774433,0.13118344794305525
2008,A,85.13675035526646,0.39738833201943624,0.12306743771748027
2009,A,29.449796300437434,0.3402678669239791,0.30674575927902054
2010,A,91.95237235104099,0.38743298743280424,0.4133672051847848
2011,A,20.043914930665455,0.4535122780865716,0.6167899247717755
2012,B,20.285557052659428,0.6091572668481183,0.36503155435549406
2013,A,117.59836741933054,0.4115034763223635,0.20310262739058013
2014,B,24.845157465008857,0.543498027053919,0.256330755640836
2015,A,53.97777279119865,0.2848517700644689,0.1748855235825884
2016,A,13.378395113140325,0.2577301579439423,0.5058573577404033
2017,B,44.50543294972939,0.36025947746786247,0.11516881118371537
2018,A,37.363852310369275,0.5000406238907636,0.12366835412557464
2019,B,45.26971613196006,0.25227181299185,0.22092957781122682
2020,B,46.153408970269936,0.503339682160927,0.3293675145189095
2021,B,35.17641134329451,0.31079212839504256,0.3321388450554721
2022,B,34.82283013711801,0.36553531365624986,0.2770640220424308
2023,A,34.267115952615455,0.44249047729332514,0.3033271290788705
2024,A,6.677218756061185,0.4392378353463364,0.24475671514527295
2025,A,40.258539043176896,0.36938261554114615,0.12364114591939322
2026,B,89.52300088414039,0.2736714755521543,0.236799867033278
2027,B,32.774281594424565,0.44638349896950713,0.333126098294606
2028,A,17.011058922163905,0.31013678764123653,0.0745711092303523
2029,B,39.93265795889478,0.3400858047995461,0.36473276630950174
2030,A,2.419593385341549,0.31176159451010327,0.2683529660054811
2031,B,180.0,0.6530155487536049,0.2537398049433422
2032,A,133.61446197841116,0.4665414090600003,0.1860890542241336
2033,B,10.386080129094289,0.45939865128689417,0.27879438779744303
2034,B,67.40056895663143,0.6363937928622599,0.26552840427482133
2035,A,46.16098896458453,0.29536678091361324,0.2148236746561319
2036,A,94.27104226050943,0.4252167934529714,0.1930537376398049
2037,A,50.72330848995574,0.43494339568399903,0.22754219789094082
2038,A,19.871333681405282,0.2551017954410355,0.3004821423686639
2039,A,32.34828835676437,0.3671501009955265,0.36778052094916486
2040,B,33.32731831594372,0.5346778735756114,0.4758808433206847
2041,B,92.30771063028398,0.3734909484369347,0.22518201982238542
2042,B,26.91360093083635,0.49917585929889513,0.4215772562757515
2043,A,50.680370907733675,0.46396409658637455,0.23751143280025816
2044,B,18.769644351586365,0.24811575752071094,0.33170462117250854
2045,B,12.112046301869922,0.47441965542222914,0.18032923778475834
2046,A,145.1341770851872,0.3855955875130767,0.17733950199952825
2047,B,106.99413441985325,0.3355773736338913,0.22943017903343693
2048,B,65.88470979514547,0.5029027982070975,0.21391744889411396
2049,A,13.166401168078314,0.22746290672102945,0.2642502384763735
2050,A,93.56661123806394,0.5553656245475247,0.28108113641082494
2051,A,116.0120797632764,0.37935880813745,0.226849788319027
2052,A,49.946514895292474,0.15977309496121497,0.12583960123401194
2053,B,4.160946265060922,0.5335419723978785,0.14436966028444817
2054,B,64.99909852557472,0.40302736696089475,0.35565802253000595
2055,B,1.8534555445025522,0.44886874115094866,0.18058665705656118
2056,A,120.48841911586521,0.5306613293812568,0.3215247553916832
2057,A,22.828327743469544,0.31708869206869494,0.4239683208798025
2058,B,10.422689793792726,0.3399802914075904,0.19569725428936177
2059,B,46.719149400163666,0.445646854043008,0.37601657527907106
2060,A,137.60783584136033,0.3800681024155817,0.0785585806358052
2061,B,32.38081473570621,0.37783865772507624,0.19456550382127108
2062,B,95.45163806588974,0.5955227849130564,0.385801964192261
2063,A,54.59815592799893,0.3845986316512508,0.1858553534680756
2064,A,1.9311084584800635,0.450771584658209,0.16531576632512499
2065,B,48.683119210757326,0.3104878382156769,0.2353935430968214
2066,A,106.8205194033064,0.5217411678834764,0.33578540127347595
2067,A,29.81543535597841,0.33196484639601653,0.20269327240367066
2068,A,27.755633258816026,0.3373218807576148,0.16609958233814678
2069,A,37.610390350476656,0.29872748329230336,0.1668278798492741
2070,B,174.28739592967747,0.2852938584037583,0.19733715379154776
2071,B,100.47898547061482,0.4099829841430419,0.5169276810113608
2072,A,7.280780799715433,0.6028320263692678,0.321337832025156
2073,B,21.623768683497083,0.5454110917471277,0.30914202292296333
2074,B,93.42721540193888,0.36616526766103624,0.2901528762739745
2075,B,106.0656063740753,0.5555014604948746,0.38293011517768905
2076,A,28.49877071146713,0.4685979910512086,0.09044266217993623
2077,A,80.03743241264279,0.3599719628355671,0.3432879138605644
2078,B,180.0,0.35793327476939585,0.36080168674634494
2079,B,0.6574104243791348,0.5423203090610521,0.3815358492466884
2080,A,0.7021603815877973,0.3341274219048636,0.15868649103286875
2081,A,14.34216872951529,0.2896445994049386,0.25120803421273796
2082,A,0.11059217459395802,0.6186660718048594,0.15753386411042372
2083,B,108.02469968022561,0.6350366979944922,0.48941080584157814
2084,B,3.767823039235844,0.49263875426531273,0.15712233566794606
2085,A,24.181203809205737,0.3847777428871789,0.3632872306557612
2086,A,58.64012329575594,0.3318676196195163,0.17771342512346963
2087,B,39.053134668637114,0.3639542733684003,0.36037512654368753
2088,B,27.849559470766927,0.5760052039217489,0.2729462639090259
2089,A,72.1492126297575,0.5312577567989113,0.40871525756540067
2090,B,131.26100006940658,0.5512061541586881,0.3538079999515854
2091,B,27.011353171756056,0.4326570529723041,0.35157218894717035
2092,A,130.6745217779702,0.3501256386618852,0.22936184290873154
2093,B,47.135193818220685,0.4895363755748262,0.2431042609875144
2094,A,42.200169589458554,0.40527596640482993,0.1768093813385435
2095,B,61.21760593593111,0.2446693717933014,0.2926494060933447
2096,B,0.9990839454284404,0.37187261678529193,0.3292707678958034
2097,B,46.48134676008691,0.5305464393389975,0.38939318106751536
2098,B,37.94929974812049,0.27550534926959713,0.2649263841065411
2099,A,13.224165113510937,0.30081491165088375,0.22872945583682525
2100,B,46.87401677205514,0.24821648532636126,0.3644392819284951
2101,B,4.095845116991207,0.46783937210890886,0.27517098631673176
2102,A,116.05367408149853,0.3496978955357829,0.30915721274005087
2103,B,2.972392481134715,0.5718421951480437,0.4518287378117547
2104,B,10.163956582415729,0.28482160368721005,0.36261280637064525
2105,A,67.18766458391148,0.38579201902811716,0.20809035730376466
2106,B,105.89213594348453,0.323508126703626,0.381733327048943
2107,B,22.920991244355687,0.5022293376775828,0.09238277019368532
2108,A,38.444502039467864,0.3836222576864827,0.29810726054028885
2109,B,29.59937306113977,0.40826195861483877,0.3237947538807671
2110,A,53.52951493964274,0.3101346891614057,0.2332537693351043
2111,A,116.15369364797631,0.518752887371748,0.40385693329332717
2112,A,56.07737505197333,0.4069308811574557,0.2616647472560702
2113,B,25.717585432283997,0.44653820701950014,0.3417112291352507
2114,B,65.1590403038585,0.4914368368105771,0.337107401625759
2115,A,20.675638609636938,0.39782688265637317,0.20462996285828888
2116,A,56.17671002399634,0.39324290937599027,0.1632273052651092
2117,B,15.620624721988158,0.6079917599555694,0.2365715639850886
2118,A,1.8500305210238255,0.4681710707395723,0.32049795221762456
2119,B,3.6839194558401087,0.4818416599303515,0.27934841771347574
2120,B,24.705013054472364,0.44958400099321943,0.29476691243513753
2121,B,67.67013475909232,0.15432644780306373,0.2405635540795157
2122,B,128.1658555613168,0.4368847313158442,0.20636974596212726
2123,A,21.979682584821493,0.4363300730713043,0.08562953688742471
2124,B,2.712240587683891,0.6719869070805954,0.2840153474911263
2125,B,86.49398078765914,0.20966262547740086,0.3761469863818143
2126,B,3.560530726667322,0.5422881856700554,0.12890600697254115
2127,A,23.463896949072485,0.2959139439950418,0.22035180821508732
2128,B,20.87613059498757,0.25156872714589734,0.5192056923782956
2129,A,8.213735668293966,0.47279324374206866,0.19609923701349902
2130,A,1.0510255644875581,0.32355925532306334,0.14748886559625288
2131,A,6.442025319532516,0.5721688271768014,0.2131222269969986
2132,B,1.1728063064224572,0.5773158052424877,0.2979557126968147
2133,B,126.1116486587169,0.4130246807667906,0.3130938580196579
2134,B,63.79686436500792,0.25407304251560314,0.3239353591778532
2135,B,23.954515171401326,0.46003976863872575,0.2925309164639865
2136,A,47.84014573687764,0.38594086932163896,0.30844619061249295
2137,B,24.644979152013175,0.5872697271092634,0.28437432821550296
2138,A,72.94265917576433,0.4464951108136006,0.14657658193311132
2139,B,53.103172329606664,0.3898442493312741,0.23149817575764542
2140,B,4.884062350327195,0.48125272942460545,0.3406633874465608
2141,B,8.148955903043047,0.29584570458472986,0.24632462499010999
2142,B,97.696761115794,0.3414247092756662,0.24998782021743815
2143,A,180.0,0.3951255549615335,0.20097634364397093
2144,A,19.13417537391189,0.24054790513505325,0.34378350605777686
2145,B,11.754033045150127,0.420032918630933,0.2907096692913234
2146,A,41.16329957466079,0.3397569737685184,0.395629048488704
2147,A,124.51159190953088,0.38419886199786546,0.2089947576526527
2148,A,8.224730808393733,0.45736677130337083,0.21829696356622644
2149,B,67.44723665616036,0.4376490774701584,0.3797895499400136
2150,A,56.90664950039322,0.5356399106665211,0.17341760357948832
2151,A,63.28846209293146,0.2939407047651606,0.16887950915168806
2152,B,13.308297095231698,0.48869564454361836,0.28169601350816925
2153,B,4.798338339578472,0.427673040530985,0.3797049529061291
2154,A,4.193348756972949,0.3337194878849281,0.35239966057054156
2155,A,88.87846928635646,0.6984091831805219,0.1973503367139582
2156,A,75.47438561506321,0.22482762573207818,0.3971677760907231
2157,A,1.5288133519360902,0.4940687405482096,0.32938804068412136
2158,A,4.297637464720299,0.5324720626824522,0.3643477155620342
2159,B,119.75125646242645,0.36619022676143614,0.4944981521339423
2160,B,120.61162958036893,0.4848054359758141,0.40736388106878696
2161,B,48.34229089211534,0.5830345380250103,0.5081991337521208
2162,A,2.2668595831139675,0.4724429147827419,0.21671067418961004
2163,B,32.237900688039005,0.5197456402952101,0.28003889163751744
2164,A,18.341219079420963,0.407175328654894,0.23204860975967065
2165,B,41.84230659586761,0.6157676744067303,0.19147113389029258
2166,B,27.27212358584878,0.38780659334313183,0.17307568079533478
2167,A,32.03549550851248,0.3153786153982819,0.5038408206592151
2168,B,73.60145927389885,0.39155051171721894,0.28206774414891805
2169,A,34.20136204569609,0.43661395262839015,0.21895137047391214
2170,B,73.04469333210396,0.36957498485131857,0.3378106628254272
2171,A,14.01838300788016,0.3507795206133684,0.18472585390224966
2172,A,109.1631640523555,0.3787825163560658,0.19354715036019113
2173,B,88.87557123570228,0.6089167102750246,0.23074962778245495
2174,A,20.667680012980693,0.27620415954105854,0.17735667847976122
2175,B,38.484359171682534,0.5674468459498163,0.3226195246884754
2176,A,2.0979082819734516,0.4400218350334457,0.24123937670818146
2177,B,84.04083111102808,0.5969808657384625,0.41643686188893825
2178,B,8.802010017911943,0.4728569227385278,0.16296607718167624
2179,B,1.5911019242217668,0.5218937422061815,0.2683562228378868
2180,A,16.06497487386934,0.437998686535863,0.3924592882680836
2181,A,34.08236316385363,0.3365009083113616,0.3568147173917601
2182,A,23.608053658520816,0.45842671193319456,0.17356916869666295
2183,A,14.399476732752284,0.4907015718417215,0.27569559920952075
2184,B,54.30229069134885,0.42526345299682666,0.3075011526811425
2185,B,5.7961054192981445,0.45126837177247253,0.24484386536487437
2186,B,41.599869829249215,0.43697420653934604,0.38343772578587376
2187,B,66.4035561732729,0.4251998595887918,0.35763985719265523
2188,B,27.180657300189704,0.5297886633963755,0.13982551971638027
2189,B,2.3329398860630244,0.5411461475735573,0.4583278000599738
2190,A,6.335289087004144,0.4311461304941374,0.2836069895356044
2191,B,113.43961051226573,0.4685047821398651,0.27821701031217905
2192,B,2.2988145608416604,0.5248664185880526,0.3644093624609225
2193,B,122.26638400429421,0.49756484608128243,0.21503528194181987
2194,A,76.95753755727284,0.3641379482404749,0.171262759197158
2195,A,180.0,0.31086483126208725,0.3527074368912014
2196,A,17.99074877384911,0.43275426715053966,0.314142605252501
2197,B,2.811441109997665,0.28695807769692167,0.23097547014468972
2198,B,69.08863079103538,0.5073573170331883,0.3968775179347269
2199,A,21.62942155474858,0.6312373107231647,0.21909972905614838
2200,B,134.58775613545316,0.38424616947830853,0.28729831232430525
2201,A,43.309480830267844,0.3903890306865807,0.18910143805124133
2202,A,57.03367265941169,0.40071690093221213,0.17835266537129424
2203,A,22.39330388289573,0.482792162971028,0.31014692507211816
2204,B,123.49709463501999,0.3863688344455585,0.3069392841122966
2205,B,116.4035704026665,0.6211277485821408,0.45045651599069736
2206,A,105.89115311846112,0.5774055154700433,0.31314527981133455
2207,B,111.60518529249843,0.4907209511391089,0.6349443178914513
2208,A,36.944532834313065,0.2508085249538945,0.2876904916240825
2209,B,37.13769400693083,0.4770815645479179,0.23636032122220843
2210,B,42.41880114897077,0.3567834903505369,0.39656527709607203
2211,B,50.2757221768809,0.48339684921175796,0.2050744915031169
2212,A,26.934591699316808,0.2595539328826394,0.28856079116182337
2213,B,117.66915353470924,0.3768815424796968,0.31977958351869123
2214,B,94.6997832864099,0.2764828025361624,0.22921016532968913
2215,A,46.816227297754274,0.3495173414305845,0.20729013854494135
2216,B,79.44347633379637,0.43907392831492353,0.2692355257157848
2217,A,137.40493141877658,0.17367764255718182,0.26273676501234416
2218,B,58.56036737733953,0.36715380565402506,0.2859581455476161
2219,A,71.21536881756425,0.3907732659828639,0.24038220787612932
2220,B,50.093663518675555,0.37962423031559916,0.2824708805859265
2221,B,132.96658855948968,0.3363141833540778,0.27656713102930736
2222,A,1.8376052514547245,0.2891494555628375,0.4425098747944094
2223,A,18.176901809922157,0.5478972844942133,0.14561149126862188
2224,A,28.615792875502866,0.3675763573951156,0.15172625223871175
2225,A,16.99345865057753,0.2532470289756987,0.2639754798618764
2226,A,54.20691911766927,0.6561163156550848,0.3173566662501828
2227,B,11.127521596511533,0.4737586743722827,0.21124064760505565
2228,A,78.76116070415085,0.3679962555365379,0.08010150098100634
2229,A,59.14474221182215,0.23424409417264064,0.3530685131825917
2230,B,11.132727094720758,0.5417812784474804,0.26471547518654137
2231,A,180.0,0.5501717616935621,0.2354053666647707
2232,B,180.0,0.3539809710474436,0.21934725883432726
2233,B,41.88873136092845,0.5312317216651614,0.14960508096571118
2234,B,34.342689117304815,0.5112332374077937,0.29638246445377947
2235,B,98.85704651872595,0.5475417401299106,0.4392191291273822
2236,B,98.56984795302631,0.32181175353727126,0.1061581955681697
2237,A,14.319304986015581,0.5168814860164511,0.11776172212161286
2238,A,93.57108774328594,0.408010730318904,0.22554621436150482
2239,A,65.47944026527983,0.26672516145026387,0.3135710303732332
2240,B,10.104159549971133,0.6676637129513776,0.19830415797728115
2241,A,20.236374862051836,0.5717915209126415,0.27117815074620905
2242,B,9.91342826503638,0.5440535389883205,0.23503958322671745
2243,B,82.47395891804005,0.4191460402585265,0.42682857549790887
2244,B,80.08328279025505,0.3799168922113627,0.18677280971881266
2245,B,13.266924631334408,0.41028999922802717,0.4303626260451644
2246,A,59.61272800865997,0.296484323242838,0.20356512392748732
2247,B,95.78736121608048,0.5033688111339085,0.18378257164212736
2248,B,34.00928958687667,0.2730333235042891,0.1916069811007002
2249,A,4.945483907498004,0.37172354992295337,0.5528780473922904
2250,A,70.08654963673746,0.32411047682958954,0.10566073201186514
2251,B,33.01260218333276,0.5598570335242773,0.10470489635662443
2252,B,180.0,0.47633541830767256,0.5667631530693106
2253,B,38.0813812688196,0.37035093729135493,0.5242842400256789
2254,B,7.66444492460952,0.3451466888669784,0.15262513430781569
2255,B,17.093466394761037,0.368529177703276,0.40156187088428835
2256,B,21.111397716773567,0.4858341764538543,0.27808182533911846
2257,A,34.199714181514324,0.3784310164297503,0.28260838829161083
2258,A,15.557450299139228,0.4837160045374382,0.20626755204560182
2259,A,47.99099036400603,0.55139159636912,0.2121967508302486
2260,B,165.4258055820122,0.31258350450416084,0.3434181740567845
2261,B,15.94194967254097,0.5565678300618309,0.3819631364411896
2262,B,29.266956122555804,0.3096625118617817,0.3391019336119389
2263,A,46.177262974018745,0.6328449951371562,0.24283696201658792
2264,B,72.01155627089554,0.4988221827290153,0.21300326400469569
2265,B,16.657572335301708,0.31457473013307796,0.2851220547366015
2266,B,62.891990178628916,0.40455127059241947,0.4358449627115085
2267,B,12.094418808253605,0.2924525366466891,0.4613748190289261
2268,A,10.57824872639009,0.4339722908146531,0.39338633929636035
2269,B,14.443250239237596,0.29947821018837395,0.17911023756461156
2270,A,1.3891048842781606,0.3276378129559115,0.35628090856859734
2271,A,25.58225769309646,0.5062946470278323,0.42915611788977664
2272,A,37.92759869527294,0.3315255839029394,0.1857235062427942
2273,B,180.0,0.5320813700599241,0.3299566542240845
2274,B,23.93878868767865,0.3768816910526185,0.23038529467143845
2275,B,68.0249159436974,0.3991568555580876,0.4452273660640219
2276,B,95.31474666504658,0.5177169211157302,0.45052813243356105
2277,B,22.149504667263443,0.4794851330809763,0.18289144892912373
2278,B,22.977458389535578,0.33700083429525174,0.34121282795848507
2279,A,94.15651243067148,0.34949531340868245,0.15296595796716023
2280,A,118.53471388322606,0.2587926916067579,0.2595901083758347
2281,A,33.86176744017444,0.44851646128615447,0.08838841230176467
2282,A,63.073134696980595,0.5318876012777747,0.4762904541799763
2283,A,26.035880040774344,0.42778580854768833,0.2156555009569965
2284,A,61.68350319118037,0.3176695047456215,0.1910264217690924
2285,A,10.312359359474268,0.263424269540776,0.17755166946025466
2286,B,77.12614160462518,0.49141496551028874,0.1889863640009492
2287,A,20.867712506764164,0.4220477202274636,0.20298660666673135
2288,A,45.25852892721366,0.2721114038736253,0.07749768865667317
2289,A,0.8246180103395229,0.47246751348753324,0.18796166122101396
2290,B,48.565352556481244,0.6729670716426802,0.2158204444245697
2291,A,57.68077199904235,0.21802578531233285,0.4127150653991239
2292,A,81.2277245361632,0.4174931220906694,0.186491667386494
2293,B,23.349467741564805,0.388238558494976,0.1083837658768497
2294,A,22.922823654252753,0.3971368791022556,0.3983816477503996
2295,A,26.7346314646927,0.3007433463916214,0.03844441740829139
2296,A,85.7567164825574,0.2411261822892877,0.2539688459390025
2297,A,67.25558735596596,0.2843453277065205,0.32788798271323805
2298,A,15.29493057547486,0.2909221588780039,0.3316788439472159
2299,A,17.618708620828663,0.2632552598545484,0.34681959638816934
2300,B,71.99712623143168,0.43182921529456236,0.41961239642209086
2301,B,103.63255100126374,0.40520360150196344,0.21322821099828015
2302,B,13.932333589412899,0.5554288383742247,0.2951186839530349
2303,A,51.11707002460519,0.46013433558506867,0.11157854556317871
2304,B,1.2821978232185254,0.5081105330572185,0.1363122862145824
2305,A,37.27239693548037,0.1939556444590245,0.09836347857383512
2306,A,7.965502524930279,0.5233678298209247,0.34916864247263796
2307,B,16.661208491214545,0.418241307639891,0.25663733419644824
2308,A,16.693294757513392,0.2832409506642775,0.1297245319835976
2309,A,103.60880440929753,0.43333043223554857,0.26183326015182884
2310,B,58.36277134607067,0.4388104009192512,0.47315074510987515
2311,B,128.33995724906862,0.5864627148480562,0.4467019896454179
2312,A,52.439010281164585,0.4627182830818378,0.2743025529450386
2313,B,103.38870572774367,0.3011275086661384,0.21175698844792787
2314,B,13.064898999143455,0.35899336598941506,0.339262400184429
2315,A,180.0,0.5164607797786501,0.3004082679651117
2316,A,65.55467716217807,0.4676749327188534,0.464719193877136
2317,A,128.10921932070215,0.31246812770367255,0.24543551050738244
2318,A,10.961406695664785,0.3043255754700862,0.24394359265185445
2319,A,66.42687948647338,0.4668130894085213,0.15182448428867765
2320,B,110.68892565877094,0.534873982145663,0.2161476225836902
2321,B,86.55866961680404,0.4280163817287359,0.1818465487890437
2322,B,68.93990680329486,0.18626482678054837,0.48794975186185063
2323,A,0.9191111079881396,0.49034859676647097,0.1903471816507827
2324,B,60.60493563066436,0.5560143010462528,0.3008343817945164
2325,B,85.56831070082957,0.32038584675381304,0.2508120765161326
2326,B,102.88425832604423,0.48329875643482884,0.10184285696294805
2327,A,49.993576956994275,0.3884508786781425,0.23124548326446895
2328,B,88.91346179401616,0.3237152137810683,0.38199257628777455
2329,A,28.508624833560887,0.2568258099117583,0.1594892044112839
2330,A,19.16148567919799,0.39412205412075035,0.256293429621747
2331,A,89.25461928090533,0.4328141613839738,0.18605183706592723
2332,B,6.756670412202948,0.3943834797206441,0.24353941132603715
2333,B,66.59593430229003,0.5024471373700726,0.3704152566896526
2334,A,86.66927332047591,0.26506543754616524,0.2737945927278778
2335,A,1.0149366715686945,0.43333228500851845,0.18731250177250716
2336,A,42.315319235548394,0.3413344003441038,0.1831540483717363
2337,A,20.637020349857053,0.3362237034301923,0.5705417322538121
2338,A,24.177329445719415,0.41222946519075615,0.20138812800658204
2339,A,80.28152209509689,0.5144090196767959,0.20337042676871897
2340,B,95.71984487758347,0.6879298354000984,0.39962562935110213
2341,A,16.68741719270963,0.4685903583874062,0.3352864445691187
2342,A,128.95023172413474,0.4486635122105637,0.4196020639646153
2343,A,8.91020183374538,0.688456760657934,0.21740303785389015
2344,B,10.682557970018324,0.4861907931459644,0.36413056749080025
2345,B,12.5081290112671,0.24450049782446484,0.2513238131841421
2346,B,80.16692703357407,0.4031966506770174,0.1921517843686944
2347,A,48.90820581579333,0.5155494387255238,0.2868719519567809
2348,B,21.917301589996573,0.3749874912927027,0.28882613711288657
2349,A,50.1777921678699,0.41489192031872346,0.2609954318148936
2350,B,26.53702599257541,0.6063520111623857,0.31311337190785815
2351,B,24.620151662282854,0.35060141150297436,0.2080602088347999
2352,B,12.444339471590977,0.49742266810197694,0.23072133733980396
2353,B,145.26277118082277,0.579243722867696,0.3742427147520285
2354,B,85.23712971530678,0.48561684920542625,0.24566249312606392
2355,A,13.077596072283615,0.35648229471010484,0.11552768452691597
2356,B,14.996859300710168,0.4720153929253403,0.35772962805567887
2357,A,17.670293466724647,0.4846019586107732,0.20649729593421273
2358,B,5.831644945259962,0.5910623470392491,0.2478313317763138
2359,A,81.02651819031576,0.45032951840491303,0.2868851613582556
2360,A,64.56000075336907,0.2527958339169457,0.20632680326145114
2361,A,17.960806975350923,0.37181648309163534,0.0907390127529272
2362,A,34.356438102733755,0.24496334375436202,0.27207868338912305
2363,A,2.864904862323739,0.25764702058209105,0.2219621515296236
2364,B,24.24173575722538,0.20088405064234635,0.26253053302320134
2365,A,10.536124572796838,0.32325085952030097,0.09588063295803986
2366,A,29.93323352288624,0.3476605669057021,0.13679052867611322
2367,B,27.90688130061911,0.37883223068695815,0.3568314408392926
2368,A,4.04531873651207,0.3437364147950339,0.28244064269576663
2369,B,0.37010496294817097,0.5081904740443485,0.2857062972908122
2370,B,113.4491739676048,0.5867729165605665,0.2748202072870675
2371,B,99.09723625665696,0.432663890538138,0.18239701325873114
2372,B,98.70687653620074,0.44775752940664665,0.16196435137278187
2373,A,83.41328824177648,0.32981093050243165,0.15577428046339062
2374,B,85.22194091672606,0.469588032678079,0.42995450411506514
2375,A,56.96416034751733,0.4184655358634639,0.21000448560604298
2376,A,129.4147483229571,0.4009322343552483,0.21168127475223367
2377,B,68.69087473721953,0.6641658493312358,0.23972253104949343
2378,A,53.209329993828945,0.5373382853639764,0.17816881157761832
2379,B,52.340372478109714,0.57283280257889,0.38910157444906873
2380,B,167.75894369324237,0.4888323817838038,0.26542174338030167
2381,B,64.68058727218714,0.2121771506484756,0.24946929477406862
2382,B,51.735574561324064,0.5794193529779619,0.2764271019348487
2383,A,126.90552283691474,0.46473420130452,0.26143613856804226
2384,A,36.386379712692055,0.4280001034345802,0.14465392368398522
2385,B,80.8635631221946,0.38050682761241117,0.2314901532319374
2386,A,41.25768340183894,0.4979000192158142,0.20564224670030581
2387,B,14.701241838205446,0.4189670349186411,0.3587696836158192
2388,B,177.61471792710262,0.43675905159822864,0.22282534098694104
2389,B,1.0060932393192135,0.4184534904787471,0.20962980755413985
2390,A,169.69515119023632,0.2974851910686605,0.30287953722240984
2391,A,46.24123963934779,0.4609260904777613,0.22562789399148384
2392,A,1.407169447705133,0.3356068690437729,0.21151331374850113
2393,A,57.89880409627055,0.5274558066581587,0.2954468072122418
2394,B,54.35431300262846,0.41608185266322817,0.19289913892928126
2395,A,106.14708896476694,0.42741678005267486,0.037018775771813034
2396,A,71.44109100216603,0.31889223546865375,0.13916564897052933
2397,A,39.45011904253777,0.5555799455902011,0.2477527978314989
2398,B,4.171861650366019,0.39497091299285947,0.2102330572925012
2399,B,99.80910293609281,0.34584969766160634,0.08833453229189646
2400,A,50.067921879478135,0.4606788949022649,0.2948496111733719
2401,A,180.0,0.370725856686809,0.24034592791491852
2402,A,4.276733133108361,0.5873582533615634,0.32032548650849363
2403,A,49.515672623855785,0.5773409521221964,0.20434411900631613
2404,B,178.40346602323365,0.4008848168952074,0.41794429252601123
2405,B,27.314602367835388,0.26793113365774657,0.3612545779822145
2406,A,14.995541562252534,0.39387590552458795,0.4148049444616992
2407,A,45.98560713111858,0.18761822390332003,0.1382483975468726
2408,B,101.19527792293998,0.39294676774915094,0.20719430677095646
2409,A,42.09901354572959,0.3622360450807738,0.2360380613730149
2410,B,21.270784902838482,0.5634719059552009,0.1984806835309986
2411,A,7.496733733723498,0.46547812575374153,0.2593861002719341
2412,A,10.422567901128586,0.3474560245239934,0.3649472949732033
2413,A,43.73467249210589,0.30046944428405425,0.3005397869718526
2414,B,9.029475075056897,0.5588097655318529,0.3244816681136474
2415,B,16.84078453839041,0.38908190458182873,0.3526135943921502
2416,A,6.175331589817241,0.4170904807629942,0.1714844424257113
2417,A,13.865890440004009,0.33655791226668175,0.22953791189657524
2418,A,81.1484586725687,0.4792726725054928,0.29512297358350376
2419,A,17.82656666526541,0.19169765129942581,0.13796490547804302
2420,A,30.129666910183094,0.5477838852114645,0.33220301924387247
2421,A,127.46696535639256,0.49959707856895885,0.18565823512644286
2422,B,18.68410906704539,0.6543723983826059,0.1960148383537509
2423,A,11.59511037388041,0.2294111951806078,0.35837847363327996
2424,A,22.21575405196778,0.29547080972216766,0.2462800348962761
2425,B,51.79508943748566,0.3967456125133042,0.3102171889131073
2426,A,41.96551104164552,0.36916496117916614,0.18651377630903238
2427,B,82.69878365293968,0.208231955240699,0.3056652670457425
2428,A,63.35466353682087,0.545067713860012,0.17249014508587707
2429,B,11.943650580927812,0.4956538751425534,0.40175778288398445
2430,B,4.801756948968713,0.6119609239097739,0.2502695962941936
2431,B,13.030230312557464,0.4530001078654452,0.33674872793574834
2432,B,18.29054068786787,0.42419558635564153,0.3384834410735819
2433,A,104.36657265223373,0.3409866191385297,0.18065919366311536
2434,B,17.068827538037546,0.18867603982150158,0.21201004304985435
2435,A,111.18078549078946,0.39650183616075585,0.4340615277702407
2436,A,67.45368565710773,0.48251482409485996,0.12394673646565463
2437,A,11.66397145285132,0.41668394367213896,0.1403244829891458
2438,B,12.916688474712725,0.5410847804896126,0.5143844536955425
2439,A,1.1305020677734463,0.36515662912916974,0.41171458690618096
2440,B,32.62271091984776,0.5099176905784435,0.35135605465968267
2441,B,100.76678836866098,0.5400287142884435,0.15740569105350086
2442,B,5.498886246545101,0.4318838458367779,0.27009159479189115
2443,B,102.99739858577898,0.4529206465757166,0.3878086040396354
2444,A,21.786362396968794,0.2956428003220554,0.2782988372283912
2445,A,6.86814763440497,0.4662264665167939,0.13315166664010533
2446,A,55.76453844781258,0.5503773240912835,0.30932051447604714
2447,A,48.696320596054996,0.12290965960674968,0.14594562367094135
2448,A,2.023546625766309,0.4288547330233078,0.1660638459196872
2449,A,81.5182211640116,0.49965230069390876,0.28978543460982087
2450,A,12.870352342501459,0.39428617469993205,0.46862753768134735
2451,B,35.73345726415164,0.4683676813545382,0.17200830824869245
2452,B,56.16972914067729,0.5907260990898247,0.2045209490894482
2453,A,25.471517444492417,0.2545648084685653,0.36970348293866456
2454,B,87.84806478240709,0.3672517714761635,0.3177778184123355
2455,A,49.60893320913177,0.2718174524279496,0.19147609905476834
2456,A,25.24948944646831,0.44159483208370265,0.23040573777256634
2457,B,18.869523979888413,0.30876513013956325,0.5248495499942002
2458,A,26.195435611241663,0.4992044542105353,0.271247206800533
2459,A,3.054628265342197,0.40025777655746547,0.20149951552561415
2460,B,160.3798063753266,0.43007324687052734,0.4805927206854525
2461,B,4.547453934897415,0.35253449974008466,0.4336227442533309
2462,B,39.003632601324966,0.5152347501581138,0.3989288582962167
2463,B,15.293572368287464,0.5734926481196928,0.6734520047340135
2464,B,27.256212586877545,0.6967446752388671,0.3278952664521054
2465,A,23.095549712898727,0.3135837061226066,0.11988642160878243
2466,A,65.13852200978572,0.4955432319313465,0.34731910785199366
2467,A,111.02313296243486,0.34366940920575717,0.1791545714547652
2468,A,24.01099782786654,0.44698070493529335,0.1427935396377906
2469,B,30.980243270934466,0.3123679244713209,0.31713380798228347
2470,A,24.791797175493837,0.2378247423454858,0.1729442097653918
2471,B,127.88755329701345,0.39577766125192504,0.33651085760108757
2472,B,30.297625282370028,0.31341994312894755,0.3396207923811917
2473,B,62.25209431511018,0.5581650926563603,0.2623057524562539
2474,B,157.64488970313104,0.34613620212155527,0.2915615389394697
2475,B,35.47812819800464,0.5657334514062959,0.35818432984735155
2476,A,54.57457770478546,0.42375419414572557,0.2567939719382187
2477,B,27.288160099286337,0.44077000919092485,0.3051005980531263
2478,A,128.73204041362257,0.3776624336448517,0.18524911574369166
2479,B,180.0,0.42655100165434495,0.3449675031549233
2480,A,13.98117234006466,0.4544514176042401,0.21758050171134075
2481,B,91.43580747954779,0.4977933556294407,0.519919673563168
2482,B,146.1009159258833,0.4877831608214746,0.26601981078864295
2483,A,26.103421804034422,0.5166848629458163,0.11919124469988364
2484,A,71.52768606065267,0.3537942531260886,0.19032766040036758
2485,B,26.323006443211685,0.4427114595112292,0.170628103331901
2486,A,42.33704079693204,0.3998543117527519,0.26155341919822694
2487,B,61.973351518688084,0.3695061820275691,0.29622098394973534
2488,B,14.932474588950821,0.41678323168514986,0.21021395243882451
2489,A,5.273678106519146,0.645041382026851,0.21029002449766238
2490,A,44.466445344736734,0.40830728731592325,0.353324541201598
2491,A,9.30204652738404,0.37038886424075435,0.14658094304853528
2492,B,104.44657955774885,0.47104746374374407,0.31290704227340277
2493,A,32.12058000594977,0.5721947924123018,0.3644966780940529
2494,B,140.62074596507583,0.3890008198294273,0.23789895768446645
2495,A,33.890240742206785,0.46015496226717767,0.1618367232259068
2496,B,16.213201752792124,0.5179003898266888,0.3368963161528813
2497,B,5.764514130190322,0.5850340303674036,0.32249439571433036
2498,B,11.651245095128296,0.5718159923627093,0.26833546958176885
2499,A,94.01017849299573,0.4215706638851686,0.3560204859877488
2500,B,52.10067853393116,0.42283657181786016,0.29682728483629006
2501,B,16.520713584689446,0.3081687518401758,0.23572870563798032
2502,B,52.92559386773054,0.4402755485505027,0.06460243755360642
2503,B,22.4158099492675,0.2702618383481568,0.34283410420769617
2504,A,27.936713971662613,0.2661624845975974,0.22543631995678948
2505,A,14.747847890140813,0.40467572582726213,0.4804375823927131
2506,B,129.3205688264003,0.4513644958739832,0.2234828864188971
2507,A,11.817924749399715,0.33709114879833213,0.21373759653327137
2508,B,31.33370507455846,0.6537379427213159,0.3194202217815688
2509,B,35.79692276919904,0.38353867105444994,0.3298085316927377
2510,A,93.30634773201392,0.5722157799872314,0.21354540513822243
2511,B,22.246138662724956,0.5403646922505542,0.47909282538456627
2512,A,8.43966977940226,0.37857828541069827,0.394600185652637
2513,B,3.9438116699417587,0.4558502491413512,0.26174035119606776
2514,B,35.38599736057001,0.41785270984191963,0.2930395522178452
2515,B,77.41937851992212,0.33590846024578713,0.1859436650655001
2516,A,24.970361439053814,0.3828470436449413,0.2532058429894744
2517,A,9.325670651881214,0.4492454280482942,0.32313187242000274
2518,B,159.01192408894585,0.4234572978980887,0.3901066127633954
2519,B,4.142650922404757,0.39816643389046147,0.21378856748958766
2520,B,83.01849285452678,0.4060925870195723,0.2564167356944662
2521,A,66.78654943683016,0.4952330022364088,0.12254376876029122
2522,A,28.94232412456796,0.47504543639799574,0.3006925565636082
2523,A,19.46447954128942,0.1894846203028891,0.4334360417852893
2524,B,16.156057498705152,0.3921936175524827,0.14344289387913645
2525,A,20.160304599873417,0.2519923462074154,0.1899951920467474
2526,A,86.03961283588791,0.5184924640781704,0.17673676111907147
2527,B,89.98980755271769,0.4741069691858975,0.5105696459623342
2528,A,36.3118331889108,0.49109962809325575,0.24880433168908087
2529,B,21.765690495723206,0.3269992127378366,0.3473553682713085
2530,B,6.319426463114373,0.39393933065044934,0.3984026018312928
2531,B,49.23357289674687,0.34998614402211975,0.11545128022985543
2532,A,56.94208671595978,0.38038648573035666,0.20431444512146046
2533,A,102.30301371908091,0.5032195662674865,0.29763355720982115
2534,B,116.65755976054584,0.5854682220530932,0.14164690087042067
2535,B,10.420300761905217,0.6240117476591012,0.24181335167842669
2536,B,1.1464049329012012,0.38857310257530553,0.3954457990322649
2537,A,104.40698893149785,0.3237810068528847,0.26703648374417566
2538,B,111.94568483760264,0.4409999749279838,0.24843025247002556
2539,B,62.231740470716105,0.608132242115411,0.275197676766314
2540,B,86.00240504691918,0.4359692039092724,0.20404672365514853
2541,B,3.2085487857066366,0.390581052517794,0.32663310722517475
2542,B,114.99396193140015,0.40957737837890784,0.309017067544848
2543,B,28.25020227542561,0.4673978957577193,0.3372793313915074
2544,A,17.921463608671264,0.3601434408551408,0.4238441491646065
2545,A,137.070002472135,0.43465273557192236,0.15722677045687522
2546,A,1.1335732014811541,0.3801548872338904,0.22040649276929686
2547,A,21.28251816081075,0.4826464087036172,0.21853472059096973
2548,A,101.76444833924108,0.5148942859613524,0.2689702720453586
2549,A,14.448730233997093,0.253314983948582,0.2295791575416769
2550,A,14.352337976873935,0.5600161580965646,0.20347885460684378
2551,A,16.219264489678242,0.4036102244201463,0.2467852700666466
2552,B,118.5098837683509,0.4188884218452588,0.1580392682664049
2553,B,3.4906683241354908,0.5273628543007268,0.25525436050358785
2554,A,42.64010813803321,0.2820622802862015,0.21058512096064874
2555,B,112.3799300029569,0.4266607184137933,0.45313066732571067
2556,B,58.185257917529796,0.3083354137646944,0.20565839039113618
2557,A,25.958057935176033,0.43201482554657844,0.22552564321140467
2558,A,58.37906969056526,0.41970478746074724,0.17198945794879383
2559,B,42.01800407581057,0.5002654810541617,0.23824323945024145
2560,B,3.316128120355912,0.4009319347851743,0.21478329913744282
2561,B,60.63674357237325,0.4984679509214237,0.30505209533789784
2562,A,101.38249203956438,0.38717111954792993,0.22497629281975215
2563,A,50.46613489286245,0.47615923902170476,0.1554979132757085
2564,A,10.293416865181282,0.3486870805983057,0.26928902989514736
2565,A,121.42467758399818,0.36425432256181606,0.3066283130173769
2566,A,13.82377722539528,0.2825866555746649,0.19343096052632197
2567,A,7.307756045648251,0.5363880504214787,0.252005950756145
2568,B,47.35856260709747,0.3479802011909105,0.16142851588802085
2569,B,67.37547363371544,0.2649590027561467,0.3130013520545339
2570,A,4.242362526991891,0.3248119505136989,0.182273140987213
2571,B,65.58802667866757,0.48259638920856546,0.3594715635862628
2572,A,37.29152676413003,0.18046120392650755,0.11626485826346412
2573,A,5.43466184724351,0.38805250833109184,0.40026129297112395
2574,A,6.723023005258675,0.3399294729100603,0.34774909797366005
2575,B,30.498481665227025,0.28508780722976396,0.4384156105295881
2576,B,11.908637532409212,0.4826771590523295,0.48973584197903913
2577,B,130.6715843563983,0.5258821389113445,0.10734955161031953
2578,A,16.052331986758777,0.5046902498176687,0.46870512654729185
2579,B,135.10428791918105,0.3254232726565477,0.373693770690294
2580,A,14.8861148963821,0.4799010538526755,0.23751879921207322
2581,B,12.384840557923798,0.25135545820205246,0.17982374444451238
2582,B,51.793016726563025,0.25768582770125675,0.24973062056190645
2583,A,41.71257336503635,0.3295190372819215,0.07235187322117789
2584,B,11.79038505635928,0.7538306000231546,0.2776650245587904
2585,B,102.69468791811263,0.3522907796187657,0.17785611437624646
2586,A,76.35951803282504,0.3135284665746005,0.32420250659276273
2587,B,5.375618615386001,0.47882541637841924,0.2989655058124161
2588,A,64.47401077229978,0.6184940187072595,0.3246757387573598
2589,B,180.0,0.39997430186632715,0.21016776459964645
2590,B,49.078693108915935,0.41867422582162295,0.15662593353902388
2591,B,1.2053158542325075,0.13155431797280098,0.4141328696131425
2592,B,111.08509150073247,0.29591648199578463,0.1212336799776729
2593,B,59.98013360665561,0.6030151264878638,0.171751932096084
2594,A,13.701065068789536,0.323947591620631,0.11015150607327219
2595,B,62.1445179813608,0.43754169300064105,0.2943164040135952
2596,A,12.665199146960832,0.5267113405994589,0.19844216661206984
2597,A,151.8876903548104,0.5275573844600073,0.39478455897137604
2598,A,0.3721656071158683,0.28243932847207776,0.21537740576723471
2599,A,95.30718087146236,0.4751458030302637,0.1747657684738227
2600,B,16.724666011339202,0.6108968789916639,0.3640877001945487
2601,A,10.026191600269934,0.4139122821893581,0.21709198551118386
2602,B,21.35500545004262,0.24321937739420563,0.2224170887722032
2603,A,132.42790768923672,0.41887512097237695,0.3275393994255657
2604,A,18.855785472865357,0.43864539932847246,0.307735928616998
2605,B,127.83017772214086,0.25068864637596705,0.25564572965374227
2606,A,26.1201087134746,0.5556659642587074,0.145846270977959
2607,A,55.25974828818865,0.4519608849662643,0.27477267345610035
2608,B,52.402626291131874,0.33921961141641355,0.23715350781654235
2609,A,39.86680405322904,0.2954497982164266,0.18638988780540622
2610,B,0.8891742185307736,0.33214187302713033,0.24439692897957224
2611,A,17.218649957452442,0.3384069988469905,0.0815295281511885
2612,A,36.31757788813678,0.5929945258884445,0.26563730136700503
2613,B,20.623974934101227,0.43550750586695924,0.1506831966058007
2614,A,59.03796795338195,0.5659129577510927,0.1383116350197885
2615,A,1.9465736636075246,0.25773796041269037,0.2393983694277452
2616,A,0.5068120349425373,0.35896012091223295,0.26380055462541413
2617,A,27.56757550474075,0.5788889461921534,0.07660361569370405
2618,B,47.45808195502856,0.5167228305040094,0.18678593014053937
2619,A,6.361890916389859,0.24362287042872133,0.2577108298311975
2620,B,8.329173184249912,0.5390254111276053,0.24623231192353004
2621,B,5.380103975998468,0.37227690364505217,0.22639876680595386
2622,A,49.1251194601922,0.29301783734836806,0.22207775634662297
2623,B,3.183503419628244,0.7549313656101116,0.30916577440804405
2624,A,10.838935214228968,0.3698935334080922,0.30689230924136185
2625,B,51.78265890958401,0.3689429833924256,0.3319224918990239
2626,A,25.52100351674861,0.3551900633422633,0.2034291015139236
2627,B,20.10015457968608,0.37760563761543103,0.21264251422547856
2628,A,9.91064034529432,0.3980896508548587,0.15512088309265748
2629,A,35.781459833518404,0.4368633754317245,0.26588963283209915
2630,B,24.330368927321974,0.37925579394495573,0.2419670987615226
2631,B,3.2197543458804008,0.2373534677553863,0.3960587633705464
2632,A,5.551141166553512,0.558070548332835,0.27185247305519156
2633,A,1.0520100530054437,0.3214973868044108,0.26132968136963824
2634,B,69.65309662278482,0.37195431657709344,0.23448542700721675
2635,B,75.69502399129382,0.43314449589371035,0.18245490146207632
2636,B,91.96938812558273,0.3480276866402279,0.3221690062548253
2637,B,54.838465338524415,0.49070844974423405,0.19853161861051113
2638,B,77.17202045617968,0.6012839625165634,0.32676742459409247
2639,B,44.76776166265984,0.2813445113982614,0.21987814070755177
2640,A,2.361834109569056,0.6016465200142846,0.19284900423506568
2641,A,138.8136608226564,0.5309859472987511,0.2514145016328051
2642,B,35.181101225521914,0.4798727906130312,0.17124313091822724
2643,B,15.644293698087179,0.5461902992163223,0.18547470995407317
2644,A,6.906817047226687,0.3644622546794702,0.1692516369439918
2645,A,55.46883027015498,0.5325160644563409,0.27892648757431693
2646,B,2.8524560278617974,0.3948079958069417,0.18499867595509484
2647,B,17.943107381397287,0.6030248451445761,0.22513720880957044
2648,A,3.165447933571108,0.2997627662334337,0.24197489606622824
2649,A,5.151101833888493,0.26200373512355585,0.4280075446687142
2650,A,31.997661711896434,0.26059154518530514,0.18434460709670925
2651,A,28.13612891106467,0.37004744435998094,0.20440969958348754
2652,A,136.253192320691,0.17203635005032555,0.2743490950954141
2653,A,130.3845658608579,0.26542204783040985,0.24460040513940268
2654,B,59.84320652877239,0.4673306167117121,0.2584508855957898
2655,A,68.05576869569182,0.23553020207333597,0.26900039677873205
2656,B,135.9819251001445,0.4737823857096331,0.237062570397418
2657,B,15.392080689788045,0.24239955070949423,0.23749808112593893
2658,A,41.47016224614301,0.6081122197584283,0.17830341720501452
2659,B,57.62669113291571,0.42956874213943586,0.1354407417820106
2660,A,27.31035036809931,0.3290757925483062,0.3720976315154868
2661,B,33.82893658165578,0.5090262235089704,0.49870405950534163
2662,A,19.81502183386788,0.47766549536583947,0.1600557010951743
2663,B,51.35770799709227,0.31993323041204375,0.4479848816852423
2664,B,0.08440429476578715,0.29541917249882393,0.43656528428719915
2665,A,132.26024524195915,0.33555551332416383,0.15450083101695083
2666,A,41.56151987368075,0.37376512813898816,0.2642896620898701
2667,B,6.804347226947248,0.41717633578747004,0.4145322613103845
2668,B,12.721777193804458,0.25401680135858384,0.46510687550201796
2669,A,38.938263071820614,0.21980314485244135,0.3413552091973696
2670,B,116.43591047942145,0.5210007013929002,0.2184126721998657
2671,A,11.872656289125578,0.3214575253250258,0.07710633507890269
2672,B,2.151332791695001,0.35436366818834375,0.19195210767094834
2673,A,2.152050321307024,0.40856636163293025,0.31623858201983124
2674,B,43.84218542406376,0.3661297334447132,0.16031380673202167
2675,A,130.67355186862508,0.22870898402711481,0.24374937004305355
2676,A,16.94213125437225,0.3237622579203328,0.293486152069109
2677,A,26.30036121712944,0.4000156116956222,0.2816661142975735
2678,A,5.479239298795415,0.30119633640991705,0.15926224459283383
2679,B,137.2804272955545,0.44783729312931053,0.19004844467957727
2680,A,81.60934284959261,0.5469759485584198,0.23714567940793715
2681,B,54.89919410646824,0.3659486301711935,0.2861368912396034
2682,A,1.2609348055215703,0.3701155186336435,0.23017098507013295
2683,A,80.80703289758499,0.44428340198070887,0.32632715631221715
2684,A,6.8019459696743585,0.3636069823579706,0.2421033532119045
2685,A,97.94328617952947,0.4385439919133728,0.25463404874286316
2686,A,58.882121567881605,0.3281732263111084,0.22666283128111944
2687,A,8.096793159646724,0.23802093129626778,0.1849541785340854
2688,A,37.5431157675786,0.27642182577086866,0.3863790071754905
2689,A,16.871437873256358,0.43651754027071726,0.1133325416710376
2690,B,34.446464165576984,0.47902852680338187,0.21594452816961582
2691,B,25.362842051336756,0.457030200740078,0.2339852324776147
2692,A,8.833432475667086,0.3709255153405582,0.1124712847995904
2693,A,88.21297883754457,0.2980345915684603,0.1242471541939851
2694,B,50.891639290240754,0.2828044781401226,0.2944704254942218
2695,B,34.04270563258543,0.33986587989195893,0.3220763083482198
2696,B,63.553220381297564,0.43486699714253885,0.24716452191864838
2697,A,23.252139224596263,0.29707832782788385,0.16126333180933858
2698,B,50.010726509748785,0.4041438926628996,0.3092782848660724
2699,B,43.5740149980116,0.3818533005083534,0.2557196717274279
2700,B,163.39206232221144,0.40671198158754196,0.3185826034370821
2701,B,93.91262996054952,0.55741198474254,0.3780857606887554
2702,A,22.878063980778272,0.3490322684019304,0.44184515637493804
2703,A,8.378687301037651,0.4003172864559228,0.14289319633228503
2704,B,48.81159204455213,0.5429115797268659,0.1740171531856081
2705,B,40.22713759815617,0.29322829521331145,0.19949885955684157
2706,A,21.734671723453882,0.4495274602926234,0.4065139239876989
2707,A,92.373124422244,0.4487811659978372,0.3012910513049314
2708,A,20.303446549944137,0.5155429582568859,0.3187527350025616
2709,A,136.27480830012365,0.22228009031488463,0.36816758246783066
2710,B,66.93183199750409,0.6004508357899928,0.34098369882912744
2711,B,84.71890955596193,0.5173045053573022,0.28102258759602966
2712,A,131.6028605412201,0.4265667439084071,0.2210016502374809
2713,A,7.044088047446274,0.35532577948344224,0.20011031375978813
2714,A,8.7829804651079,0.3992179888655814,0.3219023332028829
2715,A,89.34291584719134,0.3436038090903688,0.10375102702166697
2716,B,18.194478935772196,0.441407705424801,0.23359797148740122
2717,B,57.17161796919605,0.3798049693773712,0.4233898774610256
2718,B,7.550625273650246,0.3514552108409719,0.47552799788475547
2719,A,22.447471148986935,0.23184462399190858,0.20594370127733064
2720,B,29.271373468847333,0.5521922736218217,0.1891952341467844
2721,B,144.95969382557448,0.550306620951945,0.4135193649720476
2722,B,20.53840959881506,0.5028495187660487,0.46230304822017293
2723,A,0.19726092581754062,0.3209355531868217,0.1432465508395513
2724,A,14.40129252879082,0.3569159298422042,0.3811914765977954
2725,A,40.96713210647283,0.3943396698372878,0.2028259071545535
2726,A,72.2598507393557,0.42472850746940094,0.052981705381354556
2727,A,6.442408558306629,0.27746459047334865,0.13237662181473805
2728,A,5.271402418000258,0.3915224646850234,0.13215080054656206
2729,A,114.85057611045953,0.43684249924165086,0.2562428107695345
2730,B,8.710714802430996,0.4782564323858691,0.22038220544073533
2731,A,62.59042866683536,0.4109979437043662,0.15568544052702332
2732,A,40.09773170875719,0.1814586954319639,0.15485972078179963
2733,B,8.21573443505932,0.5534940769710246,0.3045827920451588
2734,B,26.022229433194745,0.21771281084454444,0.34006893687553363
2735,B,13.266228525147577,0.35813303245026545,0.3827748302698368
2736,B,28.950030661672468,0.4727107952496996,0.33576982031700325
2737,B,65.98768511979996,0.5428952244875718,0.17212687437103577
2738,B,113.91556291770682,0.4297849933211626,0.36726732167978826
2739,A,65.97659296199451,0.39402832451118014,0.25153771380601325
2740,A,25.204996927822823,0.323400486021371,0.25849701472182185
2741,A,63.93161617740384,0.32048484494954416,0.17361821851849582
2742,A,20.920565409681956,0.5043244040229112,0.32022705302156435
2743,A,12.592755293284489,0.47459565252074765,0.21241455885038796
2744,B,6.06948928282751,0.40967979948378735,0.35578959585102793
2745,B,76.06451596754074,0.5697878493041676,0.2619476856638432
2746,B,5.6802197188256995,0.364846295916718,0.2518654279663956
2747,A,58.75586929778164,0.3293278876917048,0.2513767181649319
2748,B,24.810435153332282,0.3177722645938549,0.46214610029297015
2749,B,180.0,0.45458193718614814,0.43498893213907125
2750,A,24.487304466589258,0.3517438790068466,0.36668122566433126
2751,B,3.6997955822164363,0.40377184589925075,0.23360015172493576
2752,A,179.25135772754035,0.2911099988471558,0.14735950070038095
2753,A,19.3496041062985,0.22342073461173198,0.29687367923827507
2754,B,1.2036370803735568,0.48786748297954524,0.3599642636357541
2755,A,114.6401071052614,0.49055477094491895,0.18227864378908484
2756,A,121.6126727617342,0.5459828037033029,0.10841733969963091
2757,B,21.108787448546078,0.39938627788130926,0.4622977532720002
2758,B,156.95700420830133,0.5515246692950895,0.19025976990392146
2759,A,12.459505991477721,0.5087819713948222,0.2868070856821021
2760,A,72.02624129290301,0.6137495984139132,0.16089169631243624
2761,A,25.538732381691002,0.4373577578683999,0.28456281947741213
2762,B,1.0525780819233177,0.33104403541839716,0.3835208312784076
2763,A,112.28655395573718,0.3505317980447851,0.34436439260708945
2764,A,26.91283394394503,0.4218480207764067,0.3169365461564288
2765,B,13.10107316308285,0.41139039707072084,0.2673126051707416
2766,B,48.059862662828074,0.4446878904098568,0.3226573121719752
2767,A,61.369422060435454,0.4061670949273356,0.18661039475768257
2768,B,13.845060131583903,0.3109211907156631,0.23625466307004916
2769,B,2.876086852398096,0.4869683122045355,0.21058044330345385
2770,A,28.312771979316814,0.43665277656097395,0.23272713322073382
2771,A,11.633070321072331,0.38288217329866436,0.26332296171882535
2772,B,2.801239168413918,0.5993123037837766,0.4524731819737455
2773,A,10.004919401865106,0.3919834114581603,0.2350722148873685
2774,B,42.5917331755286,0.375107185353259,0.5445524820565374
2775,A,24.936094015076062,0.4540792366224786,0.37510961157516326
2776,A,63.38331529215208,0.29077813191196716,0.1316299519911571
2777,A,41.807272752007826,0.4747388663701733,0.19326978377017157
2778,A,52.50469872485909,0.4449454443055644,0.317890554682129
2779,A,14.92831533350945,0.18785789664085786,0.1429540371333111
2780,A,29.551075411229085,0.4388383943400181,0.26269082210469946
2781,B,42.9152974931531,0.6170646700296827,0.3421492857611299
2782,B,63.74099859058458,0.3684056205012105,0.5019716775523689
2783,B,7.345799411408726,0.47492291472826337,0.28290642688668804
2784,B,36.028231741997025,0.5078820105623254,0.195125635298278
2785,A,2.0434908828855436,0.5154165771172883,0.39614173794915103
2786,B,47.77065654904058,0.49155140796988367,0.24662814765302948
2787,A,76.55322345410356,0.29011558748665867,0.20921982115608587
2788,B,13.078622959169127,0.6058947154470596,0.27201954212665275
2789,B,41.21623425715859,0.6920528995186606,0.18965288189412752
2790,B,64.05453857718413,0.5617548515759141,0.4273872517380715
2791,B,180.0,0.5159159612850115,0.23559624925952713
2792,B,47.18413690806371,0.730995482220239,0.3848758146655815
2793,A,180.0,0.4712369526691211,0.11866106918349441
2794,A,23.506063162499906,0.5462409903003583,0.29987333868230154
2795,B,102.68205628366414,0.6886826229173643,0.2397723990803867
2796,A,0.4960888606725611,0.4161467456531135,0.21647223815202338
2797,B,93.27749821410279,0.4248001107071839,0.34878446952085224
2798,B,146.529184564366,0.4364970186184919,0.4196249336500935
2799,A,8.373589988757697,0.45128473575898553,0.4194617425135344
2800,B,66.76480221268038,0.5619389658060745,0.294642147906358
2801,B,12.462040696699207,0.5569341776733394,0.2627235547327505
2802,B,18.405488132941905,0.4166800304709855,0.29806793217568583
2803,B,79.85395796202985,0.36292609187208075,0.3539699835404979
2804,B,38.255604521235405,0.36713466707390097,0.21671991363403076
2805,B,15.050279873534496,0.3401290436166203,0.24715917771365511
2806,B,55.591337609058904,0.22368585381711956,0.40031998896167437
2807,A,47.56805833558593,0.26238494871055307,0.1992084233544848
2808,A,42.612947487794294,0.4741541459543403,0.3069517953061039
2809,B,123.24925019898164,0.4646059660819402,0.5791613004212807
2810,A,69.77389916954277,0.41484325658726107,0.4628658061335769
2811,B,23.019568306944134,0.44009173360627085,0.22489947235827554
2812,B,47.161227556394266,0.6211049246233756,0.20492335339265486
2813,A,13.179339431050819,0.5081799295806386,0.19249926805565404
2814,B,45.29614219454815,0.49060840246394655,0.36734070271998864
2815,B,7.061116858904799,0.3922973300328338,0.39613308680328907
2816,A,64.90642540990312,0.491318311143495,0.18961349889605575
2817,A,52.41153957384771,0.4237082134431316,0.33939718098220567
2818,A,17.5414516772237,0.4151469895589652,0.3554711467593002
2819,A,35.483907997000244,0.33659018570763405,0.19784160069558226
2820,B,4.918156594946717,0.22941734569342612,0.290033859993536
2821,A,7.169254998427418,0.393592392200408,0.20094477053171253
2822,B,114.50801746154359,0.5419901223148788,0.4540321742516235
2823,A,27.11297874268659,0.5458211726072374,0.3317580534830728
2824,A,95.86311650961997,0.3995862068265649,0.14859099214037427
2825,B,140.97762868527616,0.48234198012652596,0.3604469224411375
2826,B,121.98830234007542,0.556608251391767,0.34561407102049774
2827,A,24.605252601849525,0.5483316106112004,0.23891986217073
2828,A,82.34446677632589,0.5460924866937528,0.4550622429578373
2829,A,40.14973234576351,0.3251280956937641,0.16388313193900175
2830,A,9.586829218792468,0.38157987564431683,0.3181414229476225
2831,B,26.273819824820457,0.4787618824741756,0.32014032009417015
2832,A,39.156208133026695,0.31573058170012197,0.2883147828902464
2833,A,31.733370707309966,0.5089746510094021,0.3837255774586406
2834,A,22.885368408451228,0.40591236822208154,0.25381440858531656
2835,B,17.635484404036323,0.35328928784147867,0.3647844908697822
2836,B,148.21492340768737,0.6015180265437228,0.3126153353668641
2837,A,5.7336077056936965,0.40736375504155425,0.1452912003172576
2838,B,111.48246776504887,0.30525019143333737,0.17878913150457812
2839,A,24.258082432101443,0.47895481458634925,0.2913899897931883
2840,A,3.3995434479182474,0.6051910441379017,0.4175088511953032
2841,B,89.1167767919899,0.35132391429232007,0.23968722792863495
2842,B,21.150658183098457,0.5029605739959736,0.3536202434127538
2843,B,52.94455850124579,0.39356384125940164,0.32875340763789274
2844,B,72.17479769663485,0.5499596595792564,0.24792235457599573
2845,A,4.67971782604705,0.6024727767406205,0.4132313758389389
2846,B,44.63606141262884,0.4775229861565261,0.2926368107717828
2847,A,24.19701224877089,0.3800176612313672,0.3035244508371552
2848,B,47.908336395093094,0.6492961776922539,0.2914853919809858
2849,A,16.397661556528245,0.5568971948280848,0.15019298297002984
2850,B,73.49731044402597,0.4480323129107536,0.23711884711932973
2851,A,116.88980889072168,0.48047217806054543,0.23906409104842602
2852,A,21.20101001914562,0.4724524171234124,0.2440725633464515
2853,B,75.71089871200499,0.4426628060271955,0.32768576293753443
2854,A,63.82041534839936,0.6191282178668005,0.07175931495995874
2855,B,14.26720372734287,0.30358103405797915,0.2823001835371623
2856,A,33.99972186829026,0.29170663507203015,0.2228296043359435
2857,A,54.79583794368363,0.3555476469379828,0.07776027842748941
2858,A,13.556782749264364,0.5466526316541753,0.17205463087038367
2859,A,128.0553844413846,0.3583854243824014,0.31398170436630574
2860,B,25.760957612889772,0.38398807515222866,0.30661936482255464
2861,A,33.98449019914582,0.44670156299673536,0.20043588294438924
2862,B,79.01535261761279,0.5192756215780895,0.23011256067745137
2863,B,15.759281203451367,0.43254669725780404,0.30480530367798236
2864,A,80.08991939438565,0.32550243398816703,0.23186710064717977
2865,B,128.55005211469157,0.6823518588847912,0.2510012694452352
2866,B,94.9357887453058,0.4037465095001882,0.1914766471439312
2867,B,117.42375909855264,0.433311257534631,0.31092505372172313
2868,A,20.439100840889836,0.35833222665186104,0.08708801122797204
2869,A,4.751791898112172,0.4659224117989974,0.33942935065386837
2870,B,18.34690547185501,0.4516648724220684,0.35685179436876374
2871,B,5.775239971150699,0.31331989037086205,0.2788686408812381
2872,B,5.512883327161598,0.3950898553242705,0.33700504495593026
2873,A,50.39881975690393,0.48361144276951074,0.25563482434349755
2874,B,42.209569708744084,0.5614382121440544,0.26568491467768984
2875,A,0.35054599780380397,0.3503206636234583,0.4298851070851722
2876,A,29.021185024185232,0.47991809623325216,0.32375209367785324
2877,A,9.63837751790335,0.37701670439274204,0.3320564988365165
2878,B,18.964054172378145,0.5273081541035635,0.21782817138759478
2879,A,44.42328363237463,0.4756401668881853,0.23206692558417405
2880,A,174.75432229141853,0.40797179917802856,0.29442682959463434
2881,B,15.905525209231632,0.5424862065906741,0.32895037635658314
2882,A,28.096789116119528,0.43801156587599,0.14330433222958053
2883,A,76.54479987245422,0.25488231245973364,0.276568494608997
2884,A,31.897710641604288,0.49379066586247194,0.4020803132526869
2885,B,13.080598052564957,0.37961593173613095,0.45052059134124706
2886,B,42.93948091869575,0.39022941636699615,0.33807981971169376
2887,A,30.818774820056507,0.4703360980481928,0.2590954516383983
2888,B,41.30275817450591,0.46598789047866523,0.3050089354550266
2889,B,28.533571282557464,0.28997990050663874,0.38458510375586147
2890,A,119.93977414328496,0.42860725134039757,0.2279827543404373
2891,B,7.748552259167898,0.5711036352004057,0.40611414623997544
2892,B,137.3938553298237,0.42097891474501264,0.5255560914460156
2893,B,29.042225668267655,0.3515839827103643,0.39405323514398444
2894,A,99.31341047385627,0.3017003763841212,0.14771383701203483
2895,B,6.863008479063784,0.5457872237198383,0.28700781204102904
2896,B,1.9647598187114184,0.43224672556344945,0.16462511133851038
2897,A,69.33812817225416,0.28645816517174066,0.19494966740167122
2898,A,15.810312365539502,0.30162575283435783,0.2893124293860017
2899,A,35.43643603344664,0.31475124550496564,0.19815495154532697
2900,A,11.406165131702824,0.4831339160969926,0.22902701537293405
2901,B,8.609875684000764,0.4333463818360622,0.45424720669520197
2902,A,26.40767275335129,0.39941440302599635,0.339857183559515
2903,A,29.79276826112429,0.5418955740807558,0.20683736388760118
2904,B,18.33405417151752,0.7849788195612595,0.34297134472958357
2905,A,80.17429381522594,0.21914710532557435,0.41647335121918905
2906,B,51.714263623223914,0.4919189071192598,0.31153422019935034
2907,A,101.86367222482149,0.4171309098055669,0.3937237245212186
2908,A,24.097237945790287,0.4787600143508463,0.24650438178793316
2909,A,0.8038369566123915,0.48712773535059717,0.13163712844723244
2910,A,89.04888419198082,0.5566702144767636,0.3502152682749806
2911,A,8.617407550255189,0.37421583847534534,0.17949111208650093
2912,B,180.0,0.4383975898229304,0.45973572682422614
2913,B,16.512454225968323,0.3864882131490914,0.4192768350725078
2914,A,43.76469902700774,0.14420959930974053,0.18090529596127844
2915,B,81.10523945916141,0.23122353441756235,0.46312165561317664
2916,B,126.0204001787229,0.44106981305267573,0.38315083765950986
2917,B,25.837637407264616,0.35630000675484114,0.31468938960421416
2918,A,1.1379583224486352,0.29742479779878334,0.1730663122179095
2919,A,22.95015392858617,0.3841347644129356,0.3595458120728625
2920,A,180.0,0.3180496064385951,0.2970262902661409
2921,B,15.186933728989443,0.4563793411720314,0.17485301114762095
2922,B,35.12281262818989,0.39598691231252287,0.20425020071188568
2923,A,4.775916630064673,0.22717782133163472,0.18494639186953055
2924,A,24.80017670592803,0.4899667001539795,0.2153842381312542
2925,B,118.05222139987212,0.4572286760372776,0.3823352788835767
2926,B,0.5742159279026281,0.3061458335199149,0.26983584707195063
2927,B,34.671588805392666,0.4303842836701089,0.2234344895774947
2928,B,73.69161687586592,0.47863910736535437,0.19684891236767765
2929,A,16.51237566956477,0.4480190389632559,0.33306556155340244
2930,B,47.79428189410003,0.30686901343625184,0.4061712775259979
2931,B,35.767682875825294,0.5572484481996697,0.3731066615330971
2932,A,105.96628946230139,0.397181897952206,0.27055255580670534
2933,B,41.94161095414604,0.395707820549137,0.3102154603178963
2934,B,50.20933397691176,0.374500186227747,0.2934515867269831
2935,A,91.58209089451225,0.3528949088310619,0.08773152022032889
2936,B,59.58889345783621,0.5313472152441688,0.19029250133872577
2937,B,22.897928143536607,0.39761666626685377,0.18003143116765621
2938,B,37.88274805391964,0.4150295489713508,0.34189950622419196
2939,A,12.213606318064926,0.41863616099279466,0.38272625465657656
2940,A,3.8103082187666226,0.41516624006275077,0.22956152856773723
2941,B,16.61989923689516,0.5391180108924853,0.3328880123225764
2942,A,44.39465810285961,0.5400334617596165,0.18600760620270898
2943,B,180.0,0.39405260041786044,0.42676771030346344
2944,B,10.783685036496404,0.43896404843686576,0.3806336322631997
2945,A,18.4512857722748,0.38194014651566355,0.2086058476093552
2946,B,8.49120665737455,0.43428116693498003,0.34310209457712304
2947,B,16.281133644979572,0.4883138614042951,0.331616852813234
2948,A,50.174954646095685,0.3485158544351188,0.21108891630108956
2949,B,131.37316429585488,0.3010827137152022,0.40593952796725546
2950,B,55.923440232998196,0.5291071912221085,0.1476631226144786
2951,B,31.650986439968335,0.19062731792936566,0.3017985561760387
2952,B,134.9687670729033,0.3317747629282425,0.31084803031932223
2953,A,1.4691111437238542,0.5818667476669425,0.08222260493123028
2954,B,119.81102132307207,0.485254364155891,0.3513511540739937
2955,B,26.701133102613742,0.4340799534724202,0.3267272007474613
2956,B,43.12307456239774,0.3684464366162957,0.13666071717750808
2957,B,122.60678604659458,0.3416207946547255,0.22161460262465643
2958,A,6.442959920459237,0.4811219654387222,0.20022840253286328
2959,B,20.008484682408852,0.3948973000104677,0.10869945085530258
2960,A,52.179680293696954,0.40257774043224537,0.44142113406295513
2961,A,10.742745354053659,0.4625281149185147,0.18597157441291115
2962,A,87.70629317115848,0.4177134080360383,0.3546646773376543
2963,B,27.22029677889457,0.25370103726357374,0.16211141545075072
2964,B,81.90556372687881,0.3709982214090732,0.1894049774512712
2965,B,62.371185976509494,0.5673974178025715,0.2343165738805395
2966,B,2.5934304519949833,0.5032182792754853,0.272997956009007
2967,B,6.4925372055166815,0.40529260889015895,0.322751574575822
2968,B,97.3709173155232,0.6046594345032971,0.18644383513718937
2969,A,2.716986174877962,0.361519473976693,0.31667701535568016
2970,A,10.92085832605165,0.37866190059782223,0.20960552029878482
2971,A,180.0,0.35944749188586217,0.3625146931845253
2972,B,1.5698748591991158,0.6257692795421148,0.24341604775701653
2973,B,131.29189346468868,0.4514998370676047,0.2425737382662999
2974,A,25.538859179660342,0.26012732834228697,0.4164458159687849
2975,A,54.6258391155483,0.5134914546014361,0.33376410081025587
2976,B,16.489962451680988,0.6943847686092677,0.4769241527085123
2977,A,9.076672991083074,0.23614787159196174,0.3356416322068218
2978,B,47.436837515210506,0.30272977667568973,0.5630585138732009
2979,B,43.23520382276178,0.708742914449049,0.216463373481738
2980,A,42.35724087874218,0.5197884703876547,0.30575020965865185
2981,A,58.27564612701464,0.41256412406558507,0.23019653576275714
2982,B,26.239267361529535,0.47088773870576345,0.20948938021659158
2983,B,1.6609668574485161,0.4456118778914525,0.357464812144755
2984,B,11.116384976966655,0.2123064064411151,0.29209319286368596
2985,B,49.631040113249426,0.5595092821258197,0.23810440321066495
2986,A,16.990771374669347,0.45242236996234236,0.2913762514480315
2987,B,30.74571206943232,0.45624160100943684,0.27827441137835573
2988,B,27.77618737898022,0.40258858862561575,0.32450449453966596
2989,B,5.346194613273552,0.3265230960233695,0.2330628659448555
2990,A,79.44705985803027,0.21676159307840553,0.29056468933815854
2991,B,22.171411961403148,0.2537241279473993,0.3679034820657777
2992,B,38.86774880318186,0.3900742234138687,0.28394897904399535
2993,A,41.61921240619381,0.4845471958983052,0.3496245082815419
2994,A,22.17868493151011,0.38588841015884934,0.18710548710718078
2995,B,4.205596286451754,0.4130158607824743,0.3139781822221946
2996,A,36.7036496633917,0.41888297847846695,0.2275294292205765
2997,A,38.691804924304535,0.2872358887021679,0.25523276405943773
2998,A,8.143417295927373,0.32038827976962386,0.29924511149145494
2999,B,3.5892498457962527,0.7096121502228743,0.298757989436072
3000,B,35.17254263913126,0.3690917525812472,0.33271778704788874
3001,B,42.83918385954382,0.5293445469129735,0.17633520317459223
3002,A,23.19254884629478,0.43758994621646596,0.2356808149125547
3003,B,15.491996264577978,0.491412291522593,0.3804395142059075
3004,B,20.497285219923036,0.36952108676537215,0.19394773177172162
3005,B,82.8833824417863,0.5587097684081522,0.28008880446377116
3006,B,105.786787117935,0.5616398843990791,0.42624588631997196
3007,A,18.932708721132702,0.5086995644910346,0.27802685455660137
3008,B,20.455834909429132,0.3556986556395034,0.2698594999799575
3009,A,23.054908245801006,0.46402222920186464,0.17201511038470188
3010,B,22.859898251278864,0.3236971353353431,0.32614602548618693
3011,A,64.42895463583102,0.35724369908005266,0.32151569312717937
3012,A,29.646898826569142,0.44022725525360035,0.19909324684075067
3013,A,126.8412240922747,0.2550997303096125,0.3110705966090206
3014,B,92.2417399517566,0.7167774692281209,0.346457748213103
3015,A,15.645681381351098,0.3936491653141189,0.36803046001277095
3016,B,180.0,0.5398322748379334,0.267790153173888
3017,A,24.180608407266018,0.5339811900656605,0.25942529246142226
3018,A,69.58171647554731,0.24838444310367108,0.2389588664089546
3019,B,20.09983079271816,0.46894877225270276,0.1909195428051204
3020,A,35.537051372313414,0.27106750715163463,0.2431247561712241
3021,A,35.63663799675437,0.3318777538346277,0.22793158295142604
3022,B,80.83930989823536,0.5053766266666804,0.5478812553492003
3023,A,2.4666952933401523,0.24688894999898067,0.1863029053248107
3024,A,22.882250142025008,0.2935694199634116,0.29680648487329475
3025,A,14.20723634448997,0.4192697937495915,0.18463951989519373
3026,B,33.97342228874104,0.48909658746439877,0.18715616929901088
3027,B,15.920097715744214,0.6438955465319474,0.2556919070328563
3028,B,59.541489368948405,0.43169966173997937,0.19052461029210657
3029,B,32.2878528813373,0.5204127123546134,0.43758323615999606
3030,A,180.0,0.26782222632362135,0.1422473780808492
3031,A,16.590715330477835,0.35463938541724443,0.17803962291890157
3032,B,16.23422847960161,0.4368700725805093,0.2594481075572432
3033,A,97.13046364585207,0.4759571858401269,0.2717044448690531
3034,A,50.74800425879069,0.2730464280979746,0.0971640452818891
3035,A,18.760720841785123,0.4415702534322746,0.3307970741772319
3036,A,35.29088506705758,0.533466198509803,0.2811901909576679
3037,B,5.898146342024523,0.4392420937251353,0.2518185102528213
3038,A,82.6171350625082,0.5572488613278616,0.17363201288943395
3039,B,104.88729972319733,0.5019993719428801,0.2726880563568495
3040,A,96.69303699717808,0.44434411813985686,0.41516535392098336
3041,B,109.67959958668054,0.38424315664277525,0.34351132392693123
3042,A,7.867007816807006,0.4659497073282152,0.24876433001133838
3043,A,18.669100377277402,0.45143557838131393,0.22333813381476914
3044,B,4.051850263049092,0.4212020071767155,0.48300935975443443
3045,B,56.620004684255065,0.3392687836041151,0.289789154081559
3046,A,18.373675679973854,0.5812331976144024,0.13564062849149042
3047,A,1.9329417945146739,0.3024202141621954,0.37358719291969256
3048,A,41.03526634883232,0.4295135960160771,0.3172834224231646
3049,A,86.84015814610913,0.5239629766093461,0.24890840558631283
3050,A,21.626026457650465,0.43924834204957575,0.4284419994525774
3051,A,60.624535835841996,0.3471402146949652,0.37085975567137963
3052,A,44.46253840671515,0.2879112813980398,0.20273847398001385
3053,A,21.196896529747722,0.2626475111100064,0.1784253251043038
3054,B,9.226176649180614,0.6195383975864815,0.11198957893614539
3055,B,54.04687371911753,0.43792096812136366,0.35236061307423394
3056,B,123.85434854739617,0.33358089862789275,0.23752641274620434
3057,A,6.842518859810646,0.3665099058397752,0.2398463679075262
3058,A,55.59954874545303,0.45230673808716415,0.26643511800359476
3059,B,15.672553353561728,0.3604999446142243,0.2735938497537866
3060,A,86.76122351443023,0.3897346447014765,0.27657371526892954
3061,A,52.105455018686435,0.6462575055872787,0.44677065575785724
3062,B,22.235313581493273,0.38316756135444996,0.311044687516952
3063,B,82.43973130038448,0.5655751025777453,0.30966797702261645
3064,B,69.13072334459656,0.40988570069456026,0.19490271967869427
3065,A,0.811810572203172,0.25190406043609737,0.39710356268761005
3066,A,10.963951287062745,0.39138561711676406,0.34996748448657927
3067,B,27.318520142246545,0.31926445909052525,0.3244221469197154
3068,A,3.240526187929975,0.2995657486094971,0.15753616513095037
3069,B,98.14932708714633,0.3095534287002318,0.3230941264019004
3070,B,131.71984948734817,0.35841041196352824,0.2694497534197944
3071,B,31.33807066403501,0.6262346202700239,0.29488551391788664
3072,A,38.0190770840164,0.2550218251043255,0.2399518738754274
3073,A,63.56460026944024,0.6649165297725985,0.2894932067984813
3074,B,2.093047337277887,0.45597201833113293,0.21499852134903108
3075,B,37.03479720449871,0.2997853120062175,0.21828516058345857
3076,B,69.98436035180181,0.34986428236507655,0.2750700116888032
3077,A,5.273316003924545,0.538068485206721,0.14445834229721047
3078,A,82.00108950055736,0.4095814135687699,0.10522078193403317
3079,B,12.922373569967556,0.4398666860721539,0.38010335050046967
3080,B,5.445842417576117,0.3312509258767798,0.46002697495048567
3081,B,17.460195071095264,0.3034677771526753,0.3694489106497516
3082,A,36.48714403937205,0.4942524040316361,0.3570102984151802
3083,B,0.6060360672967939,0.5811554200555721,0.2986651909197519
3084,B,65.35997841738914,0.4952713904726199,0.3500107853049952
3085,B,8.211015380745808,0.41404553284524587,0.41589127339888143
3086,A,52.69873615494979,0.31257143521319747,0.20068192630687443
3087,A,159.94859399600944,0.30123547355031116,0.5310911281259318
3088,B,66.87634522669373,0.40446699441668355,0.5412705849537333
3089,A,3.932581897504629,0.20669757576999956,0.13681878511216955
3090,A,104.17053831038761,0.477314388491989,0.23368109390176448
3091,B,13.899015534601935,0.306353579047388,0.2965119674848928
3092,A,6.065658511207158,0.538803498589432,0.27172156750416654
3093,B,180.0,0.5244767986961838,0.3086284331135434
3094,A,22.462138186415814,0.3519211135804822,0.38874211332223985
3095,B,39.4601927621335,0.3990876506954973,0.18354430742206193
3096,B,2.1953156995300698,0.5550808330198365,0.2796850181799827
3097,A,85.80409139730325,0.24892370516895923,0.14987754087007854
3098,A,106.52259631605274,0.47908166842588895,0.3346759489894941
3099,A,31.76875892557081,0.4539116243545079,0.11513326844987277
3100,A,40.57469470533819,0.4636804793535412,0.37835374908866765
3101,B,77.03236447804318,0.32141897514456397,0.2749629252291019
3102,B,27.44485700475567,0.3477506453472583,0.18116373525616175
3103,A,55.41777785679353,0.3276923997470559,0.23982018533496977
3104,A,80.47428347838023,0.37923659463618814,0.15023978425074044
3105,A,5.829843859398124,0.18101567751303127,0.3003053193628797
3106,B,48.60770350304895,0.446187225295333,0.3136561273057453
3107,A,74.74932240857753,0.3133499027775288,0.2601078525479857
3108,B,157.05539005692984,0.25435980773332906,0.24974664284992484
3109,B,37.87146039088174,0.41735643318494087,0.3679346365242456
3110,B,84.84126017849962,0.30185637268127047,0.1756124343482933
3111,A,29.537262869971077,0.3824867925291961,0.09597602946868869
3112,B,18.754978484706054,0.40294197095403106,0.15862261043462905
3113,A,26.953701473227554,0.22726717384850184,0.21977607423045084
3114,A,24.81631162910381,0.37821530022267447,0.3105468445525683
3115,B,65.18652191649825,0.5350091746395667,0.14751096163159608
3116,B,5.4396462148645215,0.34130860913292366,0.17848670552675305
3117,A,32.028397706014495,0.28467614836467686,0.3222129940967581
3118,A,130.56037510763807,0.33602537902941104,0.44777727725332445
3119,A,35.753581150350236,0.3291682552287363,0.26778221190008644
3120,A,137.7626507800273,0.46262806800985656,0.22165418928663636
3121,A,8.94621686202382,0.5433710425314523,0.36843846239127803
3122,A,57.953124521998795,0.3675414214525714,0.1360964552697712
3123,A,75.26647215434518,0.37005965390580065,0.10713782935853172
3124,B,116.38608659556614,0.3648952550294633,0.40787726927080853
3125,B,11.587048738122641,0.4966348021555045,0.26322705922435213
3126,B,18.69063186637988,0.4236470956807607,0.2561880386688294
3127,A,51.15220110604708,0.5606245569561934,0.25119705270577575
3128,B,165.10744756241388,0.3045803087273958,0.22331190536887258
3129,B,8.770915686443503,0.3510839930981529,0.21781290413696983
3130,B,15.266113466779549,0.514317846482646,0.19662673242914305
3131,B,45.13223308462158,0.3919637201370733,0.21021056864347462
3132,B,180.0,0.5553530804618839,0.1733834047338525
3133,B,61.140167255459914,0.29905823764004896,0.29461030550278294
3134,A,42.01865668921695,0.4152703537364836,0.15299742756267012
3135,B,6.3051499163297455,0.593716836742645,0.20567623680308084
3136,B,71.69714186160849,0.4003388157410787,0.5744719489766539
3137,B,28.88606899825952,0.35083501099680836,0.24478881182051063
3138,B,180.0,0.3766327067228397,0.3421964625784323
3139,A,37.43905284793386,0.37323108969051444,0.11259620343102385
3140,A,88.77516054926917,0.5468366402483656,0.11187437451551181
3141,B,51.52112502583052,0.483936238002161,0.38195798587880625
3142,B,39.478022804993785,0.4705368868735663,0.5712565562099239
3143,B,42.36878023384067,0.43111456629687994,0.2630641114679843
3144,A,77.57947295198201,0.22405262316745547,0.13292924087066046
3145,A,5.869691056802753,0.33885685589820297,0.16844236837975668
3146,B,53.35195053974893,0.46228644899269666,0.20217186334458476
3147,B,68.43883684035299,0.3951199343932299,0.28784026764871046
3148,B,4.241077278318011,0.5672557946465792,0.39559542733225955
3149,A,84.94867870857853,0.30281820371570484,0.2970075030098276
3150,B,7.281660183128895,0.3865376178947713,0.1729755758597576
3151,A,24.05486674272897,0.47788769609408743,0.19941974238606705
3152,B,18.58259738156783,0.532688161994432,0.439315358023794
3153,A,13.168051525197146,0.5342945374400834,0.19830833635185846
3154,A,91.72989743578356,0.5488277740733698,0.19024998465955684
3155,B,33.800010113515064,0.5872245199861061,0.16465148280441538
3156,B,19.375815262014978,0.44110804463274667,0.3708748415841195
3157,A,25.45548851435306,0.30232203736611973,0.16924233725802723
3158,B,12.51081338463739,0.5173616912669136,0.2656470324529073
3159,A,74.34725135217789,0.5050293055874628,0.3168163503482817
3160,A,13.757183034049623,0.31772015087404654,0.28185044469198406
3161,A,0.17716776694922706,0.3851187889762585,0.15084856587252155
3162,A,30.784795030864764,0.4764298457058383,0.32318340724426436
3163,B,134.71449449619288,0.4670829002995331,0.15843989427757954
3164,A,4.752637484243783,0.45870283303092896,0.21025316810345385
3165,A,63.17789339447673,0.2745487821992438,0.1798178033646351
3166,B,1.7234760880360378,0.2792959877041241,0.3902324468685086
3167,A,14.538045198745788,0.34748226057365317,0.11090795994041071
3168,B,145.18117089446903,0.4860906725823114,0.22885754517200801
3169,A,26.385743766822536,0.32062091222707967,0.1605848289644331
3170,B,123.64376533772834,0.42681034140552604,0.4544496119429547
3171,A,4.097527316124629,0.31814608902062047,0.22544300044309068
3172,A,15.200822714193556,0.4384858322572975,0.533936937636052
3173,A,68.44160754740581,0.2303167905864156,0.38461121330068043
3174,A,7.397496372678743,0.3282179325415681,0.1434753789545324
3175,A,46.878270244297156,0.3883967154047387,0.2804038503042686
3176,B,59.86877722502457,0.406243343823116,0.5113766916818322
3177,B,1.7199311123067733,0.4747864133876939,0.3475436587249732
3178,B,13.2782594902838,0.334696848088774,0.2773143091279185
3179,B,180.0,0.5017093342419918,0.3319265469278839
3180,A,112.232638592735,0.30195761992533415,0.1883023285346972
3181,A,51.25159293755184,0.39886355789169925,0.2494577095773774
3182,A,74.97553629004409,0.5225714769472228,0.3737771252337788
3183,A,5.192055477382864,0.34007812485701977,0.28699190055117296
3184,B,122.92449546433275,0.4030695980091214,0.30699212225346323
3185,B,173.69308891777635,0.37382709418608695,0.13899865179016513
3186,A,12.989624257171277,0.39059954942907976,0.3199757929170812
3187,A,101.22356977094427,0.4804509265584755,0.15846654350607162
3188,B,180.0,0.5484239883267821,0.4061159337097017
3189,B,3.4330182335281787,0.5861880607331924,0.30772261513809385
3190,A,56.50365336712174,0.2573601500002077,0.3192360746002086
3191,B,43.99085514640633,0.2869507906552498,0.2623908247342906
3192,B,93.42303451919283,0.3846055154746499,0.36680217784005
3193,A,45.91856896849412,0.43189564012927734,0.23908056174794048
3194,A,49.04775549708468,0.4035201554794739,0.21703013619817108
3195,B,20.032198205794796,0.4621136042921581,0.3680538173760353
3196,B,29.739784154775865,0.31598752705717403,0.2667632026891226
3197,B,17.352928464521984,0.5543151555499152,0.5475219443227758
3198,A,24.06500058709168,0.3356937473586508,0.20446012831573637
3199,A,2.051090376774755,0.38884285196364893,0.15640886384981012
3200,B,2.0184224510539623,0.26006437348707645,0.2006010331891185
3201,B,3.9256115438016383,0.4794525009909605,0.5018975302068726
3202,A,69.05354128790853,0.464353740405542,0.22862779778795594
3203,B,1.127099172193044,0.3981080269279632,0.2647123275510897
3204,B,38.95719513097814,0.7687630674310769,0.30052081606290254
3205,B,50.099027256248554,0.5033058557819731,0.24409386020176674
3206,B,19.12239272403184,0.32417201662492273,0.29557116788158755
3207,B,90.97680831614507,0.34756454118882096,0.4339527497033181
3208,A,51.09395442857449,0.3342169285975782,0.2600675762027879
3209,B,113.84753238756558,0.5473381421627871,0.22258217404879713
3210,A,28.808269353824304,0.481324691151744,0.16381455618527907
3211,B,7.82757373951319,0.40881084811643753,0.27638876442894544
3212,A,103.50828590819943,0.2501637529282063,0.25440228477306237
3213,B,2.772697160973604,0.5635513678416615,0.29589026835342835
3214,A,18.437112798101438,0.34067592871423846,0.2828559640886953
3215,A,15.686814318186865,0.49090840650126005,0.2799954321565166
3216,A,92.78845819238545,0.294621987725224,0.22418534159646306
3217,A,71.75198195074351,0.3828076117652703,0.2943145006843407
3218,B,20.00710567455519,0.39333839856438674,0.34172264317382234
3219,B,64.90794040704495,0.3840187498538485,0.2546513905634101
3220,B,36.82152733480809,0.4988456135666529,0.2512108885962154
3221,A,32.56041426218412,0.4120335997103808,0.4242287629280303
3222,A,6.304812851733876,0.18062779369307108,0.23168179404643233
3223,A,10.897317530865205,0.38529735050709407,0.4218005712223793
3224,A,48.04994718672305,0.24771815939807074,0.16907994306094162
3225,B,34.8195351642706,0.6915559901031918,0.2426981554689096
3226,A,21.8790030070279,0.32970675295415397,0.4287643573572563
3227,A,81.48502515329709,0.35080115966863595,0.3045080787780777
3228,A,134.76747891543417,0.2859415790455843,0.2079278604497384
3229,A,73.71123074223429,0.31800351929271764,0.17619509262653468
3230,B,8.598653480202916,0.7217535099576018,0.3975502056404144
3231,B,22.51717142690867,0.622474728503482,0.11356751441523733
3232,A,21.333807988793048,0.4223300412783797,0.27900388676470184
3233,A,69.94854590845787,0.33803313204680724,0.12137913338959343
3234,A,19.485150236668073,0.4834589022053966,0.22130317607677688
3235,A,8.227880883648123,0.5228823079725422,0.18761910911386454
3236,A,1.5283570347867221,0.5115110492771259,0.15739235262447948
3237,B,165.95979334923007,0.3524217665021947,0.328707023129759
3238,B,21.6509776455355,0.44321403618680477,0.4518294632170859
3239,B,46.545092131934425,0.6279774693845358,0.4112048192471673
3240,A,21.928458481646107,0.4693982807891308,0.41843795616724133
3241,A,105.24721525352395,0.3439103786874708,0.22422070286158532
3242,B,3.1262636186514046,0.48113856994062704,0.13730715595579548
3243,B,3.4311735748485943,0.4800254786436677,0.13694070533348837
3244,B,28.708611084865982,0.40757735844459936,0.1395333412730783
3245,A,12.289693354919676,0.408766481045423,0.383175476445286
3246,B,48.18449149317008,0.5636964965416207,0.33100974730475113
3247,A,10.409324855270212,0.28591771678415456,0.11775721339147695
3248,B,24.21943277719622,0.6022954578352661,0.40380660392302814
3249,B,10.256932683520478,0.3292184105170235,0.3486886251374265
3250,B,69.24551420422249,0.4059697906857734,0.2513229194965578
3251,A,157.52708300568278,0.6021519772669548,0.15983854907257303
3252,B,7.845439729554715,0.2802294182324757,0.4577993577234755
3253,A,1.1394911835668957,0.3542586756649401,0.2578458038572728
3254,A,69.33428068253792,0.4768002090468538,0.3082011513782099
3255,A,17.445561917667035,0.22790401010268868,0.1727968509688412
3256,B,57.338878851130225,0.2457029745701631,0.18911173999166347
3257,A,1.7193915249869427,0.4048179609834431,0.12340132166443207
3258,A,112.43838960857214,0.2380311486946095,0.4866135130839873
3259,B,163.3007717820013,0.3593039279598324,0.21959592981971152
3260,A,6.768318649043073,0.5788591408926251,0.09393933680855884
3261,B,33.06636975667414,0.2812957652175696,0.26898102176641553
3262,A,36.111127393536826,0.36356900573698786,0.34136057181040314
3263,A,14.412596977165338,0.4625491401742935,0.11605366985490152
3264,B,11.631661421528472,0.4842162973552913,0.28863524666748747
3265,A,3.0336739425837314,0.4434667485389631,0.35013587752801784
3266,A,2.304526665492662,0.266268756401096,0.31924874974219214
3267,B,95.94234271954737,0.4559286170598223,0.3989170166728165
3268,B,36.61631964635087,0.5097780657815808,0.234795942685078
3269,B,133.47554145889382,0.4178188949119758,0.5143783208811397
3270,A,5.52585915607118,0.34516348243747863,0.25056809679651737
3271,A,3.3318756727413437,0.37999294851259213,0.2500480317073698
3272,B,66.30317178140699,0.5500181245006626,0.17221105430094613
3273,B,29.285826670040514,0.5447806129618902,0.3641452711474323
3274,B,49.957655190888445,0.5295608130315045,0.34887589798143526
3275,B,9.686909013894493,0.39756030024567823,0.3596270063381417
3276,B,25.467846620071732,0.4389681902012051,0.29305727488474775
3277,A,64.32500452968719,0.19999110897948622,0.4476116217932348
3278,A,29.910978226600776,0.45137748033334923,0.3482759170282626
3279,B,46.85642570228738,0.43745173756247513,0.44704737564206143
3280,A,18.895816325793618,0.21431203964893095,0.2064028651660106
3281,A,24.386350429575632,0.47886689801442167,0.4104147755165514
3282,B,46.368410310442,0.3989084683736735,0.2470274081183383
3283,B,46.011123146963676,0.6132690181610054,0.11360955669343872
3284,A,118.9946466000043,0.43919500093165253,0.17981546807235485
3285,A,108.73503761940994,0.5219064155842212,0.08028647009392309
3286,A,56.59391406002031,0.20186217147823607,0.24027462128073432
3287,B,70.75989823220752,0.42069401163929504,0.13877520676064
3288,B,5.806417047581072,0.47109429818608906,0.38992412298061785
3289,A,97.20292600307809,0.5817847894698603,0.12421021696546353
3290,A,17.331525370585304,0.18674418421544287,0.3327133925965161
3291,B,3.978561475124789,0.3856856957077756,0.24676978719348983
3292,A,21.592198756528177,0.4584552577578753,0.3954262186453019
3293,B,8.330039729098994,0.2581903761879471,0.5211479340431994
3294,B,81.74996549151635,0.3960107261486697,0.3329509705645427
3295,A,42.80276450277638,0.21901848001343147,0.17879756600485558
3296,B,3.4867217515867797,0.640416410975628,0.3081608961968996
3297,A,43.97273140863692,0.35857014127112935,0.1759984841571043
3298,A,29.574033356251903,0.2296852467950781,0.23510067707604101
3299,B,13.270199225261253,0.5481111358374793,0.5357683479171306
3300,A,23.036518769888186,0.3193039488530388,0.200812360247321
3301,B,15.291662987536384,0.3482543844515483,0.25544877190973
3302,B,54.184014947210734,0.36454281543978856,0.2682911917709654
3303,A,180.0,0.4436785927003121,0.3186435351489751
3304,A,77.44771622031466,0.4384830770449116,0.30839292023883746
3305,A,25.690252520884577,0.34936336031161225,0.05421567867348588
3306,A,58.470993148389745,0.5276396134432594,0.22018787653700767
3307,A,14.134972716795627,0.257574033647795,0.12728999279562328
3308,A,4.749690312995659,0.25578852490434023,0.15302099239473965
3309,A,19.55384850774946,0.2429686380031125,0.40038392942161816
3310,B,26.704350161895178,0.28099698919162225,0.2735818450003409
3311,B,11.538065333703223,0.35709805192976357,0.49726409665871846
3312,B,31.043905429794513,0.6290532570244483,0.21888520053559812
3313,A,23.21066725627791,0.38246055327636874,0.35560788523031656
3314,A,0.7503925166155605,0.2168061419906036,0.20823540905803367
3315,B,60.14406022055476,0.3161470464107011,0.44816907564227526
3316,A,75.88240964961642,0.39858156831101155,0.30629525998047197
3317,A,20.02624143227808,0.4155299209272753,0.24443216370989987
3318,B,80.18512718011343,0.5712871104892908,0.36177335090923174
3319,B,6.877304155361375,0.4684490643533201,0.45370399589824373
3320,B,65.22197218140809,0.46112436675353935,0.4423320473258256
3321,A,39.08235134187783,0.356807807438869,0.25266373332680914
3322,B,0.235711653718728,0.26833005708548985,0.41367501756362335
3323,B,67.00344618333374,0.46623896034712464,0.3025228868391584
3324,B,56.25186183673479,0.5115377056858469,0.34980776451222084
3325,B,32.88300820454718,0.31775026436162446,0.2455866930818349
3326,B,7.654075605291145,0.568714177989588,0.1566522591374196
3327,B,75.20512852119373,0.5090187687853788,0.18735526671524924
3328,A,3.45785807516163,0.22878325118729848,0.16603836248767118
3329,B,3.8717906984130126,0.38716846384781683,0.14357662640619867
3330,B,117.47970073646361,0.3442614264776857,0.48665633098905153
3331,B,77.21143919133617,0.34893703313468005,0.37561645517469955
3332,A,8.656562192227105,0.4897400943890016,0.1962157686936252
3333,A,99.2022510155057,0.41247576312242773,0.15297298834201495
3334,B,70.24088653478145,0.3400358325790482,0.2052965376080186
3335,B,73.00943681422326,0.35348279577607056,0.21563911769209138
3336,B,3.63816290523475,0.455264082519157,0.3969842092524788
3337,B,180.0,0.4656115096937951,0.5868630493310671
3338,B,101.72031154912078,0.3098802041936264,0.1543149088097341
3339,B,36.87534594000023,0.4445307142233872,0.28631910567449914
3340,B,66.08296339785849,0.33097404541471187,0.39385575095271796
3341,B,69.89947386056865,0.5080348497565795,0.19025873382285885
3342,B,92.07611950379525,0.47473279668377283,0.34556280197190314
3343,A,42.22119945290276,0.3733200279546188,0.3250737175009662
3344,A,135.06432638584576,0.3289692629491028,0.3716569059029543
3345,B,15.33341222985705,0.5351081663469089,0.3070778086573094
3346,A,180.0,0.43020034755540126,0.14689327153170476
3347,A,20.924657596499724,0.5751286251734966,0.22560351480738355
3348,A,15.973492307192565,0.33679432351280697,0.13691546913289043
3349,A,87.94974604265589,0.3029742398625801,0.2849319428217631
3350,A,180.0,0.2879633101929484,0.22078937418985983
3351,A,44.6977397667955,0.40830922751678334,0.2247790226960656
3352,B,24.19555177509816,0.5647913697618024,0.3160863693051588
3353,B,83.60901430697001,0.38463431756860983,0.3874593231230646
3354,A,71.3444394075751,0.4714704999832225,0.29917462646349735
3355,A,68.49427994738903,0.2675693597910736,0.3198290433130707
3356,B,76.19392612965936,0.37585041443288936,0.20759894981134877
3357,A,19.756430115337505,0.39538319358702345,0.33994064860131656
3358,B,38.450498478203436,0.36514714625867734,0.26904487961134155
3359,B,26.235097906939732,0.36577383003414693,0.37905650650290046
3360,B,179.7092048571689,0.41291635786764835,0.42688980085133227
3361,A,38.42778733453601,0.3844845443545054,0.5229827221413451
3362,B,27.881359877140866,0.5697218442359436,0.4118653175227713
3363,A,80.55461206626123,0.4071366203651848,0.4049664866524674
3364,B,75.08087421000752,0.44401995243269976,0.4639134404956771
3365,B,27.67031204499549,0.35178104717243486,0.4916988727111599
3366,A,52.43027156159382,0.4305408292536952,0.34780033014302664
3367,A,0.9625940243885978,0.35952644052643157,0.3749343373415605
3368,A,18.474140204698713,0.2770009766313928,0.31366038423677267
3369,B,19.282965814041127,0.6504557734005071,0.4152809923513314
3370,A,7.021834993393368,0.275188124152653,0.16180778765924894
3371,B,53.27004004337671,0.47530331565495876,0.3001262942825984
3372,A,11.935451200835,0.31870297895525784,0.3868440677252501
3373,B,85.70958524058022,0.5290847225521905,0.4000341724073339
3374,B,180.0,0.5460073451409124,0.2890588522649271
3375,B,8.383983722133198,0.4433046378349892,0.5097090581597664
3376,B,108.59665908157044,0.3264886456720601,0.18005817970544213
3377,A,106.15698456224274,0.22204712077197297,0.259695306465666
3378,A,1.691597800043041,0.31387149620919563,0.20281359204180321
3379,B,38.61705372130825,0.3046914739518522,0.67615769689222
3380,A,11.169265250146966,0.3980385339664553,0.24961359120369955
3381,A,16.66978869988064,0.4118889851438571,0.3779943066566962
3382,A,43.173794314811296,0.3570111534799273,0.39726695395681566
3383,A,34.37045494821528,0.14388217136435366,0.26683337638266813
3384,A,11.081034227562117,0.3332290847439983,0.24531949655993535
3385,B,5.928025267975499,0.4279113974071807,0.1323642944488772
3386,A,8.073677943135396,0.14764073369405983,0.31738795754464005
3387,B,82.24937543784482,0.6367333506380434,0.42334647889545374
3388,A,12.16046626364912,0.35583035604609875,0.42500848455228585
3389,B,20.94483749927925,0.5570203596834736,0.25958113245812015
3390,A,31.419867389212662,0.36692687123237944,0.24476963777979277
3391,B,105.3960766445942,0.3627203887753653,0.41167422737332854
3392,B,8.930479306125648,0.49659326468905496,0.15132426070028762
3393,A,14.234645378842098,0.4232660194787403,0.3848508733646554
3394,B,64.56558617182588,0.3922795066553733,0.34176768655676704
3395,B,18.606281513479026,0.4860479967184845,0.3197766207288189
3396,B,15.471492687491091,0.4568388863289753,0.5660715989025356
3397,B,2.6814937730833273,0.519743805844245,0.20961566941833978
3398,A,132.70033932300652,0.29637134857784336,0.22644925593509682
3399,B,34.195395169527565,0.4379343737035943,0.3515912810882177
3400,A,28.05163636329498,0.378021080465654,0.3717717052484255
3401,A,2.726792542006678,0.5417751511440161,0.20943904585399892
3402,B,25.831641891916693,0.3510261955573241,0.21737838603576057
3403,A,58.79789950401227,0.23301113666960074,0.14829337041346596
3404,B,3.311114283731617,0.3889181005392908,0.26201806433048486
3405,B,13.364703594795682,0.23394200879266874,0.2680647886206452
3406,B,34.73649350604103,0.24862649409056725,0.35653203071613454
3407,B,85.88707245769643,0.46064387302339793,0.28885118433142565
3408,A,17.944001981968782,0.3006367586495585,0.16447892898808744
3409,A,47.6928233437715,0.5983835245397031,0.16623488951801166
3410,A,14.757338310050475,0.4715862204891197,0.21290308188596307
3411,A,38.05655398977813,0.4785853465785215,0.23157327853040813
3412,A,66.55854395532202,0.4579633822644429,0.18504832219060965
3413,A,118.40447613927479,0.27424865188533126,0.3724109711452235
3414,B,137.8729872803589,0.5155529667121721,0.28965226243017617
3415,B,37.663158799120566,0.38970163870132296,0.16961777094164024
3416,A,13.61832399614809,0.4496483129821362,0.19689014707747116
3417,B,26.850309022375097,0.6335748977548803,0.24155480984916033
3418,A,18.348891758085117,0.31755318313588715,0.33676886551774393
3419,A,28.085323241488013,0.4593058534634276,0.3769462528387058
3420,B,160.97382231417006,0.4074677068381658,0.292686612683782
3421,B,171.24251038822973,0.4925326731082052,0.24295543432134328
3422,B,10.983971535173954,0.30596982341367546,0.14806443734164362
3423,A,117.88621866013615,0.33826071357246296,0.13668768367556586
3424,B,39.42243663160327,0.5167405318415462,0.38026164318939
3425,B,89.43309742354828,0.38666127402249195,0.4029901801971948
3426,B,89.82624701049637,0.28047552795526415,0.19749497747252173
3427,B,60.06596741597561,0.4317425437677671,0.2572432339397096
3428,B,33.15799039404873,0.64570983901379,0.21621488836088226
3429,B,26.88079812354668,0.27497115206352296,0.19487511792093562
3430,B,85.38524618466855,0.3747865180699532,0.3395765955637604
3431,B,13.30294239711029,0.3943204178196158,0.2562745895879998
3432,B,29.087142440962808,0.5578279569390553,0.22252702317014306
3433,A,104.24478276857643,0.5850009401526621,0.24782143677820118
3434,B,43.50866644540882,0.5068164909539763,0.2756653066523478
3435,A,4.237961862820299,0.25117668847284025,0.2579615678704434
3436,A,6.36672247577519,0.29838678959048126,0.35564067519313414
3437,B,92.69030868311998,0.4265920981045054,0.3392400713723688
3438,B,24.344607115994975,0.44597169110564183,0.31946559544609615
3439,B,41.36729776866324,0.4309025446396843,0.3027331398885502
3440,A,30.78925336335249,0.4796668650793192,0.28161565700766905
3441,B,17.021856979116485,0.39054769236011827,0.28185908234990853
3442,A,5.073409922528077,0.37475861213285805,0.25065752351786574
3443,B,94.30041338137885,0.47961237210954905,0.39728473869123665
3444,B,80.0611659881512,0.4337500057710431,0.3176884447604314
3445,B,89.19791101785574,0.5948519126026154,0.29598917549096343
3446,B,3.078098275814199,0.40837880678499494,0.28309605195135
3447,B,34.69860599793399,0.3730844822015943,0.28955779101815665
3448,B,7.592031444027383,0.5219472790172143,0.26698431898337094
3449,A,19.08032698587779,0.4216493784986381,0.21266756987486563
3450,A,7.227952934971845,0.46394149617943214,0.06804638838623416
3451,B,58.24641296816652,0.5632227634049649,0.2960124387739397
3452,B,19.400240863688317,0.43998045779461165,0.2011495912056108
3453,A,45.482052745727856,0.4102142687813052,0.36625174592378046
3454,B,77.46820843671638,0.5238309755737247,0.3585051420771872
3455,A,134.35611687816652,0.32172458946325533,0.21919054720651168
3456,B,3.504138218535999,0.20134291824763217,0.2876822131667205
3457,B,37.44136856459208,0.48121337149419313,0.2964067277888151
3458,B,6.8643650893813986,0.5353414275984768,0.2997741060827996
3459,B,42.443291567685606,0.5616603219135303,0.10108011554049261
3460,A,180.0,0.33846739330209424,0.22647476975685632
3461,A,21.167528205842792,0.28120163359871203,0.4598830317988371
3462,B,48.611701152775765,0.4704581971918106,0.2743211850127314
3463,B,32.24850337448361,0.4978027080264267,0.4392960526836099
3464,A,41.122141477815205,0.4830401071980008,0.31749017297378274
3465,B,17.056695600326695,0.5189754416223761,0.1556487650643401
3466,A,87.291108628656,0.49950146600550027,0.3357625220734758
3467,B,1.7088211944911686,0.4259583264480078,0.24660156810384476
3468,B,56.42244876541787,0.3184799867320646,0.2130204368497435
3469,A,5.622908134360746,0.3070370334933668,0.24434877642140515
3470,A,52.64004789582195,0.36535908122206423,0.10909134506302362
3471,B,106.26854267226085,0.41025947615486763,0.2183895225605462
3472,B,68.79265502792312,0.33517222736534863,0.5780799388506028
3473,B,116.22492904687627,0.3299154879620117,0.30359305078386467
3474,B,137.91207982602072,0.2931771367017221,0.3087443084667342
3475,B,31.044662061507815,0.3869376437025071,0.23577945143702508
3476,B,62.25958302179975,0.3847243837093502,0.21611553408503176
3477,B,26.336252159581242,0.2798943807189995,0.26690256419012587
3478,A,23.655364415564573,0.5709155880110308,0.16709439941826915
3479,A,10.38851620368146,0.40955193253989697,0.2283608865870059
3480,A,23.19414983148608,0.4942455704872786,0.4302033839696041
3481,B,131.04149731784733,0.28244913324057463,0.34174380321426573
3482,A,3.555010295498064,0.33935317417444755,0.2426431251220934
3483,B,43.04351880302594,0.45984402005396774,0.2802708198643818
3484,B,72.5994220910707,0.4875721782823472,0.1984105945036807
3485,B,0.7604818289266865,0.5757282581281709,0.32135646271382173
3486,A,53.49506884078134,0.4526332213709363,0.26215290147896286
3487,A,13.110555010075975,0.4477721327059835,0.10200521292400119
3488,A,16.78963166861003,0.5875406320699048,0.14200958481007392
3489,A,5.8078293768603055,0.2560891416774538,0.2646631305754604
3490,A,89.9981370409671,0.6426018268803888,0.4016062336399828
3491,B,44.56188062269549,0.5947931697465683,0.4369668821973724
3492,B,70.44758234816308,0.5454117597915218,0.4791064312286655
3493,B,15.447512402088687,0.2533012558466909,0.16246270709744337
3494,B,0.7528703271182053,0.3719601757173246,0.435954979229824
3495,A,30.605442752538686,0.5249692362726122,0.2938345488007894
3496,B,70.77950635600281,0.36160271638989977,0.33114044974338136
3497,B,21.456207195349155,0.48849497952398246,0.22444005294265307
3498,A,38.20388916130174,0.4085792199862538,0.3214375675469319
3499,B,29.119879053843782,0.33506396326761156,0.4148049063315029
3500,A,37.91932191994881,0.47830203831460266,0.32272441757707315
3501,B,42.934114200502414,0.7388225896435191,0.4497869606669116
3502,B,6.074435376264907,0.23405869763730183,0.440018508962454
3503,A,23.781099550750415,0.3584634784542705,0.38339203157345314
3504,B,5.684418156506233,0.4286300109064204,0.3361839242171697
3505,B,168.53891193724493,0.34744767432036333,0.40569236512289086
3506,B,21.519933768017243,0.4869141877030001,0.21067323313989836
3507,A,9.623217219920905,0.4869136247652936,0.1857970381110949
3508,B,15.343941614911806,0.42299582646298406,0.34473168827115275
3509,A,61.51556032741856,0.2912076759103967,0.07626003364124606
3510,A,6.114787911049107,0.42349053500796346,0.3422596977142177
3511,A,4.935330758838845,0.4204478616638212,0.3083669497337801
3512,B,2.543590283777034,0.5726667571089873,0.3194674248814253
3513,B,9.935858955268449,0.3933489461767856,0.18044574121100065
3514,B,29.311904868411656,0.28558518252087745,0.19978228614483057
3515,B,21.770412958116097,0.4777915478624776,0.35844598878461026
3516,A,55.72685748380747,0.5248964759657082,0.3146517059250189
3517,A,10.541308051176692,0.3548018999029524,0.31567558988272604
3518,A,16.487883603922686,0.27885065415843574,0.39862740231012256
3519,A,29.01556713414569,0.5525518809130336,0.3423939990232674
3520,A,26.849622222079514,0.44807301826879703,0.2941200072277864
3521,A,55.484403798810966,0.38043233632596735,0.19987117688962444
3522,A,43.949523988647286,0.4016682702391797,0.15066617951438968
3523,A,46.52720924253298,0.5327192058916748,0.21422612916261083
3524,A,56.33790540908114,0.3667283481749772,0.17385748044356156
3525,A,15.577964739303493,0.39169877851610674,0.35678504617425355
3526,B,28.738221540701655,0.38268401911577876,0.2789853844270114
3527,B,63.28872376099262,0.39378375326846116,0.3985113237379051
3528,B,53.38499166085276,0.6073481272308178,0.2900140755516019
3529,A,17.509487501110435,0.3954137819231184,0.13858935589150212
3530,A,25.93122398069358,0.42173969311244,0.23926161908582344
3531,B,35.33640393853093,0.26829985366962233,0.2605679078463953
3532,A,16.532658838537472,0.43090165798697655,0.18166239787507635
3533,A,180.0,0.5999420495700201,0.09753724416695478
3534,A,75.70295183493445,0.4917645892275943,0.13025312382519932
3535,A,8.09595416787781,0.3393851637294463,0.22498454566296738
3536,A,0.2524437798034365,0.3003281562305704,0.2826601099508798
3537,A,1.9676449443859056,0.31317078103418367,0.3209269178307052
3538,B,87.69462147963687,0.41838896027142514,0.25153797496184277
3539,A,12.590902632414547,0.4788689752635341,0.23505609073473238
3540,A,5.4615216368258785,0.4078720264831962,0.13386565356466934
3541,B,101.25350639762824,0.5151654101725511,0.26727563231842766
3542,A,34.29676342339911,0.3576658067019895,0.12176600422683939
3543,A,87.83525606317656,0.5222330801505158,0.13482665095633908
3544,B,46.4662753507669,0.5415903411924399,0.36809025212623897
3545,A,60.059338521523046,0.5259871508679734,0.39165482816469216
3546,A,10.928148249848894,0.19730187849169253,0.31826297212674903
3547,A,22.9346279376613,0.28458148590397414,0.27112466227634946
3548,A,31.907770394656485,0.43405468644180917,0.151160186142974
3549,B,6.5040026067511345,0.33850624415198893,0.6731898487011715
3550,B,27.101240807495266,0.4719509437502362,0.3849244843104102
3551,A,74.78168456620189,0.35766704626878565,0.3162500459893973
3552,B,52.332232544492584,0.3456951381632461,0.1442604728731244
3553,B,3.375476155892533,0.4703606505176094,0.2883723005300937
3554,A,82.21979241790076,0.3582799812111672,0.2497427136242819
3555,B,1.0455815016384002,0.5168460123860814,0.28624145439897364
3556,A,108.21692829600771,0.37077798920474625,0.14850413823618894
3557,A,32.031484552550104,0.4900005419977844,0.12414415437393447
3558,A,53.32808000343209,0.520324596584497,0.3250951284549651
3559,A,5.33514393388451,0.3761322994287973,0.2803547547271595
3560,A,37.488318497038314,0.45020157788316045,0.20736098450905102
3561,B,154.0740912048673,0.5027119708418412,0.19684954523576473
3562,A,12.867270203599272,0.37865432013801176,0.22250422822725704
3563,A,25.431099416428772,0.3151549326046508,0.23479143023955376
3564,A,45.23669801738071,0.43235445765565694,0.07653008178989268
3565,B,68.09778744952132,0.6901407693948394,0.4443617858218892
3566,B,8.641458831498602,0.6608596986829115,0.24841673951329657
3567,B,30.62878341887699,0.44734480472837046,0.2822771535321026
3568,B,11.18636442096307,0.4200630676766872,0.2592423975135358
3569,B,0.5376104080459801,0.45005744052182484,0.23187914620603847
3570,A,13.36681387219079,0.2922434999901708,0.32074443697727056
3571,B,25.847941796982894,0.48264861192924113,0.4423080403923999
3572,B,54.351320513973626,0.514370456675467,0.22898004778409212
3573,B,160.25975105493012,0.44300977787988405,0.25997713286965823
3574,B,76.38579597719085,0.35154333973604723,0.3864330213622926
3575,A,2.4118201993128947,0.4618235149375488,0.2755178610987143
3576,A,0.4628962058495682,0.5143420005296957,0.1466887590409372
3577,A,1.0083935939482715,0.3120291640791077,0.1785006271029449
3578,B,13.600301376138406,0.4209459774219878,0.21339307172809985
3579,A,0.3773156327113321,0.4149831284283087,0.22031408442742018
3580,A,5.261977611285031,0.47464232499246556,0.16984950154653616
3581,B,21.309198978660937,0.43879454126536244,0.19191005036607237
3582,A,12.31939475576482,0.5104469814328859,0.5467128193655799
3583,B,38.22932397381152,0.63847710181413,0.324596911177195
3584,A,11.251288379264917,0.49238487214517707,0.29798959705613415
3585,A,180.0,0.5601365401738311,0.4813271904719934
3586,A,16.438145204028135,0.36844721603069436,0.23263756141383257
3587,B,11.039275911250993,0.5274533410810273,0.29177315143180177
3588,A,6.1335826342052915,0.39590931210669555,0.3098025596208706
3589,A,35.49127435938076,0.25496433693802983,0.25623348969711224
3590,B,93.05072976643663,0.3081281235471751,0.2542767768744624
3591,A,87.82328953702128,0.3471707506379976,0.3439669400536737
3592,B,9.56179468341317,0.2514772362356959,0.14366319056004828
3593,B,17.807521929995175,0.5178725303883406,0.3081615809977581
3594,A,51.002606545689545,0.5071791217381397,0.248812711461243
3595,B,44.8138144026107,0.3841267257120009,0.5102341798020005
3596,A,15.799209007879758,0.344339154044244,0.3829612931246501
3597,B,6.838196108382135,0.254059561081812,0.12302943075260825
3598,A,37.109718218964666,0.5243652917006896,0.2876650194635389
3599,B,50.949753761957545,0.41361066988924167,0.36090953916364665
3600,A,56.46423927054963,0.48093167542162013,0.13418254220499887
3601,B,150.09452451130628,0.31680251494610456,0.34932903278802946
3602,A,58.6051852325577,0.7083079100394084,0.1016873685851938
3603,A,49.42024778312603,0.35457910796453773,0.18985858954560614
3604,A,92.09134701030612,0.48606035485354054,0.3214477281672036
3605,A,91.84645690980884,0.471924132561015,0.31997310914847793
3606,B,61.15978522860487,0.3964087646241982,0.1939491267032906
3607,A,38.92372948834841,0.388079646840416,0.3248066347843748
3608,B,87.12576126404036,0.6284269518809555,0.21430643463248983
3609,B,30.010942854209276,0.6494575627014367,0.23174502479258788
3610,B,23.64076056644569,0.45839322480819955,0.3402848204273104
3611,A,25.284013464634377,0.335152833975227,0.2942311910195148
3612,A,46.171022428711815,0.401812871423235,0.20559714405359192
3613,B,20.716498504138844,0.3523136305121297,0.3905388571887379
3614,A,76.72113511005371,0.2878959821776654,0.26865591998891497
3615,A,0.2550662293490205,0.44503373836512533,0.3411674666854384
3616,B,56.169295546884584,0.5550145260991924,0.28077415853094045
3617,B,38.00800384107308,0.28849431903109696,0.23061918832249245
3618,B,33.24173514707457,0.6268321804954202,0.30410542387612255
3619,A,180.0,0.4154186517886116,0.14366857980188308
3620,B,5.521872247643773,0.5849699218730094,0.2673252630882492
3621,A,9.089377692539689,0.4355643183366483,0.29521510665533124
3622,A,28.59066751874738,0.39230376536899847,0.10436597550596136
3623,B,58.18471898698767,0.5622559958738776,0.28408307548143447
3624,A,92.51808054790699,0.3584149520724347,0.28716356917515506
3625,A,11.472497045390607,0.3861626860662963,0.2211272518823163
3626,A,29.150205761252145,0.28266988522135744,0.387030376399976
3627,B,67.20363432198239,0.4293227212788004,0.18415793624818325
3628,B,11.356938857373104,0.3656112527959274,0.25714553794382494
3629,B,74.1462537602909,0.5139546354921372,0.21386138008184227
3630,B,109.99178213314346,0.5092863232606069,0.22732567539973975
3631,A,6.400552673062148,0.47819470869521286,0.33060812968229664
3632,A,22.619384395932485,0.369529151680401,0.35525238912694573
3633,A,8.773365531451264,0.4818603314968475,0.3357136434207405
3634,A,20.338721378521452,0.36790717692398833,0.35581733277297556
3635,A,21.03972256007804,0.4015193177334019,0.20303524701799638
3636,B,9.979629808575112,0.4259580650527475,0.2218590245258451
3637,A,180.0,0.2976977271981892,0.41478727893696116
3638,A,180.0,0.6052521083174425,0.3427296536557148
3639,A,5.486677654054578,0.5566666188315301,0.5265405830754023
3640,A,58.2530955762632,0.45771443853810256,0.15869404170639786
3641,B,31.280914883000364,0.30449024308919753,0.33859616667790754
3642,A,2.390954913003545,0.5396173729576148,0.308363912284679
3643,A,1.3795731466219563,0.45044381585955573,0.15330461065993392
3644,B,108.62634836173294,0.2915819788822003,0.1656605640530687
3645,A,5.008711342917513,0.36016783635587113,0.27317502734598814
3646,A,151.4871136097924,0.377571109561907,0.1679716381545016
3647,A,127.2558491015935,0.3825792608984448,0.30387610741168
3648,B,34.73915019803627,0.30383559447136854,0.32257027467532434
3649,B,87.81613240657445,0.39544937854999734,0.4375254804151685
3650,B,12.637618727023032,0.44614041412120853,0.26758987970631043
3651,A,9.701189436757602,0.3597190666896148,0.30787289049162736
3652,B,3.4354499423508327,0.6390787884392368,0.3252005113983202
3653,A,7.935581125402768,0.3343591713441441,0.2753075112583211
3654,A,12.381351969349819,0.5018502546392082,0.2145465222289747
3655,A,32.613068130784576,0.33730984218319193,0.11787675329230617
3656,A,37.94775317372983,0.31513763161962555,0.15122531419447582
3657,B,3.1880358737781593,0.3611567802812744,0.3315769468026636
3658,B,180.0,0.5575169919673769,0.27606381573237665
3659,B,9.359254455156968,0.4235249899646089,0.2569690516174076
3660,B,104.08709158559631,0.4682204627504597,0.23730947072269767
3661,B,19.7288338662016,0.5325313247648049,0.4162070832121232
3662,A,11.27278387439839,0.3744486648552601,0.13675075861021116
3663,A,63.591422708069985,0.6197464613149142,0.3370167345673233
3664,B,2.1275404484266627,0.5140263802413039,0.3108801771854878
3665,A,16.668733968215342,0.3406437917643765,0.15629464469010304
3666,B,14.337625737841742,0.6200049438747535,0.20490367667398418
3667,A,114.87291893439685,0.5605412654617843,0.10964127692485649
3668,A,48.114752509725506,0.21176802652911328,0.09953328757764844
3669,A,25.799575786575353,0.222273358546663,0.3469986344630117
3670,A,70.2102958437125,0.33419384168576327,0.14888971957054228
3671,A,76.64758264065931,0.1940596337214921,0.3865872375889536
3672,B,36.61803434071941,0.3649060727686846,0.43694035900335376
3673,A,15.442598559034364,0.28233445498880727,0.2902261605286079
3674,B,5.871487349878704,0.27936630498202597,0.31703487866000585
3675,A,18.678736265742167,0.27442486912685576,0.10518696300986756
3676,A,123.66772731106292,0.3620160616339088,0.2428894767473192
3677,A,8.100606083225188,0.3400605109610673,0.32094760813721773
3678,B,132.76343145193246,0.407329678533916,0.32425956352175256
3679,A,1.9379036152092375,0.3605977122439177,0.219900172173424
3680,B,119.67468087910504,0.43931694967882334,0.33732286413739476
3681,A,27.235693432418103,0.3112797576328428,0.2310204125318462
3682,B,8.39885595398061,0.2554266658474933,0.3104536451261257
3683,A,72.69776037080908,0.3339739271407438,0.1611314483613543
3684,B,69.47269646586464,0.6595542169077822,0.2951374278893939
3685,B,32.10993222665103,0.49649197399488154,0.374100289444274
3686,B,180.0,0.4859500595300481,0.4170963954733989
3687,A,66.46297654883087,0.5230419766916692,0.20524307298458963
3688,A,113.39453926570563,0.5041607198109516,0.23712334509255426
3689,A,34.283511081542336,0.44030855612015213,0.2518182134627209
3690,B,2.963909740809972,0.4784093339244028,0.24416088298513533
3691,B,33.11527673206525,0.374049191152072,0.21989175142429868
3692,B,17.478998251030298,0.6682196864515296,0.3273182892172095
3693,A,4.744456899112513,0.3850025942176945,0.14074496439152173
3694,A,39.97825187575774,0.3780998363558115,0.28015511770695134
3695,A,67.8087690065994,0.2783347345019147,0.12004734663009156
3696,B,67.39247209873953,0.7020878543371792,0.4033095859964547
3697,B,6.126071908345707,0.15357818681971383,0.3885904578030036
3698,B,51.435989050849315,0.6297644442064703,0.33158791516560276
3699,A,4.4088596403451135,0.28147823449358245,0.21940080814039126
3700,B,153.79798379739077,0.48367094608447875,0.2743319114824543
3701,B,31.455701027881968,0.5140947529257374,0.29727587924799304
3702,A,8.529138118369097,0.326919726024079,0.17619976764111697
3703,B,31.489059729039045,0.3681376352828117,0.26348184760679944
3704,B,35.59860367751637,0.2611527580058653,0.34104329681778034
3705,B,27.942449322583304,0.4243505489747553,0.25266438136560354
3706,B,30.849431205963665,0.5288651332891307,0.3588093515595437
3707,A,0.5565067186577463,0.5711876975951986,0.28819128459116733
3708,A,40.52460463416259,0.28282696704968585,0.20202933410036775
3709,B,32.354491026080424,0.34288664040268513,0.21680857660859443
3710,A,98.01088670938547,0.42345349992504483,0.2381193970609029
3711,B,180.0,0.3699721731803991,0.3329213110671235
3712,B,6.437161705490669,0.3446107833134864,0.24320544423249324
3713,B,17.467963011484994,0.43662112247655216,0.2338299321875027
3714,B,12.309411497877052,0.49098698981814504,0.3644135380823739
3715,A,49.980361314214825,0.48108333873698916,0.20748761565388624
3716,A,180.0,0.6201636537270099,0.222202385326727
3717,A,2.9298560644428386,0.5907877426172763,0.2304139912979127
3718,A,104.9874969451571,0.5109488468646214,0.1892740336816759
3719,A,75.70691141254049,0.3616108475225134,0.26034955188923525
3720,A,16.975340277600502,0.39287075081288936,0.2173238760702266
3721,B,40.855091480150456,0.315650036992835,0.2701774683649626
3722,B,0.14627016801243278,0.5899402738142783,0.2675523491187206
3723,A,163.42258519828127,0.2525676216521518,0.25071016178609057
3724,A,15.281547257188246,0.2658899015264922,0.17685995624426537
3725,B,132.05695289063055,0.44009684974961166,0.3096647539252322
3726,A,99.04383506338499,0.3622057505573284,0.2379628713229342
3727,A,95.69345476468334,0.4771065710697331,0.29064557160286936
3728,A,63.783168538353586,0.4778289030107525,0.42674677480605716
3729,B,39.385337033025365,0.5440542180698869,0.10980717490445424
3730,A,37.30046683273814,0.5087722660876673,0.24570554969668287
3731,B,117.7335639535826,0.5232937061918358,0.18260750104103338
3732,A,5.752642323573535,0.48193519241760335,0.27079402419099846
3733,B,21.999480742046117,0.4025904478766942,0.1459677842923442
3734,A,34.16519648309734,0.3518605707617198,0.2455344050533436
3735,A,19.85821828660441,0.3853011547249693,0.196431183793791
3736,B,8.446697395253898,0.26227610263594925,0.36560218998719535
3737,B,11.104878503078016,0.4295501878332044,0.2933044850899678
3738,B,33.085576608469154,0.4886762089752741,0.39760828529325626
3739,B,2.137311388714598,0.40972127399065134,0.12341686993973652
3740,B,79.1628255737258,0.620876267740276,0.2953277839134609
3741,B,81.31155289099333,0.4604300703788609,0.24566692467595527
3742,B,62.94656642384239,0.46203353175995854,0.15132181959410257
3743,A,70.70675276983249,0.39536641944860945,0.25379074553224124
3744,A,63.870822294783544,0.2915311057042712,0.11018935883522309
3745,A,108.66485295390504,0.2904970260306192,0.13226865003103688
3746,B,117.86513373823244,0.4051026330694839,0.4175123237289258
3747,A,0.6723552935765195,0.4704068472860325,0.24292941823233616
3748,A,74.52100796491403,0.2827062825668368,0.4062357123890586
3749,B,41.46202973930971,0.6522595067522096,0.3233252324657269
3750,B,33.93616869195215,0.5085245485520263,0.20402803553127102
3751,B,39.17006203436901,0.3854968267146235,0.34388488878607804
3752,A,125.46455724389641,0.2743261363408808,0.25248022913153634
3753,B,10.443487967837571,0.478715598035145,0.33953875738680717
3754,A,70.0794940355769,0.4520863793088891,0.39604346118700573
3755,A,6.276852423429812,0.25910644898520674,0.30234426124509167
3756,A,3.814780846286415,0.35312639032244164,0.07364468810835603
3757,A,0.9479506083917713,0.5012149491598281,0.12623301989733657
3758,A,44.58900281514955,0.4345064363026366,0.26029310096067737
3759,B,37.33791872209334,0.4722460193695416,0.41382208467100673
3760,A,44.70155729005846,0.2424170135620876,0.1939983632065045
3761,B,40.578496960918145,0.47448844105450405,0.24748417826720726
3762,B,75.2141510653593,0.5701698379179903,0.1820550232030859
3763,A,180.0,0.36505226762482196,0.2139309304869174
3764,A,22.840629931172202,0.1947804231346954,0.24179360587875537
3765,A,18.149707044714948,0.21632657665689184,0.2501525133381013
3766,B,22.234533953607926,0.2686104894985735,0.36199187341910166
3767,A,44.06836050701973,0.22899561128564178,0.17217316861614143
3768,A,78.59040733911951,0.4399843759927667,0.24437255258267504
3769,A,124.24674922492473,0.3279198877764365,0.13232373124253108
3770,B,5.031573377244372,0.4947307772279219,0.2624130658115259
3771,B,47.31828566129067,0.5234031287083027,0.22767704733106012
3772,A,73.13319153585604,0.28538255604592716,0.28896013366389206
3773,B,80.65055783051464,0.5402888314227461,0.38381453398904214
3774,B,180.0,0.4464030946178221,0.5402383750207784
3775,B,4.918704006898482,0.4725299155706165,0.1500575455464877
3776,B,71.3338303412735,0.415592993624323,0.5178026694438586
3777,B,47.10911901061339,0.4548434082080365,0.26295058738488897
3778,B,0.8037126762693922,0.7195308498948024,0.15223235234008248
3779,B,65.86867715488128,0.5536510069062349,0.42101198158351827
3780,A,25.03353396654672,0.34112153574215404,0.14907478486204556
3781,A,45.34303415640361,0.3051002953947686,0.18114469653312876
3782,A,87.30102602540161,0.32489794375640274,0.26406338209675007
3783,B,1.3806323877474473,0.46234880879266715,0.5678225507745801
3784,B,79.99208889142288,0.3536039889277634,0.27801133534577627
3785,A,30.354333105721544,0.32911991754722475,0.26170094216669376
3786,B,66.44034672248108,0.4332608360890123,0.16133058078116513
3787,A,10.99001085479406,0.6226526105277524,0.19107089792862886
3788,A,8.369839285602636,0.5631860974995639,0.2713390145942641
3789,B,60.55379208146352,0.5984425731024826,0.3783338848958737
3790,A,0.007099065946855862,0.4809049581705954,0.26615515439601994
3791,A,57.001163319355506,0.42840200266678585,0.3843103754372979
3792,B,6.647108951478607,0.4018265374528423,0.18706835042652992
3793,B,130.7130804936265,0.2729776762841086,0.5651212372258096
3794,A,5.299532807869217,0.35748072215140425,0.2620834372293244
3795,B,119.17227999052473,0.5306837818321726,0.25009183212352615
3796,B,119.87031708149989,0.5794098172039689,0.5066611232174818
3797,A,12.57754924610557,0.564157778007949,0.21148184366620063
3798,A,15.914057604739785,0.42338694607812133,0.22581547128224153
3799,B,23.236381799519194,0.43294081595931044,0.35844536428468626
3800,A,36.982990954643256,0.40437848550912314,0.19997138773142492
3801,B,35.23594746889828,0.4641987314699488,0.3349692236393446
3802,B,6.3465676033886,0.6177553475977384,0.22521922935404468
3803,B,2.7272423187597776,0.45398442004926604,0.38793866989099607
3804,A,22.834209070988752,0.4447836981518789,0.34599489778005055
3805,B,3.1499355836118634,0.4390236436168124,0.36223215909972356
3806,A,50.53173740798807,0.5392007634855762,0.18914130685875746
3807,A,2.5760884473847407,0.3894372269222368,0.33437308956163464
3808,A,5.954389988155859,0.30682786889679964,0.2666115125466149
3809,A,31.120714339834542,0.18502461652369717,0.08793377997363279
3810,B,43.737864744919996,0.43339820070204427,0.21662723000896575
3811,A,18.491723094148735,0.27659281769805755,0.24280957149963361
3812,A,15.782033170407905,0.44114069809711387,0.20253662143367213
3813,B,20.161859868786138,0.47459766269171844,0.2039645900360058
3814,A,3.122107830859421,0.3242297965717435,0.22007607646260516
3815,B,45.055039787018075,0.5667774537778619,0.5366446987132659
3816,A,101.73004992626348,0.4550179148484249,0.12906808698925643
3817,B,46.70212281883096,0.356640644603927,0.32236631238786445
3818,B,123.5429866932469,0.5735450591820082,0.3087143073736205
3819,A,52.96799984926798,0.48900881651593175,0.30495709014567196
3820,A,5.835324544763785,0.44772433178384563,0.13419837904026574
3821,A,3.026605660268628,0.27372931055246275,0.3999324825924059
3822,B,111.2526452609822,0.5742654484739524,0.2907319429190044
3823,A,165.77071854887777,0.32432898011706673,0.12797053600824873
3824,A,51.43973548548612,0.5921767532927291,0.31136634118449147
3825,A,24.315780687950774,0.5813597082462262,0.29307602583628733
3826,A,54.439184327792134,0.5884235358321389,0.17204303327046133
3827,A,63.53764918586896,0.5049980212818076,0.2427248689794681
3828,B,65.9318101183527,0.4853475219123684,0.18409645362929936
3829,A,68.12801730284549,0.5741396532295118,0.14592739677482322
3830,A,29.243370243464117,0.2630328169937169,0.21657068129935425
3831,B,88.7389424078769,0.5208946499172943,0.3221328570356211
3832,B,0.16456137860368328,0.5135044634232369,0.19498475642318677
3833,A,25.28609633118217,0.31755009115304533,0.08914299103853647
3834,A,0.49902049775104285,0.44760951779149455,0.1405028070268773
3835,A,117.50612632216631,0.3228458659042316,0.10423878675639364
3836,B,0.8141677049955203,0.3119475307313495,0.3424741475332639
3837,A,41.606766516370485,0.39333357234453026,0.29154478571602566
3838,B,31.90582027959029,0.631761276152384,0.3311527811379086
3839,B,55.142446769588545,0.3546875855061463,0.3297589619344844
3840,B,82.1749742017395,0.3994488919891414,0.2743298797372809
3841,A,10.21921940840048,0.25865544399294976,0.3620690658436582
3842,A,113.43526352185584,0.2328041641031672,0.3996106919667971
3843,A,110.89364344209571,0.29440147313305354,0.37521884689066815
3844,A,180.0,0.5447850743998942,0.2525935984915226
3845,B,30.829769317430006,0.4096908745580248,0.336063601426148
3846,B,146.4425696958107,0.19188626592597544,0.19867744777954588
3847,B,87.740629031802,0.4788188825058098,0.3120905699392908
3848,B,5.638205185419284,0.394715661198074,0.28032108830448144
3849,A,93.23650739808201,0.3409224696963362,0.2567773387814727
3850,A,180.0,0.269998636796433,0.38964465997742204
3851,A,12.627988704885393,0.4760835529593438,0.30850694487351793
3852,B,30.167123654909112,0.4146211243771908,0.18461453661924546
3853,B,180.0,0.35205200843878204,0.34218546428090885
3854,B,27.431777258455345,0.2913250770811917,0.39198925188532724
3855,A,83.10335166370781,0.36278188417274415,0.24374997812736687
3856,A,77.9294473154451,0.4215890765215487,0.256866076153388
3857,B,25.386392283885556,0.49191831953160087,0.20337975815580783
3858,A,11.81640402917531,0.45799836035392,0.25383767742336333
3859,B,18.10920116956044,0.5033739264734854,0.24112106348330178
3860,B,34.657159316517415,0.3011648149413964,0.32398183768787037
3861,B,68.05782123207479,0.6562970153626843,0.3922349314399049
3862,A,4.663168388856228,0.4247386927658348,0.13980282109559383
3863,A,174.7557229016968,0.4541446793350562,0.3844151847389898
3864,A,15.795530898807,0.24776966849971885,0.1932755782989801
3865,A,92.11969766978252,0.3315009360579416,0.15462045604329921
3866,A,0.18610626975296188,0.4627833542611777,0.16423227023286383
3867,B,2.5290557120974366,0.4099360525957034,0.3489492227437287
3868,B,93.92076206742686,0.47129330136314895,0.30130826866698623
3869,A,0.9562039253342413,0.45393501998767843,0.18913900456406393
3870,A,28.220331334767288,0.43157106476940754,0.1610351019223048
3871,A,12.273618097376383,0.38562794481857177,0.14240568784300656
3872,A,52.68020056237381,0.540445986531399,0.37123724563220895
3873,B,129.787965708316,0.2911612059981752,0.4383863893410785
3874,A,37.51683256224029,0.27187407115491474,0.3737541310276046
3875,A,3.629362836075444,0.4585430721995247,0.1346156033735446
3876,A,7.986924749175859,0.269277740265483,0.36973231615447677
3877,B,78.99352614350882,0.4196001932745425,0.281036048526632
3878,B,128.57526327823066,0.5357406836249247,0.15157555379965704
3879,A,22.099657785391784,0.4622272879968705,0.3129932804374354
3880,B,5.185169155992126,0.6437107693702889,0.13211231608946558
3881,B,31.097699662293486,0.6128339223445435,0.4237123286292664
3882,B,3.8319966098432303,0.3406785429307189,0.1719007850137201
3883,A,9.238888049419044,0.21507117696577502,0.3602753315258377
3884,B,94.27595837577265,0.46761613134110647,0.284800394605817
3885,B,158.496545826855,0.44202765264488114,0.2370363194051343
3886,B,18.380311920946188,0.47723275402469123,0.14422123755855945
3887,B,39.86148058311705,0.6975086481309618,0.27385148062937337
3888,B,18.374705213026587,0.18738083045161927,0.32502641697725804
3889,A,70.70790366803935,0.4799447042626662,0.267570050743194
3890,B,24.763384311200085,0.2333827579751994,0.26906025410476253
3891,B,33.66107313712227,0.49459942233596593,0.275186562906222
3892,B,81.35277591623809,0.20590016323342228,0.28806769320841924
3893,A,24.208855638518006,0.43780132319482484,0.4584032753372954
3894,B,8.267624678297578,0.39900951069988705,0.13332019305042525
3895,B,8.884342458277036,0.5194980313571682,0.26598252840573433
3896,A,4.414009091870771,0.3423917527006241,0.2911425700221335
3897,B,11.724640036307427,0.4955079934332568,0.25654061240629555
3898,B,2.840077616489849,0.22414138937354275,0.25473840608770615
3899,B,53.6287777300613,0.4818936878390582,0.243828122563952
3900,A,29.804097316128377,0.35539559608378557,0.3248598826178045
3901,A,4.285448190620424,0.4632996793188584,0.3188232140488905
3902,B,10.948781909368135,0.31967828128906006,0.29856007129151224
3903,A,6.211859612393712,0.3346067961444525,0.2182128268982889
3904,B,29.922447597336085,0.38868048178618836,0.33229688072969754
3905,A,12.326561933641763,0.2976353880593103,0.24755154107547514
3906,B,60.1670404799418,0.47354095639610744,0.24863676458920062
3907,A,88.32352500119282,0.4034512662835813,0.15657650083005115
3908,B,30.988030169300018,0.2637974391204649,0.32936997082030117
3909,A,116.33014030929671,0.3469777631754327,0.31483381396497906
3910,A,78.75820264010243,0.714498313658995,0.19846289212387652
3911,A,18.2961700754575,0.6647096149239895,0.10811261262261834
3912,A,14.313044797982247,0.4491831806336557,0.26980682938831146
3913,B,122.9614034334096,0.37805227215068843,0.3918194420596944
3914,B,76.23541949383267,0.5578004134518499,0.32716579659286693
3915,A,35.84849451633824,0.38756245577398024,0.14789141124623995
3916,B,16.580684541474213,0.5342326480596726,0.14437905070448223
3917,A,57.58227473483638,0.22656639898013817,0.20317735319623348
3918,B,7.266130424114405,0.5474867032140851,0.3662479687681624
3919,B,116.91965517979902,0.346048647386015,0.21409319264223753
3920,B,26.295618470660756,0.5609056267833636,0.33602032851934655
3921,A,180.0,0.3697620034063798,0.27605901407586864
3922,B,25.068958911272237,0.3571734955543727,0.37182450323540994
3923,A,6.34811017562722,0.4520157448438666,0.2048460020255615
3924,B,86.35913823618066,0.5954040104427414,0.24528992708567915
3925,A,2.2746738498090195,0.29513789424783093,0.22430153498755168
3926,B,0.48873864309437204,0.2721818183090514,0.2842858484891094
3927,B,31.192792044352252,0.5886279978901775,0.15026311198497735
3928,B,65.14992676515425,0.44620427014257397,0.21632811089678355
3929,A,53.34002504159205,0.4214526577485249,0.25370017216159507
3930,B,98.1968621638373,0.5366713786057392,0.5557462242817232
3931,A,80.33112688125975,0.31875684455718867,0.2875031757422821
3932,B,112.56132799023177,0.6313753263442009,0.1358712101121054
3933,A,84.2881522249871,0.5563158099643721,0.47383864052102226
3934,A,51.058996382484416,0.4660984068785336,0.4818465542742003
3935,B,32.59155559717331,0.39165250025608056,0.3175086608015969
3936,A,138.5755879200479,0.3734661141918854,0.07591634368161965
3937,A,32.19311389296087,0.3360334390914416,0.24763445142506493
3938,A,110.30655557179132,0.44509510986247747,0.06646794940159702
3939,A,154.62746202098305,0.21379439416207083,0.3026734561761298
3940,B,97.86153724917476,0.5110122860801868,0.4682417471612586
3941,B,1.8936776914897449,0.5096110097544079,0.18295901248171464
3942,A,84.5256158211424,0.20407165484342807,0.36194718212439747
3943,A,16.682122542313444,0.2659328821656318,0.13363310500297187
3944,A,9.829092088349032,0.39449118010744727,0.17757199736757948
3945,A,35.7452444217007,0.4003740147243089,0.18660028437880255
3946,B,18.951708407512882,0.34445451598368393,0.3075235440970049
3947,B,0.5487975195352179,0.468111670464719,0.2576351127311263
3948,A,27.150004929774106,0.30393245885805736,0.18822875621931515
3949,A,94.57899262879003,0.3689938238076761,0.16064865846731938
3950,A,4.742806785823204,0.3449944817893284,0.2775965479089654
3951,B,9.409552974281416,0.5858261678588927,0.26659694520929833
3952,B,67.08038812914974,0.35377879409813806,0.11163853532598003
3953,A,13.412509896621621,0.4501294427261985,0.37131741490768944
3954,A,62.7082269154737,0.3584843554288579,0.1045076330844014
3955,B,0.23056670535831741,0.4070365619118949,0.25785455208744196
3956,B,38.498467106977586,0.3423071089347142,0.22118242640810246
3957,A,4.491251030697595,0.5105855664067428,0.31047533890625617
3958,A,17.405426312843936,0.4333956432654084,0.33322848066294997
3959,A,22.033974277033447,0.33824638363558535,0.29444309006099356
3960,B,27.789416544624384,0.43360747692379187,0.4208454132777846
3961,A,43.849494399690435,0.34202435868003556,0.20010978172066252
3962,A,7.745976613520617,0.3732782129209164,0.17444602883167007
3963,B,6.817250252169732,0.5051626694018072,0.20068373549315113
3964,A,88.66979969185623,0.23387654965286614,0.23049397060863988
3965,B,60.1743100299108,0.553526569151175,0.36469847927122767
3966,A,26.70202317577912,0.5285373706981781,0.16150600355489256
3967,A,112.01293324477155,0.31876353833932203,0.3174339537843892
3968,B,61.42817623118442,0.5267081403262736,0.20385728255068786
3969,A,28.38902833291226,0.3366245672602722,0.3636075233347471
3970,B,67.38680164394995,0.5302387056370742,0.29832586324222077
3971,B,75.37292601294304,0.44198107381188867,0.20541455105206832
3972,A,14.473761985922014,0.5714949572673619,0.30113533958518696
3973,B,19.672881315894365,0.30220511092964764,0.303577014669191
3974,A,6.882826456246985,0.5427785708569249,0.4175688465126207
3975,B,180.0,0.5561813640036049,0.3480142150621261
3976,A,0.16884563116705856,0.3248337490946166,0.20910083618848443
3977,B,3.939094187553608,0.3030620029253905,0.42662303295449466
3978,A,34.18305957329941,0.35592585533582816,0.3302805180522405
3979,A,5.100488369338154,0.5584737065988966,0.23308719167715722
3980,B,54.249470329648695,0.4667505982911798,0.33854953975546986
3981,B,180.0,0.3352360798220647,0.422022047610489
3982,A,22.370973301968455,0.3732495986190508,0.24891928962387258
3983,A,40.0420576234314,0.41286686916559595,0.24195093228832684
3984,B,13.208151744332028,0.3729041673947026,0.2798308914010494
3985,B,16.946965677719806,0.5475985561680724,0.31102861121694914
3986,A,14.513856148012463,0.3113584467239773,0.40372307980160455
3987,A,8.668970961541325,0.6226883522041855,0.17703058255372406
3988,A,67.06882839024877,0.4885070584270411,0.12601640300878936
3989,B,44.61436791003539,0.4859594402441769,0.43551707098440096
3990,A,132.00889328298675,0.494936220146259,0.24810750338128115
3991,A,4.763249487455917,0.507192771245087,0.19886526036390426
3992,B,79.03274511600033,0.40374748281100475,0.3832373895620421
3993,A,7.610287702743702,0.5048501205421048,0.2450685934005561
3994,A,144.86365378175043,0.39877874953222836,0.29946807710477147
3995,A,1.7332448318015903,0.47385565536585716,0.4419402685780766
3996,A,171.00625316008353,0.1548392683632504,0.30518118238162445
3997,A,0.20948859940691028,0.338745035445175,0.20801208526442239
3998,B,20.74317091948979,0.46177444811898993,0.1857434757847201
3999,A,93.09811979851624,0.2696457420334055,0.37117776410412384
4000,B,94.2565865542177,0.4108568406730694,0.3400932768737455
4001,B,14.342182023934148,0.2670477321483646,0.20458588038080758
4002,B,107.86816643331362,0.35723175672544916,0.15256394487197217
4003,A,16.523758194873935,0.27512273087942973,0.1717542044933604
4004,A,125.55737988214332,0.451256166102686,0.45515508783108094
4005,A,17.153114315977906,0.4747057347594278,0.23142608718735477
4006,A,47.79909982829105,0.28811308942201586,0.2782051468104101
4007,A,3.7537655168344566,0.34007572953400567,0.30285604924268605
4008,B,15.164621870140468,0.29802867972018776,0.23966701207569802
4009,A,12.487819296835855,0.3944636247126987,0.19233433017365736
4010,A,66.86111089786027,0.5561815205288214,0.4752763300732961
4011,A,33.850369348600324,0.37571007666000067,0.20829644273343795
4012,B,49.96456984620171,0.3932028870424984,0.13584619316471153
4013,A,118.37967996858373,0.28569540897061513,0.21176188806437923
4014,B,23.027774379199514,0.5346448170201423,0.3091013889477181
4015,A,25.196886096505157,0.5223889608940119,0.18349484952219894
4016,B,20.194280728333915,0.34141591412724637,0.3532247412400736
4017,B,22.72134366943649,0.4797850250054515,0.32110603383653924
4018,A,91.74503381613715,0.25900410881238933,0.14415606984844592
4019,A,26.817281882073456,0.3778107312597094,0.2645941825455857
4020,A,174.38067367311334,0.5465889072289194,0.2128016205821157
4021,A,144.66347585901258,0.2626793857499333,0.17926781318949764
4022,B,35.96066674686259,0.5599580307982596,0.455842519703022
4023,B,96.96147100779218,0.21025885580207013,0.2594101544858072
4024,B,74.06254437665359,0.6051628076991126,0.2937556366356584
4025,B,31.02524514095114,0.45668547685952443,0.24313852238135322
4026,A,17.96354535733972,0.37686420698777984,0.17626654951505852
4027,A,97.68993736023378,0.3717583590096117,0.3742138706232725
4028,B,17.238466912163762,0.6613724566972982,0.15874772639375637
4029,A,84.65945726141086,0.6375673196084051,0.23495025804267491
4030,B,100.1630395286044,0.33829518094076483,0.2192274111494066
4031,A,10.646278517727424,0.46271299848090386,0.23676254191413634
4032,A,44.052244942998314,0.49977579581852083,0.21194442863758287
4033,B,106.16554053942222,0.3303272330017943,0.3205161156889019
4034,A,3.395658172318305,0.44741951223983645,0.24869138290292903
4035,B,31.436268391507724,0.5305644045288097,0.07865648218491389
4036,B,61.89147437129654,0.1670754486237739,0.5356666943821943
4037,B,23.965094197298612,0.5819884867379853,0.3063699317208598
4038,B,8.395812891469207,0.3886628731719335,0.3724008149933506
4039,B,20.167971281506127,0.3828308668060293,0.1481408028161656
4040,B,59.590392373952284,0.45075968540853645,0.28887354166559215
4041,A,81.55043688527577,0.4855648016969439,0.28117716823285915
4042,A,8.631971993165843,0.3739019003681531,0.13555844200548983
4043,B,76.28985406070264,0.5086808413976731,0.18855158247410148
4044,A,3.305119489319889,0.4497233780029467,0.23779228658106477
4045,A,23.003588235789426,0.3046547555503215,0.3578308480340994
4046,A,38.708957131658224,0.23412071919036814,0.1966559612633588
4047,B,99.22729890289148,0.5272572532994333,0.3054216856989364
4048,B,0.9293152597934424,0.4940164226183907,0.24584209945963276
4049,A,86.870205040662,0.6708378722672379,0.23007855241005754
4050,B,34.64876794734236,0.5047775298944189,0.2706176914993703
4051,B,16.645095160194472,0.605559654155635,0.1593492846704758
4052,B,59.89801756887344,0.4015558856436102,0.2904579984444125
4053,B,14.636777009796221,0.6019263747529188,0.23229427441423914
4054,B,43.43854272550688,0.32602250795003934,0.3076870432444499
4055,A,164.65636903465548,0.5997601417413954,0.36973860645488504
4056,B,64.72258667154507,0.6397597424288419,0.11785431320222464
4057,A,26.05107051339327,0.536440744975877,0.21255822559425747
4058,B,76.43782999910576,0.5075401388385136,0.27234613237502514
4059,B,16.327097303676503,0.6937980663841592,0.2113456869832415
4060,A,2.805793504406984,0.4497430644682012,0.18935257709102707
4061,A,62.22433140485162,0.6550538506988212,0.14403802384500705
4062,B,4.780425306417178,0.38103391064866526,0.21430665258397982
4063,A,37.47634278309095,0.41052938552352053,0.2629181738064069
4064,B,12.834285849280937,0.18833259270645747,0.33857692336775125
4065,A,26.7304685861439,0.6052424311720495,0.2727714079383297
4066,A,16.650209088586763,0.4979745356084493,0.37170209782151425
4067,B,47.534324263047466,0.43697610059242004,0.13796524202540475
4068,B,2.147080297363877,0.675159193797527,0.34567175950512935
4069,B,8.995972156800033,0.6205961234931143,0.2569473382630994
4070,A,31.408010057148697,0.5029677058992246,0.30832246813124925
4071,B,180.0,0.49163210360681364,0.2379768096793416
4072,B,25.053770070720393,0.47393442766140426,0.27402939283397704
4073,B,35.68363508437162,0.4477587268001128,0.2320155281970204
4074,B,0.5755458615613844,0.3465257261659712,0.24487811241501456
4075,B,46.605630727047284,0.2753651354238664,0.49689739146839657
4076,A,18.608257943453943,0.4154643038360513,0.22797091998641
4077,A,63.663420388532785,0.5206415684474526,0.14183238121575711
4078,B,20.46122943772593,0.46922153632018926,0.3284560457158047
4079,A,35.32632187093804,0.3032259466426623,0.29333645085519644
4080,B,39.28255735845414,0.37996342415653284,0.21132368527822523
4081,A,94.24503361407073,0.5125744231704658,0.28028098863632256
4082,B,38.833478222223434,0.3867897349610702,0.2383352884486846
4083,B,178.11075316695275,0.31112167814358566,0.13903978664563488
4084,A,35.29182519672273,0.4998437531458851,0.21066735176958853
4085,A,12.246892068052947,0.5761004552253156,0.22850497028344496
4086,A,85.69916201364069,0.5052697868394501,0.19655907065086997
4087,B,16.24094771247568,0.3977138805130748,0.32397289855869515
4088,B,43.93882320438344,0.4681710176510117,0.33333296274139285
4089,A,36.660604018638296,0.43353104895119926,0.4155312064944999
4090,B,24.98824273112234,0.34910427319967174,0.21486943571685105
4091,A,10.42792295052067,0.4860578401775396,0.21737893063444422
4092,A,43.958608898983336,0.4021124160987951,0.3458093960749694
4093,B,28.505416240342477,0.5062253004983673,0.2577093435084515
4094,A,19.92266534158205,0.3521793962983396,0.16315010036855143
4095,A,83.7226231471536,0.38972639558383787,0.22767552565165625
4096,A,27.17345677611848,0.31247900544017876,0.2878845380156704
4097,A,58.33076702999745,0.41826249148268413,0.19375488622283404
4098,A,4.518585247598578,0.48313727770015,0.1631578600854744
4099,A,22.689962563829507,0.259924134256502,0.2929790903587273
4100,B,2.972430612507642,0.45438537182539757,0.3102395786055658
4101,A,180.0,0.4608700195510332,0.28660935591572845
4102,B,60.642665724801894,0.5129921322244421,0.24927620160470174
4103,A,74.36970567918648,0.33946442660729603,0.12495802560445687
4104,A,7.842731231484235,0.3336199347700172,0.16823286119504208
4105,B,11.2979156391512,0.5072929533616259,0.20235583889746353
4106,B,32.865623259323186,0.6215679234987619,0.2621727723327142
4107,A,14.643152648962976,0.3690795706250403,0.19866920541610708
4108,B,29.621160421563047,0.45869066644137163,0.5610267605651061
4109,B,32.83160822758618,0.40173874078836064,0.4186832167050403
4110,B,24.485635438706883,0.5770143564970487,0.3358776423442708
4111,B,14.434185236859973,0.409298301384791,0.33888225482472023
4112,A,18.009121150073813,0.4334722133881681,0.1510768416140011
4113,A,47.28902079978133,0.4461985043951947,0.09944713149245461
4114,B,30.966085501175186,0.41828311687708497,0.28584659413979385
4115,A,63.66025214945721,0.603575519346251,0.2191204739195362
4116,B,2.460730690080954,0.5062668383656611,0.2322536743666094
4117,A,62.298116409839594,0.38041078209986906,0.14227085169753637
4118,A,32.08918018308172,0.3179113911583972,0.34691010585711374
4119,B,14.429870776068734,0.16811831830166363,0.3106446541628039
4120,A,74.92766306391187,0.37155359272778404,0.3461200273478067
4121,B,79.89343704399522,0.47471614683347607,0.267672385622734
4122,B,96.21903736564944,0.6375556874527039,0.2228149809538266
4123,B,65.33030843221322,0.46162742384869826,0.30445901970115746
4124,B,52.06272290040729,0.520732736832906,0.16510107809697996
4125,B,86.70560014501874,0.3449873149746032,0.48265222978768335
4126,B,7.112142963064107,0.5698965364402268,0.18149681043516216
4127,B,38.73873356978161,0.5776989886667683,0.17897024766842165
4128,A,25.857645793716497,0.36664117038730404,0.24774771328070133
4129,A,5.951378535863929,0.3914874895392499,0.14066576248852874
4130,A,37.400712649059905,0.4682015878721325,0.16057640862043754
4131,A,136.92838089537048,0.41044457774878007,0.1242534643162393
4132,B,6.430078201937527,0.5560135808855186,0.45942785086393867
4133,B,78.2326903137712,0.40513296268574184,0.4054701163348415
4134,B,38.22670715023466,0.38370795992876117,0.31869209920682545
4135,A,70.87526174635542,0.24457671914140577,0.22772759357035022
4136,B,86.36483388398524,0.369096059342593,0.3460191355199456
4137,A,38.898524131389955,0.5089425780855072,0.17557879594222972
4138,B,83.447830354192,0.5236057689429515,0.15981822501358542
4139,B,32.64337588576957,0.2712110614663255,0.41734501297092674
4140,A,46.83315763278872,0.3702519809814317,0.23560767003408278
4141,A,120.0294630106468,0.4547476393247207,0.26440570357687615
4142,A,25.164709119862227,0.37932979885713725,0.42318430140132657
4143,B,35.71959191509592,0.3388022665541716,0.3923221363246982
4144,B,1.4910850872283563,0.6199129072164602,0.3956699729607798
4145,B,38.54840329284676,0.38378913682988086,0.4055079438463401
4146,A,18.11522424916771,0.32847729264754083,0.0889887229706655
4147,A,170.2268744891429,0.25715771867357257,0.21935381471837967
4148,B,58.84023221562302,0.6014360265028694,0.19737643984159825
4149,B,13.838433920023492,0.5555101740544116,0.22611772479961947
4150,A,89.59563660567179,0.4211113334616162,0.07940143061568211
4151,A,17.55667742376918,0.4132903493434723,0.09683936822879519
4152,B,180.0,0.380735561542237,0.3831888087092941
4153,A,28.044534077256948,0.5644891377247566,0.20434219408104057
4154,A,24.13246475379946,0.29182819418686934,0.20225059534930423
4155,A,7.265501442037678,0.4336433712857073,0.307894030900919
4156,B,180.0,0.5701245280616354,0.3223666013129356
4157,B,17.287046235612255,0.2779092788378169,0.2865151836609441
4158,B,64.90535399452764,0.472816070253749,0.14362439451424458
4159,B,1.583968216518705,0.54602300183219,0.41048094492500337
4160,B,56.98545699735899,0.4858882819121035,0.3713662258867181
4161,A,142.46068828859532,0.4802063167950146,0.21109088166962053
4162,B,50.86691929547713,0.5002724885745832,0.257003560769757
4163,A,23.311753326930102,0.3500809236026468,0.4153309789064112
4164,B,89.79719293220607,0.5295899745825379,0.24758562900684095
4165,A,93.6934953448328,0.269121381676079,0.2958339362200345
4166,A,9.446695485542271,0.24873144768015207,0.45204921745832244
4167,A,35.720429526610225,0.2972763077694421,0.2618337735712129
4168,A,1.0913908018428435,0.4392482239399084,0.22657802782554878
4169,A,65.01861738956259,0.5003413396818841,0.24863381868431078
4170,A,39.13554990263621,0.22863474683793597,0.030204391846159435
4171,B,18.872375483453993,0.43698424926672935,0.18849299470289574
4172,A,44.20812207764895,0.44017358371236964,0.4053561144023421
4173,B,109.39850779042186,0.46935826797076596,0.3802647910140145
4174,B,101.49112331922014,0.1870183278309494,0.31977019934304873
4175,B,57.587930245041385,0.5125696008616103,0.5192091695812534
4176,B,33.24325773525093,0.5075236324051787,0.3150685020272054
4177,B,50.09605082359495,0.45314771304117607,0.3655567246601424
4178,A,2.389787656986398,0.4398476166027656,0.1380527868420577
4179,A,10.666689302806766,0.32284715512860734,0.1843379692886404
4180,A,3.4757289784997614,0.47078807230206415,0.3017708081531723
4181,B,68.0773924524902,0.548591814622455,0.4235883299749336
4182,B,180.0,0.3514596985073034,0.529758220228108
4183,A,15.343305489404369,0.34445635603045477,0.22739456676311828
4184,A,44.430953256002255,0.24114749598692692,0.24627250643630405
4185,B,6.74955611601816,0.5729352855445319,0.3416766790799517
4186,A,37.5812717410221,0.4052621161464081,0.14375995029280425
4187,B,19.527400493172554,0.5190279064541262,0.09947335988210229
4188,B,78.90422871844589,0.5105543399855917,0.3744411707453649
4189,B,27.364683549502036,0.5915138958225459,0.3604781291718449
4190,B,58.042715636912135,0.6238691199819305,0.19064242749016627
4191,B,7.42832393533122,0.4449150838024605,0.22883194515642444
4192,A,42.62112684487116,0.307393760501739,0.22446721873182168
4193,B,64.21935027063506,0.5047670438138009,0.286115323177804
4194,B,58.294791342923475,0.39560886401047235,0.22581745678712856
4195,A,35.85803568686666,0.42017356158505464,0.23110313547733335
4196,A,14.349078501332318,0.6177539570841075,0.22754108590565206
4197,A,12.617343945185516,0.43113257424288276,0.356102047735281
4198,A,6.633438682581642,0.2680833416726537,0.241596108746187
4199,B,45.83564847315815,0.49438182190256175,0.21636796465164948
4200,B,75.35751058291139,0.7673224127196971,0.4743080862546814
4201,A,85.09252151599641,0.5070681399012438,0.4559822602859868
4202,A,43.12628260835657,0.2033296962798869,0.149669242895243
4203,B,110.30236072206054,0.5097182082860208,0.20018812520956258
4204,A,9.289030032210002,0.480344226733841,0.45741740778993933
4205,A,8.777408451672795,0.3420884091893109,0.16175967235107
4206,B,91.9288718836093,0.5318164225942364,0.2504111635133221
4207,B,7.09683268717164,0.43744471804607693,0.18138388416733986
4208,A,92.87318514599782,0.38498629139555884,0.36969482593124936
4209,A,61.09346336990759,0.1978405426634809,0.1611950990027774
4210,A,48.46697142136607,0.29296710021940653,0.2752784139414635
4211,B,70.93401225371876,0.3106029634038247,0.1798856458130264
4212,B,31.065257786269836,0.4844332317843524,0.32239698482854134
4213,A,23.504928536633386,0.4767744844677765,0.29121148136461883
4214,B,21.126985073250417,0.32673702772722035,0.2347731875261648
4215,B,110.10207900424619,0.5477844455185567,0.2223065454343034
4216,A,13.670025488824352,0.4420343038874503,0.25976028036449245
4217,A,174.82191629280175,0.3950962284512772,0.2758911663907527
4218,B,42.64530015461643,0.35297034303454183,0.3157616770870491
4219,A,71.8078576238306,0.5633734796922102,0.23596263887459268
4220,A,16.164896715005643,0.19866372804743873,0.12900528186324706
4221,B,36.172224336600614,0.4964006359083107,0.36353005962901513
4222,B,79.83328644789185,0.2871964350276481,0.33260603467587024
4223,B,41.90613346947121,0.5687183126454839,0.3650503145201931
4224,B,101.50304531092264,0.4949037877258285,0.333259398156847
4225,B,5.6466281742826965,0.30808384559083296,0.09175348931580846
4226,A,84.64570500856588,0.23249328433596822,0.20033398773693922
4227,B,77.8285789456227,0.44913091439206115,0.4052859792717491
4228,A,64.02042065057408,0.29771363105234916,0.21758150749387703
4229,A,15.86308382696626,0.41562684859876703,0.24362223645536818
4230,B,9.304298981887385,0.4450522005009925,0.19568281557025594
4231,B,13.269921826580392,0.5858702108835343,0.18386801791127447
4232,A,25.024027837482357,0.37537532669533324,0.2252076792614026
4233,B,10.284678835513862,0.45260115686395386,0.21652056768106442
4234,A,9.258197499931645,0.3410271196879631,0.22292561043377113
4235,A,5.297266699184951,0.3124973191914001,0.2738009897245065
4236,A,57.72955744699677,0.45814982701841794,0.16564807115908747
4237,B,14.162815245438704,0.5903529501079836,0.19681133690345343
4238,B,68.4391119957662,0.4124201628578224,0.23273958736590758
4239,A,14.008865658108526,0.3908043101388143,0.11348091305297986
4240,B,55.38898608971324,0.5970108110923115,0.23886733809662242
4241,A,77.18077314866323,0.3862357155311311,0.16823824055030737
4242,B,13.576200110554943,0.4917708243105238,0.29100940064475056
4243,A,180.0,0.5554698592907817,0.22486323718048934
4244,A,3.5871402023894388,0.39639347273306225,0.22724958911134394
4245,B,16.3774214749269,0.518729693603281,0.16918451876319696
4246,A,28.827962265364476,0.41101106558536926,0.056120555240172114
4247,A,72.89119144473383,0.60387040693357,0.21719181957979153
4248,B,5.437978195146499,0.24957570565447323,0.4448568114597645
4249,B,27.829306839334986,0.3842392380550463,0.28847868601211285
4250,A,70.00490046449707,0.29325751300869884,0.17046728860298457
4251,A,64.21970319401746,0.479233352149877,0.26297117997137054
4252,A,19.315703561834436,0.2886327675914443,0.1822963266768868
4253,B,24.739333099035886,0.39396701771761,0.34141512667007223
4254,A,27.219040958961394,0.3654333329000233,0.39956950675556113
4255,B,8.195637182192854,0.3259434474144797,0.4351608042544924
4256,B,93.57607499112702,0.4272638177239859,0.3041844356678598
4257,A,40.67055382079376,0.3687747338741044,0.40538069979489805
4258,A,164.13192454429185,0.41782537773969275,0.2334790989545594
4259,A,17.857055760077248,0.3231572186043565,0.2869107327762056
4260,A,115.46191246144342,0.3843606263401798,0.12405309846467268
4261,B,99.55772884889001,0.4514367889056995,0.3275988656095235
4262,A,14.12235893857508,0.4229338551433225,0.14226160276181227
4263,A,180.0,0.42650715992323035,0.2877310490269986
4264,B,6.004095749430032,0.5487602692737094,0.1293489344968693
4265,A,49.92578977165739,0.2887468322418007,0.22767775270420443
4266,B,16.106737328071052,0.4819271638680625,0.21979396104001497
4267,A,28.02195520912468,0.2710186458417158,0.21331190772506511
4268,B,69.27145458434781,0.507063656122312,0.3951312802863389
4269,B,106.07816129920079,0.5304661555474552,0.2579185825429003
4270,B,3.8673037135909034,0.4624248067068461,0.4233819802591322
4271,B,120.98183515272152,0.3176657252214765,0.18259836241195523
4272,A,42.765297895694395,0.3882506605669333,0.2041243079667484
4273,A,14.318285620312937,0.4878536074402689,0.2511653555449497
4274,B,3.3081659595021775,0.32262019393252833,0.32131304333007404
4275,B,52.23565593051119,0.5826491358914588,0.5089832750736669
4276,A,14.420014469635767,0.3310402297914378,0.24935453005654573
4277,A,5.424105714253694,0.2750419250368887,0.3577646167899359
4278,A,5.449279473345894,0.43984492112017165,0.21940673070397884
4279,A,19.224332088580184,0.4626746473722718,0.19649964781840268
4280,A,64.7588486606667,0.48413910522419057,0.23883800087439255
4281,B,1.1607667441718874,0.477758206606479,0.29649599327912296
4282,A,42.13889504329454,0.3842104598829823,0.31195444053047017
4283,A,4.870637131386784,0.22732914643342655,0.36593947116917325
4284,B,137.00839404481115,0.5558291942374133,0.5396816750305364
4285,B,22.696804982016896,0.5355044089917522,0.42359672304124946
4286,B,54.413225052253814,0.3791349757313969,0.2264796183844105
4287,B,10.613393114559777,0.28614961020331586,0.2972466443699796
4288,A,86.04640914020361,0.34837394744955336,0.2615448227660819
4289,B,20.15054013158099,0.47993316392276275,0.34579418013418134
4290,B,71.52840543348547,0.5099807754118614,0.259387374908846
4291,A,41.38720459729968,0.2255802039426958,0.23198564993639587
4292,B,180.0,0.4547219292171964,0.15772332370542066
4293,B,180.0,0.41320670539991167,0.21102201392194886
4294,A,145.8223790985793,0.38009176110154597,0.19767044938685316
4295,A,49.9151162238137,0.3936703280011102,0.2905096796006202
4296,A,8.666274200326765,0.4458338181782449,0.17039592742562018
4297,A,28.891903153706,0.3701346916479014,0.3281402031902355
4298,A,47.049242980328145,0.5432183284417621,0.1286092202738075
4299,B,86.27038527556903,0.36015110551248236,0.2786068002238558
4300,A,1.2902327006539958,0.5916456742928211,0.2890327441310643
4301,B,97.68615228386467,0.5123604539530435,0.25612049283162003
4302,B,180.0,0.6027897463574635,0.2003074373322943
4303,B,2.1399005742556425,0.43717959873763623,0.2827793771665581
4304,B,9.69856451456818,0.47186570941973177,0.19253733817250343
4305,A,0.6760142810420563,0.4887499579843683,0.16730367135807606
4306,A,6.235924340555733,0.41974467361936924,0.355273787977277
4307,B,2.814031411082101,0.6310068802421691,0.295740404789889
4308,B,36.16455376945757,0.4587010893043425,0.31540351146397566
4309,B,165.45374189781833,0.27985954409211977,0.26990761982501016
4310,A,13.045670341041294,0.4281369825025081,0.26132961020511886
4311,B,45.41253083235893,0.47429795297374866,0.3004234429786489
4312,A,25.259769876191235,0.4225132233493805,0.21704500717546293
4313,B,42.15065581579786,0.441219781940444,0.310473936518169
4314,B,91.13792114982658,0.460463435843588,0.3705806642297741
4315,A,30.075229167881872,0.3841295201372929,0.07933195178394609
4316,B,137.5064957046638,0.4028295439728517,0.3990211603448976
4317,A,6.683941699274511,0.4256757092573985,0.38753236589007095
4318,A,50.354699188472175,0.3749313026920553,0.27018235073258134
4319,B,62.35676037421866,0.28700928357537836,0.2775977440262826
4320,B,117.38456121077104,0.5420799583588404,0.37998997203939017
4321,B,10.016972335454442,0.6048695253381038,0.48483466092001565
4322,B,36.39919743428946,0.5239723187174917,0.3239842201792591
4323,A,40.80069883345273,0.5030448696404336,0.22133461194043122
4324,B,23.582441240908643,0.24218276897912477,0.11913563716989994
4325,B,21.0208858133459,0.4505802135297489,0.39554685583904003
4326,A,15.695892965019983,0.40275049399133894,0.2614258500630672
4327,B,12.538083195221095,0.40613227976183813,0.445276480396561
4328,A,0.6189317124136383,0.3929125446100578,0.18316603865132075
4329,B,116.70276531944444,0.43282918925287556,0.24786463993813215
4330,A,3.6372715996485847,0.39272641585038853,0.24911764599541955
4331,A,22.36853290591745,0.26136917279137367,0.28501229100605174
4332,A,7.524252092899301,0.2762188357863171,0.29192867194386063
4333,B,31.122443753949984,0.34317219891092565,0.3622955765110801
4334,A,21.28136604134928,0.2744213830281028,0.2742836393318543
4335,A,44.520858790466505,0.42949472803149064,0.3412232342791963
4336,B,39.2892867914805,0.41373147876549127,0.22357804896837688
4337,B,16.81644212466178,0.3857844048759706,0.5170883535394142
4338,A,35.65743364141141,0.24248946939971774,0.20396314389722464
4339,A,11.830187354839445,0.4410971670823643,0.2196887064461216
4340,A,18.959577032171502,0.42357291030247607,0.14679173697874348
4341,A,42.83994320011469,0.4349400117190962,0.201154392142156
4342,B,171.22640862515146,0.4164415168893589,0.43058536186785606
4343,B,49.12522863853167,0.5276220846981845,0.21154558924184316
4344,B,0.036109835282347326,0.44701827471668815,0.17794200335758897
4345,A,88.75075165398142,0.4104009045110684,0.19006783093550228
4346,B,16.215049229709564,0.3867223887403603,0.2547693727084683
4347,B,180.0,0.5162242673508269,0.4710618446714486
4348,B,180.0,0.47782160849868693,0.34134049317515525
4349,B,40.903995937960076,0.3450858215859995,0.23776608993490728
4350,B,43.179866074511295,0.31817025288656503,0.4926362950281351
4351,B,120.56707406596858,0.5148952868527946,0.38076367407954487
4352,A,62.96541481682147,0.4694402362416626,0.17703379206879846
4353,B,64.11295849979889,0.34370485675159096,0.37056141055148845
4354,B,139.95460953195214,0.4202530319810406,0.25859733802725626
4355,B,33.9175459446571,0.41814096943950574,0.23012588079131813
4356,A,36.27413998469364,0.48886256173451886,0.10317717104567009
4357,B,180.0,0.30154999048854103,0.11224912531121048
4358,B,40.3286280611558,0.7675524942888047,0.19673150483812046
4359,A,20.244435575976013,0.3905943353482777,0.15035439365702827
4360,A,20.43949659229826,0.4584225658288415,0.35063368045892157
4361,B,53.829567199340865,0.4828615679593169,0.2147769648586989
4362,B,4.481129881683977,0.40897589257874634,0.25348724156492103
4363,B,49.181445578425254,0.5851936049851751,0.30815179605497867
4364,A,95.19387927847947,0.21971775025742254,0.21026859130038206
4365,B,75.92273652597378,0.5540502954896442,0.19136009747649133
4366,A,1.8015463421485791,0.5179121482835087,0.12762649667633152
4367,A,180.0,0.25691240295952833,0.25494012544856776
4368,A,49.12929170363206,0.4096580993215128,0.34278157169935713
4369,A,51.43481675652582,0.4256889162348226,0.35051422709928254
4370,A,1.743236108774502,0.42558539188194894,0.264065778136822
4371,A,41.859465706447466,0.38888645192672805,0.18452827904715632
4372,A,29.842088394174688,0.339814467083869,0.28234879060457313
4373,A,5.031100199672102,0.45169415281282954,0.19686969434756402
4374,B,30.08600543065032,0.5445185701228668,0.26026378296831576
4375,A,14.652995741904714,0.39679078175671184,0.15039081088946255
4376,A,99.45619649583467,0.22911592030716496,0.41737170926359285
4377,B,36.297847505181736,0.4991686558793994,0.3132053734497398
4378,A,35.931687931305,0.4774050315146232,0.39391194912770916
4379,B,25.987834196945684,0.42866362931101576,0.40409777288378795
4380,A,24.004817063383392,0.521914491257953,0.40010672366363553
4381,A,3.395650420169632,0.3301042437204137,0.1809013526188229
4382,B,180.0,0.43823105365436255,0.2073867114754869
4383,B,33.66769096600585,0.5289184205701261,0.42650738214046074
4384,B,7.015670748156189,0.439171675977376,0.29583810443758535
4385,B,1.5234536090895676,0.43735315613924475,0.26917434306127086
4386,B,76.98442191757167,0.5829521301323661,0.3421650360514318
4387,A,56.34848157542424,0.43446020168855937,0.16699299343046178
4388,A,54.60844446679666,0.3628806403415963,0.37502291002465404
4389,A,42.84138992987569,0.4281433165584352,0.4562014973460025
4390,A,32.124871992547185,0.5210212550268746,0.25867681440187584
4391,B,41.25417786425443,0.504401751452646,0.3208402022150796
4392,B,0.14426621659396827,0.4538778769192989,0.11610368482365768
4393,A,25.595116131628167,0.35573028670433476,0.47385978694523156
4394,B,25.069869284301003,0.5136086744604689,0.4938963804135167
4395,B,127.60701489843545,0.4023395116441069,0.3072355086056791
4396,A,40.48237762219702,0.44033574269085024,0.34241537626372626
4397,A,11.960288685414032,0.22409011439958776,0.24174126492999207
4398,A,127.5578289781067,0.3265907146180205,0.18678093698523476
4399,A,39.98980171831042,0.2834343793076837,0.23076086994494766
4400,A,16.775701048831817,0.6114154959751553,0.27819999630819453
4401,B,153.49410289682277,0.32425718700349876,0.25588927715416043
4402,A,26.876478636187596,0.4237307675305965,0.33291807951438007
4403,A,73.72231374932855,0.3200114689397015,0.19680757361829304
4404,B,2.862439194853281,0.52376991368517,0.32290227484783984
4405,B,6.8499631317147935,0.4328937748149175,0.4468912165027653
4406,B,0.2538766783276776,0.4994249828833322,0.17634276893115158
4407,A,7.932560490191594,0.46585438652860994,0.31998523516023036
4408,A,15.592146302398724,0.28381917421309777,0.10415764633297354
4409,B,105.56365593531423,0.5885228488949377,0.29564428195785586
4410,A,51.20541156933212,0.45783094805925445,0.22978242947350816
4411,A,17.057288965853935,0.35557334493076437,0.15081114857204392
4412,B,3.823252064185288,0.5437785672704853,0.14430891777228178
4413,B,5.937215216056407,0.4211295985579198,0.14796478241138467
4414,A,70.76844201153128,0.4670804872826853,0.1805222252644698
4415,A,6.290255378721262,0.2354132169505395,0.25725388190864645
4416,A,64.7267327323613,0.19026567260161506,0.16583587098802322
4417,A,3.1859960386528328,0.47769599752347325,0.2321227717432471
4418,A,0.5702657213109541,0.3697627495542602,0.18533855305380492
4419,A,102.82393041042101,0.5010314710558703,0.27278132382397674
4420,A,39.181242325639126,0.4535320792988747,0.23336833791382788
4421,B,13.430666729558265,0.5442925482884613,0.2416037546363304
4422,B,129.58014402093158,0.5398345677614892,0.20024959971083164
4423,B,60.606124588619835,0.3055894761700919,0.32088528597476945
4424,A,19.51188678803425,0.4903656697643515,0.1816494462807144
4425,A,11.913305067625078,0.39957697683050625,0.30595376998777873
4426,A,43.17399532034334,0.4560929232610361,0.2555061001740475
4427,A,32.00920192436271,0.3779219981079866,0.31498569306972674
4428,A,180.0,0.3309878815476187,0.3926293293965331
4429,B,49.88934975173331,0.4019892537022229,0.26521834994705346
4430,B,79.84718223059402,0.5945019487726048,0.22853598460052751
4431,B,61.45540250032189,0.3577965761191695,0.28753702761599054
4432,A,180.0,0.27371714112958845,0.35281626691963514
4433,B,71.24691318701937,0.47451614000820846,0.3703794343883722
4434,A,45.3566354473015,0.3469280402845015,0.13869381491808874
4435,A,26.323091168653345,0.4508485215073829,0.21903119498765045
4436,A,30.401291425657295,0.5576364149859363,0.18286846887458558
4437,B,3.9785250242759984,0.25014967615989103,0.35989660032336196
4438,B,46.33334343895828,0.5682128770826022,0.35584440602737494
4439,A,51.62451883697866,0.2970926983705267,0.24095359481527043
4440,B,72.75873874648853,0.40753460897909594,0.3785093178273976
4441,B,43.36407217932471,0.37203106760680255,0.31458688829733805
4442,A,4.820019363174013,0.43091613701526327,0.3196661705644071
4443,A,17.91094478012459,0.3794484717702683,0.09916567945109463
4444,A,3.5215154724259703,0.39810102444306317,0.2612940886065664
4445,B,0.6169792060542885,0.33369379267613186,0.22834751225100472
4446,A,3.4285931102044964,0.14625967366342998,0.21880069516647344
4447,B,12.331327884947232,0.31868359035193533,0.1730033588470502
4448,A,9.808023685380403,0.3703889260820664,0.2316637916563517
4449,B,171.29518797621859,0.44827726723781575,0.230340263463667
4450,A,29.88361150928916,0.3944665525745717,0.13804205825645885
4451,B,63.42675780913851,0.42125056507966235,0.3096686050489408
4452,B,60.65132705014513,0.5103481501917636,0.26148390519422393
4453,B,56.136725480154865,0.5571748303127664,0.2745034761762423
4454,B,7.110776193758655,0.5125648073068517,0.2721882937048437
4455,A,69.12306595626752,0.5616993290362541,0.09350893891575571
4456,B,0.21273919146372086,0.5456532340094028,0.3032710848585211
4457,A,29.90482819504916,0.449875675451473,0.09707995251802815
4458,A,18.390834130243306,0.5211746254953853,0.19812125784304002
4459,B,30.211169451939114,0.5720412762346472,0.25553264302603335
4460,A,3.867411751777547,0.5316609183104872,0.3622770658302767
4461,B,30.553672082113152,0.47063297979014473,0.335261409543064
4462,B,86.85450888459863,0.4988042792982559,0.29713631201366253
4463,A,35.962408356135626,0.2896810818816919,0.09931824303212948
4464,B,10.41894742132304,0.4902166229859031,0.3773606253541848
4465,A,14.240252081286709,0.3508277266540685,0.3224067567709925
4466,A,42.945344678631734,0.44415403812438686,0.2713923533907087
4467,A,170.12057085951008,0.45767737370667144,0.1822184339505495
4468,B,16.730322143398165,0.4559288029778041,0.15462735707728262
4469,B,4.236591975563142,0.25394166590267564,0.3673468498925307
4470,B,26.552103288466995,0.29925803843390714,0.2286341902696691
4471,B,15.376424197485523,0.4292947344903451,0.23047991533977183
4472,A,5.310525305441556,0.6362869337017844,0.26937990499332015
4473,A,10.728735174971032,0.5808127523561873,0.2250185669001609
4474,B,15.861355780237812,0.6018852128769342,0.3831571902235107
4475,A,28.833036107211583,0.44162983177375004,0.0795383676843486
4476,A,155.7624357925602,0.22300089334097048,0.39056167209271536
4477,A,66.49090574712217,0.2738514100913616,0.26563099874036916
4478,B,15.241243870732523,0.21918524173061155,0.3405262531356512
4479,B,13.693617655513176,0.4214130692416882,0.280308523031407
4480,A,102.82643935939919,0.4894559015544517,0.20531361485676403
4481,A,18.271689508457204,0.44524870984822745,0.20263670264416375
4482,B,20.038624314987782,0.3694557606630284,0.39096080627549246
4483,B,40.0066814247459,0.5433841193569219,0.26112396176155434
4484,A,180.0,0.5363983825701041,0.13104575567873158
4485,B,29.93837812314085,0.37824346369440115,0.47655655044751477
4486,A,4.88308738908511,0.25386863226405054,0.1558343247494625
4487,A,2.4492409157491966,0.42893329858336443,0.1636658662087502
4488,B,3.408554427109356,0.35206116808427035,0.19639673050073578
4489,B,28.85385217876206,0.3693157312029677,0.4433989954385401
4490,A,87.0833810512726,0.3519335715874648,0.38065065464695547
4491,B,97.37578023527557,0.3785639444348425,0.3376037538197853
4492,B,5.519445079033343,0.4716312991711258,0.39737377637697646
4493,B,150.2218461441625,0.4345570443453106,0.38546203352270025
4494,B,19.1891868706995,0.4033348910643038,0.21387458089481234
4495,B,0.7613999469463573,0.4056804287151999,0.382650362553643
4496,A,117.94188578822838,0.31463688769440906,0.1660812421065951
4497,A,4.272936142319036,0.16333667701186627,0.17837616003998527
4498,A,5.4176531353072095,0.3055732994709558,0.28507332854285483
4499,A,1.5181605378357852,0.5617265063080166,0.21910473373888073
4500,B,15.178716143796052,0.3176631192113646,0.3404244181009347
4501,B,3.754647540422187,0.28503118065765476,0.3700543091568158
4502,A,4.967167620564096,0.42007499544102106,0.09560997285100353
4503,A,10.574468727925993,0.4053980606498463,0.28008818019533144
4504,A,157.91018075619675,0.505828097558115,0.22818854842539707
4505,A,49.59897215932012,0.435282536857068,0.15765874443501193
4506,B,43.450670052143636,0.30352363413394673,0.28172282504472107
4507,A,67.84074499573019,0.18639361359116235,0.3967398460902659
4508,B,19.774185966195294,0.5215148758782121,0.39160022212441675
4509,B,85.51015138934031,0.34773355180924004,0.3450508136969967
4510,A,67.35292914457335,0.43968659378960184,0.23818633697711847
4511,A,34.46444194420891,0.5158104535589648,0.1665256489125722
4512,A,71.86324332915136,0.2653640311218191,0.21045712220440033
4513,B,68.59337894074756,0.467225870776282,0.2718987832598657
4514,B,32.87614631934605,0.586049596309103,0.1463902373696154
4515,A,40.76388492707185,0.43362496104280246,0.23092823030449644
4516,B,42.762136822101084,0.6035140544299498,0.4596270844723442
4517,B,48.799849110312756,0.6175529888949762,0.1714126759750354
4518,A,16.995331301718615,0.3258152226212604,0.3588319845168958
4519,A,37.05780215731333,0.3448590669774145,0.2847959997347428
4520,B,16.415179885803035,0.43195410381124344,0.2462818959649918
4521,B,7.805096264073737,0.4631797220387407,0.22494295057620106
4522,B,24.566708006456704,0.32932327649493504,0.3913654227031357
4523,B,5.182472883152589,0.3089564108628419,0.4214941121109428
4524,B,19.663124449533434,0.40427879754478047,0.3458702315213763
4525,A,34.31320489337225,0.5338862898053893,0.16083301317778856
4526,B,41.82396709766983,0.5640512537569882,0.48004463369514566
4527,B,40.39221872919392,0.5063025973811087,0.48503079955447087
4528,B,6.683592809244172,0.3438089379818504,0.13233919754593074
4529,A,78.03758041244554,0.4487792568091843,0.24741270773958696
4530,A,180.0,0.6590404281416565,0.3720237191895168
4531,A,23.823061434453983,0.40649939054019407,0.30026851036013064
4532,A,64.86052186117878,0.3068165915650619,0.23689466740012174
4533,A,4.72937496643185,0.2534754513575039,0.22269331280384908
4534,B,0.43545137051085697,0.6503384412066215,0.07167596587030785
4535,B,4.843822457475711,0.3753250809387087,0.41573627311880373
4536,A,67.49224211139249,0.4215820281113082,0.21090967439145714
4537,B,1.9146213664659992,0.4017009725771701,0.16424451773649462
4538,A,20.892917664065436,0.38539889956607704,0.2317498869387192
4539,A,1.808412714643782,0.5570925960213302,0.2369056547107839
4540,A,20.311747365048845,0.2394526527185423,0.442526778620425
4541,B,26.603585404654673,0.44868674900318156,0.20324168738351706
4542,A,42.446609042462065,0.613962419094073,0.2136568560314722
4543,A,5.714174346555124,0.2882016324392444,0.23943648414103655
4544,A,115.98641502670723,0.46858327020508694,0.134459993288136
4545,B,25.6821174888145,0.571750153431765,0.37512946751190396
4546,A,3.638466827629708,0.6160472740703409,0.32331874218650364
4547,B,14.381358597089239,0.5550629553178951,0.2855654804744165
4548,B,12.617171434506986,0.3017160578645996,0.3966948298739113
4549,B,26.253580535179275,0.586018733174347,0.21733855611177866
4550,B,4.708727494008874,0.4514133593002602,0.2676396752399062
4551,A,119.67102176208766,0.2230018859066681,0.2032615300497112
4552,A,55.26234560844305,0.39244547399740715,0.27581893184655687
4553,B,12.541976340880392,0.4750108134741412,0.14524758900390172
4554,A,18.00216314595041,0.2364000076859446,0.138076524250242
4555,B,27.058585600319663,0.5478050269182417,0.30875017943338096
4556,B,5.180885469676175,0.437771093678267,0.32423042997245727
4557,B,95.5593544729827,0.3279085954824556,0.12481001293763803
4558,B,58.607580578498634,0.39752984277133185,0.5852889185120724
4559,B,25.120136381216593,0.5499609982745942,0.3095334971434671
4560,B,8.475357197706597,0.41117639022476044,0.4902624266415506
4561,A,22.298722073711637,0.3856407299143422,0.19939590421199355
4562,B,11.227005937852393,0.4700424681242912,0.31148469115124583
4563,A,60.75861500370843,0.387957872270788,0.30325162275809076
4564,A,41.39888686358705,0.47446293709935633,0.19787567291638383
4565,B,6.652629232165913,0.7136997284443095,0.3083321741603216
4566,A,50.11441238931137,0.36392377822836947,0.2273464584366985
4567,A,22.181749990800668,0.4746408025043644,0.1976821634389113
4568,A,30.10798921215626,0.49423615906650525,0.3538509966916724
4569,B,9.07156569788671,0.5441202586647138,0.2815827549733283
4570,B,28.551708637457594,0.43072419364419684,0.29800725572976805
4571,B,14.659749979468312,0.30988836582119167,0.20909962288773085
4572,A,180.0,0.530457457074059,0.12068073833914261
4573,B,112.27655053145729,0.3383852007607118,0.38956270441508406
4574,B,168.60312900911399,0.4451992503951555,0.3731112447102953
4575,A,10.831516300442697,0.38611013797623733,0.25501979298228994
4576,A,24.346699181089555,0.11555147787484218,0.2374318580232549
4577,A,15.527766663090445,0.3117925308759971,0.18208629414530242
4578,B,61.13099569065416,0.46450643725164525,0.43193297984967305
4579,B,86.02005862184028,0.5137878121812545,0.3672910481005405
4580,B,15.315639243730828,0.42473041697060343,0.1096928655903305
4581,A,65.18899754840993,0.46041741473969766,0.12041065738043222
4582,B,56.872208347190956,0.41730389964332354,0.2553319413865283
4583,B,3.106925868939665,0.405249343526905,0.23907361241388625
4584,B,167.6632152975591,0.47842423740042184,0.3008199699582318
4585,B,57.683079421254035,0.3560441354320713,0.16788755181647178
4586,A,64.97896382870353,0.3760722169834469,0.258182116719313
4587,A,15.567325447784096,0.20956081045898833,0.400372795496957
4588,B,19.814212028514213,0.305771856860882,0.32145167218263876
4589,B,77.11539454345068,0.4617375017348335,0.283228314958874
4590,B,0.8281307274302329,0.2810732003243853,0.1990015751632457
4591,A,3.820228456758787,0.2763356771863803,0.5275957689576309
4592,B,24.543145361775547,0.4148525171712624,0.21403740611791794
4593,A,0.5174339461854381,0.38508258580018084,0.2967934997676696
4594,A,25.094526411141196,0.5344011166042943,0.1639529188861911
4595,B,117.52411017110877,0.32989750785069283,0.2375995114108652
4596,B,15.882786454187832,0.5216605692105,0.18715327605810916
4597,A,23.76922948367192,0.4544846675380982,0.2501556986617319
4598,A,180.0,0.4375334249744161,0.3331422164425291
4599,A,28.55272050307162,0.5408361388117583,0.2572451802355067
4600,A,13.332452715495899,0.4824672550396389,0.25902391862097823
4601,B,57.322836855405136,0.41547695672737234,0.27226164798930863
4602,B,23.21535421410213,0.31549005988777723,0.2559973293356909
4603,A,99.83315605023701,0.6567474623339561,0.3707426803292283
4604,B,25.90535027374397,0.43481076386741163,0.1802207741212128
4605,B,71.24900684885974,0.4333878730687299,0.2855799981205619
4606,B,125.3323292504775,0.6272629878575724,0.2862831305579522
4607,A,30.394834547197544,0.36373582910390406,0.21359614330600343
4608,B,9.48395688701037,0.4294057709964042,0.18948109546447023
4609,A,41.14043732998679,0.43719254072296887,0.07858139045323974
4610,A,4.525178173142343,0.3758605289533124,0.23797885976541336
4611,A,21.723785181268887,0.4280159133233927,0.26316199450697436
4612,A,129.8882598006695,0.3600401535144882,0.17841921208313805
4613,A,40.06766098420033,0.3755100849603896,0.20668512623251337
4614,A,19.006191265525164,0.4929683860980667,0.5060005823433966
4615,A,44.21744936670587,0.4539000441059676,0.1677927972486852
4616,B,16.858235720866162,0.46833319564579523,0.2917434315004335
4617,B,34.7885811907568,0.4177922632976528,0.33071134565007154
4618,A,108.56356804232992,0.38703643330473336,0.22405503598114282
4619,B,49.47495851068924,0.4227622919053164,0.4041357492567624
4620,B,32.797008699066,0.3152191425770052,0.19983521654616695
4621,B,85.14847424680049,0.34555659395695626,0.32246740973094373
4622,A,14.408654275516545,0.48476719092194154,0.25622144782821005
4623,B,75.99420277184161,0.47656871182023675,0.30314520512751425
4624,B,27.01931591481595,0.3222546229391816,0.4297331024149994
4625,B,2.155897384154993,0.4502398122628156,0.23669373415919714
4626,A,31.65450025984578,0.4184063475985885,0.07392208464030568
4627,B,11.246954201807448,0.3706555832816935,0.24971598286125166
4628,B,34.70413108939643,0.5901479610256688,0.24343154631794173
4629,B,136.466641073815,0.3183419800226311,0.4011638763819954
4630,A,143.39999281861733,0.3956239790765444,0.23529118756350806
4631,A,8.514930285820771,0.321115639151066,0.15587193473918642
4632,B,43.59334869547154,0.4897546254750412,0.29037478507665027
4633,B,39.304884524953096,0.464400274454879,0.3660561326477995
4634,A,57.22947584234547,0.390329227618643,0.25233792733051696
4635,B,66.93678578067909,0.34578061218138767,0.29597600720727646
4636,A,42.892416982365184,0.23365641598605022,0.4880209791271671
4637,B,8.59157103555542,0.22609864804220603,0.3391220503778061
4638,B,8.262807985710019,0.30919376747579924,0.33795788822096007
4639,B,22.033624351337036,0.6013806818230707,0.4557621091471106
4640,B,180.0,0.4380520686411069,0.34541873493142117
4641,A,51.228881234337116,0.3587004465871108,0.15272918096313867
4642,B,108.52424599223649,0.3619161531040926,0.33962238987774923
4643,A,19.469746508606065,0.39942365491297205,0.26251209101424017
4644,B,59.269094841237084,0.39541883266549616,0.37005785347990244
4645,B,25.80195449375178,0.2486645501668025,0.42136185256591313
4646,B,42.06532616532617,0.5069738433658,0.33604328479268747
4647,A,16.951582184025973,0.5245708131180323,0.16569545490582419
4648,B,18.811789806092406,0.4311823087168185,0.36115959893070954
4649,A,51.87045600623536,0.5563963606786709,0.4202089741632291
4650,A,10.924374768093234,0.22075147720719782,0.33713323535223716
4651,B,58.33360501890397,0.4293711941194013,0.2521172299293043
4652,A,24.485943827637396,0.2932850322363745,0.23208225920876233
4653,B,28.22242356173798,0.4722064831368455,0.2536481058375967
4654,A,9.381151948487716,0.5094052112839598,0.27277455611184054
4655,A,0.37527832993151367,0.4250824215660632,0.3088143767220308
4656,B,6.660094270722834,0.41730184411442395,0.4015504155057976
4657,B,12.593547767532264,0.5778465967969006,0.18764618570417754
4658,A,157.88122779585,0.404479215866156,0.1485575458293729
4659,B,48.78964103475436,0.4806487190557847,0.5659119543512731
4660,B,61.67290040969226,0.49818136525468915,0.40619727465924566
4661,B,5.24939397738125,0.5601526728288712,0.33956305446961527
4662,A,25.42999824170527,0.47433442680422655,0.1444849825932681
4663,B,85.90594521727682,0.34072166752945754,0.3027801936039176
4664,B,90.44084493752561,0.54584507319727,0.4286021906568494
4665,B,66.76974386888256,0.4469064264768744,0.30268839664019254
4666,A,156.82995164589593,0.31690231134843094,0.30160797157232366
4667,B,59.837013923286264,0.40818562050710716,0.1377075220132814
4668,B,13.717311323271067,0.2728102080694413,0.19028903278920536
4669,B,131.09274383199048,0.4154689191269633,0.35325208075824416
4670,A,6.803961582903536,0.4380798490749087,0.18263467575526987
4671,B,16.26344810821981,0.6278746383978877,0.39084676561318377
4672,B,10.478522664110622,0.5563618248078825,0.31443703384088284
4673,A,39.83382749054049,0.3570371108992063,0.32578994529281763
4674,A,10.096282534881114,0.4879525288642613,0.23918737679644764
4675,B,52.91454458717636,0.5981670684615312,0.3327290608174213
4676,A,70.24503582531594,0.3509237334880557,0.369251501293534
4677,B,23.54147717232899,0.37334531786398933,0.3266810437541933
4678,B,140.5810599194595,0.3936042064230014,0.48486953240369757
4679,B,32.0657211770748,0.36102464522227107,0.3037926163018993
4680,A,68.89962437026892,0.40841867102456175,0.26464629743591656
4681,A,5.376037330488523,0.27439396788595044,0.21361373925854754
4682,B,9.297082681481601,0.4495112229151418,0.3096327378186241
4683,A,109.40180183566548,0.4647589826473823,0.2844118901346854
4684,B,164.26412530732452,0.5196779407955617,0.12885179342303046
4685,A,9.740386879885847,0.4207075622304185,0.36816141784600176
4686,A,42.717241746070705,0.3606581993912374,0.3754397861405689
4687,A,180.0,0.3093541537580469,0.3334435518053006
4688,B,37.674075707110035,0.25685665239934635,0.31247968246300734
4689,B,38.01051450768193,0.48189219971857833,0.2596078427901303
4690,A,96.31965499556921,0.3207944832567811,0.0908472764986782
4691,A,141.1409269771687,0.2840837590656369,0.18915647254550036
4692,A,18.875733686986614,0.35253124758138205,0.34078108166942916
4693,B,25.34683053678615,0.44574400066767994,0.08377652513629963
4694,A,5.020872448395845,0.48575141681990786,0.3242434715900005
4695,B,94.00824652612653,0.2928039957443457,0.3049658555632113
4696,B,17.63720192262714,0.30181215865554917,0.2848695858864066
4697,B,0.7178367979325486,0.514499704524959,0.283447050931192
4698,A,9.390699627456492,0.5330356164342646,0.3404936526278631
4699,B,35.761325609190294,0.284080519756763,0.12391452438023613
4700,A,31.236185739551136,0.28856486571912593,0.2499703415386451
4701,A,70.92659963729976,0.4425568528458809,0.15608609090401235
4702,B,135.31248282599026,0.37723681851918994,0.411660201125544
4703,B,16.598176416022444,0.728819612218088,0.28001723299458847
4704,A,7.321486666492306,0.6048342426782674,0.15041824543512491
4705,A,48.51091628788113,0.287972431697201,0.20631506531123822
4706,B,16.102448089392407,0.5447523540781892,0.3546025294728683
4707,A,17.592189839046707,0.42257291423959986,0.24891970638785438
4708,B,69.66918749209533,0.2503626271696509,0.4044452285258574
4709,B,77.68945933731885,0.48406415905172223,0.12691216700861976
4710,A,18.780229187603066,0.34646769971097785,0.2558998909950385
4711,A,48.80097050476178,0.3747827665301365,0.2621543808917911
4712,A,28.315474459245607,0.35073175767086784,0.3997978056578362
4713,B,29.739582898517135,0.32453923307199595,0.3291760023700303
4714,B,93.26828301537388,0.28472416214833307,0.26739777942359017
4715,A,75.21706900792668,0.29163001322818827,0.17126927099654168
4716,B,9.810388194967155,0.5097132544566646,0.3901940039368814
4717,B,23.780896980872306,0.363592884300349,0.2805641655188467
4718,A,7.6277806431696105,0.33436285783407577,0.20184354217707717
4719,B,26.935013119867463,0.3312913416297734,0.2433449477605563
4720,A,70.21806498708037,0.542573167367485,0.2457388729076522
4721,A,2.987602536994028,0.29514039680606996,0.212555536581996
4722,A,9.708227444247989,0.25514035089803705,0.4446927120174669
4723,A,48.039701981486886,0.4496155450707683,0.4623794537139034
4724,A,86.87290294069113,0.32451131599757954,0.18330403022966837
4725,A,13.106758826840137,0.37679604607001876,0.1660227985208264
4726,B,19.506444474611417,0.4132873501733277,0.4390535724992535
4727,B,12.769378943252406,0.44052510473705464,0.4274113586657326
4728,B,21.461212400878058,0.5191635347221434,0.29907047395613495
4729,A,17.833261226766798,0.4849943287158165,0.15483096058106863
4730,A,34.66300744551014,0.5313229455965724,0.5259955800692235
4731,A,10.697184552406807,0.458843916190503,0.45998626743657517
4732,B,0.9446950511803853,0.44875417547512114,0.27723441691210327
4733,B,63.19052497954793,0.5745963905928314,0.3421037030240803
4734,A,75.00759240512647,0.34723476959707056,0.14454594881173558
4735,A,66.85262123939387,0.3013993077627037,0.3530697201900689
4736,B,59.8979715913643,0.3186083541994033,0.34636931139660476
4737,A,7.064777333135156,0.5320943719816807,0.36380301491521666
4738,A,28.04865767256679,0.3179083145753374,0.14410119861664172
4739,B,31.10814964735501,0.5414411905941265,0.3838478235272122
4740,B,20.277884762705344,0.36985087769468217,0.29268549300114044
4741,A,67.09003596334182,0.3668704327496085,0.3874006873517808
4742,A,18.516484920540666,0.34921072782981044,0.1956011913958065
4743,B,29.604976555112597,0.3848443161342982,0.25608645199447944
4744,A,45.12080445175108,0.24272963010098067,0.22476420541912526
4745,A,2.318294606920225,0.5196411694854668,0.3570767127506357
4746,A,42.22134120453244,0.5187092755345801,0.1108056934194052
4747,A,7.454023352833332,0.45107687675434527,0.20731838328886987
4748,A,79.89273299830327,0.37380170877800795,0.1949901020953275
4749,B,143.3662483590661,0.5055592340964254,0.1462950912984683
4750,A,19.764092153455422,0.4362351458870392,0.15601702710405568
4751,A,14.879904380820074,0.2884416209673501,0.2669373998272508
4752,B,48.11262584041416,0.38783034981334075,0.2645897195487512
4753,B,68.34740088589506,0.6050447408110413,0.3444017216995457
4754,B,13.558342590171298,0.5934801793741687,0.37608720138889473
4755,B,5.176752731358258,0.38984609030982764,0.40926982900705483
4756,A,82.71688773400088,0.5350056948308209,0.35355840722299053
4757,B,4.516174035571624,0.40582248398923504,0.2812738456616679
4758,A,2.315020910128504,0.3368586414757216,0.2617156086923899
4759,B,33.21212457932734,0.49286813919141964,0.2274732340826594
4760,A,22.73352908778895,0.384865817526543,0.22595203301666184
4761,B,65.5824337218651,0.4512531596701736,0.2860007147464462
4762,B,77.36316057456177,0.575917204352469,0.3309300658015355
4763,A,20.79184858077231,0.5170548258357301,0.12451880008558795
4764,B,66.27037790407799,0.2978474250701469,0.35423824233120815
4765,B,126.83428435861782,0.5609859826369884,0.19338519951572053
4766,B,2.7769745528455996,0.3996176875721277,0.20693743554830804
4767,A,15.083711028114433,0.50019438241352,0.18629868618343096
4768,B,100.53501027118536,0.37750650290925164,0.23165973831172948
4769,A,109.24338024940555,0.3887336457919181,0.091547938681491
4770,A,62.5506681429669,0.295840185131026,0.20812863154418165
4771,A,2.972597235083093,0.26654625075197025,0.3966454460549689
4772,A,56.43765139346906,0.5281718259431568,0.24211649878183555
4773,B,56.20168481706733,0.559865752789126,0.24831997139462578
4774,A,33.71816282907667,0.3305012946817031,0.2784234695557513
4775,B,10.036131572928289,0.25455919524287646,0.2990672477574372
4776,A,104.00858632727677,0.4788881518056132,0.323833351722272
4777,A,16.890382362751556,0.3141036068821025,0.3985508935378523
4778,A,38.416332861517745,0.4139200776257214,0.25607280941083066
4779,A,31.259649243239682,0.4969697537105287,0.28921268473835554
4780,A,30.261777997639797,0.5589342821149508,0.2155133660193743
4781,A,27.404991000472577,0.42291157702236043,0.41695611078746025
4782,B,59.63889842960979,0.5348143716453077,0.49988513369746307
4783,A,10.359237198776047,0.4192111047387671,0.24466541190165464
4784,A,63.422951290110056,0.4395181862091288,0.3537221627447787
4785,A,27.012109786347814,0.4275698947494695,0.33532081668411884
4786,B,37.281259071260884,0.5524724140936056,0.5217345224377844
4787,B,23.129088907551946,0.4905361426747264,0.1682561031925907
4788,A,143.21043438305588,0.5878477951279532,0.3070974432354811
4789,A,13.598917161424923,0.29935870088483585,0.25714267077933955
4790,A,51.66205895416032,0.4136460058207808,0.1583802331845168
4791,B,14.81809249299685,0.42326961694573795,0.48879573262075215
4792,A,127.14453159120139,0.5251928120756696,0.4147766595682487
4793,A,49.00649774540106,0.45660905690629555,0.5289441314447597
4794,A,92.25273053296843,0.28867755358937386,0.18076797495428104
4795,A,79.07614516717629,0.36258088893087104,0.2520895570124002
4796,A,20.09119724987706,0.2984335935699777,0.27919416695419297
4797,B,32.443278155911756,0.4517071173604201,0.284097584937457
4798,A,41.24702833813255,0.42604066280604364,0.3070229924469464
4799,B,14.211404485705406,0.46937082807090036,0.3053707383007126
4800,A,7.646061449796009,0.40927247130034455,0.22751875051364173
4801,A,34.508224975835056,0.20611787450486938,0.2933775340159884
4802,B,4.497015316208203,0.5611825607554052,0.4608475066257408
4803,A,11.786081836184708,0.5141978637603135,0.20460713417884696
4804,B,97.32229419871459,0.4194867113131471,0.2234808071648598
4805,B,46.72416516314532,0.5537739625143283,0.30215324345509426
4806,A,61.26976332040986,0.2590486300876264,0.11650493785764626
4807,B,23.505947162689292,0.43469819347539324,0.3904157835687439
4808,A,33.790503431364414,0.2865149540972463,0.28624730380329266
4809,B,30.77457489462898,0.4214554452913457,0.28978880044925787
4810,A,23.837183302867082,0.49842259864869903,0.20975212092575776
4811,B,104.06253306863374,0.4711148272028417,0.43578452873789225
4812,A,14.087892938617482,0.45550975130359145,0.2033111701865303
4813,B,20.042483153051823,0.5289819636814845,0.26375124085465174
4814,B,24.872377332374253,0.5358299179414495,0.10555947176070964
4815,B,75.5444486420052,0.37148981505711787,0.16386989753289977
4816,B,11.637445478121553,0.6328431866322969,0.3927730606359093
4817,B,55.98543841603341,0.4207309787870791,0.3074461828515979
4818,B,29.62613986480026,0.4825469068972971,0.24677013749415186
4819,A,180.0,0.5157289329009405,0.4325849863198973
4820,A,3.348524526170249,0.42223351134858444,0.15562634855590382
4821,A,2.0042069551346704,0.5523322277207807,0.3689381439670635
4822,A,11.022811798493779,0.4639193352875062,0.2580708528799808
4823,A,159.43325170555755,0.41958210315460526,0.1755400818934503
4824,B,36.06014682661528,0.5398290031469042,0.2859236362405184
4825,A,174.35875470128875,0.37375122987421616,0.24469860713774763
4826,B,80.3868323353203,0.29813744755473787,0.2014673812206594
4827,A,47.880063875555834,0.6013516427880723,0.16063848825805238
4828,A,95.45187711990573,0.39695917706193584,0.24478192580527353
4829,B,180.0,0.46022699904856673,0.27475128591898007
4830,B,92.60629546417168,0.5083791478626677,0.15935979497165073
4831,B,9.100061147721812,0.3976278287279415,0.33809530096011825
4832,B,13.224335262184272,0.5177350273443969,0.47466695830329686
4833,A,10.833740965820752,0.45156882218746913,0.3239626283250907
4834,B,27.430775510680167,0.5252962390738064,0.41175165014124243
4835,A,160.9674868549112,0.45247226889597275,0.24891481751449934
4836,A,6.932985384598278,0.4181582400549887,0.17581106002390978
4837,A,4.797517811036526,0.3280293195155425,0.330119254607663
4838,A,5.3559802908847365,0.36512214068484267,0.1727428819719223
4839,A,38.30719035405676,0.4448630500917199,0.3583773156136256
4840,B,66.05076687989413,0.3766551294903083,0.345280941593936
4841,B,37.0275034775464,0.5769097615804814,0.2782179549682432
4842,A,68.33549989343463,0.45431887957529166,0.32566842813805186
4843,A,20.55416443499313,0.5029544899561531,0.25102461416830196
4844,A,171.53982624587525,0.29293550232922316,0.3550615975243317
4845,A,25.64566964597083,0.4691765672548028,0.2917715174651699
4846,B,120.6793088786559,0.4443135650607509,0.16252243973803743
4847,A,7.3371049009212115,0.5642485917016175,0.24181093496178394
4848,B,2.5948017804199335,0.5390971314987524,0.21816757904923068
4849,A,28.228372769081012,0.4626944571353305,0.18028682270099147
4850,B,15.553356810861114,0.3263535623373001,0.3260765959855071
4851,A,51.13934742093162,0.21270264920224194,0.26706753769754765
4852,B,12.871452839059204,0.4594468075146117,0.37514117582596174
4853,A,80.33112607673382,0.46420750452645837,0.2804045174568171
4854,B,70.88878270575817,0.48426661345148386,0.2727412466781737
4855,A,27.625850653680466,0.3095111065272907,0.15619910982463872
4856,A,40.51953806578881,0.38036470932436867,0.2643851912357959
4857,B,32.5032037459906,0.6344895360837672,0.2839931281737182
4858,B,0.7865976138662099,0.2528754344432799,0.5678309770803442
4859,B,77.20601898433462,0.5167543820450183,0.27218848988371674
4860,B,23.35364254440654,0.43943973852264295,0.29524522451169544
4861,B,15.689824404918568,0.3576613458573888,0.4368887227846416
4862,A,13.998598357785953,0.2895879387375212,0.13791941868858026
4863,A,46.72001666388188,0.37106289137440696,0.23399460996111723
4864,A,180.0,0.5911830022398792,0.1826710960810122
4865,B,10.492075851002081,0.4115344157447533,0.2599140935685202
4866,A,2.263389791552664,0.3799918939238351,0.3510769234337256
4867,A,97.9300217275057,0.3881104080004187,0.18941799992594308
4868,B,151.78784077551018,0.5010659078722176,0.2949607013524253
4869,B,148.094342886039,0.5562392397999549,0.1883252184302485
4870,A,37.17817020830328,0.2602085024629746,0.2452137044307647
4871,A,13.071789338287607,0.35145489514950345,0.24726024958964907
4872,A,139.4390204576079,0.5194209533561052,0.29944354090648895
4873,A,29.717907530679998,0.28147051408570867,0.29010335658946873
4874,A,18.1351583018604,0.38920558292502466,0.10101897649330159
4875,B,4.141371013757254,0.35281672770757366,0.23156863325356727
4876,B,13.778191000522858,0.4361786617827915,0.2752548672280426
4877,B,54.01736551635837,0.3938858158096605,0.17844959349707873
4878,A,9.012554303486748,0.2619944043866054,0.3081734391442566
4879,B,57.717415432895784,0.3190707846012423,0.42260750057892366
4880,A,12.614050956953545,0.3123432754221971,0.12259455045442356
4881,A,80.49860695391448,0.38716942236055174,0.21716469146020534
4882,B,28.117490764148005,0.6237666946997528,0.2956251029851127
4883,A,42.884130345992475,0.40967328650381013,0.4160036739878546
4884,A,110.01034645281543,0.5306799790198047,0.2855553239135123
4885,B,43.70655193688501,0.49832695487642864,0.5175466141756262
4886,A,11.876601094136543,0.2198622012731377,0.11708857563795172
4887,B,63.064564446791024,0.43189439574026406,0.2976855022243435
4888,A,5.810761941968686,0.5143639917825432,0.25854299038417655
4889,B,156.31036550852804,0.4251646149927184,0.10853825229922692
4890,A,0.27477609905668815,0.27968050849677767,0.20175250906396494
4891,A,31.904828570166174,0.5503219649034444,0.355805733589724
4892,B,67.1518683293296,0.41315773135261286,0.36294047065192914
4893,A,180.0,0.43566855213048417,0.2885650908073765
4894,A,53.42983362593812,0.3761144160461554,0.21410996728568388
4895,A,16.59328675219378,0.3363305932455911,0.37358352414162693
4896,A,94.24898336476207,0.5788643880275489,0.1714743200985495
4897,A,68.48941580210882,0.44695661290217753,0.304311414552111
4898,A,0.6990846778723603,0.42461569281174905,0.3834346475332933
4899,B,6.0755729956104805,0.5076096330661725,0.2714922883684129
4900,A,76.38781568426393,0.4303176529559626,0.44571140000131926
4901,A,16.08424819008612,0.16521269392196614,0.3121229918038502
4902,A,7.296067977959747,0.5981023823462233,0.28252122101891697
4903,A,11.547492223155542,0.5595811066194859,0.16115227187454664
4904,B,65.795830596216,0.6096827391620554,0.403929045227255
4905,A,28.449100881694047,0.34813428916866124,0.24902815004483314
4906,B,3.646701161662553,0.41372423542160985,0.37588030345195195
4907,A,24.89200076269508,0.3005935342011,0.27260173115812036
4908,B,36.30506200040298,0.683921008331381,0.3259774809824548
4909,B,38.918798726524095,0.37996858407333195,0.21605671971479654
4910,B,78.32609078276278,0.4784900487607923,0.3624399462887688
4911,B,0.6045504322870853,0.4705187433154066,0.29909793962907044
4912,B,108.02792223329152,0.4860507386165141,0.36070267177717735
4913,A,15.3415958273144,0.22038680768665567,0.21302962903393524
4914,A,8.505262508764691,0.611136162344125,0.13368454781342665
4915,B,56.69565779839453,0.47088435181277655,0.21200640015597655
4916,A,64.64046510706426,0.2738399087233387,0.199991366288538
4917,A,180.0,0.47225026249108026,0.18702414838330778
4918,B,1.647757388973605,0.5346324468293613,0.3720358407543066
4919,A,67.68627797672569,0.2507052227980481,0.1319953763654063
4920,B,9.068250390334619,0.44028253907146564,0.31339156051632433
4921,B,2.096616487001902,0.6118702954814186,0.2917940446257448
4922,B,75.51315611850666,0.459819881552177,0.14972836763112457
4923,B,9.74587359049469,0.5157484107178864,0.22355931927064956
4924,A,15.789932652357182,0.5660867289464779,0.21469720905308398
4925,A,12.635303872405975,0.21032956798365895,0.11582158452992058
4926,A,11.046301255445485,0.4772833182927284,0.2538940719880927
4927,A,6.614429324021735,0.30894451050342603,0.20139224512988427
4928,B,2.426964336397154,0.41749467252425504,0.35783617050367467
4929,B,7.721260362301063,0.44740507931481793,0.2205381348667139
4930,A,36.066098394580095,0.3863524601200738,0.21269823323592418
4931,A,41.84476326011892,0.3830101120401643,0.2493448778976921
4932,B,42.63866096317232,0.41107683591796695,0.33256518933031637
4933,A,55.01183896985,0.3224418400792721,0.17526582150492814
4934,A,51.30455803899783,0.4656013618009072,0.29579781452303266
4935,A,15.560193365474532,0.36961233986993147,0.14151516750859655
4936,B,35.57635798386305,0.29680381408450984,0.1984871517795186
4937,B,14.700622882408261,0.36193559694697036,0.400857440330028
4938,B,148.90559993601875,0.33787675730863936,0.3384030951267759
4939,B,100.34462031850745,0.20861800150392543,0.38552756090622775
4940,A,18.042383768616375,0.37841734183557146,0.34923359507582435
4941,A,51.48802989868147,0.3516873148723161,0.28256385755752916
4942,B,19.632589638750286,0.6108118003814363,0.2149439240956778
4943,A,19.347007209486836,0.2637753219132257,0.055965783766881
4944,B,33.464183009344346,0.3915612547253491,0.3539063827784947
4945,B,37.82337680012886,0.5674279890047632,0.26802184961954134
4946,B,73.38800051894171,0.375282252514627,0.31801295608173624
4947,B,29.04318853145606,0.2971048051799821,0.21761685887232105
4948,B,41.116168441423255,0.45358220632735186,0.48674013183307335
4949,B,27.663513174160244,0.3712101019884647,0.42469355243095797
4950,A,10.757175830172665,0.32251638816631223,0.1486527961238966
4951,A,21.102391748117544,0.4169635895791199,0.213031319919001
4952,A,14.29064273413891,0.4663395355743676,0.2768923289013776
4953,B,74.82484634402458,0.4123687592682887,0.0701287326385578
4954,A,4.160620970239883,0.5137922785888405,0.40231308101897006
4955,B,42.212666476225024,0.6346500735779804,0.2924322159873449
4956,A,79.77484116598168,0.40202406812853797,0.27262364395395294
4957,B,91.4672768119126,0.40709927698975035,0.2589571568141407
4958,A,86.31363279636713,0.5630324308261201,0.19733126390991643
4959,B,2.872139703043828,0.3108622043918007,0.2543642187083775
4960,B,122.02337931334567,0.36284975484137405,0.42264465182969607
4961,A,11.166357714180826,0.5834721810926524,0.3644165063646617
4962,A,3.013431412349288,0.23850529170310503,0.2551798360852043
4963,B,88.99372207933025,0.47491178827067954,0.2950126320374808
4964,A,60.41582687498038,0.4718636119122243,0.07777312026567051
4965,A,10.694662984810389,0.45452310895987913,0.26121687532471694
4966,B,88.73932598371952,0.4756178505830835,0.40407878290034965
4967,B,7.8614676257655765,0.5796058716317619,0.18362853746642432
4968,B,15.90207912546509,0.5597106481560802,0.357743861432436
4969,A,22.497488592304205,0.3356080793996649,0.06731165399758447
4970,A,2.9827940939697193,0.5318981235658915,0.17669681411939417
4971,B,180.0,0.4541899533434294,0.1958153801696895
4972,B,156.06493008562106,0.6387681184197339,0.3561659804921917
4973,B,13.358142992743005,0.4915059498081588,0.3851283517485642
4974,A,11.543929505310912,0.5620929828128044,0.20681690508750494
4975,A,70.85540302874672,0.4270062474673577,0.3123541018948867
4976,A,73.42494104210388,0.3342816811703195,0.34071034450051396
4977,A,10.44175635630846,0.3568791292423332,0.3523598890615122
4978,A,18.420452395980025,0.47151429691889546,0.19948097734386944
4979,A,6.486557357540888,0.5739225946207919,0.2480175826348359
4980,B,29.49566528549684,0.4361358170320881,0.22116799399479845
4981,A,3.4680369379076383,0.26609982038064184,0.11003667780775378
4982,B,8.815839682408011,0.32619953341733826,0.32314335861684973
4983,B,15.843181121944893,0.6193817269558991,0.3371485107452496
4984,B,10.620172373058864,0.3556063157928705,0.4787285510065441
4985,A,180.0,0.2969420098498997,0.23665963261568893
4986,B,4.38883330671133,0.39136230016908075,0.2859744142530905
4987,B,45.045548151472445,0.21688251306563253,0.24631893620510195
4988,B,14.324501708070468,0.5954502721906588,0.27119005126059775
4989,B,180.0,0.3834615911634952,0.36881595251109434
4990,B,37.674702119466886,0.3609820790044137,0.22462211383880523
4991,B,23.13339489023948,0.33651337824741107,0.31110289876379815
4992,A,47.96702745365236,0.36792055175469757,0.18457105406143257
4993,B,127.07307282400461,0.4435282056658975,0.3755873173081676
4994,A,35.14935761306523,0.506429830435924,0.12643525033843112
4995,B,50.41657818640097,0.40746047430913285,0.34207806658670725
4996,A,65.2631983315254,0.3879880081704937,0.18091520403912575
4997,A,82.48787226520082,0.45356037297967255,0.17255975025012052
4998,B,7.06732065693509,0.3132761698906882,0.26875752717353557
4999,B,35.81747347798439,0.4200193001452691,0.20604010557111857
5000,A,73.96147328836695,0.48316372272091956,0.4510303535464752
5001,A,0.7504988886408975,0.43523235029898477,0.2827008695828617
5002,B,30.250865285945885,0.4050624649879732,0.46103364666216073
5003,A,9.305455939077568,0.4025870699577207,0.3459083278386313
5004,B,75.33405963417978,0.3354221648609184,0.2488085102225202
5005,A,47.87713858501591,0.35345392426249106,0.15013383073883393
5006,B,61.539081644773354,0.5813005388228867,0.2879545590508996
5007,B,24.091200208050275,0.5362621652858315,0.35242892087034494
5008,A,21.204869597552708,0.17521548044452087,0.29642692951382177
5009,A,180.0,0.3772004436136953,0.200566168298317
5010,A,49.26752163078807,0.5720250254703152,0.30676930630946225
5011,B,32.962609754777915,0.5592031719239888,0.45085754554000507
5012,B,38.035269450904124,0.4948388829483314,0.17047558434373494
5013,B,28.5469177512532,0.3832254177458379,0.29908743023893253
5014,A,141.12536904147447,0.258247051657746,0.1477941156311548
5015,A,10.12289804824597,0.43021393492953447,0.20531050622233216
5016,A,89.76530130351904,0.4823430311793635,0.2607583615481477
5017,A,17.44439156523058,0.3432334441356614,0.08764675817039
5018,B,5.926795379745995,0.4359608374190825,0.4149658370828203
5019,B,122.64631118568396,0.38435689302473924,0.29262999044077087
5020,B,58.055421850989596,0.5442922163678657,0.3457224193842496
5021,A,180.0,0.36030226474252497,0.206401395551599
5022,B,32.986230111032484,0.4317406121239474,0.37563735440752216
5023,B,43.83651689310302,0.4701975577238523,0.430742508783908
5024,B,12.466217511003462,0.5726937175348942,0.1692009466969144
5025,B,39.32276255187614,0.3873298863947332,0.20323632319738347
5026,A,7.722251322666818,0.44453340552901,0.11207794902546796
5027,A,32.686772575254345,0.41473943229706556,0.14041243190696862
5028,B,71.26757970566199,0.6444900450240005,0.28544081310771136
5029,A,70.84285755049201,0.4635862796966048,0.18906850239752304
5030,A,25.50445327317989,0.4062545714131028,0.2728812613953534
5031,B,39.66929721549328,0.457446229436195,0.29830918187531935
5032,B,34.07075617646188,0.48599710540125624,0.1931046853270331
5033,B,32.27191944799341,0.4393769826896404,0.30474519130195993
5034,A,28.407141449845554,0.5178029109556117,0.459078471956198
5035,A,180.0,0.4896877053437044,0.3707022637550502
5036,B,74.56284978959616,0.4276682856554397,0.13740208801665452
5037,B,72.78663960350355,0.4818206034495301,0.17751665148580753
5038,B,72.10191624247281,0.6940010005111241,0.4576095150430119
5039,B,14.694596686456315,0.444934449493244,0.17320215619804796
5040,B,50.02710725666721,0.3456936511949728,0.23703224604688503
5041,B,78.47700989655733,0.3186548556695655,0.3024414565774583
5042,A,24.92645829322552,0.5419761737488864,0.39714575173000355
5043,B,42.915340186666526,0.267421333074108,0.31697926950848304
5044,B,78.49348452125636,0.47830923390042773,0.26727048238218837
5045,B,100.19960514676866,0.28562653179933195,0.4366379940051172
5046,A,41.69354204361028,0.21277842778189238,0.14468988121328433
5047,B,9.93342555465216,0.4361984993841489,0.12718284935484053
5048,A,2.5237502341995754,0.26817592258550216,0.19315029032185163
5049,B,19.02027619482041,0.30318664830968817,0.32746265392460094
5050,A,83.09208385215891,0.4532418876574469,0.44328107422437535
5051,B,47.81765109609291,0.5543590101633076,0.28431947437561184
5052,A,47.0070733164784,0.48369743618707045,0.4336778086862799
5053,A,23.289675395455685,0.5003096315168748,0.2702408882586571
5054,A,0.7335762064385951,0.46804089206684374,0.2794472691160511
5055,B,17.785946595736828,0.5323616884222815,0.17812283581138827
5056,A,40.305452382368934,0.4669188369024017,0.28133186272639776
5057,A,0.5732379582084894,0.6327418310400477,0.17210112028910574
5058,B,147.51209654642238,0.49462998113497797,0.35627727433049633
5059,A,0.05419524752927079,0.3774928374996783,0.24526488633698526
5060,B,11.223581258793885,0.39342305127530064,0.31725256493559595
5061,B,22.95954194110598,0.4729755744805054,0.15298642819763308
5062,B,180.0,0.48560397360542773,0.12830305274527
5063,A,43.0816244221943,0.5406447138252286,0.3486135942690514
5064,B,10.904990261400384,0.42592229287487743,0.2008898908207911
5065,A,9.427872145064947,0.27179818447046566,0.20021288549611116
5066,A,9.58743265515639,0.5084436902895837,0.06666953549741803
5067,A,47.664603715667596,0.4385595243910319,0.32487219279938
5068,B,30.97586368101658,0.4576589358689123,0.22264546300037738
5069,A,2.483669872566113,0.5451888853054137,0.19282621949605225
5070,B,19.58113834718418,0.40549275844436006,0.22933596291801098
5071,B,86.30309340081453,0.3556691290157527,0.4456299850829546
5072,A,16.92051741056481,0.41483173741537444,0.28021575908434865
5073,A,7.2832861045484005,0.34437763467441374,0.15230117217541905
5074,B,18.85609398922586,0.4221396171138394,0.22588721314491486
5075,B,9.154910548144679,0.5505297806175098,0.16314328131725805
5076,B,140.6642414999837,0.3382727074106938,0.10121083279957348
5077,A,39.05642627937894,0.21959753043458888,0.40942255973762826
5078,A,48.7806667320584,0.2930010460175711,0.4580660278308175
5079,A,57.46637457955929,0.3016385116643747,0.28939686431442413
5080,A,13.260666017413316,0.3163857744618508,0.13801735530051557
5081,A,4.206895667614114,0.36056822170332076,0.3385854773215088
5082,B,19.856185626693936,0.38334931401321093,0.20917701567612063
5083,A,3.6878320753720266,0.4646282612906771,0.12801161845534512
5084,A,24.992547264611538,0.48343974521356825,0.24505626034450448
5085,B,70.39851565981445,0.38929478158120057,0.4077271303138511
5086,B,17.85109257549565,0.5239597900387863,0.11579681607301251
5087,A,131.21523278065297,0.39521680108866397,0.3273048440516699
5088,B,10.22958119336618,0.3944071815028263,0.41627892807144623
5089,A,11.049934272069505,0.24792777740409433,0.11025144262487217
5090,A,13.35201827657903,0.38620902357695625,0.08189597153050801
5091,A,4.785685267941309,0.3887108945915313,0.23590010363212632
5092,B,84.32175170787548,0.34133670569086083,0.28108905058986833
5093,A,41.86414298890671,0.42515522388216714,0.19606342245537184
5094,A,51.25666919236599,0.5398142221464359,0.3192521283031885
5095,A,46.342206969213734,0.26021103795229245,0.2645867416173669
5096,B,2.973692840972727,0.5980160406120233,0.11140271524162931
5097,A,88.8398453444772,0.36457491113953766,0.265300565401383
5098,A,29.986237337112254,0.230981026503425,0.23339318268930018
5099,A,6.49792216959289,0.3521042977941783,0.28481167495824145
5100,A,15.374376704875774,0.23532493592986495,0.25096250094964384
5101,B,20.978176600714427,0.45904602506438863,0.2771619621540002
5102,B,78.7539489270745,0.5441707886577839,0.19954614148461494
5103,A,48.86920368147919,0.4340289357977505,0.13312311359360227
5104,A,42.73406159661143,0.47931422494951975,0.20136188947194356
5105,A,34.072163270282545,0.39552055173725476,0.2660629616208965
5106,A,51.69335703837581,0.2250430055882702,0.29365306616073794
5107,A,45.64933864160214,0.35445247955316966,0.16260279273524467
5108,B,37.32152940818049,0.47501542881134595,0.14432701485567534
5109,B,60.83007546394641,0.45289255528489675,0.27189638230888025
5110,B,3.5960005363415846,0.32414879402375,0.12095095882112969
5111,B,72.0477999105067,0.5107220243019639,0.49600220613769125
5112,B,9.810847970194112,0.3596370631123688,0.3302753826254176
5113,B,86.00454206674851,0.48997149096679754,0.5585768105163209
5114,A,95.91145574109619,0.30766090220418146,0.14982673383423928
5115,B,43.18672021811087,0.5185766715177786,0.2192599133072759
5116,A,39.68679892795316,0.25617921573793356,0.14910473689143308
5117,A,67.8505678013391,0.5680761549073591,0.3259914187838415
5118,B,69.88046293473403,0.4336494965929196,0.4991210793344763
5119,A,12.868189399412548,0.5584121344379378,0.26139263279258657
5120,A,51.01969172161398,0.262598827416792,0.2971931786060614
5121,B,12.444352074033677,0.42238702650177545,0.09745810053732851
5122,A,104.61467540309455,0.45012168328263613,0.2208300377423517
5123,A,21.92960240040876,0.3689396692311074,0.2576134279580057
5124,B,26.167980010747286,0.34785105864147253,0.3255432538669851
5125,B,84.23160062323474,0.3540337440990349,0.3284571633025498
5126,B,125.6800805124683,0.5027021571868326,0.20725255518821895
5127,A,67.95288560460214,0.36613638424195344,0.29816759547449373
5128,A,58.05982337438447,0.661209931307249,0.39772272967691014
5129,B,13.35999335824097,0.5014565621764796,0.34624651678999024
5130,B,82.00088183574816,0.5725791462950971,0.506815342703888
5131,B,5.975410346884058,0.38485485032994327,0.4272405033897022
5132,A,2.76171681714761,0.4464550179158396,0.26505395112100105
5133,A,39.19942102420282,0.31131071143839445,0.23668932515711072
5134,B,28.843781542464004,0.38453516978774555,0.2124024726268708
5135,A,6.276588020130286,0.39181525147609364,0.1763112303251497
5136,B,145.1994082006515,0.43324975599419274,0.1384658310803021
5137,A,153.94350058964318,0.34962796015241837,0.256094377520439
5138,B,150.95115026537755,0.4519876081922615,0.16478709754661106
5139,B,18.301214340853548,0.4102327923208809,0.3568614870691294
5140,B,11.144864307005873,0.4369128575457989,0.23822341789711626
5141,A,75.06750107680078,0.44426985303100924,0.1764363867897278
5142,B,8.419571781530069,0.5651680822020363,0.4085159301191075
5143,B,34.09177540546578,0.39922910856122723,0.17647182674334658
5144,A,5.230058792522149,0.3760535424051193,0.12059884525868403
5145,B,5.02296674519606,0.4881831845922592,0.1654368406455169
5146,B,22.951866421643555,0.5439669061987914,0.3046380647422619
5147,B,0.8921883227105321,0.6434912876460075,0.3326384970560111
5148,B,15.615187112200804,0.5057191668727488,0.2526641888916976
5149,A,5.842181808732375,0.47397173111546664,0.3123202213794519
5150,A,40.61564691003308,0.4096152629608311,0.1453864840437129
5151,A,19.03278860657766,0.171433943798963,0.1593382942150473
5152,B,119.87861354436333,0.3244043641819084,0.127733416724865
5153,B,30.802626737601337,0.42443853444816004,0.4276947611096178
5154,B,3.9835216458101206,0.4296701677729423,0.47586699632918084
5155,A,1.5988332166520698,0.2918566114743083,0.21343857768766578
5156,A,35.104665017496345,0.3328150265135903,0.16895080631319445
5157,B,54.12289852156168,0.5062177902103259,0.20374730143955835
5158,A,22.084646553315658,0.3809712244993884,0.3070213085144486
5159,A,4.795080038764702,0.27347645434428064,0.15953900649383915
5160,B,161.9941422726342,0.547462632546342,0.3899925095937177
5161,A,72.85888214003567,0.28164208787981265,0.20177907236279544
5162,A,110.97033981652609,0.4608538051460978,0.17582214936507878
5163,A,63.58608795861509,0.4780648405859818,0.267675403524041
5164,A,77.7756184099143,0.35580978715511236,0.27675914840786914
5165,B,32.37086062959565,0.5854596415433589,0.30428953011022825
5166,A,10.978748011446061,0.3456397118915253,0.2882792638922731
5167,A,13.767529445607721,0.3465938921820578,0.18432595679293765
5168,A,10.523708790212403,0.5583180771912991,0.22413026769689418
5169,B,50.90446479351466,0.32166343724575436,0.18608734378264782
5170,A,65.1797874889945,0.26926931468741844,0.1410122557830459
5171,B,130.96096333842524,0.4470111541554866,0.2685357577814629
5172,A,132.97131875733334,0.625786718943008,0.3771476659627881
5173,A,56.777998747668775,0.299807445451988,0.2692330916850858
5174,A,95.96528516603355,0.3864443251029359,0.29098906891115683
5175,B,28.245134436491906,0.30906136515019333,0.503809214937949
5176,B,56.80438876322531,0.4741352299870812,0.4042478253432954
5177,A,45.811986104911824,0.3672985065956507,0.20929065774377906
5178,B,30.21599980755059,0.3225583330699497,0.20290735150381037
5179,B,170.22833483040617,0.6229293992201548,0.1990814976570026
5180,A,22.07103447522246,0.3302109626965703,0.15534133964662658
5181,B,36.4405276438342,0.6585889576498255,0.2596118749718086
5182,A,24.96197987452593,0.24380416513118508,0.21826073400151574
5183,B,112.76286703443624,0.3155470560380498,0.44962665847056843
5184,B,36.79773862860525,0.33616331201632366,0.3209032090943866
5185,B,57.39676211064851,0.38346245865869316,0.43903819594823434
5186,B,25.3755222528387,0.4066161991521845,0.2216706471935626
5187,A,3.5239093242685358,0.3211910838129197,0.42285557174704397
5188,B,129.77248356653445,0.5052845266606432,0.19831955394871578
5189,A,1.4383170069114346,0.3808351910337731,0.22055152754658208
5190,A,53.505183484609745,0.5276080554524262,0.27649031863202195
5191,B,54.13841398815061,0.4095051668118498,0.16656201689221686
5192,B,1.045889104847204,0.25339087986373043,0.4746984463526041
5193,B,0.8197689417755163,0.2835792167423232,0.29807553437169443
5194,A,25.965759306724884,0.3878936082776092,0.3195426455511425
5195,B,58.63311010007242,0.2666561682287775,0.14011235036604697
5196,B,6.309775197092597,0.432151834783614,0.25647771147219184
5197,A,36.15490010052202,0.3951034291272904,0.1097575944690476
5198,A,36.70556770579814,0.3506810637726034,0.26481302798631884
5199,A,14.618969509780575,0.48504936450369174,0.4180769079804186
5200,A,29.072631766184955,0.3762089607705121,0.2089151012303573
5201,B,65.48672657362734,0.49615839015890617,0.34030059649232935
5202,B,20.20890249520609,0.4196410300804851,0.3187874858339953
5203,B,40.257516888562215,0.5644690973291138,0.4515679488537947
5204,B,9.965508002270164,0.4887903118852725,0.40815677338695167
5205,A,28.63411571923043,0.464734458322288,0.4963938147143253
5206,B,14.698170062616875,0.5920142458415921,0.22389397949768636
5207,A,22.12745913623591,0.3040474563298404,0.3537643125596607
5208,B,29.865137719997914,0.5236753017910993,0.2717979600762692
5209,A,77.3350926747957,0.39370028949216274,0.3734785798819204
5210,B,56.94267113312073,0.35908496188084726,0.2059222210681572
5211,A,26.9980026197938,0.5192646963340788,0.324138245659986
5212,A,41.644971224971215,0.3780582315575226,0.23958551944630754
5213,B,8.802813180588123,0.43365924105045983,0.32935885744775806
5214,A,101.64423445401701,0.21280294336290348,0.42430688485674556
5215,B,17.174965074661372,0.36400682931215783,0.22892425988803233
5216,A,90.52472046542903,0.4029418607255085,0.28377524632847695
5217,B,12.058001590726741,0.6081980020979432,0.35189714242897474
5218,A,99.50042313981677,0.3576967782192858,0.2711322423193791
5219,A,14.162291520108553,0.37498233297274475,0.3164597927111953
5220,A,1.6024063939550954,0.4139697801748639,0.27584745380298475
5221,A,13.614648948005286,0.5203599039677675,0.13889172489880838
5222,A,14.701964552451853,0.32963977491258917,0.13922391371399473
5223,A,108.03884701109754,0.3921354078338841,0.22989345817340945
5224,A,47.14473785813134,0.42652746268805136,0.2832352420621739
5225,A,3.8355955314764762,0.4731479643437279,0.29296466642369307
5226,B,103.24079304804971,0.6642267013959555,0.3232116299418923
5227,B,54.295412646322674,0.5200664602350361,0.23240354479281108
5228,A,6.54585980001106,0.325990797636454,0.20449811192755368
5229,B,32.866291133994196,0.5077114069255004,0.5898736301602918
5230,B,152.69225366135356,0.39848313015492703,0.457902535439221
5231,A,7.614860421828598,0.3500536086225383,0.23909399466574
5232,B,69.21971785085032,0.43569053728193746,0.6395654572514123
5233,A,44.792675252742505,0.2579250326471602,0.3331553284862648
5234,B,139.96207241896008,0.49049226046900474,0.34046549146180527
5235,A,59.83150658208445,0.4101870009988692,0.24823240101465988
5236,B,47.335140625803085,0.3265902175884765,0.39463141517847145
5237,B,7.725433709635734,0.4010104879553169,0.31063832791935475
5238,A,88.3607665330229,0.4404322647562152,0.19282864552689633
5239,A,127.08344589512814,0.2805630542820504,0.18358721410602646
5240,B,58.5127469999037,0.5034846791997681,0.2699052057734295
5241,A,10.137443454498085,0.448210352639455,0.215275203253942
5242,B,11.700480555570435,0.5650983563235552,0.4721939727043646
5243,B,22.079194992671415,0.7421861356124708,0.29130329848702474
5244,B,37.05366416929442,0.5089059386379994,0.3652545572269119
5245,B,8.903572998805352,0.4362908407681156,0.25217649389255153
5246,B,1.0920184491794673,0.43466323154540615,0.17347772561592728
5247,B,20.59915801729975,0.4107578957153909,0.5714711609408346
5248,A,16.683030155546447,0.4637237403112099,0.4033339197689743
5249,A,12.368780057630508,0.4054945629628149,0.2559024960130254
5250,A,19.995926471703424,0.197235378572308,0.16769714769317798
5251,B,90.4314859704582,0.4082035712189702,0.3567251372949674
5252,B,0.8059719017629953,0.2713910707059316,0.19499638889883947
5253,A,110.75273329318586,0.4444582899759075,0.060418802282613586
5254,B,6.026695392586493,0.41924591489688545,0.24101196610876077
5255,A,38.51689538371297,0.25243389255886883,0.4174363860009399
5256,A,60.30645642526731,0.3976253534528002,0.19611256849071335
5257,B,85.50429342427825,0.5459479284945712,0.3039043233947841
5258,A,30.311026961643492,0.40908736239384097,0.3841854807229014
5259,B,18.98362215321333,0.5450431955288455,0.30192885847279377
5260,A,1.3177121019829692,0.3994307237080411,0.2573702117401499
5261,B,144.77167220644435,0.46102740137546994,0.3728822472151541
5262,B,24.878342190735975,0.3753244301981669,0.3177461126779147
5263,A,2.9856904595570644,0.26278642564860594,0.2947749326818351
5264,B,82.84077802358928,0.679119615108543,0.22230192345312566
5265,B,15.572496101050708,0.529125116430595,0.278056608584938
5266,A,34.74107112551437,0.3879627107915009,0.27468280961307107
5267,A,57.08925565051492,0.4433224703329605,0.28456616288280434
5268,B,3.318922347392527,0.5236165637891851,0.28687437148223993
5269,A,10.912171682009557,0.31330457839292575,0.2770523698868667
5270,A,57.59140251476016,0.47280802107943876,0.1572583680896793
5271,A,74.89086441406035,0.24969200220761775,0.19437979123233692
5272,A,23.888429538966946,0.4156197257629471,0.19925831731667681
5273,B,110.9317153985083,0.375254510699689,0.25525137766584516
5274,A,61.743280436354034,0.5419415055783443,0.20683356340238415
5275,A,23.290418943379457,0.37835309876969003,0.23024634088268406
5276,A,51.043195713754066,0.24884482288182982,0.3349519232521966
5277,A,64.97599370181278,0.47849480180878773,0.15619530574101337
5278,B,136.31100171624516,0.29491285036992226,0.26223712718901343
5279,A,180.0,0.3854843396326128,0.1827302434841608
5280,B,64.02982713148822,0.39751574669288625,0.21506353492156843
5281,A,19.067661797756834,0.5754372336591563,0.11949029989999639
5282,A,23.822925061334402,0.2803795646844877,0.3425264600346366
5283,B,76.43848673483171,0.4175256283388828,0.35038220762217415
5284,A,8.147988724720133,0.43850869513758517,0.1710029331313305
5285,B,0.3719634321698576,0.4009012612263526,0.3405166723661972
5286,B,72.88874280359533,0.46607973010283327,0.17594068274759367
5287,A,10.271154566780512,0.463678444801854,0.2162315438454008
5288,A,53.19877559665727,0.2482504858905762,0.35563127234031744
5289,B,33.229612485145765,0.46642093948094304,0.15649231951526243
5290,A,112.0258845478839,0.30525436886380175,0.25829565141717753
5291,A,22.5843327712933,0.29723887473695765,0.08520475575892679
5292,A,8.921756598001538,0.5046472293110359,0.2108259762734441
5293,A,15.102535767659672,0.3878517860091468,0.2659466034013709
5294,B,31.352020376198638,0.5982706356981913,0.4848336591683782
5295,A,27.317896201217,0.4614645892888304,0.17076943188841354
5296,A,15.45330084948977,0.48302223671029576,0.2599531283340943
5297,B,40.38740170789882,0.5312747762211505,0.4980276953190737
5298,A,11.971069214417698,0.17598237491498725,0.14602714991556565
5299,A,59.92863402842006,0.5825006861392952,0.34317994001116464
5300,B,16.45123745123474,0.4840759061200839,0.3854542395820133
5301,A,0.35441345344039327,0.2856796006758761,0.20085381318779588
5302,B,61.96721553371477,0.5525176312207046,0.23748422032998495
5303,B,18.22044144341597,0.5230995593258532,0.36843070857701876
5304,A,34.86858391597791,0.4804472994249402,0.28515078147685796
5305,B,42.52657883304992,0.2851649626712174,0.2802255708072396
5306,A,71.04364855725758,0.5287885412112379,0.16630803481203887
5307,A,13.930079198609842,0.22104800162595167,0.1354384706353095
5308,B,7.657325933114358,0.24471352223812898,0.4408617691890997
5309,B,58.456468052996584,0.2901775540090865,0.22537932518579204
5310,A,41.60490982518182,0.5140493284941525,0.3784386216849616
5311,B,10.93264000937195,0.5428463761837307,0.3607711650540504
5312,B,9.715080992882946,0.4966365975595735,0.1036141235293385
5313,B,1.2783087221841885,0.5577311992145331,0.43592106935066005
5314,B,6.7529656457883105,0.4017728029453495,0.15859753653459768
5315,A,49.74008190399425,0.36519701680131145,0.2817253579390747
5316,A,47.89271017331497,0.4375478209428129,0.21890591773179977
5317,B,13.764833068595536,0.47626464601966007,0.5304349399741315
5318,A,26.564364479173516,0.43096490695378414,0.1710879036434008
5319,B,13.074176425930569,0.4542736138716937,0.22090888091773922
5320,A,19.148944130701093,0.2545937995194185,0.3335921771012705
5321,A,81.33416950286599,0.4961708546036075,0.11240434353212658
5322,A,63.92979226735989,0.54223751084809,0.3990556567819771
5323,B,20.644421898210357,0.4967548141328325,0.27947467377443486
5324,A,17.437951338104444,0.39913779651467735,0.30215127556783294
5325,B,2.9095557443545905,0.4172953310380239,0.4268107481152365
5326,A,4.89243670373638,0.1945376302196699,0.28791711336751497
5327,A,3.35322815958454,0.351772967836463,0.18269375330245385
5328,A,4.455928381954634,0.4773140667121327,0.3296700888683398
5329,B,142.293793080157,0.36288168646333346,0.13033913299924538
5330,A,39.34601206798359,0.5344312034895583,0.3725602310821461
5331,A,2.3870018518006,0.3750789471372382,0.19789569062200887
5332,A,18.48915003178538,0.27239041900040123,0.36802713967108536
5333,A,62.962910061690295,0.46923687971499517,0.26646412286181975
5334,B,6.598660068616095,0.5280350162196489,0.16593898356141584
5335,B,62.94811059083879,0.5008387031636315,0.42224919747076994
5336,A,15.688499257515504,0.4869579817518667,0.3133171042410387
5337,B,39.82551249515429,0.5061616556095372,0.31153039659529086
5338,B,41.84566483346927,0.48433123960058994,0.28660126209611936
5339,A,64.84481492257582,0.5595036921030482,0.2765836505863204
5340,B,5.7984776815254255,0.37759754368009446,0.10299388332318281
5341,B,14.491152276132063,0.5003733739937568,0.3597236797857272
5342,A,61.57462209714828,0.48227674404202014,0.4234714326676698
5343,A,12.696015158422123,0.3758214866525164,0.16807734424813486
5344,B,78.70659199250584,0.5603497393321126,0.31793964328370766
5345,B,32.397888797318956,0.4656444059684339,0.2810104323447034
5346,A,58.72412300684494,0.29775390653096145,0.17956567515400665
5347,A,61.98481025951381,0.24597473914629417,0.18489390272821424
5348,A,22.796601507864374,0.45898679841529905,0.36724358121847356
5349,B,31.760084749261722,0.6477317195947969,0.24329162601593732
5350,B,41.05211852435997,0.588059962211644,0.24077822727606016
5351,B,29.57855193332247,0.6514795970943393,0.39735408612652057
5352,A,10.631462990456022,0.3774140194446569,0.2045866429814564
5353,B,85.31109813621603,0.42848314607139737,0.32475041255418663
5354,B,71.81868296951745,0.33915263400712325,0.12628286077680295
5355,A,33.147909013611475,0.5204310733357085,0.13380754488886834
5356,A,114.45088018488346,0.4680659662323676,0.1904920358766772
5357,B,19.825862859841344,0.6504699488376908,0.3168100923735114
5358,B,86.93073282554604,0.461370343169685,0.2218691565332573
5359,A,45.9264231772964,0.34097327752159856,0.22499339985003694
5360,B,38.01564576492141,0.46114402859733694,0.20374060806427474
5361,A,8.543559297038428,0.565899272032752,0.2007883110484324
5362,B,51.38402033902912,0.38701930628154735,0.39060439984677875
5363,B,104.58388298777233,0.4232655826384628,0.38976066230762135
5364,B,33.605037004480586,0.4561127477075469,0.41209564901854606
5365,B,73.40604351835303,0.2895654408972449,0.34620601011019625
5366,B,51.43300700674425,0.6373557279347204,0.36942469385122945
5367,A,51.66391499986868,0.49045914340049906,0.3974695249005147
5368,B,28.9340756994737,0.314698161287581,0.2706908775963277
5369,A,25.075077678393114,0.4489762826612966,0.2932254743913207
5370,A,40.290023813804304,0.4525158678597604,0.22371202202155163
5371,A,59.60248795579038,0.579688529863172,0.21010903115489152
5372,A,32.557402816096634,0.43130649017978495,0.32306302683007565
5373,B,80.91857260874869,0.39789231479807735,0.3439266570816818
5374,A,75.68651028475453,0.3695397217873502,0.27495514770336027
5375,B,5.777686815826677,0.4845511944655191,0.5190362563105353
5376,B,45.261323927339355,0.5862816568706827,0.2879682031298723
5377,A,57.63122818995583,0.377297615754944,0.10956057423590555
5378,B,2.471157703889295,0.4679033138669,0.2134479791535522
5379,A,42.96161053778074,0.49725165699775037,0.16552173250088642
5380,A,7.355344016906997,0.4314128158383682,0.09130662433505597
5381,B,8.829766025679348,0.29542382105531334,0.3275665299211832
5382,A,81.34103699869996,0.43945922742958693,0.33543583821325057
5383,A,123.63291239969028,0.2712470009349939,0.21638565635089227
5384,B,47.50089669725661,0.4885041795000651,0.361478610437796
5385,B,19.115258619765438,0.21143237871232645,0.35675177723891716
5386,A,6.628507919091809,0.23550082164001251,0.34649154817849726
5387,B,15.831674444504717,0.4089954627552554,0.24517758972920464
5388,B,162.23512549189144,0.22117138294983976,0.4191629479597529
5389,B,23.688988742980243,0.2647209721532036,0.345295137481622
5390,A,30.145577436084213,0.3431132967981349,0.230077339417607
5391,B,43.25438536184685,0.2528149033348224,0.35243270809190286
5392,B,39.73338882998302,0.4716961589181323,0.17526651958774997
5393,B,3.3292984941240595,0.43185217259092923,0.4267606209230228
5394,B,58.32861209330616,0.5799001730892157,0.3961864987285785
5395,A,13.482203362560362,0.3116877619050594,0.27412835245641015
5396,A,63.204897368318406,0.5035486660906168,0.27334485141024334
5397,A,57.54612633095284,0.3141489295241791,0.13910864055662464
5398,A,6.833368336519158,0.365453653506304,0.3314068359082812
5399,B,37.403004465499386,0.5743235373787163,0.25403989212167144
5400,A,94.31066995951413,0.49390264787492244,0.16256875925379927
5401,B,24.976852645382003,0.7324584472757539,0.36354844534858743
5402,B,3.551435953986577,0.5794470122351001,0.20429989773241308
5403,A,8.983723803936662,0.3956704680811653,0.23392713401731044
5404,A,71.8121746404473,0.29788094429142387,0.33811601453270285
5405,B,18.030708489362667,0.31018467319849197,0.41270409910636563
5406,B,112.05935682739252,0.4548782719086868,0.13083183848526128
5407,A,27.477440531466883,0.18430245485357327,0.2015239410082909
5408,A,17.905599869464417,0.4190286749050009,0.30650473986270066
5409,B,9.922179254416784,0.5700067189302922,0.2599235379720941
5410,B,12.875585632059396,0.49529974587386666,0.23247952112490908
5411,A,7.751675927993373,0.4773549277908418,0.3918580901207136
5412,B,11.948720323361217,0.5583926459186838,0.30320375171501474
5413,A,8.255669002515843,0.5011900325826746,0.31548599746120576
5414,A,48.79735349633223,0.5627438134031005,0.3437320390977286
5415,A,35.97590571917589,0.48193749610788006,0.3640962150521979
5416,A,5.859269156458729,0.5336414985303733,0.18994844223205537
5417,A,5.380637572198741,0.30577095770954504,0.21171851830082775
5418,A,3.3776222985978452,0.6070268868439309,0.13445683826353644
5419,A,61.27512515498512,0.4808322078141838,0.3707406448412354
5420,A,55.997345535798274,0.48049204871939594,0.18939071561262533
5421,A,2.7093436447438113,0.42741653718044387,0.2404868971533142
5422,B,115.16015414975658,0.4228885003869635,0.21355424524602895
5423,A,36.97175469159577,0.32238811675075174,0.1905936433854014
5424,A,3.9814806432639887,0.3087273817272797,0.3211913735677327
5425,B,62.60580283535361,0.45222458472701266,0.2141482053608424
5426,B,111.0585613299141,0.3235038481691055,0.31773567193125507
5427,A,105.33430642744672,0.3475652132637035,0.3659007965008113
5428,B,127.42416142330644,0.355002353436051,0.2956310722663795
5429,B,136.79319477377337,0.3777155518676648,0.5475512291108733
5430,B,34.57890197357548,0.29979884934998113,0.33069256350892845
5431,A,106.93886199181172,0.43488855658751113,0.2975715431786048
5432,B,33.627925895836356,0.4674527820681245,0.34582459037531715
5433,A,53.91450219626338,0.4432841851612609,0.2623991368869679
5434,B,91.81331107951372,0.4264844951696417,0.4284696241364199
5435,B,20.974581796278752,0.48412935164911963,0.24919696753450962
5436,A,117.28108991904192,0.540798642724545,0.24299717012919983
5437,B,1.1679985775765562,0.3852269431753802,0.3010639016637642
5438,A,75.07836574240268,0.449282464915652,0.08465794717686007
5439,B,20.94509373932849,0.45394728300963855,0.25663515032387324
5440,A,79.35286365884222,0.5402862204534539,0.169682915675308
5441,A,37.94808976716309,0.3450047232988613,0.2311208639932889
5442,A,16.44158799616026,0.4115654543065823,0.2415167526310472
5443,B,65.52079872233342,0.3462588645967971,0.45087216985311335
5444,A,11.053965842370614,0.617698341896041,0.19759827791953033
5445,A,17.833824138619278,0.2679312563312712,0.289893016131296
5446,A,44.55873511466556,0.32888370468769224,0.1722500862635674
5447,B,6.861332645505097,0.6744227931673885,0.1493252257180341
5448,B,79.8771222270565,0.7204682586485373,0.20976714634035684
5449,A,8.52909105574561,0.5873815660889671,0.2365724482366596
5450,A,13.467116740378067,0.4595161784036007,0.18617370960371046
5451,A,28.405178997118828,0.5549391933444745,0.28396615165527295
5452,A,11.940020876291403,0.34763387253790734,0.3140156530349184
5453,A,39.973295539796986,0.2676775886986517,0.13810608714093975
5454,B,87.87826446649918,0.4793415291884286,0.49587902514016846
5455,A,115.48073511251592,0.36167313737303863,0.14087095451636225
5456,A,62.040639607711746,0.5764698510573287,0.22860374828836127
5457,A,49.40515756367411,0.589453569767905,0.1875218658378806
5458,B,5.5314880336531145,0.40764214040010077,0.38440507396177237
5459,B,5.354055206380333,0.4468356665842978,0.23687241148403332
5460,B,11.526311458009088,0.24842931506323934,0.371832471084192
5461,A,39.33006105800417,0.35567589494142127,0.15230508284646174
5462,A,30.119801372346135,0.541370420595749,0.2411338448736047
5463,A,9.29195348681416,0.5089482432631944,0.40357502278476937
5464,A,101.29685204587753,0.4278766433482509,0.14490568837085477
5465,B,22.914391950387458,0.5791016783034907,0.18652710155555827
5466,B,39.56449468776611,0.48203857759549945,0.26094371024202934
5467,B,34.56135050736198,0.7074143754859207,0.2002233048644056
5468,B,99.76041508860263,0.3252405107654674,0.2339848998656041
5469,A,12.857939001302412,0.35596801923499016,0.15302249460106485
5470,B,7.9779230576302655,0.3620514091432045,0.23003695579381914
5471,A,4.308751883944605,0.41283915895007484,0.21302510804479233
5472,A,62.38597859451081,0.2047554245064096,0.31226932399344126
5473,B,62.18755058750615,0.55542179324893,0.2821325473405165
5474,A,8.690322300292536,0.3573561783868224,0.26011334929386565
5475,A,20.927228417951248,0.40079940770837774,0.21114348423419724
5476,A,1.2911694118341386,0.2670502731763936,0.2443853698669842
5477,B,41.39389784799831,0.4812714499758899,0.20207177180228936
5478,B,69.41664063906488,0.5571630778512664,0.15782221450940753
5479,A,6.63386936932259,0.3580806205620369,0.3846473956222473
5480,B,21.76038450446898,0.2774893678226184,0.3946786784697661
5481,A,8.558857913587467,0.3261682651750494,0.26940468255951433
5482,A,2.517585425251392,0.3252953051159655,0.3524710326618379
5483,B,33.14920644844185,0.5321681370080874,0.4333749864366917
5484,B,1.5085060572359938,0.43772018841438287,0.2865792316032197
5485,B,6.417737568842616,0.33310213749294143,0.34702089662408514
5486,A,48.10613423154529,0.561268440514752,0.16443971587984554
5487,B,24.43982363728425,0.6224096892354,0.44510793980759195
5488,B,34.129802042857214,0.48569838630400974,0.2513096326532024
5489,B,4.661686827967801,0.4904213895823858,0.4338362293049702
5490,A,81.63238078494504,0.5526342655647305,0.12375642525185424
5491,B,90.63091229238651,0.5570368517041184,0.24459427996630018
5492,B,151.82655153633877,0.33443272209352404,0.37043562570871746
5493,A,21.02903574176521,0.3848843579427699,0.4204098739027307
5494,A,93.42265870782477,0.3826327674512476,0.24101753665087422
5495,A,10.798537582809416,0.45937975115573426,0.1858886132357506
5496,B,47.180886551811206,0.2603775288282499,0.2560775889008636
5497,B,2.853795937681183,0.6259134036609156,0.21053792293983487
5498,B,69.81360285603441,0.5617009319214695,0.32532763064785336
5499,B,12.731247788022747,0.46480504351848384,0.2290158364178599
5500,B,68.79342072557623,0.5623801063875233,0.3276111788515589
5501,A,17.71295223268708,0.38328219841064937,0.16012114922080123
5502,A,7.352386030282029,0.361646074385049,0.15121698022703212
5503,A,43.60755046372967,0.4099363333514204,0.38919787186772253
5504,A,24.50260608246393,0.20456679011146417,0.323998594140718
5505,A,42.75283574233347,0.37283604453203917,0.3215393184830941
5506,B,29.62818153771392,0.1906059924490122,0.27824731110923395
5507,A,64.53538171385458,0.4381901098077251,0.29085021366008185
5508,A,35.50518652933289,0.27893601941831553,0.34167689553119296
5509,A,44.454071180384865,0.35169972333804683,0.39823724469468547
5510,A,123.1751895266345,0.430492999893458,0.25591267756287567
5511,B,2.855154738522114,0.46044673311626144,0.2089057570179723
5512,B,16.99193549665203,0.13257707389162604,0.22327747167778894
5513,B,28.959936203337467,0.3817575650332192,0.22753189691515827
5514,A,15.990261118596058,0.5400822364632286,0.21287773298392315
5515,B,69.30325425521289,0.5969212676413911,0.3299548455797287
5516,B,7.425403192121983,0.5938371685939943,0.26014340462546226
5517,B,17.590362975343474,0.39958846208011567,0.18806112965773147
5518,A,20.024172417211794,0.40053489189842706,0.43370425923529354
5519,B,4.536162280133548,0.48452309865625437,0.30572715590655924
5520,B,49.74373129321225,0.40030727569844143,0.14956456320870884
5521,B,33.43445857216696,0.41011301740961903,0.15862207262876785
5522,B,137.54754299042133,0.5411648625985807,0.28415538239563043
5523,A,56.915858343613635,0.38063147378037704,0.1600913859185532
5524,B,70.15854811618978,0.29659304082268106,0.25850267695870666
5525,A,42.52327356746608,0.31396547542083014,0.3429274891815658
5526,B,78.23767379635665,0.5970008220429179,0.2609910798478623
5527,A,8.849852843604877,0.3967304790900149,0.3314032693092782
5528,A,21.232845549776687,0.43546933075273997,0.28013378689636254
5529,A,28.386330722075403,0.39139443153922493,0.21476899967054291
5530,B,9.339010924651202,0.3367193870348,0.2415878892415716
5531,A,24.4654076208059,0.20935136949477762,0.44090549800986006
5532,B,16.12492600237311,0.571641220550603,0.20002873930449397
5533,B,37.428442151662665,0.5762836174782491,0.3127049662443666
5534,A,8.835716543207472,0.3894334719730243,0.2556862865029719
5535,A,116.2213701529391,0.2810528778995037,0.12408237270501349
5536,A,64.65711770414393,0.18598243079605073,0.26935730839456856
5537,B,0.7059646061246375,0.5501808311481584,0.2037482215781805
5538,B,106.14276580375159,0.332701538429314,0.27239309042273213
5539,A,29.54417588787326,0.3121177250065691,0.3727716427215123
5540,A,51.283125667590895,0.4741711659252982,0.277595920977965
5541,B,78.20327475512588,0.48417241573263353,0.291810162362325
5542,B,3.103670856016805,0.32542056850544143,0.4860438983494788
5543,B,98.31640259963854,0.3952904997572434,0.28214858935816856
5544,B,0.2339072653960244,0.29742515039659945,0.23264789139643038
5545,A,102.40985039216588,0.2947184776096089,0.23383667145905798
5546,A,6.587283786838913,0.4355916165274165,0.26639126612731295
5547,A,12.968081871268604,0.38223140170638037,0.18201203886031966
5548,A,35.20882690911908,0.39588483155268916,0.17629562964644832
5549,A,72.20258869600246,0.34793149345187235,0.10422801521950707
5550,A,1.6617795162147988,0.5358458069836074,0.18049079877706348
5551,A,180.0,0.5691210795470159,0.4081374079690163
5552,B,6.306866637400812,0.37402373958392254,0.1833933331124025
5553,B,2.9617222046103415,0.3688630535326238,0.27425577499259157
5554,B,33.92023727338748,0.5822846550230997,0.18280505518835527
5555,B,79.7007827431935,0.5333962655857121,0.33574109121822976
5556,A,27.305915766444638,0.4001349393925087,0.24123837074867682
5557,B,10.226892716427031,0.3827514517339387,0.33054598963446064
5558,A,20.028891639810688,0.4242371431120561,0.2445207588603951
5559,B,76.76031060653473,0.4782611877099031,0.10762022086274968
5560,A,15.585071688918351,0.27355425952404944,0.2871647183131699
5561,B,10.632693664966897,0.44022084009443285,0.2834327848012837
5562,A,8.621660168606294,0.40187457219421013,0.1488477497005845
5563,A,70.56768509399798,0.3845305776431647,0.27091070878802553
5564,B,180.0,0.44310265669448606,0.19310929157322138
5565,A,139.96525795218514,0.3041833534937278,0.2298248670562755
5566,B,99.86891399305061,0.34372203380266697,0.4139202281022852
5567,B,69.48820661743224,0.3240178125482241,0.2594362376450002
5568,B,46.577685810833565,0.43217486942803424,0.3807176454212427
5569,B,14.445359237089272,0.31472608116578765,0.3870986522336726
5570,B,6.604076434207415,0.5459794767058133,0.4759658528628268
5571,A,24.022325370696215,0.5807185178710171,0.10291517269499534
5572,B,32.07122672514108,0.3198111913109222,0.13805115048166036
5573,B,26.79400043223579,0.4883876928396844,0.21619191998988457
5574,B,58.36137896356868,0.6115171413667989,0.36510830751011275
5575,A,137.04108192044941,0.41229902231144777,0.4041661244309351
5576,B,9.694761345522627,0.3492131308975854,0.35622586241397075
5577,B,42.94314519864259,0.5645937336172684,0.2387003262719559
5578,B,61.46654515375997,0.4569066558757898,0.5333241745568337
5579,A,78.12549145286043,0.4391038927620521,0.40005282957279537
5580,A,29.517746048275075,0.38492654833943485,0.2834603052878936
5581,A,50.44221922085395,0.4588278243211044,0.33702879837400124
5582,B,18.470361521027478,0.3272342324390447,0.2525432524156468
5583,B,78.73801537098689,0.4907811974225367,0.34622307622956033
5584,A,25.690569604178524,0.36349981354165944,0.30782762134064207
5585,A,36.813753354436685,0.46420824113674636,0.11117183403227338
5586,A,2.690963804543322,0.3116074138217151,0.40765774857067
5587,A,53.62175917983504,0.5099790718547997,0.28806274350052735
5588,B,29.39857790437634,0.5043152991946174,0.43319173204011974
5589,B,9.229509116186977,0.2861501080570287,0.42821389144388616
5590,A,2.4421965047319074,0.3879565088743766,0.26403517868835774
5591,B,11.264624093591175,0.4346013173797923,0.19685444166178356
5592,A,76.44300411277722,0.46435586659985284,0.1276845706833013
5593,B,17.002713142311794,0.24862418560763924,0.2634479661159383
5594,A,78.41997408632962,0.41584153266216006,0.10408663928405013
5595,A,12.17693462108671,0.3365527462383486,0.19066700388571534
5596,A,17.597856721463593,0.5517782669783732,0.049019903899982294
5597,B,8.950512459090275,0.2851347071740756,0.342060781373559
5598,B,43.03717823663355,0.5701518211622418,0.15789031508756401
5599,B,154.89248351537606,0.350925376111253,0.2968535431975131
5600,A,29.540232297579575,0.39377275026079034,0.10182701050293455
5601,A,40.85921733515558,0.4177405393225296,0.1152904555429237
5602,A,15.244650040481242,0.4684507604135406,0.22118218982155416
5603,B,117.73150021256124,0.4009927541092952,0.24577089768177296
5604,A,40.395644279608774,0.4926334473091435,0.2983339103980172
5605,B,20.342313686588223,0.29381378359217175,0.35964784013398965
5606,B,104.00176940087471,0.5297362062479763,0.3047334981249587
5607,B,160.1398847918229,0.314867603874672,0.16986344405703885
5608,A,15.90833729064094,0.526112358033383,0.2857746287995201
5609,A,2.5690395563295003,0.3158355711094107,0.36044874563169593
5610,A,0.11388372653850794,0.28539161385885875,0.20403046399136926
5611,B,18.11559423431349,0.4938948565523338,0.17466061299861935
5612,B,122.55784471357158,0.5315312439450504,0.23407019188994893
5613,A,4.798812935665345,0.5199967843481778,0.20728933364899946
5614,A,70.71404469642779,0.27560101006776605,0.17216387551829238
5615,B,180.0,0.309382872696508,0.27118840398277033
5616,B,83.08893811560098,0.5217103525676366,0.2958682478770907
5617,A,146.48915400094376,0.24043780535079518,0.22820052641742272
5618,B,25.722449332924032,0.30913850959547823,0.37735516449318973
5619,A,25.05647587361268,0.2619932771332614,0.2793008459330654
5620,A,32.347908007433155,0.592200116953463,0.16213078110620938
5621,B,48.76955402359862,0.5246848621791719,0.4801287364661595
5622,B,23.54821207426881,0.503280830079841,0.35847927036483546
5623,B,180.0,0.5169743691483866,0.3236477659555931
5624,A,7.146798791985708,0.27448283917773647,0.13089398765633214
5625,B,3.6537803338222865,0.44365715798912914,0.2827326073118788
5626,A,36.036099966303304,0.29768182738146387,0.26174047568442416
5627,A,7.03126206430786,0.2867026449568599,0.5563490567599974
5628,B,116.25522625721199,0.4464155823441833,0.33356772954792796
5629,A,42.5127180219524,0.42112535267872375,0.2856740080418251
5630,B,4.028604119618425,0.471485367545269,0.31473450561727506
5631,B,2.2419289347203253,0.31019489138324297,0.38408723321000526
5632,A,121.81188786892922,0.40615019657516466,0.36879562262138466
5633,A,9.800150803386819,0.32594366831420024,0.17225907655773046
5634,A,65.08417352099794,0.2005051235672972,0.2222930832659481
5635,A,1.070235440695675,0.5119391358008231,0.2047643296689578
5636,B,146.24496467021214,0.5174184626056965,0.22873813409156088
5637,B,105.01546802615906,0.5325265077846663,0.5099479508875582
5638,A,21.18597894031138,0.5203006671547203,0.14579338303535944
5639,A,5.281883556569737,0.4481326157439858,0.2698019175498024
5640,B,23.33397621563863,0.41790094693678914,0.17871855165835004
5641,B,164.26846083392266,0.46557834497749195,0.31470887322794355
5642,A,19.556935114057392,0.29124051145052837,0.053609791570831046
5643,A,8.57700146602324,0.2699357669367686,0.0743723887870069
5644,B,102.93218066980992,0.42425268460279447,0.27110764337414717
5645,A,21.02828779447756,0.5375759865135665,0.23326145502709492
5646,A,24.320936089110482,0.34788206769805374,0.08545823081265817
5647,B,120.77588007613758,0.4291920874334865,0.3695466916290792
5648,B,47.01597699733011,0.33620280892595855,0.22122055084775055
5649,B,165.2528127222731,0.4880861747934687,0.2417093958833255
5650,B,86.24380514044796,0.3056264142395606,0.2247230762607691
5651,B,146.256519024018,0.5020746348943156,0.2358062316839928
5652,A,16.088389281561497,0.4210514383819496,0.3673648027674367
5653,A,48.101546279456535,0.5513863664921334,0.14750992751275954
5654,A,113.01665682218099,0.48308605507981056,0.2714601787999648
5655,A,23.031828296426973,0.41064965698930667,0.323183140898926
5656,B,17.191449254814117,0.36096345907206145,0.20842687803312285
5657,B,39.49376506432216,0.39874681497466935,0.1557325519904536
5658,B,105.16491900236426,0.7044722247446353,0.2077118197634068
5659,B,45.07649301610089,0.4003998956332493,0.5121001315323921
5660,A,9.612810417543184,0.3725720067735947,0.16762244783068045
5661,A,14.206559175580654,0.3955428097949855,0.14435988213534454
5662,B,83.9771320991973,0.4445774850905176,0.2623723124526241
5663,B,180.0,0.3234073443229458,0.2110184397504727
5664,B,84.89085037328837,0.5999991618862782,0.38522578611081265
5665,B,19.700801752891437,0.2683574793844026,0.3213744605012506
5666,B,6.570537806544299,0.5250042787418128,0.38685301262090976
5667,B,16.560992080314925,0.5283953792925973,0.39982293385549256
5668,A,86.58694339541084,0.5791669274552703,0.32383908227038083
5669,B,56.5267416180967,0.6319378850479532,0.263581033707642
5670,B,0.5722439540451825,0.5306495601431257,0.4431250923190777
5671,A,38.150580124259065,0.36106020865465477,0.11368269826494878
5672,B,10.939439736897477,0.49291168339817676,0.4746401545679188
5673,A,27.314537727997788,0.5083653757805455,0.2464224854466662
5674,B,20.58499569191083,0.39800878340962015,0.2618832944760697
5675,A,7.294123545357066,0.2471873535206225,0.1134007386078675
5676,B,108.22462101561455,0.3037775138111517,0.33063312517399956
5677,A,26.880359425995202,0.4595160854611519,0.23745413417007313
5678,B,2.7222442887530356,0.2911696252611803,0.21776250211804846
5679,A,14.68853178623487,0.2504220543588759,0.29621633989721313
5680,A,129.04065028598262,0.47109884988193007,0.22680744347354118
5681,A,96.96463479489937,0.49158369172320243,0.30924131143298866
5682,B,2.6637570159194266,0.431454113817775,0.28619254554795504
5683,A,3.9434636062588915,0.3098268398653352,0.0879720466290845
5684,A,32.715966105442945,0.5488582931851905,0.38010631399285333
5685,B,41.72879262360682,0.4206360696530173,0.26020874356847895
5686,B,10.177989101106984,0.3068041623416723,0.4259062989659767
5687,B,14.422502248886907,0.5081245596167467,0.32733129118989185
5688,A,11.473539164904315,0.4996012786535424,0.20964181216504268
5689,B,10.588775876652255,0.3305454129291387,0.2407451279716247
5690,A,23.802781999983495,0.37589202545756006,0.3411659023231175
5691,A,94.24511549963641,0.502145342747306,0.23943036340712956
5692,B,45.309390133437,0.4977478924847514,0.27309621986349947
5693,B,2.971807735091241,0.4201063101751631,0.35966558956953315
5694,B,146.29738208381113,0.27914481629264404,0.16778077245424827
5695,A,33.73867180995118,0.18096224160041066,0.2640683506420796
5696,A,18.305501580992562,0.5688749730770133,0.12246498354373805
5697,A,10.487381852856847,0.3044442918321141,0.08474862247054016
5698,B,6.833116843595823,0.376067252767592,0.32949745756558657
5699,A,72.49785885302386,0.30185810132994084,0.13390742548877937
5700,A,44.079515366901155,0.16776820844852713,0.2541399127478493
5701,A,28.405567940635375,0.4058615464512392,0.1485498075647816
5702,B,157.46445203020937,0.49104052897112216,0.11806822702135782
5703,A,11.035861276699823,0.25303473730736936,0.18270979608117044
5704,B,78.29428278828975,0.5481738758442212,0.26954998365763233
5705,A,18.307602362251146,0.47954104035175377,0.22188154251644857
5706,B,91.53836474712891,0.3278817009821398,0.5389673864010602
5707,A,144.67361104771098,0.4090939522377448,0.21596955940468937
5708,B,9.86537395617583,0.2830036126948045,0.25347399905643225
5709,B,57.594875649338455,0.5896646981346662,0.37232281387552174
5710,A,33.037045319173906,0.24463635388214686,0.39224877689392185
5711,B,88.33050060977307,0.7311829638480236,0.30730333155264045
5712,A,23.039629748621543,0.4190307708086583,0.19720391733122694
5713,B,42.45934198953654,0.37149664676257926,0.32500833570775683
5714,B,41.64673720473212,0.4493049399635446,0.3489237955988045
5715,A,33.16212722057187,0.3395921589115262,0.1768515947763625
5716,A,67.92932561907593,0.5002205111208454,0.2949098959971501
5717,A,18.705623080147607,0.30232667800252727,0.3209208351129676
5718,A,8.859342645018451,0.3765354551324037,0.25775287207545716
5719,A,39.569527749805715,0.37821051119749516,0.2340039480370652
5720,A,49.24053886304097,0.42896019645811384,0.3039513057421016
5721,A,56.12809398920515,0.3512202744065887,0.2240073060831923
5722,B,9.030071543544617,0.2829558973106254,0.4240833788281619
5723,A,96.16344736710653,0.5473513139212102,0.13809199825128407
5724,A,20.87553969221202,0.4844322481132137,0.3621112474000688
5725,B,27.811280907107445,0.613626466013023,0.3838245968165288
5726,A,3.525537901018188,0.4606469496527824,0.35567929889269
5727,A,143.02889570193847,0.5686728744074628,0.2414858583820611
5728,A,25.692779635529924,0.22434929187200886,0.2555108611093724
5729,B,8.484027685149968,0.48808791535408474,0.2762929157394353
5730,B,180.0,0.4014148563664842,0.1530468469430885
5731,A,43.9287018502316,0.47189213428087234,0.22186015706576317
5732,B,60.04474270122967,0.4811011522260618,0.2662004519392342
5733,B,2.5809441699462004,0.583093776336867,0.38483940032066616
5734,B,33.6819679635813,0.3741417606246979,0.33135950716436563
5735,B,52.83262602822848,0.6044759174133989,0.3810681612287209
5736,B,5.2274658217643255,0.5404443800535611,0.30739135478472623
5737,A,49.388798033545314,0.5045533691719554,0.3693685453240666
5738,A,35.5855607348592,0.3569855805734014,0.22845107600045209
5739,A,10.338171911182727,0.4386162183571551,0.19049410055744748
5740,B,56.866713500775326,0.549398052700377,0.2019407613821178
5741,B,10.148842141105451,0.3883378634358157,0.19434535298656103
5742,B,27.25033775554443,0.3618367576911251,0.3631926268093579
5743,B,51.08000696693416,0.4385109755445961,0.21242617186641213
5744,A,63.318650264353394,0.46040510524536016,0.2606170660709908
5745,B,23.61920671382379,0.6084319853561367,0.3972733648176337
5746,B,24.932073075158343,0.48007766117110334,0.341497004360339
5747,B,96.48268657239477,0.5827639865154236,0.2865441996221833
5748,B,19.239937689525433,0.5178012722737376,0.2769991029240422
5749,B,55.368262476291534,0.5225400153165703,0.19254889177760642
5750,A,73.27691921332843,0.30735234288227775,0.36553927820315196
5751,B,98.35732132618607,0.3616408431321416,0.21394778590220018
5752,A,36.231393080222794,0.45725406424644227,0.19703635984257803
5753,B,8.613305070567835,0.33499474809917695,0.33701023040948885
5754,B,2.444838067115371,0.36007797352728127,0.26162928498011817
5755,A,30.17372722989752,0.5272394060947558,0.3790831937627184
5756,B,90.79333378292823,0.3744890310110589,0.296334861978588
5757,A,5.443585203375561,0.3784387276702152,0.19423933679872296
5758,A,3.9458764985362493,0.2685358453566011,0.27853875582448384
5759,A,18.668535134269266,0.2687104700025074,0.3666182059180111
5760,B,41.65323391125322,0.46621430412171944,0.38090690796086835
5761,B,91.4433350529325,0.408960766783525,0.3293493426923026
5762,B,12.457760112156253,0.209776861834479,0.20115812036680264
5763,A,16.75308358220199,0.36672065914510205,0.3097138474028463
5764,B,92.95320476038123,0.6008767418858022,0.3843432539662888
5765,B,5.208496431873138,0.2695127437456389,0.24933791814036627
5766,A,138.22529292068495,0.5549153107436223,0.3118484290658916
5767,A,68.88293244014329,0.4461933603356809,0.2950025332062441
5768,A,48.53641613195012,0.4318351353450742,0.22594576460869015
5769,B,111.66054568351446,0.3339004202090748,0.13879397798535953
5770,B,89.9066655818907,0.4912906877265057,0.23390404261842931
5771,B,43.56512707273283,0.47708238805561043,0.4120771879954903
5772,A,32.80865965004228,0.4410382276608738,0.11749514312795957
5773,B,48.74276624334242,0.5418122483780367,0.23689887333098128
5774,A,8.242332639114236,0.5144558215824492,0.2560540366815934
5775,A,172.69601060216834,0.4286683208264893,0.2769311973674634
5776,B,22.069305681321413,0.6584673318076263,0.3494867981437699
5777,A,21.153093684762936,0.6886667312320707,0.10172505457023456
5778,B,11.70862095554194,0.42956395367647954,0.3297664886332371
5779,A,5.08884253410181,0.42444797076417046,0.4207089902194111
5780,B,31.60422961784992,0.4279353089687971,0.31916724566817173
5781,A,30.636956221011197,0.545019453710778,0.2724707195641584
5782,B,55.70987865161446,0.46512941710090305,0.3917413636699827
5783,A,93.21559160879833,0.5775331922116369,0.21580776100819857
5784,A,98.2325708488759,0.45396427368125647,0.3139019469450044
5785,B,180.0,0.5283847841978082,0.1707954008982057
5786,A,0.4961918212336105,0.3993971803934399,0.16526996630599575
5787,B,88.38195376265735,0.471705300401506,0.2725915039785391
5788,B,29.62467194758739,0.47738087812114977,0.37408742419653435
5789,A,97.83695041633797,0.3589456418697502,0.22080750042993844
5790,A,14.253569514112137,0.38671860441785794,0.30311358805261934
5791,B,70.7014915074455,0.4408084280301307,0.37995436911795283
5792,B,5.9458049016943235,0.45726197045983247,0.4128593822988833
5793,B,27.882662723478308,0.36347865088737624,0.19061557005113974
5794,B,28.76921242628957,0.2876137917072782,0.520921332180942
5795,B,180.0,0.49400569059892935,0.3994649540384886
5796,A,1.7888450781713663,0.40572666307613475,0.35328680297677445
5797,B,25.790002311246614,0.3251408842346703,0.22435268138454825
5798,B,4.5216571598466375,0.37446138823329306,0.21325312184869002
5799,A,84.71231590235541,0.4806174617606932,0.4514249332796862
5800,A,89.73545118717264,0.3095956749389991,0.2400469921092298
5801,A,40.81106450122369,0.4466583778112824,0.198963168643332
5802,A,38.44505974752845,0.46762339776080286,0.3225875305381556
5803,B,3.618910302976831,0.6001144380777075,0.18127645293878153
5804,A,75.47805171666104,0.2813029626071552,0.2414957298279633
5805,A,69.44520686197106,0.39783332237967345,0.11636912486915371
5806,A,99.37054001965838,0.4640961882946397,0.25151024724542875
5807,B,62.327297244613916,0.3158318415932468,0.33757185523332434
5808,B,17.74311684356019,0.4098448275797061,0.22156737461488923
5809,A,36.208433237709265,0.5205180994313187,0.16342470510959756
5810,A,154.3973126812822,0.47038666772420157,0.10341963785332686
5811,B,105.6586683902515,0.5410895369891013,0.2858908843095039
5812,B,34.29978431226627,0.2070428663372256,0.3262714551358729
5813,A,180.0,0.3333293341523747,0.3144949674142355
5814,A,5.576151638499857,0.7611159968941579,0.4360204563406938
5815,A,85.23373492032232,0.5699542942384719,0.2900880958592166
5816,A,31.175629165204608,0.4113265056829323,0.23094478249165806
5817,B,20.8537429893815,0.3881936070846197,0.265430884534495
5818,B,74.01854517728812,0.4780427350354042,0.305424708669665
5819,A,22.064159243575144,0.2860774586558295,0.24017089456374613
5820,B,28.105059257380216,0.20987729090966403,0.2874460620902728
5821,A,42.72828527936851,0.36347913715609076,0.27936827129886177
5822,B,69.52711110479179,0.4757507654569961,0.36641267429180313
5823,B,65.10841776190654,0.42258810561910015,0.27588451756289306
5824,A,2.5916682397935937,0.4664655733378518,0.26632969011144975
5825,A,31.77691364336679,0.478200749898033,0.16561841556579907
5826,B,66.79407185088553,0.5429871865707471,0.342715441881823
5827,A,92.1192722933336,0.4410850638197228,0.3414553375925796
5828,A,10.805113221835434,0.2850819286715172,0.38562878884794755
5829,B,101.17968982426645,0.48094826235675175,0.34436759958776325
5830,B,98.09830323928742,0.654410437494966,0.23499314646546735
5831,A,25.011241768970663,0.35422178177054603,0.15170003863972104
5832,B,56.80771348107518,0.349165082399048,0.31832064229336776
5833,A,126.21582262321837,0.2918218502826366,0.3329013110991495
5834,B,163.57478056013082,0.3526016011581218,0.42222825994337493
5835,B,1.0891565718088871,0.5931312294554989,0.40348206373221335
5836,B,138.59663718970208,0.23170544389930842,0.2491992636432376
5837,A,25.182112688263004,0.3676269767480454,0.21028713849030464
5838,B,8.344244381369435,0.32877860869183645,0.4517041626982481
5839,B,12.365825324621367,0.38641759938019365,0.3012930789548256
5840,A,19.968289890416084,0.2142541779287519,0.2371469449725769
5841,A,26.13497647214141,0.2764369472689126,0.21731908156671384
5842,A,32.97733896200022,0.17566425408946595,0.269117205777098
5843,A,44.98419688685781,0.2741317795427952,0.14227381562723673
5844,B,88.42350934703683,0.43656442443286697,0.44753476506008466
5845,A,72.58085687578374,0.30515368129151965,0.11024530468854979
5846,A,27.074993233404467,0.29295359001383836,0.29612822048330245
5847,B,26.6006879709848,0.40966916378552015,0.34447031242537696
5848,A,76.54052907702903,0.21057258851713637,0.24226354303765305
5849,B,28.804114742486483,0.40479841190626975,0.25339138622410573
5850,A,34.33366733803886,0.39340890887039015,0.26844746415520326
5851,B,15.743755270468071,0.4837357949258074,0.28380678343827054
5852,B,13.216916472947446,0.706312716849633,0.16329789249321727
5853,B,5.840562265972935,0.47427340936271095,0.2728057142861241
5854,A,18.59471248844393,0.4912695583864675,0.2086967948866597
5855,B,11.394016378641119,0.3657895484457876,0.32239144402623965
5856,A,48.276034867165606,0.5567822527481542,0.25697533858466715
5857,A,56.91887012226334,0.495202261648359,0.25421187443221616
5858,A,36.745029343589486,0.308786598667521,0.2736563823906248
5859,B,43.494459831255924,0.3701603418415988,0.10197767241075081
5860,A,2.6226350872762354,0.5020509848381104,0.18006875668906844
5861,B,63.76493173235495,0.5101488394551548,0.22918088040616233
5862,A,8.378481324739871,0.43107225623863565,0.18203972870783058
5863,A,15.115014713572753,0.44559877224156635,0.4965113600662474
5864,B,69.81620160331516,0.46379302465563116,0.22876641144366763
5865,A,14.947083325476965,0.33606617711737347,0.2529435920935911
5866,B,24.036013414135425,0.4065366292753892,0.38587982186594183
5867,A,50.358725446337814,0.29392808864360315,0.30005090171813287
5868,B,132.62427513401906,0.4838626138113158,0.40374777375512794
5869,B,20.726209057312964,0.4290130976671747,0.3172818181156202
5870,A,0.8333588832562625,0.3393244186386449,0.08008158679476138
5871,A,63.41776699451175,0.23046746063116047,0.05523138972978367
5872,B,6.126211514395332,0.49073082696785814,0.1253827646123445
5873,B,151.03299454314896,0.48153529651250987,0.19686985072332427
5874,A,13.875787821464911,0.4499062793320616,0.3385642456813218
5875,A,16.69929043836667,0.5718416684413017,0.27307936065813215
5876,B,40.45609985114228,0.572552738251777,0.303203333943964
5877,B,180.0,0.5904860701168658,0.21811878379387434
5878,A,33.77633711180349,0.4259886888398505,0.20215003717373298
5879,A,10.946311486767373,0.31999341800723424,0.2976957426079584
5880,A,97.12063856461022,0.28967063778547686,0.16216143948603073
5881,B,26.01691050236161,0.32395110435525865,0.11757357448132055
5882,A,4.01554496085465,0.6152980672944515,0.19788544656776277
5883,B,73.64830704213054,0.402917300391044,0.4635931767687936
5884,A,26.445371547931316,0.42267554374528993,0.4232141663294945
5885,A,85.19741307435748,0.6546723460666887,0.3655550139285861
5886,B,6.056061711768555,0.5381842680948302,0.4403625872313066
5887,B,100.08392167390251,0.18837735116434282,0.19959795455752952
5888,B,9.73299979240821,0.40720700982325947,0.2966715378313081
5889,A,43.05178278263652,0.3639650897759899,0.30008801489168113
5890,B,3.6998701411471324,0.31443534535921513,0.2639542995300669
5891,B,5.349097607441535,0.4138033411642259,0.17095031431762175
5892,A,15.559952016858837,0.40849342716029474,0.19276538361235906
5893,A,24.57174322021969,0.4719657272011924,0.3494928118667857
5894,A,55.19430643867895,0.6523704177445916,0.23918654510747206
5895,A,162.97301283263175,0.5150846157425285,0.3544365669901789
5896,B,42.38175281631889,0.47544046989104,0.3754869015600882
5897,A,100.63006735813912,0.36727801708789776,0.17801372895409656
5898,B,17.946894483091967,0.33093519925966164,0.21575341353043415
5899,B,168.63720197924187,0.4885278337185527,0.27279129352470227
5900,B,99.58650297203754,0.47309131219143047,0.21506639098428526
5901,B,84.55797705776592,0.493296618015229,0.30472368214032464
5902,A,18.86437474097359,0.31939621488020326,0.36027921377440913
5903,A,180.0,0.39605139556528024,0.18002670232747506
5904,A,0.15798686629429537,0.3052679195922946,0.1308691869929159
5905,B,86.25917069748012,0.31100745863072826,0.17864245622802488
5906,A,1.2608386824258837,0.47220227384776775,0.19609344188277267
5907,B,115.09947666073269,0.5030192422683673,0.2885081096761375
5908,A,78.13644887081287,0.5940035142172916,0.37217901446179463
5909,A,10.011246088756822,0.6870032713747714,0.16756470701235815
5910,A,2.8212349230198868,0.41546053599927546,0.25828283801435
5911,B,104.20998031563002,0.435938535133524,0.2793393132311546
5912,B,136.96675949909582,0.41633837776795496,0.31370745641315717
5913,A,12.181110015713642,0.3385359012707922,0.29950084565270724
5914,B,141.6306499701404,0.5380287148776849,0.2367131459939816
5915,A,24.9885171978272,0.42158122506878953,0.36529275722965876
5916,B,18.422544839985115,0.2551749949547035,0.43988289468880304
5917,B,12.890943447043151,0.5275954793240792,0.2154062302118742
5918,A,59.014476913250235,0.3769329415713451,0.1639196402118631
5919,B,53.575309432588384,0.3754514404274446,0.3992350891245539
5920,A,44.05765013232658,0.2512336762550437,0.1935415862886663
5921,B,6.844553354415162,0.6600297395533816,0.2705206444097897
5922,A,12.209029064459276,0.41873799133605816,0.3104477491195035
5923,B,12.3329905988816,0.4771446783157393,0.48462341238306744
5924,A,31.486930297339836,0.3086888063212904,0.259034397473537
5925,B,77.0959492690021,0.6667331362860222,0.27658281542260144
5926,B,54.49210764736416,0.3830592671908505,0.3673789803344691
5927,B,54.71748099189606,0.3758366161434435,0.3183866456166787
5928,B,156.4463905472232,0.5213886345487867,0.40349676052073774
5929,B,57.27747006173738,0.3754263038035623,0.29037131628548696
5930,A,117.29644630673829,0.3869055079239677,0.347747069926929
5931,A,75.93486716418592,0.40975661110019873,0.26390865460188345
5932,A,17.56639698616747,0.5749119381398842,0.15684032240408388
5933,B,29.3038704731563,0.4866918469318452,0.336247083946735
5934,A,180.0,0.5487537109446804,0.28848738759530446
5935,B,17.106226152538373,0.5490217605859339,0.27114466883786636
5936,B,21.493109100336582,0.45168498979978694,0.4335685407424348
5937,A,55.490777821277675,0.3262998430348729,0.22381848705511515
5938,A,2.9018025888539847,0.45845070770972746,0.2527089309322092
5939,A,1.6107180201393279,0.5332327495369883,0.2274971084182745
5940,A,8.29859767821376,0.305902164745347,0.16788794100541235
5941,A,58.5640555270853,0.4288731715412903,0.11023522758706651
5942,A,9.135946411586364,0.32809455797503606,0.251408282418407
5943,B,16.924535732977702,0.37048164266629946,0.2320575009172878
5944,B,1.851970116236357,0.41902251356710846,0.36327905533723015
5945,A,32.2374925502837,0.40514772160807055,0.19656500393656123
5946,A,4.405484781888307,0.4466958248272991,0.38057263311325656
5947,A,114.15903406618109,0.5241903089417974,0.15720354669710632
5948,B,15.76818959673227,0.601815493693939,0.4075885200388992
5949,B,93.81086832723533,0.3457570595567247,0.26541669654583505
5950,A,18.969050320714842,0.5867421285413551,0.23433366416515558
5951,A,107.43314087254409,0.5398838750177994,0.2563694797475687
5952,B,67.74536352902142,0.5284006729749979,0.30991849074788214
5953,B,50.566529618566875,0.35436008497359794,0.29490682326007683
5954,A,130.41736154633927,0.5296368394888321,0.22750785128222686
5955,B,120.89404974978142,0.6386445355702585,0.29343688964694997
5956,A,0.2766377051268662,0.39992001929290744,0.3496819924606984
5957,A,28.074301409064386,0.3019360865206617,0.39173558330477887
5958,B,15.94814357692828,0.649906820291051,0.22995330291745686
5959,B,44.82412863460314,0.23419487694404073,0.201348790465497
5960,A,1.1234298065901929,0.2336535296093468,0.1955068998171884
5961,B,1.6550347366032336,0.316003343540071,0.4661382686253412
5962,A,107.7086369043278,0.5262718521536262,0.2987761774823794
5963,B,115.73560231056872,0.4844255195945154,0.08409406679828912
5964,A,32.87956729893065,0.5197875778668222,0.2540442137443008
5965,B,30.87400156831581,0.5204071500739673,0.4378428678068669
5966,B,10.184641213814963,0.4304903843778392,0.35893877794153367
5967,A,3.505545742002732,0.4335523192945806,0.160509346726513
5968,B,14.22397924992175,0.3893748776695639,0.5941408881619513
5969,B,98.04334176851766,0.4513159767077314,0.3412493188948478
5970,B,5.990052929231408,0.285571880686425,0.22450383598314583
5971,A,5.258015786373107,0.11450798170861362,0.13123466478421775
5972,B,134.83465213617137,0.48672138595994136,0.3305778802019983
5973,B,24.312438734859455,0.5257145979286243,0.2095412428261843
5974,A,21.767021763917274,0.35902074127880074,0.12571921186579157
5975,B,15.03476729104877,0.234230775287703,0.26747244487426564
5976,A,126.77947059286083,0.29588709414655034,0.2794327561081557
5977,A,53.12752433732592,0.4322895297352296,0.2856234102759368
5978,B,20.969290758311505,0.5410513840147045,0.3310586304839283
5979,B,27.347365194342707,0.5039010721866883,0.2483708369633784
5980,B,41.30481761421369,0.6068036328382425,0.3591657342604105
5981,A,90.99315627786308,0.27445445394677737,0.18368046589666845
5982,B,45.959767313090964,0.5353865410926042,0.2733624886044097
5983,A,20.53920808909651,0.49054950610148473,0.1837741471928238
5984,A,1.987884629092262,0.5401820669331525,0.18884764930744544
5985,A,164.7877857848575,0.20613718786340374,0.08293733493215612
5986,B,30.881754076312976,0.44218378340059206,0.34650786003462436
5987,B,30.74487944001387,0.35608126127968615,0.21300830176411642
5988,B,17.46638946317654,0.4596449466733068,0.30192989044858853
5989,B,25.178375640173705,0.4481822732277971,0.18169519870782722
5990,A,0.7794970507897206,0.39583013960981794,0.3605537453211906
5991,B,32.73365856898771,0.34676519204037637,0.45489587014648913
5992,A,132.74257138399713,0.4027342044916991,0.11746120543875775
5993,A,20.697224979653477,0.3686758731876503,0.28391147903972186
5994,A,0.45637462022324427,0.24869003961580013,0.3222541822254672
5995,B,47.33450270229312,0.5469002777037325,0.2429875155240649
5996,B,7.2834761849682605,0.5066900281247739,0.2948806157605723
5997,B,75.07824690004692,0.5984528750937264,0.369835483365043
5998,A,52.58106283012319,0.4175753114062448,0.25123704855693985
5999,A,177.2734421585619,0.3214267372622322,0.13512870798062263
6000,B,59.343490664007916,0.40323386687412166,0.2686106733469533
6001,A,151.6701038048633,0.4483861541336632,0.18131976671565503
6002,B,18.455646388714648,0.2352034867601723,0.4422383603078736
6003,B,31.978541665280474,0.5026917362787463,0.2833990382034188
6004,A,7.896127468183651,0.42676958462542963,0.3543068272482195
6005,B,152.67846294874926,0.6487497145165897,0.4448125733037266
6006,B,1.075877432976303,0.5911974952578744,0.3410114542783298
6007,A,8.998821559008405,0.43723876968923947,0.15331665546997336
6008,B,86.7292559005369,0.43769335755617034,0.23274082512440775
6009,A,37.51420050576027,0.4004210166160268,0.2915287291331039
6010,B,37.277546960608454,0.3116106182360012,0.26342081086974
6011,B,50.15212164655228,0.6555201166842148,0.3643300971992441
6012,B,59.99238982271679,0.5637790254905509,0.22556427192588144
6013,B,31.659843567943433,0.5298411871908308,0.2827399638874569
6014,A,45.638664287629034,0.4646919349260906,0.1256578955548334
6015,B,11.07701272774436,0.2932877457099324,0.21299548819716607
6016,A,60.517681053210225,0.3059330380729957,0.19118707349467842
6017,B,124.97714564296744,0.5154921937626648,0.14304398706110227
6018,B,70.08599492641893,0.608496333358177,0.1721809701961514
6019,A,8.987970924794235,0.3917334816297371,0.26083129638095603
6020,A,143.74602338088542,0.5012105489418255,0.08822465975695198
6021,B,42.642521097860964,0.3124707136694917,0.42077898017443327
6022,B,30.941787081047377,0.28976820604814507,0.31516729795950693
6023,A,45.81698848298636,0.549421209822553,0.1880859907517234
6024,A,84.49308287567762,0.45345171763125,0.2702587349186153
6025,A,34.950224655799964,0.26567029971761563,0.32112578448712653
6026,B,35.97418915571243,0.34174095590309267,0.3069929757296774
6027,A,24.070861673930587,0.3545332278357883,0.10330712832305693
6028,B,90.20184691109259,0.389258720421458,0.16119866552143416
6029,A,170.1110390925901,0.3480774872163386,0.2864746082785689
6030,B,0.6542760743282398,0.26173922125986937,0.253185047882363
6031,A,39.26539122449618,0.4741128193734312,0.32641713844474574
6032,B,104.25818114831569,0.5175718469061565,0.26536569220372064
6033,A,90.74052436208137,0.3307363469037085,0.328523126072173
6034,B,2.489767807903737,0.41199203661176115,0.3264603870602836
6035,A,137.8731738983318,0.1970602481260134,0.16492183138153965
6036,B,49.75809085550775,0.5164492964157259,0.3359624331749684
6037,B,21.06774887338117,0.4537981681509624,0.2587191801142815
6038,A,50.62598335924002,0.5606881633812912,0.21904736158783825
6039,B,58.9647650629711,0.46607490741667507,0.32286279866513107
6040,B,4.650086508701944,0.5200896976515063,0.2675583001106769
6041,A,35.82683914114922,0.3326581862868273,0.1696500070024659
6042,A,0.1582662784860853,0.40098112442118505,0.1898729653133874
6043,A,1.8379104224704501,0.45631647457639535,0.19326830507292475
6044,B,42.247639443582514,0.5672182394919228,0.25059107586575846
6045,B,100.49718305174311,0.48995807950478343,0.15230611586891069
6046,A,10.089366203219107,0.3592790966490562,0.1859863399185181
6047,B,35.48895988233652,0.4992032438059436,0.49504290412274254
6048,B,4.582103355161459,0.3152999408628437,0.27188147525964323
6049,B,1.9809352604132524,0.30555949339605676,0.32494352417445693
6050,B,50.47902487792071,0.5778326825953076,0.15899025439720377
6051,B,3.747435292950125,0.6229951082931129,0.2597900724662974
6052,B,3.845791978468491,0.4849875299069643,0.3299916875851744
6053,A,9.2612372210413,0.35440988971061677,0.2312806441590561
6054,B,28.815794214222432,0.6370545275624996,0.19808172581477576
6055,A,13.232130667680536,0.7049955100755816,0.39900429619171557
6056,A,16.368722611256334,0.34645544322174326,0.2800540897871951
6057,A,20.0875248692046,0.5546604965971335,0.3134646306450125
6058,B,12.225207570570443,0.3389209895370099,0.251638279528965
6059,B,11.876915520541461,0.497523655299574,0.3572896264604328
6060,A,24.554459576829792,0.3205644285200623,0.3260291816889602
6061,A,4.684575797132882,0.5268431437172183,0.17401346020803804
6062,A,1.9478417367903929,0.30540228103276457,0.2772984961898766
6063,B,34.10188954875496,0.49009028505977287,0.3624058644168447
6064,A,50.430937973203946,0.2743517974223824,0.18792211776942716
6065,B,17.14014627279414,0.49520419524406345,0.3733248079700669
6066,A,34.6838242640816,0.5094685118153455,0.3203594335828852
6067,A,26.42608686965749,0.3803389544026144,0.33280582327796154
6068,A,45.284611213911056,0.645612193469974,0.22584139952157742
6069,A,79.12793814700954,0.41275104572345755,0.32650915470970854
6070,B,12.871113275989702,0.5706691304496295,0.34972431169011986
6071,A,25.11358017714797,0.4589495683707743,0.34001685975966633
6072,A,46.11445729232358,0.32674930115099227,0.20289575088394993
6073,A,138.14358185752542,0.2832788416592481,0.4019036288132349
6074,A,82.3606790649122,0.34863397256496126,0.18368184927452494
6075,A,24.9807282609902,0.21055272649924528,0.3327732835259573
6076,A,46.56780753722743,0.470666812783224,0.35264496098359344
6077,B,37.56479352773509,0.4530396675018079,0.3029397651219836
6078,B,17.874260944104154,0.46220751367706503,0.26592473965280305
6079,A,8.769836559861854,0.3357906158200267,0.22730107649655298
6080,A,36.99756183185718,0.40594728409401265,0.2391228640331724
6081,B,4.348304545174301,0.6186368290926553,0.37345686722913063
6082,A,179.13356081130874,0.62060891274995,0.18987091570661346
6083,A,32.87093151195178,0.4211376785213576,0.19700402588876523
6084,A,118.17351512533736,0.4568745971924846,0.354290899011302
6085,A,23.540662331751754,0.4614701820662813,0.14334211067953945
6086,B,59.69759757363429,0.41885226082812826,0.17446111714306356
6087,A,180.0,0.3341926047391114,0.3636803258542013
6088,B,45.80903302570903,0.3547412039272119,0.2820880997866456
6089,A,38.954035391621616,0.41141088855964264,0.42195214183988344
6090,A,1.9434747483925934,0.43145955393474333,0.4616658807587542
6091,B,12.397104399902167,0.3176443607550289,0.3341598182654039
6092,A,39.76713673141755,0.39827879593419324,0.12909758067563729
6093,B,45.388901616648305,0.555596496888237,0.4199354421693493
6094,A,14.444748561475016,0.33962350519052054,0.14735558654349465
6095,B,161.94271473608785,0.4093894749530347,0.3657753138903246
6096,A,1.4859246993880815,0.5742775872040861,0.20590647593548697
6097,B,162.99407152373269,0.5038951626388355,0.3622743962778521
6098,A,77.37976268661116,0.44575912408939666,0.3288196356645458
6099,B,39.476524660195835,0.23005193867497634,0.24664685293598831
6100,A,14.516573702368651,0.3311146098097827,0.28611483516494307
6101,B,5.365032611448268,0.425253183607227,0.3147173059628822
6102,A,71.6547553825882,0.26407773609704316,0.14590088388830855
6103,B,31.867245281483108,0.642112754796916,0.31522379520158245
6104,A,15.299235374070319,0.26280550046498763,0.1590739899655031
6105,A,9.723443581011791,0.46265425281363715,0.4411505477430411
6106,A,164.1232749095762,0.5957879165698869,0.06469828647975401
6107,A,20.19875568704246,0.2625875083396748,0.2765548638181786
6108,A,41.38817367200332,0.3726734637994489,0.08212971316805139
6109,B,1.422414214141584,0.33835345203410855,0.15118989718752152
6110,B,27.89735308302585,0.32255839307849904,0.3222140333082085
6111,A,42.3702488998124,0.3978416335901941,0.1743556002222503
6112,B,124.8784669490437,0.49038185939757295,0.2023551157194857
6113,B,32.763465378858164,0.28739361891847814,0.4492837961400215
6114,A,36.99257522964921,0.352684724824853,0.2517657291890256
6115,B,41.57875026484439,0.33340087497043414,0.14531095324661358
6116,B,8.944968128032691,0.4947156907459542,0.4009922208017784
6117,B,0.8202696693423819,0.6464138497950169,0.15895054342002735
6118,A,110.76889165319155,0.43441063825434045,0.476188684555558
6119,B,180.0,0.40794484050433766,0.21994190842899064
6120,A,50.49953070172997,0.35284529133424763,0.2327094661723776
6121,A,23.268002964300734,0.3029027262301878,0.3156033490586927
6122,A,89.24678141910267,0.5749441339442762,0.2379613280891112
6123,B,21.46967851695465,0.4292234917645658,0.19327429448098482
6124,B,17.03528695248483,0.4919502466087064,0.40650348384808355
6125,B,44.041665719403575,0.6151497731532888,0.4123629521503357
6126,B,71.12256651591089,0.47930661709300776,0.26803033481276306
6127,A,8.988659908907543,0.4792088963767243,0.1868040670919509
6128,A,35.36018143143713,0.38519282080273737,0.25379601928849554
6129,A,135.30603341495575,0.4593345751244689,0.38518306211269643
6130,A,44.18505728659768,0.634970817144587,0.1906516093311351
6131,B,15.057166817682159,0.4964381649980459,0.3155940631120481
6132,B,38.61507766725698,0.4667777708497385,0.2590878274635279
6133,A,76.41435326506029,0.4099079596986058,0.16316345409391997
6134,A,47.70214784143442,0.5202332556753132,0.29546919233181185
6135,A,82.28956821169265,0.4661053999170868,0.27197695993974297
6136,A,130.10192554070983,0.3542915803313565,0.3465419744859148
6137,B,21.02979287110134,0.5109678640703211,0.18199878358257296
6138,B,34.100816819659116,0.3518641358495368,0.35735253028196673
6139,B,9.147529324237412,0.6216546120341331,0.22717706715835898
6140,A,14.342451400224514,0.4106177010337612,0.25408956275688405
6141,A,8.366459656617181,0.32787427191328117,0.3509565218780541
6142,A,29.77337645770977,0.33975566822248254,0.14754609585094902
6143,B,37.10674783511881,0.5083295257929774,0.2694958167254493
6144,B,2.522237007090747,0.4671433675723653,0.14641535536141417
6145,A,54.45901098244345,0.38633818095353445,0.35317423598579967
6146,B,95.29336959874651,0.47643256087095276,0.2937212814069508
6147,A,11.597565501084922,0.2699097235461198,0.3077420986159768
6148,B,51.37323955775458,0.3848876751034074,0.36113687070139433
6149,B,147.6053780694212,0.6443293449930358,0.15907521640112213
6150,B,47.612278608999176,0.40624922271535735,0.4522141567449571
6151,B,10.456991997564028,0.6004622203656332,0.39759164073896236
6152,A,0.1849448001157479,0.4595809563009302,0.1847229961510922
6153,A,18.898762821047413,0.3706561600478258,0.2913280894554912
6154,A,156.11583476951512,0.6215916537600368,0.29194702273966816
6155,A,53.43015696872048,0.3107399265168119,0.23730969321025538
6156,B,34.41083827398466,0.4562987402669251,0.18686097186452244
6157,B,56.82123130038629,0.4664986679311886,0.37218852397929447
6158,A,23.086671327136656,0.5463156798136043,0.2635232457137193
6159,B,24.375610850505282,0.503213748256373,0.4051753922675934
6160,A,9.62579099369003,0.6717615496834908,0.31051666442511594
6161,A,19.808811339032264,0.44456466486747986,0.07811546991855932
6162,A,8.376126437131163,0.3509580821415426,0.290180620533145
6163,A,5.057623995190091,0.40029479533173057,0.10803462526683821
6164,A,106.75752427506094,0.5212147239439535,0.4114912604456695
6165,A,180.0,0.455717087977468,0.29639617347356384
6166,A,8.066860413133615,0.26508155436762176,0.13224010379333612
6167,B,41.82949047852894,0.41960235179358746,0.3233497592495131
6168,A,2.5229362667944364,0.29330201581078214,0.3838687687718281
6169,A,18.00343415213667,0.5850040947681101,0.24892739111401394
6170,A,27.866854187272082,0.20353565832001622,0.17849224100612612
6171,B,9.233074683419508,0.3447505562943927,0.4767186544318097
6172,A,10.313475442043067,0.3462697163278871,0.20712922746896845
6173,B,78.05930219270779,0.604648594409252,0.2672166252506192
6174,B,124.94230484230056,0.5072144613906042,0.19517124828761426
6175,B,19.66412651761961,0.4551363219084341,0.3017866622638789
6176,B,81.98521128812419,0.4099774870003716,0.2673935391527214
6177,A,16.14206730816382,0.5631219770977711,0.2376913047115875
6178,A,10.090465365940341,0.43222792813784594,0.09451142200947778
6179,A,66.97682561441594,0.5688869777338526,0.35755954540761664
6180,B,5.015447301309725,0.29591500377931795,0.3029268728552584
6181,A,56.10616031015359,0.44902808990397336,0.10539763145101871
6182,A,45.34762953103564,0.3545207486982758,0.13671646579637228
6183,B,14.731479618375012,0.2305641765836995,0.3133407638609389
6184,A,22.03856105051894,0.4148507670284392,0.17888216743627067
6185,B,32.22207226238463,0.2629011713623384,0.15321995419824394
6186,B,25.39802924760647,0.41672757311345876,0.3140218485134004
6187,A,107.88056002146374,0.30749218749815765,0.19608423637684838
6188,A,157.09932452358586,0.4353099187586851,0.3510241369461209
6189,A,8.582576996203313,0.4342058840121258,0.1660849038084548
6190,B,50.263186317085946,0.38993535702624865,0.16017757747083905
6191,B,43.04496301882028,0.4963279461129043,0.15575261657892972
6192,B,4.748501957367594,0.3774706886615438,0.4060059130980394
6193,B,7.343001085282686,0.33747861067894364,0.3249525340438608
6194,B,2.7610248866879603,0.17209420071037818,0.2169583073948492
6195,A,11.354903921708825,0.16916485683494376,0.5168627419842101
6196,A,33.55964271720614,0.2918344675063132,0.17185197408880384
6197,B,158.56228707829834,0.28758261186267364,0.14011077708236322
6198,A,4.305864446099594,0.21275304258095354,0.22728765301437032
6199,A,25.80733696792646,0.47816841513237424,0.32088679011655263
6200,B,53.90359846279733,0.42550765172232236,0.2938649140275759
6201,A,39.229857204248994,0.5335128991150412,0.2771157219232116
6202,B,100.62311965663065,0.48984922610992226,0.3874298718552585
6203,B,40.52256735761188,0.4138346208257938,0.30646159095953773
6204,A,33.2234312782493,0.2845680184744509,0.19574581540058636
6205,B,11.204481414111129,0.6030622018642947,0.3310696001168495
6206,A,18.082556148205256,0.16975108710264653,0.2002690329056664
6207,A,35.18369750790695,0.4606319504852472,0.1806999890432293
6208,A,143.52030830328349,0.39507135216082934,0.22086251446256794
6209,A,10.381218198195652,0.5235685510696818,0.27778158483913185
6210,A,47.86749743099655,0.3329954879138574,0.22859511028175755
6211,A,1.9964921361785641,0.41168868765074795,0.08412793796761477
6212,A,3.0926146218268293,0.2976964116129201,0.2397500282995959
6213,A,36.116041139305,0.5705872676824618,0.22815602265441356
6214,B,51.225585003782115,0.4677166004047033,0.26791296942981924
6215,B,36.60188782585834,0.43470050299590035,0.2648745091744876
6216,A,4.988862363387398,0.5541152519023289,0.27970254849833226
6217,A,1.0170117550133366,0.5623171499114306,0.2967970244501626
6218,A,8.466935868341412,0.3716367556981079,0.3061702619419451
6219,A,37.442815859576356,0.42675964962585244,0.266006288412891
6220,B,27.277826568690124,0.1408168347980208,0.07637955258528957
6221,B,24.17506514079461,0.5570819516901349,0.2941534550231101
6222,A,54.68273075896646,0.1942813538237034,0.23015507395603627
6223,A,10.18109546391511,0.3343865997051007,0.16010593603330162
6224,A,49.65309238144528,0.3139285588270229,0.14744048449635494
6225,B,54.602120325915784,0.3605193328535291,0.4504667817098562
6226,A,9.066394073071576,0.4399677481078678,0.2956782496278093
6227,B,50.00896783522124,0.4520637599935916,0.2397660553758048
6228,B,8.546872474472421,0.4794997501096731,0.27085095281528293
6229,A,42.77309697009444,0.4731620927965651,0.13224789807528267
6230,B,88.08940735283866,0.5029848488347594,0.2290422822736038
6231,B,52.56431002079204,0.5344839132854068,0.28167415050885286
6232,B,39.907817248736706,0.4443330840114394,0.2133321247724368
6233,A,23.893189282289292,0.46689101239024616,0.1815849952801057
6234,A,47.73317485272039,0.4314013068440635,0.213208234418377
6235,B,71.86263704636323,0.4218192494976084,0.3867704044323888
6236,B,8.675764840169096,0.35518165920228656,0.3671349731566956
6237,B,131.15372380184235,0.3419987288154739,0.3556963642194053
6238,B,16.40680383911058,0.3819047469731931,0.30727615797489155
6239,B,15.851588069088463,0.5474677927880136,0.1820187800639417
6240,B,87.71738783596668,0.5284352060116052,0.31158092279585786
6241,A,180.0,0.4420860342460474,0.15074898898387937
6242,B,21.135524958979065,0.366157391913977,0.37973966104514373
6243,B,92.35884067433129,0.5025626356934453,0.13018420186341534
6244,B,20.67060493484083,0.46332328771175924,0.15146186948384238
6245,B,41.601961408433645,0.470682733702988,0.46514129492208345
6246,A,124.99528812191684,0.44456515184783535,0.1828661337466481
6247,B,13.648060136612369,0.4183791812234113,0.38549710738456655
6248,B,68.37897227433137,0.3580920792784029,0.28370164508926965
6249,A,0.19309278653862733,0.42941906217143255,0.32941553528082845
6250,A,97.4990605447984,0.34238701446357345,0.1502245679291739
6251,A,3.0962004973666817,0.3161068943437141,0.12280337281600849
6252,A,137.63697136744045,0.43212989188724393,0.0829879267548149
6253,A,14.896932868467433,0.21612363937346804,0.3832626206231491
6254,A,21.65954323506806,0.4548699065120852,0.13705045465859292
6255,B,9.497848651738812,0.3409592769201181,0.39936630061192907
6256,B,119.43963477483913,0.30540306315577503,0.44924162517914557
6257,B,24.162116242009546,0.5904040658730189,0.14256096629764234
6258,B,33.168377520787736,0.4303656084296145,0.3689357402821298
6259,A,4.325063728153579,0.5249530040779216,0.26121744697124866
6260,A,5.359083455414324,0.339479250114569,0.359140052410545
6261,B,1.2643865015837839,0.6011571082591808,0.4920430449218662
6262,A,58.38001310434653,0.45339908345047625,0.2034640226720069
6263,B,180.0,0.4577965844582141,0.30787441546715916
6264,B,87.23440131953033,0.7076364544605764,0.09358630712080493
6265,B,30.80549600777285,0.4552993525155902,0.38661316433999976
6266,B,131.5080379711883,0.34295813609638925,0.44045635382812187
6267,A,129.9759317249091,0.538726411753475,0.19050270380359668
6268,A,42.45883207867625,0.24031916510191428,0.3555718145190111
6269,B,139.07469863985474,0.5359891202655347,0.13675883695235902
6270,A,56.621387964690776,0.3233971657912119,0.2905729387964927
6271,B,39.59995712526974,0.6441478700884923,0.46349067318081844
6272,A,64.59108704319614,0.3032770974819765,0.3525561282751463
6273,B,13.851673628584654,0.39576590441118487,0.2543563533637617
6274,B,34.72011577951738,0.3191209666463013,0.22645748177418237
6275,B,20.42270218297815,0.5378561580152229,0.21134609001209378
6276,A,13.721193745943298,0.34945662786420606,0.2205503886575714
6277,A,2.082798838790708,0.46522360045435174,0.33746739783387275
6278,B,30.897422329427624,0.2820941877031778,0.11804084770698485
6279,A,0.08435248634183765,0.5045640161534598,0.34833275612185305
6280,B,126.02374093178891,0.4849343139785753,0.2426656964063077
6281,B,17.214878447173028,0.4204637842875115,0.3154710610252686
6282,B,94.95952393581011,0.23236951640910578,0.31790436478808587
6283,B,142.37653928347788,0.48889787792002454,0.35763380565259933
6284,A,19.430204047862937,0.25826415661860413,0.2197140556924835
6285,B,85.02137604610313,0.44861080336633075,0.2620003522834026
6286,B,38.95817349896086,0.5854281358432233,0.5608920930937787
6287,A,12.436439402937818,0.36939929207685296,0.35914178520925705
6288,B,43.16317202941694,0.43092323388669035,0.3473600999709775
6289,A,2.895485103979822,0.21520783246747688,0.20996529542431946
6290,A,8.904413297787645,0.611740260266479,0.20552882521357096
6291,A,5.983149098419403,0.6104992781098081,0.3903040036590868
6292,B,89.06417934702493,0.3764488317027011,0.16345241550238038
6293,A,110.8653402990521,0.360116465306258,0.25444183042588464
6294,B,2.3671110663852093,0.41421542768237224,0.24037706585652288
6295,B,69.24013327805707,0.41816722602691103,0.23551072800699394
6296,A,6.801014310326329,0.23563114737984353,0.18028856067133192
6297,A,34.71433995504698,0.3403129012748231,0.20624894435935504
6298,B,39.136025920695886,0.36816107410303145,0.36197992039730237
6299,A,40.46411067312205,0.2136596316476859,0.22139552539227927
6300,B,26.315434086414054,0.3509862075651513,0.2520676773908517
6301,A,35.28645684641269,0.4074832593553602,0.1508131604946135
6302,A,4.694069629140527,0.39471673746790736,0.04925550209520957
6303,B,75.73313749247339,0.5412086585740323,0.420224891689675
6304,A,17.275361636256875,0.4841842451145208,0.0923580062223869
6305,A,2.36841215819141,0.3683467053599178,0.3669901114463781
6306,A,22.663562871754785,0.2989055885598236,0.38203591646267376
6307,A,9.404676498123468,0.31056237270497683,0.1952023820476699
6308,B,16.098322737682558,0.4382103069402407,0.40008901752043835
6309,B,117.46233267198248,0.491200912403806,0.23258588012389617
6310,A,37.111398985621946,0.29559253042505307,0.2688477413669824
6311,B,60.64846874202435,0.1952543201673274,0.28821597492716966
6312,B,48.98439349658466,0.35960091539381606,0.2765817739074211
6313,A,53.11276208142573,0.4142820164772566,0.5118898525291565
6314,A,34.17944073368273,0.45529288582927036,0.4100765939883742
6315,B,38.505532467736515,0.45441555293313834,0.2510826612565944
6316,B,12.439395663852258,0.31709386701998515,0.37382696065902393
6317,B,49.897982749112046,0.6899890720262967,0.23483499525500806
6318,B,67.11491443844633,0.2362129708782206,0.30192116987676093
6319,A,25.63107660623228,0.45085941421743136,0.2618427095022642
6320,B,0.6114461492098434,0.3720962105293624,0.4212797814438738
6321,B,23.73111828739152,0.603015965286204,0.34479852758679364
6322,B,92.90099551897877,0.2857549959010335,0.11903521051006258
6323,A,22.04704834159645,0.5210189532031921,0.20271625955542016
6324,A,82.94450901899218,0.41320493716848755,0.2600813605511292
6325,A,11.144318144320923,0.37324084818296865,0.21613029080882623
6326,B,52.01275628549802,0.23249168429499042,0.2863439335454679
6327,A,59.62860596513157,0.5698173574134293,0.3887339691733599
6328,A,63.75063076160237,0.4467414613206818,0.13401815364378125
6329,A,24.450697259551486,0.24181704843954302,0.21060309440739947
6330,A,15.877173308931335,0.2100869784178763,0.1983499424179794
6331,B,49.671160707146115,0.5405384139150082,0.1681475494965922
6332,B,13.497363236747214,0.5002249882832107,0.321795523813068
6333,B,51.99550166021634,0.3764539763190074,0.4057900317559545
6334,A,28.615520991743875,0.4682631237845424,0.1653830898999905
6335,B,80.20899946773184,0.3090054784130259,0.3130277476865864
6336,A,4.403192294193886,0.5822953496779378,0.4087580791144951
6337,A,2.115822093491879,0.18441960500986013,0.2594104130804749
6338,A,5.325155474961516,0.4817999228143928,0.367256779326301
6339,A,9.324115912360988,0.5098328567093415,0.3167473467462445
6340,A,31.56911587947738,0.49655899765651984,0.36362643594628236
6341,B,26.715375690455044,0.6554648546069846,0.19577937713504218
6342,B,10.452290983846003,0.3984137540294351,0.20397916807259475
6343,B,4.182007780504234,0.3976752160203539,0.4459742492214296
6344,A,85.11213271739263,0.2485373218482077,0.2873494927336852
6345,A,12.092375138923188,0.4007871263454764,0.18259681365260771
6346,A,123.11386170731325,0.47903797495377076,0.30878056715869867
6347,B,36.639402366329485,0.4370214518146152,0.4244652172018092
6348,B,59.881415123776804,0.539313422230895,0.307623133458946
6349,B,9.230016162453966,0.3929781489825808,0.1797969457373317
6350,A,139.45717855188602,0.27384841496198176,0.10637495448979951
6351,B,28.4554029092061,0.4230326673933522,0.4544862002321669
6352,A,143.63366417038014,0.1993434306224012,0.2666566765943552
6353,B,43.72262493676945,0.5103943620463994,0.354448690073436
6354,B,8.81062282169373,0.42186754635844437,0.18313980122394408
6355,B,16.357120365868624,0.48382480346861945,0.20103715228907065
6356,B,48.75252470242014,0.42258411446791705,0.26629937517425245
6357,A,81.78585350846063,0.7215970756191874,0.3082079784248276
6358,B,67.13570457879564,0.5597529419968977,0.23905927656115708
6359,B,52.55033116162531,0.39308123123605243,0.3010836863397949
6360,A,20.35267471745257,0.25786407891023483,0.16711413744902812
6361,A,3.3957355930764064,0.2062095919415776,0.153186770865802
6362,A,37.855201560653505,0.2552740098120251,0.21501693982595513
6363,A,36.8094741729901,0.3468635986322838,0.39787294544906143
6364,A,85.36313003991306,0.42416707985976765,0.29521516478015086
6365,B,65.02523599321239,0.2652897692145754,0.30908839757662243
6366,A,180.0,0.3457034916832258,0.3228290031416791
6367,A,31.93183540776424,0.20989280801343677,0.07023574181052988
6368,B,45.29663274864969,0.4539851276134468,0.34560590916093376
6369,B,93.95726791310955,0.6607264959122051,0.4657539447912853
6370,B,91.15281073494465,0.38689061491460425,0.2543094065932226
6371,A,19.05442153393752,0.3286364401364736,0.2786684741593765
6372,B,82.72417000392994,0.5458152294318931,0.275601666371022
6373,B,44.550720545484936,0.44754351650404606,0.4765522470822744
6374,A,9.255337775780074,0.43759843406565563,0.30198275339930936
6375,A,0.2165121436354194,0.36691881639720986,0.4133882726908709
6376,B,180.0,0.3458174073286402,0.29623002265111836
6377,B,2.0746666954099098,0.37013655056594796,0.4233088201177008
6378,B,11.3216810240891,0.18563975323235637,0.32007050711090984
6379,B,86.05165983799914,0.3217001781278222,0.4770839005459664
6380,B,91.01989196049385,0.653795176979956,0.4958130689932028
6381,B,88.81046464349478,0.5345464938251326,0.15730531291647026
6382,A,32.019422891878925,0.41409006062927234,0.07759403513457301
6383,A,36.48812488836624,0.4111328133663442,0.22551698944496051
6384,A,78.41780203208023,0.3319544750401361,0.2198755916574076
6385,B,107.18854918524829,0.5928106871327911,0.27116747323432155
6386,B,28.56015533025195,0.44312478355699886,0.21241658651702344
6387,B,139.66172266624932,0.5622919039325226,0.3590771837148086
6388,A,31.605447198030546,0.40177331303033953,0.2754098176323924
6389,B,12.20298856279969,0.40227567057077057,0.21894502388548345
6390,A,111.71383474761367,0.3481269904235847,0.41373525922020954
6391,A,44.50886321741456,0.2935222186172137,0.37269565612258876
6392,B,143.71776912826954,0.4619679259788048,0.30905766293876885
6393,B,42.29992430499473,0.5876342446511796,0.28175297912578556
6394,B,9.307376303739643,0.4814786992947689,0.39329928862813646
6395,A,82.56083237353326,0.40434382835051913,0.4054548367844236
6396,A,7.223533367117128,0.29750448600114543,0.2764315959617222
6397,A,87.00040654306703,0.3278112886349833,0.24179594556268447
6398,A,50.59677706647986,0.5117937810391775,0.3726735741790727
6399,B,69.26911109699245,0.40085291189343103,0.26431058238166244
6400,B,18.24188284767748,0.43247816475120826,0.3632564207229558
6401,B,12.950505177352412,0.4423482370022022,0.39968047656942074
6402,A,8.397467081388335,0.34417607205945056,0.17344991180158517
6403,B,9.819317776096995,0.4173939258755232,0.39026788347121977
6404,A,9.469312667448918,0.24226917146653712,0.25920842452106513
6405,B,1.5520084854130676,0.5162907924750283,0.2010035697708802
6406,A,117.47152328261275,0.4400060249966277,0.20956166818301977
6407,A,1.4735563317885234,0.4012377397624156,0.26639869676478073
6408,B,75.22832535137532,0.5174627525761726,0.2019955808195927
6409,B,34.6587056770194,0.5930834271101496,0.47230709363960477
6410,A,27.940118934434434,0.6329184510415367,0.08173870172754139
6411,A,16.925087706864954,0.39922894721208074,0.20300748990175996
6412,B,180.0,0.2975927083769112,0.20674430398624224
6413,A,49.223517212431744,0.40644347585851065,0.14845653118807375
6414,A,82.36205165727141,0.36914465881145964,0.4690080733938074
6415,A,20.109514147221407,0.25733714919729256,0.1725293764955894
6416,A,25.05144148167241,0.5326541892969122,0.3110282454334805
6417,B,30.082965860770006,0.6025327268760534,0.4327512651701435
6418,B,96.39472768952055,0.5581313785974571,0.2389189855455839
6419,B,179.1390140760867,0.5178381786367521,0.38144451948543706
6420,B,1.1813455899513883,0.4441677958928947,0.3099601440594752
6421,A,180.0,0.35173866877500676,0.1649084909573513
6422,A,68.94406875231961,0.4655380570437386,0.34840045385858415
6423,A,102.37545499184425,0.429774213156283,0.3146394971726025
6424,A,25.99247763685217,0.5209788762740654,0.26787345265044643
6425,A,12.000266873923128,0.4488279108034493,0.1349767908815027
6426,B,5.786972183206454,0.6105182966125736,0.2735009394906686
6427,B,22.230093435077652,0.47076066486438695,0.5148680395828067
6428,A,23.88582703414963,0.5496423514336716,0.19188199095977215
6429,B,106.1379789732952,0.25381586841208753,0.3602169949698427
6430,B,94.63236153008874,0.19926863770746606,0.28876915362337247
6431,B,23.757049736524216,0.5314991766701482,0.3452704678635081
6432,B,11.597227040641341,0.3250703887626799,0.2466441349161542
6433,B,84.2977292631152,0.4778611711761425,0.2841279380578154
6434,B,47.24755368736698,0.6435558187599306,0.24976222569438788
6435,B,1.6697478984220053,0.4501769633551968,0.40499390744825065
6436,B,84.7986320802233,0.4024185489948422,0.2955092479060252
6437,A,56.65971363950766,0.42239588290327335,0.14516454687384717
6438,A,5.215231187946965,0.4093454609257494,0.08446281446647826
6439,B,163.57356560984047,0.49836697281475584,0.40322406324046606
6440,A,14.19091028261353,0.27121783219420065,0.3093954264733454
6441,A,2.1491276451299592,0.2841634808738883,0.4218293032480444
6442,B,2.2359121519191425,0.3584740012979096,0.21947153585736576
6443,A,25.481081840642155,0.37103311285282514,0.5486790651442308
6444,B,17.508155882892414,0.28166560246566785,0.30824263655633916
6445,B,89.01518498125957,0.3787177273757555,0.35313040271009166
6446,B,45.68891478998388,0.4079862560530443,0.18265625184036663
6447,A,79.06695830763893,0.29513956726346435,0.3638637278985845
6448,A,1.123781957178945,0.5027625665519143,0.28018911643859395
6449,B,180.0,0.4658502088638346,0.2188243892971202
6450,B,128.49404336928552,0.45141849766111397,0.35037055794825395
6451,B,10.209954915224827,0.3612507346025028,0.30069411294002124
6452,A,50.621672680101504,0.30132120632255427,0.16937799791313604
6453,A,121.30049540953495,0.592339841390603,0.28880621849882776
6454,B,58.28911934154931,0.345445646450805,0.35490455872385807
6455,A,12.168121783947928,0.3192053797039146,0.40231152461610636
6456,B,55.0814094028693,0.6017203652068306,0.32920102519692657
6457,A,53.233990088750964,0.36894916586283805,0.2540719010495601
6458,A,166.1833722524344,0.23052103792351483,0.15632243927282344
6459,A,147.48810277409692,0.444044219617733,0.34810048915241143
6460,A,12.050410108815088,0.3161029146086472,0.18722297423580347
6461,B,6.109870827871671,0.46836183166779854,0.3242377934598352
6462,B,4.87667326136901,0.6877160220064331,0.2862583107635577
6463,A,4.757778910292072,0.3932743343184012,0.13025443616970683
6464,B,43.819264013696355,0.5960326989678627,0.0841567526702603
6465,A,7.22251909794185,0.24139062023722765,0.1584377946766823
6466,B,26.821244243821038,0.45283402147686114,0.23804829101298655
6467,A,54.48516716401169,0.33603918401923905,0.13678641052390045
6468,B,40.99879544825484,0.6260699730114775,0.31487383850703793
6469,B,14.190619347077973,0.3849840866694367,0.1488406410754109
6470,B,42.29810806678594,0.6621243561727833,0.2692017066765557
6471,B,25.143411490055712,0.6723584453547169,0.27527108229755676
6472,B,113.62705152429555,0.43000580100453184,0.47879336126983596
6473,B,19.001226422143073,0.6702796536074461,0.1581762753518507
6474,B,106.42638085040159,0.432283832220055,0.10233762660584578
6475,B,25.70275769448213,0.30785234792221594,0.6365345934264502
6476,B,44.88344344798449,0.24242091609560865,0.2415782468733795
6477,A,58.21863943444939,0.3978846514826019,0.18987891238920898
6478,B,17.544827229278077,0.3901546846159723,0.3487453427658281
6479,A,50.47127145866147,0.3870091161626055,0.2698350957199602
6480,B,86.10927871401216,0.35611891428158554,0.12121608789793403
6481,A,18.431603563647453,0.23847200952231767,0.27046830888520207
6482,B,96.4930800646525,0.5062762682885001,0.20277779096685913
6483,A,8.372739015819171,0.385019238154285,0.1965279943806746
6484,A,39.11914508773293,0.4059131965725433,0.2131268427201112
6485,A,29.746323630688046,0.3084989726648792,0.1121232967545151
6486,B,86.09877332108248,0.46284841805060295,0.3564910289810857
6487,A,58.72610889275905,0.4270314861690703,0.1491384244249484
6488,A,26.201257258341364,0.417051547148319,0.24681297389214338
6489,B,53.10224959408777,0.32835660352559926,0.19313012204691532
6490,B,18.90370717584076,0.290138194903338,0.34354050690202825
6491,A,18.605542337677434,0.4867039459515263,0.23899456224403234
6492,A,15.633078979851035,0.34636243805348504,0.20970598418114178
6493,A,10.691335451693757,0.4362989037981176,0.45544338123092926
6494,B,52.62107733055096,0.4408829365434478,0.3150967398303468
6495,A,13.900534808453376,0.45256995785049514,0.3537189182776518
6496,A,4.483484659742364,0.28236726928758077,0.40132167021761217
6497,A,19.168164050979616,0.43150027070030444,0.33809676319540805
6498,A,1.6764862859081544,0.36186532153492346,0.4661954946781687
6499,B,166.7505672417955,0.4732390458142747,0.4765047988994964
6500,A,9.283655430761302,0.21547580421762697,0.3256388479398607
6501,A,61.805649065076565,0.22519006856973836,0.45498654527267157
6502,A,17.71819324348804,0.4052203381622965,0.2861308918875989
6503,A,49.65005122094469,0.4452875675801619,0.2742852303295779
6504,A,56.78546362022713,0.4507521444144899,0.1658886608188635
6505,B,54.351411822778466,0.5606197592429025,0.22474956973196658
6506,B,162.89196370539682,0.5416337502974723,0.2540032063049372
6507,B,18.88847742238926,0.4342239059175061,0.35717389540027505
6508,B,97.28210070704729,0.35508266579557096,0.36186381791865624
6509,B,65.91056570819237,0.5878443834322385,0.356810799514327
6510,A,39.16470610558358,0.45457051494619866,0.1555230035085827
6511,B,88.94009458563315,0.4663980162443114,0.2573147411224814
6512,B,64.50645461959857,0.31873192473178674,0.27440050020151235
6513,B,34.04047548878964,0.37804841548150064,0.403647001476111
6514,B,60.330146149568975,0.6061412709535815,0.20788459116414934
6515,A,143.4077141409616,0.4000062540096778,0.35093651999315284
6516,B,139.8576761128159,0.3105333328276389,0.2623867667772295
6517,B,28.105833490622217,0.4219855078963366,0.2337681276087954
6518,B,157.62561809718974,0.2414079996272596,0.058957700742616505
6519,A,0.9752867722063457,0.3443274287531937,0.18526735848465584
6520,A,60.38572121030234,0.528571123903851,0.19515475471516228
6521,A,143.5046804530524,0.541951831703439,0.28810519761774145
6522,B,2.634418836297949,0.4941198302116297,0.24847811367065495
6523,A,89.21126647084789,0.4133018156856837,0.32973456470490287
6524,A,8.270724162678546,0.49579461106956885,0.328553698169914
6525,B,0.7422518234855578,0.25850873095303817,0.3233366124325014
6526,A,17.80843414018717,0.5124378448278553,0.2022933912018723
6527,B,35.403111455797,0.37962604479760614,0.1818125059348717
6528,A,8.517958824572549,0.40074227540103424,0.33287276131476934
6529,B,98.137267824869,0.4038004999039523,0.19488968596475598
6530,B,14.80960218061164,0.4514785134399586,0.33352418799692307
6531,B,61.47903441131226,0.4995845082492918,0.2447165533213052
6532,B,41.16597670523898,0.46758004438220047,0.2866345192993974
6533,A,41.38051511381377,0.5572282427584663,0.04923416422984044
6534,A,56.0451477223832,0.38911103283717674,0.3023260179768981
6535,A,17.16157948935705,0.31650370843355136,0.11513465878483493
6536,B,17.867762030413733,0.5190908192320423,0.23372934407135648
6537,B,17.502315686212693,0.5186064181310356,0.31176134067985334
6538,A,34.895551461379185,0.5340674971909991,0.08398720059758064
6539,B,3.957184869487584,0.39124233454105295,0.2344230828369149
6540,A,52.83706411491911,0.30386494604651876,0.16334079512495023
6541,B,39.95326866921931,0.5369081883180641,0.47094448196606586
6542,B,31.100848461293623,0.47458876598211563,0.25547622335759157
6543,A,24.616794434114276,0.48043820120012526,0.12091699995406621
6544,A,86.59147661614824,0.23872543404661867,0.40365630172967276
6545,A,66.43969324679752,0.5248735402046033,0.22058753700364794
6546,B,17.76725541155452,0.26179990616809434,0.07673029285918813
6547,B,180.0,0.6184120672815567,0.33836198820228924
6548,A,3.0082997944663723,0.23343766812738767,0.16622383273484986
6549,A,43.674737986021675,0.597252287999353,0.12558380247124115
6550,A,12.07372916433277,0.5061599083518886,0.2620693616531245
6551,B,88.73074658508354,0.45996135264079563,0.28772705272418486
6552,B,38.70552350145846,0.5807757761262455,0.3546178656968575
6553,A,36.69102411616223,0.3169465312924965,0.148186329049506
6554,B,38.35135253339813,0.43366127400414456,0.1862049970505245
6555,B,11.189873341704757,0.6873638349929647,0.19130550991506787
6556,A,141.4783874453167,0.32756888038611454,0.3816676961976159
6557,A,95.06147845683813,0.6049940172537859,0.4423007487401228
6558,B,54.46124425047068,0.5479926004623166,0.28241101079663833
6559,B,159.70349475102756,0.43014935021572775,0.1676005828812058
6560,A,23.327164605587722,0.4528220241756025,0.1949228216640139
6561,A,15.50811510727932,0.4265210321352548,0.12608730002246507
6562,A,12.019632390770632,0.4812973102878884,0.19096315505916173
6563,B,118.85249179529866,0.4237624037933344,0.33682015543502386
6564,A,34.21744819762797,0.3535891314817414,0.36283256277291287
6565,A,5.459345504412498,0.4084384358254728,0.368713957014211
6566,B,4.60621208191214,0.352918628040805,0.15901023908515813
6567,B,2.837058697236124,0.3616826832159052,0.3405336937026709
6568,A,35.86040548144171,0.5164256509476646,0.5095791954040549
6569,A,0.06005383107287722,0.23274680570843626,0.20672019550875892
6570,B,169.02582771981713,0.27289502653431524,0.3108449257756467
6571,A,17.61029045775625,0.27394518193751327,0.3259449054081543
6572,A,11.176971741292595,0.34906605818369385,0.4480845999367354
6573,B,11.597344975789774,0.5366247965154781,0.13061442132286796
6574,A,159.66146402813703,0.38802379036129697,0.3239636782929779
6575,B,41.57027232876477,0.4071274987664244,0.3426762318033334
6576,B,4.0376891030133075,0.5246992841992264,0.3734655334353445
6577,A,58.46271729458757,0.3701925654278094,0.17430701368467152
6578,A,19.361240882917,0.2802925213566316,0.21821810065025735
6579,B,96.3771401944207,0.40458309825958716,0.280380383306564
6580,B,6.521300229170361,0.6139931401921669,0.17963587128006556
6581,B,53.671415846918876,0.5191423481037888,0.13359005296954493
6582,B,3.031317507050728,0.23918471186295487,0.19335022240419136
6583,A,4.384892061015483,0.28847308933240173,0.13037982295298514
6584,B,8.860756504557072,0.49850096262792276,0.37201583625144075
6585,A,32.72966383932884,0.3312377614172866,0.11802513042889702
6586,A,10.804333143967423,0.45197907102879886,0.33043306067247036
6587,A,34.59586054470563,0.35982959025000805,0.14811769958989807
6588,A,81.18037376762392,0.39827167017316256,0.42803350564299203
6589,B,37.32190843971119,0.4073300845763768,0.4082771038732264
6590,A,43.045768951329066,0.32894663056565604,0.19348173953122424
6591,A,45.204481077066134,0.35715438684587913,0.2803500680836667
6592,A,35.044697715415914,0.3425834218966099,0.3012213829833338
6593,B,2.4316106966317053,0.37123506512084253,0.1700279708176856
6594,B,11.319074053202506,0.3791177878694355,0.14392771901217033
6595,A,117.94235748985244,0.4595179939947697,0.205223010590985
6596,A,120.90678684337617,0.37682828490333714,0.21190438356320324
6597,A,32.35153237851606,0.3667873515911296,0.17777887209651014
6598,B,7.611861663978123,0.5813781335078625,0.39338914689183757
6599,B,2.153900548350975,0.4788726734451141,0.34463321816273995
6600,B,180.0,0.6553711697110429,0.15933024305494345
6601,B,31.10324776660974,0.3570087909141512,0.3038254593692501
6602,A,16.422156819069002,0.40328378785998237,0.34528959898513545
6603,B,101.84409806308888,0.43743294766911534,0.43328085415032713
6604,B,23.06272865173736,0.6179120357578727,0.2506922833473304
6605,A,27.693973251465856,0.4985262035598439,0.34966067926134126
6606,A,9.291624470478029,0.43431424772163957,0.24488675138444546
6607,B,2.2633319395336073,0.36376138246571615,0.27467180079721487
6608,B,61.85864437417544,0.5584578999583542,0.1178959203537561
6609,A,45.519650109662706,0.29222705882155786,0.13001414520339846
6610,B,2.055306154558746,0.5194010602346517,0.4813754788112507
6611,B,41.84489937999016,0.5515098665384085,0.3868302709007358
6612,A,31.199934113023712,0.20842146006732756,0.25061283089881486
6613,A,4.906550424677946,0.5404868189333172,0.2691777051350568
6614,A,9.909341633866488,0.1971858593495983,0.3764335829965121
6615,B,7.7891259846876295,0.25602447364259,0.41544087454631984
6616,A,29.394852355034267,0.3567146765078308,0.06996609163157588
6617,A,98.35170295400802,0.44725701585352284,0.3849712187089374
6618,B,57.779351271230084,0.6319213121180366,0.30958013402867307
6619,B,116.07247600657756,0.5057647151042924,0.5933665404971409
6620,A,37.60251427472195,0.5297559722517096,0.18516255570393086
6621,A,51.49092153477514,0.32952931681469266,0.37355723880972863
6622,A,18.632008431402486,0.44530335937983107,0.2908512164524083
6623,B,162.1470213508311,0.4448150430644424,0.42382980636131384
6624,B,39.0157338342148,0.6817962107589656,0.228677840930323
6625,A,38.126600023217165,0.29675673550443415,0.17711302025680387
6626,B,39.56117324251333,0.2837247373811387,0.19739651537637348
6627,B,2.029608872744217,0.5528779884435746,0.4104718862247808
6628,B,76.39515550060351,0.6880033381866445,0.09418518056578468
6629,B,162.67230800179956,0.47296613667591014,0.20863115522394535
6630,A,26.688795914524786,0.3454282243352047,0.24723462766037282
6631,A,48.43142323752092,0.3764879523994109,0.19731320658229534
6632,B,29.98684552834959,0.6206141825093509,0.2783021101899923
6633,B,82.07604864774886,0.38547262202628135,0.2625712318541577
6634,B,83.03362873347693,0.3526009144970006,0.4418623715342355
6635,A,2.335470166117522,0.2295138190688467,0.12355353370304312
6636,B,80.09988347639776,0.5830367521166463,0.13390872410551086
6637,B,73.9250423627936,0.6270920640445088,0.29721879093287185
6638,A,30.59264669668682,0.31375453010584725,0.09411271556547494
6639,A,15.793490125403533,0.3363047955126132,0.38290094634905425
6640,B,12.59412961168322,0.5687418075652929,0.19197973183873648
6641,B,72.38452758114805,0.4904188789473275,0.18413398904149486
6642,A,17.765989983020994,0.36201183512012125,0.1046902140897441
6643,B,8.109238977032353,0.41858192891729545,0.2795081374217872
6644,A,145.89354290837954,0.33133019450736534,0.35512072151772645
6645,A,9.078421842912087,0.3163324513298443,0.36270213769349186
6646,B,64.82023497441642,0.26734995966472186,0.21686491048932421
6647,B,0.1843433354192944,0.40341905575329956,0.21471948829927387
6648,B,130.57971842168726,0.5250308904888698,0.3203856384514732
6649,B,91.349111403877,0.4877289900288553,0.44007133112800645
6650,A,16.779151157891548,0.35577861530706223,0.19123085245328256
6651,B,59.734388787237535,0.546599528865351,0.4310537193204575
6652,A,32.09088054164621,0.4516131056969446,0.2807171683170554
6653,A,89.45869834459906,0.22355893223973713,0.2869150376396041
6654,A,24.25510609537704,0.4226810091218064,0.09764174812063477
6655,A,61.292327687601244,0.44591979498536444,0.14404857247588748
6656,A,87.32444688381673,0.425586375830226,0.241308740225884
6657,A,16.698932359263654,0.3843290260805158,0.12838688091083816
6658,A,22.446675600552677,0.49257573158499246,0.22064781592263488
6659,A,19.841428235797302,0.503424585918041,0.29086628994501185
6660,B,5.160085773093936,0.47725732594354797,0.24140099060887027
6661,A,80.50042879423592,0.3967215265326838,0.2859833824883639
6662,A,2.041211613574154,0.5254655525805633,0.20525955242919944
6663,B,90.63100215194204,0.41864099649449127,0.3460844247493106
6664,B,108.20331727377562,0.5736959996103955,0.11107506816745326
6665,B,60.56507603462239,0.43021412795630715,0.36488333311616244
6666,A,16.595010830239804,0.3357025668134075,0.1878804005278614
6667,B,180.0,0.3002990328129031,0.40984225429018045
6668,A,51.19144792197283,0.45343837443099055,0.23321185263899338
6669,A,37.50431882434985,0.328927368548543,0.24838880060183524
6670,A,25.794639338918035,0.4010940582168312,0.3921899953955313
6671,B,5.068951529846737,0.4955333693334622,0.3170459380560884
6672,A,34.93873108410699,0.2832460010220114,0.2466190289420774
6673,A,9.905797459555806,0.37943248101338195,0.12626282015044862
6674,A,25.35196230101588,0.40881875594410816,0.2698969379939673
6675,B,64.12788462301344,0.4527565110333961,0.1873684062951747
6676,B,38.68858065169273,0.5232400834686369,0.48375807563495005
6677,A,31.345153309216684,0.34959234048984184,0.3024591153385669
6678,B,8.182875169846593,0.36512746769215026,0.2514696710011705
6679,B,55.85611892298942,0.6198754737054626,0.22523663198671293
6680,B,83.56825442392004,0.4857151882073642,0.16671193895634506
6681,A,104.15464103767442,0.24452818562582476,0.13009906198971888
6682,B,9.361148781931599,0.3792533763464291,0.16011963966012654
6683,A,13.600544783148605,0.29723860563791876,0.29687696250985923
6684,B,82.0253138814008,0.4010122157077972,0.5644572456970721
6685,A,91.06447381363544,0.536164115345349,0.32385088262968414
6686,A,46.507629165589165,0.28766999112834185,0.23411104018740753
6687,A,0.9247749575872611,0.37632339244311247,0.2493125973009199
6688,B,5.0741828712754655,0.43143630542467615,0.18067818334950037
6689,A,58.03400187067855,0.5556713018704499,0.1731743715153322
6690,B,46.54098115458856,0.3807852841768745,0.38262257922651616
6691,A,1.628965578150998,0.44047669693818514,0.44654939930990833
6692,B,83.29451355358013,0.535031743242083,0.368690303505002
6693,B,8.204224130488777,0.4424364221339305,0.2089503803972183
6694,B,44.07047339230063,0.36635836209474465,0.27061990667094415
6695,B,28.76501985527258,0.5531201685379779,0.22928233049102137
6696,B,48.6016254607698,0.36635494449089584,0.3711204697885254
6697,A,180.0,0.5084272747539546,0.393188014436405
6698,B,28.70569462399658,0.35284253002227517,0.39896947807268696
6699,A,92.73201973985188,0.3316372784345865,0.20340224273864668
6700,B,15.022729144612022,0.1790632121824586,0.19522106760896088
6701,B,15.224363665724024,0.6878336566020155,0.33702649341395413
6702,A,15.879936558425408,0.43802298264114337,0.46220863710062715
6703,A,13.392578707236636,0.4429582751767724,0.41159965359344874
6704,A,21.616327456129746,0.44241500580685555,0.09935316972953262
6705,B,104.01363055965659,0.42506023839052925,0.22540157576853062
6706,B,8.847343477994706,0.42776148102575356,0.2873365246160687
6707,B,6.83168564728978,0.4896235308152057,0.4778755877270152
6708,B,5.310259484698501,0.2526551845111077,0.4776670453310157
6709,B,4.006506014616356,0.49199267749841485,0.20592096682742067
6710,A,19.81421322312815,0.27283556813107135,0.1732160259293937
6711,A,20.95889330763121,0.34903456468201444,0.42713245623739676
6712,B,0.7591077836320461,0.35397934613761445,0.24506091490480564
6713,B,9.0915053812384,0.3602255471146542,0.27967021131499803
6714,B,11.132883667781309,0.5787854952094627,0.4135576156105457
6715,A,17.240903829762395,0.3851391996497714,0.16954436402791312
6716,A,43.67570097719157,0.46464954754802107,0.2955153803264474
6717,A,8.074894629063275,0.4002728936167526,0.17705285318192343
6718,A,84.18065428453616,0.27113336694545037,0.18377363648093648
6719,A,75.30554176212462,0.459642012191812,0.15755705762324587
6720,B,16.34530646431674,0.4948560353949348,0.30652635868606376
6721,A,29.12337776253326,0.4027912969824093,0.4043119710417543
6722,B,6.886581401001757,0.5748643859427855,0.28191938318062704
6723,A,86.19693329145508,0.524052491027888,0.30874144064293285
6724,B,5.142176620443046,0.25421609386959765,0.46978366854995074
6725,A,12.774722662149179,0.3642053752840639,0.3972222658305772
6726,A,0.7974701567857189,0.2605914176002567,0.23998915436933566
6727,A,43.44758045142238,0.5214369800813283,0.15971458744939607
6728,B,40.54669979059618,0.5529234161647136,0.3376105926496929
6729,B,65.95083921583861,0.7059614194529835,0.1644601476264223
6730,A,27.554496555970754,0.4578554512039583,0.25343146994886195
6731,A,37.68289369846144,0.5801197184270053,0.15595211920766575
6732,B,51.72743087830546,0.5943393109545146,0.37164766827440315
6733,A,103.32004079629034,0.34507109520831075,0.08380419859915014
6734,A,157.683603982053,0.4096243363709459,0.24839716407132714
6735,B,42.30319103360815,0.4855027968246831,0.24526397550284984
6736,B,30.202938392909477,0.43058948387141965,0.2146377893029967
6737,A,45.28623597332954,0.3104085067708592,0.21262361931945162
6738,A,64.98715733662654,0.5334342539912554,0.11282427682383779
6739,B,52.263534965869226,0.4173015449370203,0.19608962468854318
6740,A,3.938841109160246,0.34343664507648747,0.10410798580871555
6741,A,7.884253664195635,0.35136378465706947,0.4187849205207069
6742,B,120.71432054259053,0.34244083403348563,0.22465294816659648
6743,B,51.339561644993054,0.32948671677284724,0.23486637820237397
6744,A,59.45732886022741,0.29937454229504495,0.14243717776339937
6745,B,3.2651771473691995,0.4644129209686491,0.2519707826316253
6746,B,43.93712460610822,0.36775814107633553,0.27786864312060394
6747,A,25.403279830513014,0.35635680066104125,0.2925765078407887
6748,B,38.624979559015806,0.33878379549011967,0.33043124249750194
6749,A,26.5737557429551,0.4597849265177488,0.30806363118083263
6750,A,16.607153781843817,0.3876022532286759,0.3011495728792904
6751,B,31.27916560120814,0.6036280073514941,0.39184933280367396
6752,A,42.068380802307395,0.6117988184408418,0.36119564146420874
6753,A,9.214636318302018,0.33376103100466853,0.11939110780380964
6754,A,44.36785945270757,0.34024246924698676,0.143581355081659
6755,A,8.591265933383369,0.6881582134295183,0.23132902785046486
6756,B,43.74096390718276,0.5944375452048679,0.465960763575722
6757,B,58.06458133858749,0.5290232589781122,0.21637894138969066
6758,B,1.9745434776296877,0.41838000193654923,0.43704952894589455
6759,A,2.9679281739706718,0.42218214156762457,0.3832494419658277
6760,A,18.045520779737135,0.5014718654034296,0.15339410616812676
6761,A,11.828107147236251,0.47565701099887586,0.1962040529434288
6762,A,98.91673884834786,0.4284094801932829,0.17928556401395357
6763,A,2.5434493891162036,0.2567750574264369,0.1684463142502387
6764,B,34.02426958601145,0.43342994085825776,0.3723100557901867
6765,B,88.37483125526512,0.5313502819281931,0.3535051438133673
6766,B,39.34723398335385,0.305991343281771,0.29130862954999764
6767,A,8.744840959271748,0.2642531482042098,0.30448180756919935
6768,B,3.6540342582784806,0.5156263189095267,0.49520165977936154
6769,A,35.804988699962365,0.47719636279690564,0.32551838418848655
6770,A,29.519138984897445,0.4742936779878126,0.3498172382077712
6771,B,77.58223182885273,0.5392772785899717,0.2524627391308157
6772,B,147.46437167342322,0.4643696463523466,0.2749671430662131
6773,A,2.1121426150019653,0.39512034338009927,0.1514590603714759
6774,A,0.32754846242591495,0.3950857424842963,0.2172730047363415
6775,A,180.0,0.22438846933912063,0.3207590703275347
6776,B,99.29343958556957,0.35361580958168853,0.42029755535621993
6777,A,48.39246762619343,0.28396207250347205,0.2646384593320422
6778,B,23.416064290230135,0.471684251901393,0.25846291393042164
6779,A,20.46465274178213,0.45699197427890986,0.162270864872953
6780,A,28.606237506721964,0.36430739615805763,0.524763144090063
6781,A,13.949820642514371,0.47229868013539833,0.2272960022355177
6782,B,39.797633387223414,0.480986223810093,0.25187562377691136
6783,A,19.03173143665104,0.42347164102300155,0.20815779029558806
6784,B,46.52978890726789,0.24783756468248866,0.12025076722176938
6785,B,65.41974863416398,0.5126316743704415,0.25322429610232877
6786,B,57.034654061470945,0.6630215614786047,0.16065326220573647
6787,B,11.54314499403007,0.4443765180324167,0.22524260960960252
6788,B,96.29120926490667,0.26523377780693824,0.47066897040533345
6789,B,98.36757187090144,0.43302953221878265,0.20090685867012248
6790,B,26.94144307524593,0.4081290695869038,0.2579934625248034
6791,A,47.11930879120305,0.3936418168130752,0.13330638183000637
6792,A,96.47883359265909,0.2744110514311439,0.18517155794191634
6793,A,9.157512542650785,0.3643264443687465,0.23167480525150982
6794,A,82.56795429246873,0.3808914183864905,0.1644873205189774
6795,A,5.832172576609281,0.4193644578042101,0.12136165632511824
6796,B,7.296327938690314,0.47492286056852845,0.1424417053094308
6797,A,10.892774474638594,0.33789514925109543,0.20765803516277398
6798,A,1.7047757992058181,0.4616747494812839,0.1887249828367898
6799,B,48.77289386392596,0.36848009754629324,0.31671139291073014
6800,A,6.829531258365068,0.5692093412947601,0.31748399687172807
6801,A,112.16581705384357,0.3161124755279236,0.21371712883660954
6802,A,27.681629448077036,0.6367740451146848,0.09860416945251803
6803,A,3.6381471839271904,0.46362980482986194,0.22680647748885635
6804,A,144.54314946803999,0.3339407841190373,0.20042972166171938
6805,B,22.98477370734168,0.4463084288727,0.21101638229493508
6806,B,70.32670188775143,0.5395295456210571,0.2002273371645076
6807,A,95.03555234235589,0.2935897208529293,0.36537446116649586
6808,A,63.23409333510165,0.5549451161236355,0.3522947199931045
6809,A,121.9564922107959,0.26001896357784926,0.25885514521054864
6810,B,19.723401289933555,0.4313040675916382,0.23212644517800995
6811,A,11.18822837462323,0.3965536884283978,0.301344488491998
6812,A,81.4564429599926,0.3901787340306911,0.3817277933919973
6813,B,15.868653018411425,0.2563606613140253,0.3084456138541848
6814,A,52.70195623720986,0.3879114894029646,0.3446513711109
6815,A,91.72667766715433,0.48208787254619434,0.5410814797322566
6816,A,71.73511911300012,0.330676595000884,0.24156701272072906
6817,B,105.18360347618396,0.42684119533471515,0.16168819758556657
6818,B,49.74556497311927,0.4493958151697593,0.21610412942171942
6819,B,4.675609360525448,0.6354451902060549,0.4273096428860662
6820,A,19.14323361801949,0.3675627654328467,0.17181397961688372
6821,B,60.79474748626866,0.3800372585176303,0.19942648332768703
6822,B,72.6590167944833,0.4208730989586482,0.50526116571752
6823,B,13.943573380544487,0.5960080923971897,0.2508426452315119
6824,A,67.00433735370011,0.4325444992499932,0.3258498594067873
6825,B,178.4295497159725,0.34609127832234043,0.2733019286577059
6826,A,13.699347405003275,0.4273562210738676,0.22928050542087433
6827,A,17.92703348647853,0.5274582076119466,0.17886978606642548
6828,B,24.26229945652894,0.37645300545832505,0.1327919366747229
6829,A,5.138255421327004,0.3117354967191102,0.25379940585891325
6830,B,146.79708728774307,0.4687243948495099,0.37888773600810155
6831,A,123.05463352651113,0.46117769123326374,0.20994236459697516
6832,B,18.075074537276155,0.48809671220466233,0.3743289847561387
6833,B,48.85655191561992,0.40583982827976284,0.3444155750668662
6834,B,37.90379673257185,0.2821756788360311,0.27204213637721675
6835,A,15.475702334681559,0.3963393128476007,0.2750599093637422
6836,A,33.08700685934972,0.4341313835505631,0.17074550197620378
6837,B,180.0,0.4704378209440543,0.22668659017851706
6838,A,22.341766057877816,0.3744993457373814,0.2540110828717602
6839,B,27.292174834040026,0.4542725198967225,0.19047926422008435
6840,B,10.274485942295684,0.4857794635212503,0.4171543116178047
6841,A,144.76862034460706,0.48652066893482426,0.20046302558977833
6842,A,18.361898204442685,0.3703800594103692,0.13978602609417448
6843,A,67.8392810830211,0.4701540634848482,0.25758245791754003
6844,B,93.13267218119094,0.4563781460686701,0.3337144857567213
6845,A,87.02530627228352,0.4525965022423372,0.4018620841631627
6846,A,25.74016070676262,0.36194019338701067,0.2897544790999086
6847,A,21.379115404135206,0.6081155654034405,0.35529565098240884
6848,B,2.233587202741698,0.41304828786389153,0.42742364399364613
6849,A,61.979312372429234,0.4496511428123913,0.2514617022408744
6850,A,109.82935106362397,0.3175604174780495,0.43608635455270595
6851,B,112.44692502177772,0.43045369174410375,0.3810680039237369
6852,B,6.094212168907844,0.32535846310825456,0.2422184759115075
6853,B,44.1303795140125,0.5045410536469063,0.41139103392221504
6854,A,63.27983100280473,0.41739674444706654,0.19271370757885567
6855,A,11.593787310166848,0.31282414805614156,0.24053359128402016
6856,B,64.98550299064063,0.40340961809430914,0.20421199686950148
6857,A,98.64035705912963,0.46180509783317164,0.2759560286648968
6858,B,21.317930755432737,0.36226670154725976,0.15009265978025524
6859,B,96.85849795519893,0.5453643634958205,0.46060418462993447
6860,A,22.065285601973233,0.5002354323400853,0.4127908635183083
6861,B,46.83513675965685,0.4630099263756403,0.3380674868519631
6862,B,26.144795257911273,0.501019146529031,0.21213646721116725
6863,A,38.635336606182356,0.3126573952873069,0.25858438614743273
6864,B,20.46622740925745,0.4102456662762526,0.36170943379236076
6865,A,80.11968843668922,0.20302203555841286,0.416903688607083
6866,A,9.393355070424224,0.24388506795559822,0.19581859855207331
6867,A,69.06786317329258,0.5540751748106538,0.36009375229424606
6868,B,6.1772261828300286,0.5396899868096311,0.41620208253107227
6869,B,53.17840576744846,0.44491133460145943,0.29058416474777105
6870,B,23.536460667355655,0.5238425363023298,0.5122845181310582
6871,A,40.80345513114107,0.41079240427884234,0.1982325799036476
6872,B,20.09733215622975,0.3778948180567533,0.34644509122175415
6873,A,100.71560101608232,0.43238753150146103,0.21778907833378466
6874,B,155.724008027196,0.48637814994232204,0.44827046052074104
6875,A,8.491787040150056,0.36264427407468464,0.2806439177419629
6876,A,24.565686234809597,0.3378423453310245,0.17465334670862973
6877,A,80.49700548033368,0.2398013800759044,0.23286972199315195
6878,B,16.56462187645733,0.4188720732325995,0.37481714515933096
6879,A,0.8738567280766297,0.5574063184414001,0.19893424961036835
6880,B,108.78615665110556,0.44329432849677003,0.2650364957898817
6881,A,5.355464673627878,0.280838123185701,0.22670924461674288
6882,A,180.0,0.4306345488115968,0.17808233257938957
6883,A,14.807325921883923,0.49000627130913355,0.3648466422485075
6884,B,180.0,0.14386270668843842,0.2518020826778971
6885,B,89.96714526707882,0.5107649736435388,0.5190642828215914
6886,A,166.98810269259178,0.2282261972116992,0.21194225367418462
6887,A,9.069433715769248,0.46157902895455777,0.13135903058286483
6888,A,20.15993851476157,0.5217042668138888,0.2475816743195163
6889,B,1.0249218777507842,0.5258773825744751,0.26623629769592216
6890,A,62.90273327545972,0.28644584042641574,0.3913709393369635
6891,B,105.54397163420268,0.6378746342492106,0.3878642015381857
6892,B,12.482855699110903,0.4811951452100144,0.1454268251380291
6893,A,48.25335688581454,0.49606186468975205,0.3156467918187303
6894,A,39.15794365524905,0.4250098364158396,0.21015480368957182
6895,B,22.663585033007127,0.45318939038308986,0.2927287105399975
6896,B,180.0,0.31152022928550677,0.3803374918789698
6897,A,33.96636394741128,0.4661482263309705,0.23274501693865435
6898,A,83.44434553786559,0.6628595884609395,0.11949375389293654
6899,A,12.05154941803644,0.6371643808797665,0.25571145188390776
6900,A,26.290828265265873,0.5974129146426721,0.06337430452381272
6901,A,7.602932336220616,0.4334797386340384,0.2893088305696765
6902,A,40.77881309009223,0.5812493377503253,0.11802759399942712
6903,B,26.996146481877947,0.1898270897763772,0.2031762058302155
6904,A,12.97837057826143,0.5661501444622681,0.26828920440253706
6905,A,18.280282316831766,0.5732726058298983,0.30724824585099425
6906,A,28.675840677251987,0.19923797307464547,0.2670734639399772
6907,B,55.31408473127897,0.4588885640011421,0.29107473900976893
6908,B,19.349539307986394,0.6100324911892886,0.5206028360614918
6909,A,1.2210949899530623,0.48772324370064557,0.1919317588258579
6910,A,4.339914759300575,0.3719885869215874,0.21540126296845027
6911,B,23.978707762346072,0.49733776219759646,0.19269359204583905
6912,A,52.11616080231154,0.362700331016264,0.07928198353158936
6913,A,25.214107389021216,0.3032340366309295,0.41822576120433275
6914,A,90.0417507976097,0.4027575415770223,0.22245834434310918
6915,A,53.38659070408223,0.4331877541593165,0.11523559781952673
6916,A,0.3660269655416116,0.46426797267260783,0.39053853761974816
6917,B,47.339323494186566,0.20242201878435587,0.2517947641069881
6918,B,154.02513488273033,0.5248291509603399,0.2538107359672122
6919,A,43.153626470809456,0.27140120658672523,0.2819993601808169
6920,B,17.259860938867,0.29870786700534663,0.33806832867766873
6921,A,4.42855526376426,0.2605952505247573,0.22751894287943292
6922,A,68.32703162663495,0.6448070964433232,0.22894083176153654
6923,B,14.777164192987506,0.6099402595220923,0.4201609517601883
6924,B,1.3845470348891198,0.452161315329485,0.29320369032606336
6925,A,180.0,0.5669209206175253,0.08918517775196312
6926,A,34.09094109204964,0.3197632226495124,0.3565526554900132
6927,B,11.74071786319276,0.5615777687539907,0.3303282540459351
6928,B,15.82727266269059,0.627284226985096,0.19270565031487957
6929,B,3.376849264147854,0.4682545684256148,0.19587467515802917
6930,A,51.667117376704205,0.466252469006691,0.2806745727794639
6931,A,12.190908455081015,0.4595923634846999,0.16770537584573256
6932,A,25.89920670042676,0.33579261335106947,0.1666360115037885
6933,A,87.23719026286696,0.38928868438966563,0.23995791461939714
6934,B,43.119239353281756,0.5127704728708745,0.35641668483292005
6935,A,8.245327776783913,0.4183565573971419,0.198356709114078
6936,A,13.887619223939467,0.3210911751851171,0.27371877479372253
6937,B,7.048591701120297,0.5543516854813563,0.28997989766532617
6938,A,26.530599041872385,0.4162501340756581,0.3184913386310422
6939,A,56.05467211263354,0.29820673212762266,0.245126197488435
6940,B,37.208549917275626,0.2881673557733205,0.1326804144497967
6941,B,10.892137916541946,0.38207702695089496,0.17356272090954358
6942,B,142.71880116197005,0.4822514270522893,0.21132819684409382
6943,A,21.213853111090614,0.43278349433143054,0.13983574373218396
6944,B,19.077035711690364,0.4890323535748649,0.33160600137426205
6945,B,5.071766590706641,0.3261917056938151,0.30832874923824816
6946,A,118.23199737941488,0.5465938117219816,0.1022499535031791
6947,A,4.464925732205703,0.49213052809812574,0.35078591807313564
6948,B,94.05917573876319,0.3308346433157958,0.5056131412804518
6949,A,20.84907505775776,0.3767126316487146,0.20902603897854904
6950,B,26.73971863179617,0.48536090238167984,0.18807344579845303
6951,A,55.54234677544228,0.24324931723373036,0.2919015684110673
6952,A,11.527483810951221,0.3195343385017385,0.37481104310247776
6953,A,48.074189172792096,0.4000841379043409,0.2764999440370762
6954,B,89.20446113979631,0.2227832877763571,0.29699037205019463
6955,A,8.072379854510668,0.30511024152480476,0.30288678156801924
6956,B,19.483271483270663,0.33063375008720397,0.338313015226982
6957,B,36.04758221800754,0.5087020031990087,0.357869877380342
6958,B,30.6504203301823,0.5808307172466907,0.39249430058129287
6959,B,42.444144233218786,0.5928263921313722,0.19740986156791387
6960,B,26.706232435901228,0.6458338133066956,0.3150431911632643
6961,A,2.592370276843558,0.44468885666436303,0.2569355565073271
6962,B,35.712136070237456,0.5337454557010122,0.33928700629761016
6963,B,59.14141899863476,0.3304154198565231,0.18234359086024265
6964,A,5.804471777262195,0.5350443969066669,0.10053556458538944
6965,A,119.65692045416112,0.4158537023845243,0.4017457035931287
6966,B,27.851268608510146,0.45495818964307383,0.15823751794408134
6967,A,36.108276131108596,0.2007465596169826,0.24526122140322085
6968,B,59.9713259328883,0.540602936449695,0.34151441039400854
6969,A,71.60992654857934,0.5130297757077704,0.1551867941777252
6970,A,18.200131988815873,0.342641801177508,0.1706669176922017
6971,B,65.14662374312431,0.5487138934734317,0.21289771104273164
6972,A,40.41466839315894,0.26896822797463416,0.14787473496385045
6973,A,30.73959312551893,0.3024737325345902,0.2023708503078778
6974,B,71.86455182734105,0.24632842271860028,0.4809402417132378
6975,A,131.12686641089502,0.23488137712686447,0.16973335565614367
6976,B,33.1056674874642,0.3032234700020347,0.2881046339812188
6977,B,0.19745861162850337,0.391161327744603,0.2349892687822861
6978,B,72.82278671406314,0.438458571521464,0.368680459692567
6979,A,61.94878480326037,0.2677079154487563,0.25086180143155473
6980,A,59.010528983282,0.3898621056218331,0.1885493321730993
6981,B,124.68724174314002,0.5533567671603656,0.18107587839226383
6982,B,54.98115383608509,0.6070290708017297,0.30778660021368953
6983,B,38.66133938784636,0.4476640789178856,0.3347620354008531
6984,B,42.64271326075256,0.3877410333283579,0.11671565239665561
6985,A,2.1357890776490245,0.42581353771906255,0.1989194282389788
6986,A,35.899825348523954,0.4909015888520901,0.24642008169808674
6987,A,28.31480194452821,0.2932015895387371,0.3445735218128909
6988,A,118.30053665523708,0.4145145489568554,0.2166222093229206
6989,A,13.388382919218614,0.3415886286356572,0.10755453582895841
6990,B,53.243251306082065,0.46499048506319896,0.2985381005194062
6991,A,14.151718110802426,0.30155131795416856,0.20526803456593684
6992,A,23.846270718120024,0.3297104244343111,0.37609606256362466
6993,A,12.54962419750511,0.3178512236777028,0.33869888622044136
6994,B,180.0,0.6072951597400782,0.13793131211439383
6995,B,3.331378282976064,0.6422627885921763,0.4110001973699791
6996,B,1.1133446682140706,0.4787090443961806,0.25056259792605395
6997,B,173.10349512907078,0.5430282645357605,0.19565695564679172
6998,A,6.2246016673795035,0.3844922397255899,0.3606454966420021
6999,B,30.194653954980524,0.486244466169551,0.2645768802021382
7000,A,87.651715067231,0.27352759848861297,0.3097912010846227
7001,A,36.7682046079566,0.48939946883787755,0.18281241259866748
7002,B,49.278420662728045,0.6046991688323644,0.2931922371322992
7003,B,72.80799445001809,0.3735504463996592,0.27427727751207515
7004,A,88.91524104292895,0.3101839954548326,0.2620188316584373
7005,A,80.03944397693128,0.3348837184784064,0.20269157783636207
7006,B,70.46877493651267,0.4056995898733899,0.3262108183047561
7007,A,14.910511573424161,0.44486723409406614,0.3914634194263963
7008,A,35.70715765817713,0.46533749756828746,0.4274204265429655
7009,A,3.9098359115794743,0.5097436327098894,0.5049823171406131
7010,A,111.06322935390469,0.31911203892335366,0.2566700888552033
7011,B,54.17554977204516,0.4123239148993223,0.31549374504672206
7012,A,23.30799777835047,0.5855083444768058,0.2797662114997401
7013,A,22.515348852397786,0.45429045245209404,0.39991815549636156
7014,B,33.199586989063434,0.47627050443067576,0.1501624850998833
7015,B,44.626732530536685,0.41541541937073495,0.34912046388061463
7016,A,16.227852978405043,0.44013350469251583,0.11215891382196047
7017,A,27.78372235477727,0.6327494271641452,0.279734234533069
7018,A,13.051380464677306,0.10185659618557355,0.44299843385983356
7019,B,68.01720265489497,0.43235703866175956,0.2261628504555896
7020,B,98.9333743367594,0.5854510503745242,0.24490056673813762
7021,B,7.080739235103282,0.500556827857709,0.3747434820683885
7022,B,16.934985985422337,0.3049005127651968,0.2644056479999234
7023,B,26.35489493063237,0.5888978693156968,0.40976036109330083
7024,B,56.945886692002745,0.40873554492028275,0.5079132448536736
7025,A,21.139528214253595,0.31649612838804575,0.2427761972552596
7026,A,72.41279356802157,0.5925162288492201,0.17942435430044676
7027,B,26.18913510474492,0.5372392891680734,0.3153920551750415
7028,A,80.87885345705408,0.34559066206637606,0.18916945792015175
7029,A,16.320052508569873,0.3993195011090928,0.18144125988446091
7030,B,14.194485652333427,0.5388313345060115,0.24239062090569377
7031,A,28.485919543128848,0.5293212947188044,0.4107342136087158
7032,B,1.7526419867127223,0.4351857418107325,0.31251651202002406
7033,B,96.11577260758094,0.49447216057285537,0.36871237091766745
7034,A,93.15198211584571,0.3975050601187703,0.14991176893916228
7035,B,28.23030721311121,0.5772519629687671,0.3872618230527769
7036,A,2.43500826277795,0.41211717527149494,0.2152693934331323
7037,A,98.97893527994425,0.3275918331438147,0.31253644114193807
7038,B,20.76502897626897,0.6309049432187471,0.28722591825088123
7039,B,39.35266652300188,0.48728305257673366,0.4373560820417049
7040,B,6.820155030024589,0.4770343423845561,0.4545469876967691
7041,A,11.133728773691868,0.5617524429848716,0.12665046097244434
7042,B,26.334492649480303,0.6773050003971146,0.2528156163602903
7043,A,51.06959139333323,0.3436765886405046,0.21438396682873753
7044,B,72.46007319908989,0.449645015954285,0.23728987902786866
7045,A,39.31175547151651,0.35124748523614435,0.40449652840199785
7046,B,69.2770602142725,0.41347537186025196,0.3001881038599146
7047,A,36.22788624449988,0.4411026978541468,0.14584756304931704
7048,A,88.26990494032671,0.48272654528794273,0.17642551267530512
7049,A,4.819899123439721,0.36994737437908487,0.2476405881212031
7050,B,76.85367073134985,0.45089648817079503,0.28221145990044233
7051,B,32.76086829262976,0.5658088584622903,0.4344759831171094
7052,B,23.936260252439997,0.5641622318853131,0.22981349532522025
7053,A,19.179948079355647,0.2987740610839374,0.2606324249183251
7054,A,34.77319234236498,0.3538127200982798,0.2079269536265631
7055,A,75.03919923435747,0.3951512225925864,0.45335841211178074
7056,B,92.58425629564533,0.44939700638423286,0.26876174296953653
7057,A,10.97602091128002,0.4462851747561068,0.13835605661006786
7058,B,9.89573342964045,0.5864545845818301,0.4540308791302463
7059,B,67.15723693005512,0.5650366137917499,0.2998738223864654
7060,B,113.81686807922985,0.41643761686637726,0.1299473495576887
7061,B,17.528451944151758,0.6209272833055562,0.2231006220913754
7062,B,11.46036419457917,0.5730129020784663,0.33533939355386516
7063,B,37.36280397226624,0.5313779934757514,0.4158472509424341
7064,A,73.08879653201683,0.31080606301392666,0.13237903605732992
7065,B,12.67992448337838,0.444949703528586,0.2987656772320297
7066,A,22.9600474216668,0.7341297484038934,0.18891166934369144
7067,A,9.422145520209112,0.5851390460992848,0.14661432245075712
7068,A,64.03059375094065,0.3774239502721718,0.27714163093196226
7069,A,4.288453717011339,0.2827694183584517,0.18468021282569566
7070,A,32.540708787934875,0.27087488083716893,0.31663504913739265
7071,A,2.9703195792186174,0.5798902004042523,0.16118405773884337
7072,B,106.39980260808346,0.516999115596179,0.3158475475358909
7073,A,19.831752309621706,0.48218482102957355,0.28318416310054767
7074,B,14.573806586026361,0.33497952744106435,0.34913550837383783
7075,A,41.35438616991489,0.23103957360449243,0.3022665180254415
7076,B,19.59505471682727,0.3945524194375251,0.1773995352529689
7077,B,114.03648610802885,0.2715528654137552,0.31363341009475354
7078,B,11.970159868754122,0.42770681677706135,0.3363504074143655
7079,B,112.36923755103719,0.3812172000604156,0.47608765700781824
7080,A,36.54859405455213,0.48505221779522517,0.26382900510324986
7081,B,12.24459319905514,0.3582917280655324,0.2314823009287947
7082,A,23.337671017289942,0.3389311745497212,0.2402262519140725
7083,A,25.220255640718758,0.29959590971417915,0.26950042286300246
7084,B,126.2670503503395,0.4302435095089101,0.1958558254473727
7085,A,11.573016973510683,0.47079314529692573,0.08779425491394949
7086,B,19.87443588858376,0.6147941129417791,0.3497346616314911
7087,B,14.69905260995899,0.37452649336536964,0.3520723521491997
7088,A,27.386560139013373,0.3673462009302366,0.09921676188339446
7089,A,137.8370202447667,0.5613115036883131,0.3844916624724613
7090,A,85.50648020338724,0.5060565250078084,0.2414896264683901
7091,B,33.72391004583551,0.40105131967348734,0.2242083599732519
7092,B,23.961791575049894,0.4069499879754543,0.3071218661667098
7093,A,7.061679388588681,0.42075536859779133,0.19657613831764298
7094,A,1.360495825402381,0.25038911852789947,0.21543423441264328
7095,B,11.717318877029813,0.6401939451132628,0.3397980457620109
7096,B,21.47726381369704,0.3741471909890237,0.45181200538830807
7097,A,121.99135513191328,0.379239710131122,0.3403024746802158
7098,A,33.665893217047824,0.31397939044604467,0.12891596526164523
7099,B,64.95176937495928,0.4908527484604278,0.31484066081671525
7100,A,34.7327737809035,0.35492889124983995,0.29072598165833874
7101,A,68.28285090107903,0.49084722511294576,0.4848368722727205
7102,B,92.7264017926312,0.3360686658725079,0.24501022660731453
7103,B,89.39006999031821,0.5607766544385994,0.2632984900303471
7104,A,17.004712096263457,0.39174424767646465,0.13929490919710374
7105,A,29.59207263451712,0.3551051830621571,0.20927785944531452
7106,A,155.83288497145415,0.3490173232461154,0.1580977451109734
7107,A,50.18377892373353,0.2857311554697845,0.21698181854893575
7108,B,73.52498681344179,0.39511122431553725,0.2650460483718504
7109,A,7.51205628730312,0.3354812200962316,0.1857072445895479
7110,B,0.2833987865962583,0.4548869802437041,0.575531556952961
7111,B,28.921287682111505,0.4352068419134139,0.3507349145410342
7112,A,6.434004064837374,0.4228565659231672,0.3748493026522484
7113,A,10.281994174627382,0.48608434424618724,0.305685661285946
7114,B,9.624784213152951,0.46690533920453764,0.29972353240477057
7115,B,3.9683873698817713,0.43654495399070814,0.27791177541351453
7116,B,69.23069340840831,0.4782804539546154,0.29942152360255586
7117,A,65.49660637141889,0.3224960589363684,0.30831377947610566
7118,B,82.02258436072597,0.3443979169236837,0.1603228005046083
7119,B,87.63712976618024,0.327085387000574,0.1969198172608954
7120,B,114.92542487886668,0.3000327731507947,0.26550922567203095
7121,A,15.754156939090683,0.4722021260851059,0.39054072308020243
7122,B,46.36921458379951,0.5136739282602824,0.2878497315825102
7123,B,180.0,0.3516879237523082,0.1821166017797401
7124,A,0.9729406334931674,0.38393077528184594,0.2748126351156172
7125,A,129.84849358742647,0.5335992101485978,0.10777566298334117
7126,A,8.369296035097557,0.4470784529680525,0.23852790886181907
7127,A,0.432187145423168,0.40366220298200484,0.13591942123330314
7128,A,12.180138424287286,0.4484424207894127,0.24454943277952698
7129,B,34.37777923510021,0.4525475436569557,0.20204104250510302
7130,A,12.056268423753824,0.47557373671526165,0.2753020124198932
7131,A,24.66857226866379,0.39024643390757074,0.5284384401917552
7132,B,111.79248146117993,0.29220547660636037,0.46204826786540826
7133,A,113.87760521922371,0.5940815608436246,0.28288126017796006
7134,A,95.10723668037826,0.2909383613568481,0.31361758587260824
7135,B,6.2318629104017615,0.5837529052273174,0.262399780407246
7136,B,8.385169567140998,0.6892074150323492,0.3944822306617822
7137,B,46.40744090011305,0.47793502189002396,0.12391407092374543
7138,B,6.8922385535889585,0.3602640809749544,0.20399767999882515
7139,A,27.470330468158455,0.42657930901422614,0.07753573256405781
7140,B,4.070903644024452,0.5087051963102105,0.43075658816360524
7141,A,23.81216261299454,0.4601829113529513,0.3086229961574877
7142,B,11.348292870239332,0.6782581424855012,0.3899799703995179
7143,A,36.43656372310401,0.4786408636041131,0.26037591585403363
7144,B,80.54731293720562,0.3380641654390909,0.25161917349531915
7145,B,136.42666170735373,0.46820266721695575,0.3150336064167032
7146,B,21.094637822382193,0.35495749971027274,0.3300127004571492
7147,A,12.554638068671453,0.2789749640046668,0.1310075731267455
7148,A,2.411817073842208,0.634026696978016,0.4240101620462807
7149,B,180.0,0.5596571115701813,0.48248251332993086
7150,B,86.23513780071262,0.403468177732417,0.26031170647470847
7151,A,126.02531453967703,0.298694897431106,0.2915005963721022
7152,B,13.328774360164807,0.6038859019510628,0.22914377787602966
7153,B,45.87269019186978,0.3931899526432112,0.22491225810317084
7154,A,9.299429354573812,0.4793551261506941,0.44102755851571646
7155,B,180.0,0.5381164667560321,0.27813960463623205
7156,B,98.2310154337002,0.39844665392193335,0.22790907274315322
7157,A,9.95159062753293,0.428764531747812,0.2446723459039696
7158,A,28.778904472304784,0.49016741843967876,0.2184109629576938
7159,B,23.48057356318332,0.4456897302202776,0.33161301261623666
7160,B,19.01893506310416,0.5164978972789691,0.29948789257820274
7161,A,30.443084492121063,0.37882953378740236,0.1628067506273318
7162,B,88.95449515725626,0.6113639926300104,0.39516880085656864
7163,B,41.426023415422065,0.3926190239269976,0.4364955372350944
7164,B,9.279922103459608,0.41894048274303247,0.19417578112527556
7165,A,0.8372806718004088,0.26814806112342715,0.2912963154896516
7166,B,20.656885622086264,0.40475778218340247,0.22041029978154225
7167,A,7.205203352659297,0.5013252553021912,0.16048866392087852
7168,A,21.3778854748485,0.4078195748403477,0.32836764574965177
7169,A,51.80225366770888,0.42547201741973795,0.3777564218441149
7170,A,11.669081329977027,0.20278045462103206,0.22842095708173826
7171,B,56.37612318756686,0.5767749624394447,0.46143440849000067
7172,A,24.747212232072467,0.6164724597266046,0.05977673609879147
7173,B,8.64459369832875,0.3956588813806969,0.3252354551602469
7174,A,36.67341328126048,0.2570797257614065,0.27264457499943506
7175,A,98.75522612422922,0.34241273783043646,0.06650169380144966
7176,B,62.384536546018424,0.41203943471499177,0.16362749340649343
7177,B,64.35669427495912,0.4475229910863343,0.300562617271983
7178,A,17.758339938014583,0.41663601367860115,0.32829113603437254
7179,B,16.41815093920939,0.41719134020921084,0.37146246913421593
7180,A,6.4512186687520465,0.4374429443807867,0.3356863951945575
7181,A,30.236335309270984,0.15870593834992106,0.38070579710518193
7182,B,26.39252817430235,0.463491246374568,0.39381208746187923
7183,B,142.49692377398407,0.5163052982665242,0.308853421295893
7184,A,61.79697029870267,0.5225547997077148,0.37871769264397676
7185,B,71.9161526236553,0.45064686669945164,0.37651849279499117
7186,B,80.61436597736545,0.44136830837350177,0.4227987660288939
7187,A,5.236931354605038,0.3111146276148483,0.22217010856679642
7188,B,37.763358629223355,0.5101532360149441,0.28949222486834214
7189,B,12.464652160145533,0.46767312682806883,0.2822299431909657
7190,B,46.522633143634124,0.668053920284445,0.2643168650474223
7191,A,24.877572318166997,0.22850969352809214,0.21310592209634327
7192,B,76.90109271579867,0.4967759467238052,0.4989912735671053
7193,A,0.8075338863846792,0.39951971413490456,0.13592500253374926
7194,B,0.2023228316260204,0.44766350004319855,0.2678323534405291
7195,B,6.280862870939754,0.5761563611375768,0.16163548340356365
7196,A,1.5360846821855363,0.3649355215311991,0.3477292390226039
7197,B,33.436695659314196,0.3341662916580934,0.34330539969093254
7198,B,29.890853638174324,0.4505859917750316,0.20595503392845146
7199,B,180.0,0.3561990541532286,0.256909921867245
7200,A,29.68299908990579,0.3591718481840944,0.3675857638129935
7201,A,15.934633468008752,0.2861355839429099,0.30504524712524694
7202,B,5.027323979012934,0.3612450567754779,0.19905642989361144
7203,A,83.92601940423835,0.49769801157460003,0.14002965685936228
7204,B,20.337114190068927,0.5437832339650595,0.34309716104570886
7205,A,41.47609737193088,0.34257664475854865,0.37269923010781886
7206,A,27.22560885376516,0.32218896377621914,0.4143395024380714
7207,A,23.586276579318323,0.2991419007666597,0.23815999384597866
7208,A,30.944396708769403,0.3986799920333191,0.24350042550265394
7209,B,87.77581996445393,0.4984093903385312,0.29711544284101316
7210,A,1.8575646694234071,0.41559354123970227,0.3769776337434672
7211,A,100.4848676360033,0.3118031221766801,0.32221360502421503
7212,A,180.0,0.3666801489081135,0.26647926057220034
7213,B,49.28833481062492,0.7209661160969562,0.27187001132061495
7214,A,9.011976845766277,0.44285235052743127,0.14505869338005214
7215,B,42.88213720231519,0.41911434305964074,0.30525313632272566
7216,B,70.28859393080239,0.46450207066245025,0.3405329190076359
7217,B,2.1218234616319394,0.35862888324787545,0.22915758271413827
7218,B,153.2327677684236,0.3102346998575218,0.32797106482477734
7219,B,11.038699432068283,0.3904743672114051,0.19400161945096078
7220,B,4.439807734340281,0.480860320463203,0.15115313963058208
7221,A,5.772089406384973,0.352076518007861,0.1637877449079469
7222,A,6.97461332232716,0.6220657190096524,0.3793341849378475
7223,A,48.68257466645055,0.26451289531626004,0.2630093714462183
7224,B,21.52442297174103,0.41835062140169454,0.3508454008797919
7225,B,63.016611791815876,0.3333953051632118,0.3096238542419602
7226,B,13.6912319800364,0.460280939174105,0.3759768919227324
7227,A,48.7375391824113,0.49187609117865366,0.22097274854118135
7228,B,2.659656421510185,0.44232757725423977,0.21349534020347294
7229,A,84.75191775820619,0.35014153730232195,0.1707303236957352
7230,A,62.713202898023724,0.4451755625793202,0.10386326974222587
7231,A,26.877281833623908,0.34246220551046963,0.29202598205993674
7232,A,42.70306108731733,0.2407541387537823,0.14413960224284073
7233,B,3.074598455710309,0.5169972400560926,0.18739102362809051
7234,A,52.45492107119162,0.4358517051429054,0.21309545848316472
7235,A,32.35275780656203,0.293325029051448,0.2244150300129328
7236,B,15.417485704761978,0.4304871803988919,0.32886230263308425
7237,B,7.557805745975193,0.4260515206137246,0.24193224748203623
7238,B,24.227060874391192,0.4689829756668496,0.1597489422398441
7239,A,29.051899027827623,0.3048648598870722,0.2680461923652526
7240,B,9.8820259383976,0.5512412933583581,0.3077216658096074
7241,B,21.94783646521377,0.5235681795900748,0.2567029574019769
7242,A,46.61604098799044,0.4291625381074656,0.1982163103640514
7243,B,30.568902172182852,0.43337063986118635,0.4180218966281582
7244,A,36.68657848870316,0.36328499082013066,0.1115227260344727
7245,A,46.46981239190236,0.4295856592368474,0.40008705664723093
7246,B,70.55816744718969,0.415946511542827,0.2688128860632845
7247,B,13.415647251042117,0.47934863461134797,0.2554310486931135
7248,A,42.702992787087176,0.2884566630445062,0.3407214009050887
7249,B,33.51288189093628,0.42440709374448515,0.19085328333625987
7250,B,87.84470546325839,0.328495046235802,0.12231933452540447
7251,B,180.0,0.288227092314282,0.24283966015410027
7252,A,57.154516111012576,0.34758403359495804,0.1490172863683571
7253,B,42.373597591662914,0.595010112702235,0.27936170416657624
7254,A,46.32611638717841,0.2697691319190724,0.24269506511952843
7255,B,29.44229840718417,0.613769184409777,0.2916694503616338
7256,A,33.00447745568946,0.3223311800078094,0.0975904631993856
7257,A,51.52793139106442,0.39084510156830937,0.30884709861779946
7258,B,51.917032657664755,0.3988529742659888,0.44981384791881973
7259,A,26.860300315497547,0.30651173606624843,0.15259730927767254
7260,A,12.44872118496742,0.41789991612118665,0.3317553355201413
7261,A,0.06386520419761585,0.22698749421709058,0.3518030109785263
7262,B,34.637584493905685,0.25653954460105516,0.24404215800347692
7263,A,36.940458223350184,0.3079864601008834,0.4371088700312046
7264,B,9.361671827958181,0.40246534365618725,0.14926146983090496
7265,A,40.19388800891423,0.26045428300094514,0.21835636126763633
7266,A,160.97854687339293,0.5194591250763989,0.41320770088578296
7267,A,20.18698522102034,0.4090484998001596,0.4725319578277277
7268,A,22.549283538405216,0.31830140842576626,0.1774822987295526
7269,A,10.142800283936182,0.47407791404088495,0.14856600814325666
7270,A,3.291541602182687,0.4521603684161111,0.27869993950831834
7271,B,31.98847216162939,0.5469274893794461,0.4140322393715715
7272,B,180.0,0.49348583761676423,0.24893351674985684
7273,A,66.68749652626349,0.35092626994289045,0.13942640369699938
7274,A,12.926561188334738,0.49784348454854127,0.38447421262658066
7275,B,53.18781734212454,0.5520036619024318,0.147501645996978
7276,A,42.24619918894474,0.3989692468621223,0.17586114227609348
7277,A,52.38112074576958,0.4434491520896237,0.36829312044612356
7278,B,17.330689570389804,0.46169907900826457,0.21873934441511125
7279,B,152.89154421136178,0.47704005573056024,0.19592552512390343
7280,B,25.58264082084816,0.4700766089825189,0.4168013620289942
7281,A,28.674646705781587,0.4274099789357033,0.37179300554940725
7282,A,94.06428182716697,0.450749906732638,0.2096349882078053
7283,B,25.71375660731551,0.3076158548681615,0.3319570771410938
7284,A,26.39781277867596,0.6387814238393115,0.3239993519844695
7285,B,49.851106420343946,0.6291092620228965,0.3091962370041405
7286,B,43.76248281060621,0.4427823065460305,0.4354816313284595
7287,A,15.090522503051655,0.4764216589173071,0.3397101977387535
7288,B,17.841480148029294,0.46311377558687195,0.2616157292886684
7289,B,32.72799759338843,0.6390553073804065,0.4118231363706641
7290,B,21.0202409519077,0.5839380560368463,0.471303374369244
7291,A,101.85811426023314,0.39019762804375724,0.3535851671087788
7292,A,88.98071432908543,0.5208244385559416,0.1485930498981406
7293,A,8.06285027805,0.6110949571935461,0.3463629238663721
7294,A,1.1836779262456196,0.21816714094605305,0.40485951816301885
7295,B,69.6058038863118,0.6351132285576682,0.3252846583558305
7296,A,4.243266335426782,0.3951931038992313,0.2947631597147009
7297,A,15.193767389462288,0.27339931021637903,0.18300059551639292
7298,A,161.31927226961838,0.5462392434698294,0.25552385939585076
7299,B,6.795442692875091,0.5592318609351532,0.11922051768192417
7300,A,36.792623097368065,0.3216450237706713,0.14002202790681675
7301,A,21.025181742886282,0.36669704150612165,0.14368476340677208
7302,A,98.80517865789453,0.5242114684422505,0.19716035311346272
7303,B,72.13956806154691,0.4825010018107336,0.20153609542020592
7304,A,27.16000841262406,0.24793653903833776,0.315482751639412
7305,B,9.1386707873584,0.4455279272815397,0.3844390280801406
7306,B,18.993383231340772,0.3529166750011208,0.2648183832810389
7307,A,17.040818881867324,0.4597421196163846,0.2018599738748219
7308,B,21.08406503673099,0.2660902854353579,0.4418373092562999
7309,A,127.52755203451093,0.569989510314159,0.2838283625783545
7310,B,180.0,0.46472774681365475,0.10286981619882186
7311,B,46.34052955712574,0.4517866779837564,0.18025470993217008
7312,A,85.22593132604504,0.3843354355012797,0.11843356369221915
7313,A,83.50990782534109,0.30163624832050034,0.19754826366064684
7314,A,32.31105899770971,0.28076555869293046,0.20963014091564922
7315,B,78.15973193810834,0.4844086866693,0.38260187248632055
7316,A,70.10896619088966,0.4526891825194243,0.412057638355866
7317,B,42.1475995005554,0.6093636304619787,0.28943978918283525
7318,A,8.894819845434354,0.3789213756450363,0.20651998690998677
7319,B,180.0,0.6468955900495817,0.4344869933796275
7320,A,38.3172097933959,0.18169282407450157,0.2589151510888582
7321,B,10.15365275299207,0.4434130140632274,0.16940120930630215
7322,A,180.0,0.41899658620731317,0.16117456481373937
7323,B,48.28464705592235,0.5890048388619022,0.24210227374792237
7324,A,15.472850536053848,0.41776342372714337,0.10880234154984345
7325,A,71.17159097884773,0.33628895308086526,0.20325945187833275
7326,A,30.342737108713433,0.4872933879222134,0.19236745292709823
7327,B,83.01452525437468,0.402678172886953,0.3866892872051057
7328,A,1.827882076173281,0.17217328536349139,0.20584585852038575
7329,B,51.498592633378856,0.5637862185104929,0.27182882413665227
7330,A,64.78996448340774,0.4580054039405793,0.238565457093042
7331,B,118.1651595268359,0.43052796207259786,0.2868092813720411
7332,B,47.739237185146735,0.4263288943594489,0.260056476501074
7333,B,91.06362500200757,0.4206642624095542,0.2276726408912461
7334,A,8.307321300946393,0.498868591840516,0.10791092048595655
7335,A,44.92092775240128,0.5296457619895236,0.2295470836168976
7336,A,4.030081759321124,0.47176375310089874,0.0754098924700246
7337,A,132.07340502080675,0.3750889277678515,0.38831138263594384
7338,B,10.053605696579174,0.40562497701325967,0.361264792251809
7339,B,15.802697863690469,0.25949122791064705,0.13272710136862542
7340,B,30.529737314304864,0.5571698218109031,0.31377630847672555
7341,A,15.521457215540208,0.4115029722298961,0.272397899465718
7342,B,99.21409198260416,0.31160071289939023,0.3099701104548663
7343,A,11.555278314072083,0.3131558347794437,0.16169415838919757
7344,B,28.91724724137761,0.19243672206313395,0.24449483103230082
7345,A,6.222146430132301,0.3434077559953151,0.11143545186208118
7346,A,131.34653327846453,0.36677617661483675,0.23244483485184927
7347,A,56.00072821740515,0.44165928137243055,0.3051862271347421
7348,B,51.34521667429545,0.5161766660656143,0.390673080208375
7349,B,26.20119904131179,0.4194771441539222,0.2977530029008089
7350,A,60.906697753250725,0.2007118722723064,0.26978364182098286
7351,A,31.138065533352318,0.4094545039749839,0.2727481747447076
7352,A,28.97273909343123,0.39339375503983015,0.17223422896371376
7353,B,85.19975694745304,0.552790358843809,0.17179385048939827
7354,A,5.24509582817513,0.5519274964133208,0.18741219729630512
7355,B,11.622161135190375,0.32361663172128147,0.3499643689401548
7356,B,46.84339360647124,0.47134131501814447,0.38194723724816354
7357,B,44.849468642620316,0.3241277506024246,0.371390652798418
7358,A,36.92787618903641,0.44843110643199297,0.2398651728059746
7359,B,26.844652377291546,0.57342020721262,0.38571806093270755
7360,B,63.503133568295496,0.41773732761038174,0.3258223098929045
7361,A,12.761062247741114,0.27655075203658314,0.23564890294021204
7362,B,1.502276477012765,0.22312973266098823,0.18559654207346693
7363,B,95.78403190024599,0.4969672645778826,0.21293200728670475
7364,A,170.03699679092995,0.436640790850291,0.1371246005558596
7365,A,71.66191917829718,0.4886493523737396,0.3754770766519785
7366,A,23.97226199258991,0.41859754202632576,0.4222138562245433
7367,B,22.23818425922648,0.4235790997763213,0.28272417067354966
7368,A,7.384415722924805,0.3778290615928169,0.23547954721880252
7369,B,81.9075672180344,0.4669675249656763,0.19789411378425517
7370,B,18.924309897197503,0.32818136830650696,0.32698382610083304
7371,B,10.823267371742986,0.6133180584194752,0.13817075411309565
7372,A,69.23975362202454,0.4444366976450287,0.16871907842677364
7373,B,25.65990660874245,0.4380417962709279,0.12624355237740276
7374,A,5.857646641009593,0.47358384110690976,0.310280222557931
7375,A,9.445447928628319,0.6631245139181247,0.18568940251478028
7376,B,83.01064646734231,0.44585327359042676,0.40513394914395057
7377,A,10.694200236891636,0.5398550572068153,0.1513392729845753
7378,B,63.219982262534835,0.2940917914144009,0.27234414338349777
7379,A,36.627240294124114,0.4625548233041915,0.1910472866845255
7380,A,69.60281084223332,0.40272630289722283,0.20637421389591645
7381,A,16.980154358375984,0.24515188986266392,0.14494528449364535
7382,B,26.652380151795448,0.35903445315595267,0.2904458708455654
7383,B,144.48230077575693,0.4474728608289193,0.38880809518981213
7384,B,27.329152714360514,0.4144709495634176,0.30544449250332084
7385,A,3.9811689038219407,0.4328046178496142,0.35140906630000174
7386,A,28.10817985427451,0.36189735193579436,0.29380111585221197
7387,B,22.460964794902385,0.6414222749758562,0.5739377155880633
7388,A,62.04436884480542,0.516849689035566,0.10051244383447525
7389,A,11.276854642298085,0.3132956838243983,0.36484051981736887
7390,B,8.128905457754977,0.45497820335794903,0.5129379406097773
7391,A,11.176408381230377,0.4358048910548723,0.299266370638321
7392,B,3.789258554145542,0.41757739282215084,0.20508010397573326
7393,B,22.392904531021962,0.3883038281972244,0.3788142247183226
7394,A,132.3790245401629,0.5514589122688364,0.3672944138758925
7395,A,138.7107617844566,0.4338924200969513,0.298644636169323
7396,A,180.0,0.4999798125845914,0.19859107856031774
7397,B,5.018692020871561,0.4183049587239638,0.18391365932538903
7398,B,32.29603701747739,0.36754771392624946,0.22045854760980413
7399,A,74.18198557065641,0.4814733601365014,0.15693577584276824
7400,A,9.381679823957077,0.6431555671670496,0.29799762714106687
7401,B,102.24141346065619,0.3565130131460466,0.33143643103118337
7402,B,33.61728443272954,0.36545835347907035,0.27651953484841985
7403,A,10.720518238658883,0.38167800607804264,0.2344952204946417
7404,A,18.713554975942653,0.273568723511838,0.24152216454921013
7405,A,17.23139853710245,0.26021592468135046,0.28289636882165153
7406,B,34.06230661186033,0.6222079304081297,0.26793561428238527
7407,B,15.198566339834375,0.36707233259357847,0.16724864485614216
7408,A,141.10346044250275,0.25517021836667825,0.09048930417679149
7409,B,9.45757004673503,0.5450766617241823,0.3135057774784428
7410,A,70.03115265429545,0.34397233955311096,0.06091084906560232
7411,A,57.932382124358696,0.44474861213999745,0.14715430286646708
7412,A,9.25873806196736,0.4189922390523282,0.3635076735604535
7413,B,13.075480156956445,0.4169551674634102,0.12588253626197027
7414,A,108.12095514263429,0.4194602403555237,0.22268187889431476
7415,B,43.64375721617364,0.270287677350227,0.30417322083280846
7416,A,79.17783653097018,0.3818988270446373,0.18765044251066848
7417,A,8.041425218039036,0.6614516994786176,0.27948889440209534
7418,A,92.21688674633677,0.4316534957631653,0.16797177533559396
7419,B,46.5910203477192,0.5732848029250015,0.402556356696957
7420,A,14.300743999190185,0.4991961083481894,0.18798334925827154
7421,B,12.932511702569638,0.3460995283950958,0.22849552167027962
7422,A,3.7947344396918883,0.384745565165865,0.3083892559443057
7423,A,48.12781091181368,0.444285722831996,0.23121349891248755
7424,A,47.73384427408793,0.36772372596798353,0.31066166914364063
7425,A,4.48853447485534,0.24866318501909443,0.2814656245039618
7426,A,17.278892481742943,0.38932027651245027,0.20244355937113057
7427,A,180.0,0.35770819055486597,0.3070361864846537
7428,B,26.469448950027093,0.36944664881471784,0.14526555459199142
7429,B,43.72738388937247,0.4210491722854352,0.27832484302717186
7430,A,51.0538349213392,0.3811675030208857,0.24154198297426469
7431,A,58.93252891064734,0.35323254977473634,0.3732560588492868
7432,A,10.773987084155797,0.2822740247642356,0.13545896069082008
7433,A,3.692639185733145,0.3072158272984523,0.36471922171362736
7434,A,14.589454077231627,0.2672587067337709,0.31683169138868805
7435,B,74.31025532327682,0.5942565010233736,0.2603741598277106
7436,A,12.879644866648096,0.3636368391148902,0.3227142639993741
7437,A,12.027765416704478,0.14834977213252798,0.3027546765717905
7438,A,9.635725043897045,0.33739320155843616,0.2505580893653617
7439,A,38.479114336563775,0.4432595672881976,0.17962461228893037
7440,B,20.036814819378122,0.27787612577232496,0.24069361932754568
7441,A,17.894291950030112,0.45218660542783423,0.2354049442368557
7442,A,77.25226579526196,0.3845743775071243,0.18143123274876768
7443,B,16.461705992340484,0.3256111786676826,0.323986438645204
7444,A,9.147441923172359,0.37960136821879137,0.1186849233863517
7445,B,68.17535112093992,0.4040873241837348,0.18069643122656442
7446,B,37.50033298867237,0.38361911919617125,0.28525873826312287
7447,A,28.1156270006315,0.4457542880664078,0.43514335435213275
7448,B,101.04328662850422,0.5589727186850378,0.4058072983444289
7449,A,0.6188383213841059,0.5085869798672079,0.40397219930054296
7450,B,12.323624885748718,0.412639558085353,0.23875222031029328
7451,A,29.572512641400742,0.22319519080068773,0.17127472839833038
7452,A,2.5855988098357194,0.3552891679309367,0.20378521852180972
7453,B,76.63676057190571,0.4237503477234232,0.27002343278331903
7454,B,9.192412542797621,0.3713013995918643,0.2483324966662286
7455,B,45.70413601188608,0.5914389637818611,0.36720430803886533
7456,B,17.3453104379431,0.5539869511145975,0.3721882815362591
7457,A,171.19005753566236,0.42606504795135564,0.13550887184596933
7458,A,70.35621260557755,0.3594621071817335,0.25572483168932714
7459,A,30.310342145834515,0.27276966666556207,0.16620918778846225
7460,A,4.075539206750707,0.37955369013980034,0.25822513777483547
7461,A,40.39112104346175,0.46430118955179744,0.10266169722113239
7462,B,5.541818154443003,0.3685612084375612,0.38378979041220834
7463,A,63.989034215195865,0.6752874863850192,0.17970117811459896
7464,A,9.522311451161132,0.5183753933097724,0.24021923431752742
7465,A,37.79154348341332,0.43243617973147946,0.3474991047057
7466,B,49.8735051937866,0.24139478982731,0.32757252444031154
7467,B,36.75559673788117,0.43040908905586195,0.3136167804370086
7468,B,34.60566047044116,0.5298724565579415,0.27515825695836044
7469,A,75.74143998827587,0.3984140015136749,0.3301819403683915
7470,B,46.683625152887814,0.5122316302268111,0.336575821901006
7471,A,65.79389183120968,0.5286823317374103,0.10611695344886733
7472,B,24.227401178063236,0.4914128549963372,0.27910589699986776
7473,B,57.676866850830606,0.5433292290610434,0.2655697745156029
7474,A,73.10299646808676,0.3581129191902283,0.3494997797084165
7475,A,95.15885601853508,0.22603927999591897,0.37402384645702946
7476,B,7.292081865938664,0.6947393325659946,0.24071944961207234
7477,A,124.89779743593243,0.5075660659427492,0.2444508810997496
7478,B,65.26863440779093,0.4336401255170757,0.1663814191692122
7479,A,23.403156675823464,0.5114032339155468,0.11685761356516275
7480,A,37.850022329529324,0.4178767526205684,0.18342119299613618
7481,A,70.37069807325337,0.40232995866349525,0.2672815213295353
7482,A,53.75178054583427,0.5437357096967897,0.12199628496274394
7483,A,180.0,0.5957415656270273,0.401953464867786
7484,A,0.6197423377840369,0.29648152287913876,0.11961681046579778
7485,B,45.08697068779607,0.3279483524129488,0.23795391035166824
7486,A,19.742018350097286,0.35420663896943977,0.2901101061915422
7487,B,34.65550242442508,0.4476259591996254,0.31136798800901083
7488,B,7.101380933457999,0.5894413822885347,0.21577012178664912
7489,B,16.957019159150185,0.3782591338722306,0.30005886011761135
7490,A,14.846974310107592,0.6178754054016994,0.27287563109517377
7491,A,13.690778726065169,0.5449483571998508,0.41114910653844633
7492,A,11.32694735072516,0.3458325152628227,0.12073164616039539
7493,B,18.198868665800255,0.28547740911532987,0.39010096337709105
7494,B,13.84908522423825,0.5593732850101707,0.28023519269720604
7495,A,55.568595249133224,0.33458993596503006,0.28087521682054556
7496,A,3.9855769881174523,0.36593431961471123,0.2643663135876214
7497,B,160.3174889373567,0.490114309935871,0.290802672862714
7498,A,60.89763126353871,0.3827219451582108,0.22985395993469532
7499,B,128.57938029149759,0.5252888503191159,0.39729080860149346
7500,B,41.07748042065327,0.2856632927280282,0.17949208102401273
7501,B,11.973496030924261,0.32224538969024713,0.21293698232298627
7502,A,53.20330208388139,0.24955611031405167,0.17826192454366052
7503,A,12.993967094049982,0.4281604850466175,0.17641747062235819
7504,B,125.875088702226,0.5025805846123137,0.5179562835640182
7505,B,71.96401189740885,0.5970438812598425,0.4030274970640504
7506,A,13.116042274730226,0.38400427291559747,0.2603401768618155
7507,A,44.60298777990091,0.40745841325716076,0.3854702049121949
7508,B,2.056260842915145,0.31706864012078856,0.35929929123968773
7509,B,35.08651473799736,0.4968850742485402,0.4036732234492426
7510,B,48.29392512064733,0.5831451918137528,0.24102097824944232
7511,B,3.57686071595896,0.6047624145788808,0.416483001413771
7512,A,64.62917075109989,0.4528425425834134,0.2756384438392766
7513,A,94.11289364156403,0.6148666466072704,0.23458943862433812
7514,B,2.6580033096119267,0.16972575458893377,0.12503295589462826
7515,B,32.38213549569763,0.5313120295093845,0.14821677268889716
7516,A,86.01689021121182,0.5455392761865584,0.3624896480297445
7517,A,150.70813960880943,0.48980640708980955,0.30600812642498215
7518,B,0.10158826141789751,0.40843875655828965,0.2620732547334154
7519,A,39.18615236358892,0.4402746941370022,0.2766211565648294
7520,A,107.69030448704268,0.5105281215514241,0.14595248633435884
7521,B,2.4943276671323873,0.5848437188861643,0.37581951906097083
7522,B,9.3853985973259,0.3678364759154767,0.23470635287982405
7523,B,125.19628827453069,0.3301196300021373,0.4581118701387999
7524,A,74.38215531727965,0.2520066841625288,0.2365217502748768
7525,B,75.58962071289028,0.5708243428213687,0.20107774553945912
7526,B,31.127816409851444,0.29780744757278027,0.3655542552521558
7527,B,33.924803660430086,0.5057832486363043,0.20098056421221902
7528,B,60.238904855806574,0.3547476435581559,0.144159421989537
7529,A,101.27855005620299,0.5469017544537892,0.29285048513661377
7530,A,0.5262623420225078,0.5505874943930871,0.30617273702877973
7531,A,152.03455364439858,0.43162882337083286,0.2612847414948244
7532,A,28.870255728280735,0.5838117022129842,0.2550506200789516
7533,B,33.44583820861111,0.5803845842196619,0.4083353348103405
7534,B,3.4351092770601865,0.5690614196384989,0.2915303877710469
7535,B,69.7947217050049,0.47914392816221385,0.3552817900694079
7536,B,3.093192013238144,0.5606406832062268,0.20475072364285904
7537,A,72.01772465088146,0.5879218586437428,0.3711673240874828
7538,A,6.1224103870041375,0.33691549533544046,0.2487635111745229
7539,A,22.683760304203364,0.2863903636964523,0.15725281073122
7540,A,14.252114591048535,0.46572439732996873,0.1698992356714088
7541,A,15.517320247159825,0.3437479945591967,0.22975071444403472
7542,B,34.61708751681812,0.44000160687233153,0.32909697828870993
7543,B,102.87598573813513,0.5894975572934473,0.2182832050671642
7544,A,5.919290998354764,0.5267674008219905,0.21660092871195044
7545,A,73.74062260226442,0.40671959392197393,0.08836479474712652
7546,B,6.492729475250187,0.4888287499816933,0.36128591527633525
7547,A,0.4178380396009233,0.4615053120448919,0.2545390340435156
7548,B,63.76830472127055,0.6686758336493376,0.35840555565787274
7549,B,2.466641013202,0.32075093530705867,0.37188270559713116
7550,B,180.0,0.41762598018726527,0.21535147914556568
7551,A,16.861562410767032,0.5489433958911109,0.2267042248105735
7552,B,59.59072960541677,0.43846930874628554,0.1676847123717633
7553,A,8.624594461729517,0.4063339883948776,0.13491804046352984
7554,B,180.0,0.21934410732455586,0.4244300488116055
7555,A,40.016556674112756,0.3296450956984294,0.25904207511737437
7556,A,13.201563480078098,0.4294747590952929,0.308027872310628
7557,B,57.37134675458277,0.4014208297904893,0.12584303785398823
7558,B,14.427165951871194,0.4435015681248407,0.2524200546841389
7559,B,135.64866730489396,0.43124993720465116,0.0932928655790454
7560,B,51.23523740686694,0.6395777385537075,0.3015802945885499
7561,B,44.60941519957352,0.3417808645112224,0.41191771241455943
7562,A,13.488865561401283,0.26489081290999955,0.2056817984845913
7563,B,29.149226508643768,0.5104996005407287,0.4665668507587251
7564,B,17.41505680962028,0.26229402374525584,0.1307989468225808
7565,B,39.26887201949899,0.5843472464930561,0.36161182101297473
7566,B,23.70146230656523,0.3516347722108048,0.18731735892417406
7567,A,30.154108932827825,0.4115987605343954,0.28554290056101933
7568,B,100.06442286748842,0.5454637933699955,0.16143307195408196
7569,A,47.58906420455968,0.4429880757488312,0.20713030050507938
7570,A,5.8192690725349365,0.37526531623870546,0.39343512566099437
7571,B,1.5195105852808062,0.44112841904462136,0.4004781478483429
7572,A,8.684641227312534,0.46330784288104715,0.35061577760911505
7573,B,39.271297098748526,0.3908508946125918,0.3899553106490755
7574,A,12.776496419157123,0.34596403256956115,0.21712269912772278
7575,A,163.80095663957317,0.4895423303848992,0.0807783486322763
7576,B,94.18964045003939,0.35335019264037576,0.2869672766399626
7577,B,1.4557186168725578,0.3281117460466003,0.38807232879834347
7578,B,17.248782381973143,0.33344962839248715,0.4654356798375821
7579,B,2.750658105783174,0.4806766334219513,0.25021953889915
7580,B,47.0016310449696,0.4155054387460801,0.32546840224396184
7581,A,22.774095733558433,0.5083909624266841,0.19212865429257608
7582,A,41.11961131519065,0.6144568661232986,0.19252252871018424
7583,A,12.44110165695326,0.40493475366994636,0.3421698154217887
7584,B,19.805451793773873,0.3692813773290058,0.19347572639228688
7585,B,167.03177117442124,0.5131793269419571,0.3902230546684139
7586,A,30.34106951200239,0.3734177502057493,0.4141587805117094
7587,B,49.809636117278174,0.39804728642971343,0.46967075678865483
7588,B,42.90439018638462,0.5139700287738241,0.5541179204365055
7589,A,3.4654387796663664,0.5899934687292339,0.19356908547740745
7590,A,1.5912003167230067,0.39876116712347043,0.1719863082090289
7591,B,129.57399471891134,0.5227704220606112,0.2635600184506616
7592,B,13.158899068103871,0.28028314501529966,0.26846972670150365
7593,B,42.9566605289873,0.4955156609191628,0.40757500355673454
7594,A,28.462119789968284,0.3939696462890761,0.17521066470428362
7595,B,40.695011058090905,0.4510934182592289,0.1413852069135346
7596,A,22.886711810645625,0.33564459952260806,0.31753147185254127
7597,A,6.624086315852722,0.6014393235271343,0.3296472788836807
7598,B,4.455481386300606,0.4841377096886455,0.21044213667885836
7599,A,52.356394576669416,0.49531950825705723,0.1036661148909366
7600,B,139.83461293987955,0.4605848393884813,0.2223962962309961
7601,A,180.0,0.5062028606348711,0.13142913114427818
7602,B,62.647288676210685,0.5010408190738518,0.3678677680159549
7603,B,113.89050093149537,0.5049088826870376,0.3410794823145044
7604,A,22.66184334685917,0.6446429352345032,0.07979927800051297
7605,B,180.0,0.41523170680268656,0.3275356236906411
7606,A,44.08438383954096,0.39114722969499377,0.2387425370062775
7607,B,33.96958404351677,0.37621794143652143,0.39407956257146826
7608,A,148.32843170693562,0.5875020163456144,0.35443690694964036
7609,A,80.14621960552681,0.5363628762619647,0.12779538375243543
7610,A,28.025372807155815,0.3730531119757733,0.17472601815692157
7611,A,60.18588623486249,0.4548023751134384,0.15372492621283143
7612,B,84.65114447036514,0.6870475399075061,0.09561474050706786
7613,A,6.1704328382207345,0.6193288456460103,0.28087149610137024
7614,A,32.29437214581457,0.3630257346809014,0.21074149052246396
7615,A,14.723988632251144,0.5075484955295969,0.31535942977745984
7616,A,7.908286065871838,0.30659351717276534,0.3538583726808534
7617,B,44.80877586544709,0.47819200735066153,0.22742100890164382
7618,B,180.0,0.6225010896163898,0.3249360073746952
7619,A,25.002692377585536,0.599549378939003,0.18116859943164268
7620,B,14.767325025379405,0.5403605019279545,0.3459838008505126
7621,B,0.7235028636951584,0.3520940933943468,0.3754119572800357
7622,A,6.319300605397849,0.3744557550437002,0.22443718366050808
7623,B,10.697986327138686,0.5122413397714971,0.25568290688590833
7624,B,7.123344503911614,0.4255807875705938,0.5047627393128769
7625,B,29.868329392838753,0.45984924661127324,0.3348237998343932
7626,B,4.189669520173041,0.6441905731501036,0.10505894918832996
7627,A,54.02679934291712,0.38396854179661255,0.08970920538043224
7628,B,12.933174830728484,0.39871962069619343,0.10042403553904115
7629,B,5.263444028712536,0.5243188695838905,0.22313010231104868
7630,A,27.416132413195324,0.3863869615298911,0.3924662676443474
7631,B,34.68387708070864,0.42142368003865316,0.1452268004781428
7632,A,34.08574243930079,0.3148534718121994,0.22892175333394138
7633,B,16.135885609116702,0.5092884281120768,0.2873102976090845
7634,B,33.11259345668888,0.48809368955580895,0.29727369548329163
7635,A,7.121897609732375,0.4471174250999383,0.35986037062519544
7636,A,6.77508365789184,0.43226620120732906,0.2650819954179256
7637,B,4.840656977600292,0.6083987756196192,0.3374496844657815
7638,A,39.404961062731815,0.2631922415430934,0.18510129685753443
7639,A,180.0,0.4133452737257291,0.22317290759512293
7640,A,4.554141788804292,0.3628010878230596,0.19726032594606296
7641,A,15.142330660559,0.4299142533595825,0.23229940916107175
7642,A,91.62309681214904,0.5833118834920439,0.2949666986761611
7643,A,3.375751761781632,0.45917615018170865,0.33614101850210937
7644,A,93.8948641160376,0.3165992317201508,0.22947473994503345
7645,B,37.8284862253247,0.4875747912331533,0.12869171922619194
7646,B,7.245763868852569,0.47051597688277447,0.17977479904538676
7647,A,33.43222848220879,0.3278448383871229,0.11617057615321298
7648,A,23.61147197829997,0.5542430990655501,0.12826551720755028
7649,B,5.44099993318102,0.35244630775099983,0.2723333501227534
7650,A,16.677037723677273,0.39970715055549555,0.38019991951331084
7651,A,15.865427501112634,0.16495136929560691,0.2774256774418362
7652,A,16.424950301913277,0.6240090749326441,0.38752739900933153
7653,B,19.29678483594958,0.4748033306262891,0.3757109871175741
7654,B,107.88919327887474,0.4325681706186276,0.21652083147886356
7655,B,80.7888370375067,0.5690471566763603,0.35503503384088453
7656,B,166.28786813676234,0.28136066068674587,0.3816908529026114
7657,B,32.06048588757968,0.5074851290315883,0.3146771605867567
7658,A,97.25005239858581,0.37823592185271393,0.18758143633611182
7659,B,19.47962901066408,0.4141447199294013,0.39443659243625356
7660,A,57.89757459126368,0.4318786937030885,0.2936502542650708
7661,B,180.0,0.5569676101036313,0.11665109000508193
7662,B,25.006363930071842,0.3735736134198185,0.3265081981307554
7663,B,0.4755449619209971,0.6171290392777521,0.43275140841498116
7664,A,49.85206228742175,0.3859037374382468,0.3008316019497464
7665,A,72.14414102471123,0.44713151414991176,0.20780119023496613
7666,B,89.20090505468066,0.5506706662525477,0.3150104273235039
7667,B,9.639701489146034,0.5370043096271129,0.40880582977678087
7668,B,65.8079614012854,0.3234821750817214,0.2619783513229888
7669,A,13.374610674294903,0.2525314102264043,0.3225929876410971
7670,B,0.792344390210833,0.47313389109432574,0.17373245458522044
7671,B,6.1176429358505064,0.40189182447148797,0.302230181393066
7672,B,34.36175829135465,0.565766485586974,0.254959247021384
7673,B,3.6562789449434248,0.4376995571541875,0.4328416537686627
7674,B,114.1350771627794,0.5090533157419614,0.1136264550325813
7675,B,72.060078651906,0.356169449835565,0.19910157061093478
7676,B,20.684182398000054,0.4992892043156294,0.2679507166590405
7677,B,47.32576692520517,0.3100429829991646,0.38853615931486796
7678,A,43.31010375759225,0.3885465977315134,0.30721001408174664
7679,A,27.733896525811378,0.3861106420321484,0.2974325918469421
7680,B,65.3700321352832,0.5129442697720124,0.33729504616320943
7681,B,73.22264240699313,0.6089258685142512,0.46288855123657546
7682,B,26.189525737403905,0.5311560155958893,0.4795426406669608
7683,A,68.63796542448127,0.4429414258986034,0.22816068285476868
7684,A,16.64937726123377,0.634119154920711,0.4045863311624671
7685,B,119.11425257257903,0.6059186856531986,0.14184836435035206
7686,B,147.867594593208,0.5649600159226461,0.13194215298220702
7687,A,46.37339773985942,0.3208390377120458,0.19731191340604842
7688,A,96.24925695556885,0.5507956682554187,0.3785044967383373
7689,B,11.325699182879696,0.6456165562767957,0.3380637612780684
7690,A,23.148728510816213,0.3405990999326742,0.1648317239544186
7691,B,125.93389424025631,0.35563615530386755,0.19909383464890254
7692,A,3.102529909172851,0.3059177279175784,0.3413185229406365
7693,B,64.8523449750837,0.26455196174042495,0.5468562020545399
7694,B,113.905473948143,0.4061899708637498,0.2729738614830839
7695,B,28.753814434853822,0.47043981285273534,0.24375585923592688
7696,A,32.65989221777914,0.5566260245103744,0.16842418712704638
7697,B,56.281579117110795,0.5209852214203486,0.16416875156965355
7698,A,19.107263737637957,0.7541936935129736,0.1742914616730081
7699,A,50.19430691693546,0.22661261436511124,0.20339826575914463
7700,B,13.955552550347605,0.29941094409539765,0.22103123413106973
7701,B,72.31697773032852,0.6701705662842995,0.22945241195646332
7702,B,45.32509786104601,0.4127065101714462,0.38449174946846343
7703,A,135.74732131643043,0.26150543751684296,0.1576522483562861
7704,A,29.914662441547275,0.47260977102321355,0.3893370195920892
7705,A,28.247208288095937,0.46410985213037065,0.2616821092110382
7706,B,34.09877348642129,0.2682186505810906,0.4905194645856195
7707,B,61.35329037362326,0.5101794706817077,0.29885535418677095
7708,B,41.79411798555462,0.4940756761484296,0.2625407944403921
7709,B,75.38341202772506,0.3022618664107217,0.41041631810702656
7710,A,47.83536485296474,0.3675843145243141,0.1814750401796132
7711,A,4.91643905970813,0.28494434139125774,0.14902924020263741
7712,A,13.15655786820132,0.40211537629996075,0.3144033306248402
7713,A,113.08729122640136,0.42099945817571366,0.1490730094677241
7714,A,49.881993333416716,0.3608799668445583,0.3087423980453279
7715,B,101.6601996443071,0.3469159603666317,0.19985507465538183
7716,A,0.6090855015481553,0.3590307446767736,0.27180186305536247
7717,B,83.84865003216655,0.6620845488433992,0.22139763623653902
7718,A,10.302397720333518,0.39463211381476104,0.3259963743009152
7719,B,19.107744092088744,0.5398749683951802,0.4265723683160008
7720,B,180.0,0.47535818364055893,0.4729978882485395
7721,B,54.552323736930376,0.5233732699510726,0.3077781457482545
7722,A,51.67531262031523,0.4066164345006803,0.300408060542678
7723,B,20.320210438332932,0.5013168125442747,0.12097083007847802
7724,B,2.2627293798485466,0.5679043499660847,0.3337613722767474
7725,A,65.05273991256729,0.302001621816692,0.15863628191789544
7726,A,82.42668800499902,0.4167971919208882,0.18011349808022625
7727,A,15.550242244435998,0.3825344311635114,0.42861204964119964
7728,B,180.0,0.3741300958146406,0.22432252221795027
7729,B,47.519535844835936,0.331753045588618,0.2368930082212152
7730,B,13.425120348560807,0.30017764561386523,0.16198606217932457
7731,A,120.33284845921335,0.44524825184993233,0.2571319134082213
7732,A,36.22850483004178,0.5041635169285373,0.20439058901721513
7733,B,35.1286268431894,0.31630829303102287,0.20085810909907292
7734,A,53.66260131022971,0.21450223102157406,0.4706956287840282
7735,B,26.35020975926501,0.5044005546739819,0.374362114615645
7736,B,157.21767210086298,0.39889252902795425,0.2885057896840476
7737,A,40.86769246692738,0.33741104136108163,0.07402700765119072
7738,B,35.28593908902132,0.3694751959954727,0.22994026829242048
7739,A,5.892836744206941,0.373276173241811,0.24879441319371878
7740,B,34.47305038913873,0.38818840497333745,0.15763968203848833
7741,A,148.49734860776596,0.4675883920459038,0.45237904133542806
7742,B,82.3053170430536,0.4291983096406449,0.2355762761424762
7743,A,5.89978919432135,0.5124816293629265,0.3623313887955676
7744,A,13.239568142274434,0.4459591206134113,0.11736607085117555
7745,B,25.78117400548508,0.41902929186874915,0.39168797651599585
7746,A,75.6004481968208,0.6377187344378027,0.34938791588277984
7747,B,11.377648340793616,0.4268578566117065,0.2607994133331889
7748,A,43.37543786169665,0.5025803986063965,0.2607712206107
7749,B,76.06237228216001,0.307598168337945,0.36611538343877953
7750,A,81.94860638327673,0.2477445347719273,0.35380422127670214
7751,B,125.27597815765567,0.2889013776506427,0.22853389658498252
7752,A,32.6306454937551,0.3858521983771415,0.23486859222517292
7753,A,21.293905594236243,0.47532277218241953,0.22107031079930145
7754,A,114.70804363855541,0.3090990437804648,0.3711031733003025
7755,B,2.433844284769094,0.31016045968788986,0.35479941768731144
7756,A,1.6616591456445495,0.3393929561818896,0.1632083046184808
7757,B,102.20076154195783,0.3667437312574987,0.4780611653919974
7758,B,29.95252181474296,0.458995522854965,0.39874142688128134
7759,A,87.24810134459516,0.34490897227358824,0.2703842015990671
7760,B,17.74607116901107,0.4310431001955151,0.24996082860910737
7761,A,11.809232424171231,0.26411821540946767,0.3817495498960031
7762,A,84.99288560136661,0.46190330125949597,0.17462804367542323
7763,B,2.0783642547561345,0.5594882157045198,0.25147202725567547
7764,B,11.963689544098967,0.4299279499486897,0.3489366944751339
7765,B,21.048042656885656,0.3495675763252338,0.12205299686097215
7766,A,6.745011990964218,0.4091479822818106,0.13869047615749863
7767,A,39.060992059700055,0.515896430142962,0.2706022480720975
7768,A,98.55991956664525,0.5258911241845439,0.18538724151994512
7769,B,3.8119488342167838,0.29489591495357653,0.2268089408383027
7770,B,10.879876741506742,0.4817513808947312,0.2238620905321367
7771,B,69.41972688978032,0.49222390543931294,0.31678902830352934
7772,A,28.871066384794357,0.3029760252391902,0.2278055306846212
7773,A,61.769452660921274,0.23777056115940784,0.2936904372084555
7774,A,73.48829066000502,0.3306186422517735,0.38909795483780085
7775,A,60.01559698220082,0.42638388601707167,0.1348287121338231
7776,A,116.76030075437104,0.5764620229541364,0.16692899935684893
7777,B,60.37759055688122,0.45809581924740117,0.3558714674869907
7778,B,76.38674447908951,0.4153237550520715,0.2999375849807138
7779,B,9.39288067874329,0.5064098385605216,0.20251656662982487
7780,A,26.644390128072796,0.37727469737823016,0.24930721190504596
7781,A,8.55460238523214,0.33377471739655096,0.09845003368375484
7782,B,2.2871373199366767,0.5749857211187335,0.2613532046852732
7783,A,2.2046310623003733,0.4871909815594278,0.16944556745870348
7784,B,32.87550163648329,0.4983978415319735,0.3604964666122759
7785,A,12.7337851675783,0.26332835960665185,0.34102965845181
7786,A,6.954653094651097,0.348522843144613,0.21640241913049305
7787,B,21.826670628035405,0.4834816423251573,0.39661213735449175
7788,A,36.73482453104157,0.3586201824351349,0.273608567041471
7789,B,77.96813816566977,0.270563612883408,0.223953517724041
7790,B,40.2470386837828,0.5328750229875173,0.20638116678630702
7791,A,9.202504368805952,0.30392802129998625,0.18336560675783856
7792,A,1.787035020367679,0.4712035594765504,0.2509125158221134
7793,B,139.1657998504108,0.4992069693586765,0.32352090412664747
7794,B,3.284300375955063,0.3146244951450532,0.17164336026101323
7795,A,1.649404505751314,0.3913913891200867,0.15102854716587688
7796,B,23.506495244188407,0.3025167963933723,0.42650906854377874
7797,A,80.15544303641394,0.2953477678959699,0.24451537928418077
7798,A,40.28133624056286,0.37529202973750203,0.30737580821547505
7799,A,19.948493390077953,0.4248007325413611,0.28195993495212873
7800,A,101.09114320260004,0.33607006306509213,0.21562352466555998
7801,A,3.2751956385416316,0.4244613565945478,0.3112984013596141
7802,B,27.019113023613773,0.4660697762784585,0.42890626168558954
7803,A,176.77159714982704,0.3534252120791854,0.27933918583448014
7804,A,43.10427985634805,0.6235562239675921,0.27732876892530656
7805,A,9.120806457521242,0.40548149188929417,0.3595310988504072
7806,B,6.996517095132554,0.3726389808304467,0.15446930752717553
7807,B,45.484771437076525,0.4530060417909991,0.1954115942348638
7808,A,51.143824828562444,0.4932066724153375,0.3742809282100623
7809,A,64.85873059123874,0.38942079610417535,0.3091343134997226
7810,A,25.243495682882426,0.41732567227603373,0.3099061904264278
7811,A,89.00292860167457,0.4140652426513458,0.3844610843376175
7812,A,7.3521430460679635,0.4402578764988606,0.16724681993201393
7813,A,14.710090570648253,0.24763118879166843,0.1593768913786486
7814,A,4.417012014760993,0.43173767701771937,0.3129174547196384
7815,B,2.1337106276034277,0.5729124319804278,0.3122354733887543
7816,A,10.657536389700143,0.4822581350562177,0.20970826001242177
7817,B,64.86042062895409,0.5098681197147859,0.351067726486171
7818,B,1.9844323623121725,0.24730485789785014,0.4021590217963118
7819,B,107.49918886602396,0.5544366210263842,0.08670016220316741
7820,A,12.274453217678255,0.41901270451065825,0.21317359818599313
7821,A,112.34577265476062,0.24917438494953317,0.21567619529615376
7822,A,3.659806385080743,0.3046317929550758,0.23888338096947181
7823,B,3.4963550293206387,0.3707039845598896,0.32846422402826025
7824,A,25.0917431788153,0.5658953089165851,0.36318976391626046
7825,B,31.691324350087235,0.45336129797980684,0.2574715160390448
7826,B,8.781492145267205,0.3693289097578323,0.33863393869578856
7827,A,34.20626588630633,0.22290471780840218,0.21371520764266114
7828,B,7.428580120490236,0.28432145552055343,0.1326192868820249
7829,A,103.03201347827648,0.5463255566781543,0.26693058774607065
7830,A,180.0,0.4874781626649168,0.25196034430157443
7831,A,62.997277213348326,0.24812178297154439,0.18886112070689937
7832,A,158.9975133813324,0.5572688136320938,0.24937450913518253
7833,B,66.42047753658129,0.5925370064057504,0.4538516884102852
7834,A,69.61221119988592,0.4110305931958022,0.2648209394069906
7835,A,148.60481408595655,0.6070732247257622,0.15002792696615624
7836,B,77.39324851265218,0.5562204593523853,0.4727898795274933
7837,B,69.88789332172021,0.30504787877736406,0.48775023219225905
7838,A,55.28281843933706,0.37146077776147446,0.3459527957291585
7839,B,26.910048861057867,0.3797801896228006,0.2562689119091503
7840,B,180.0,0.28757406260278795,0.10122472354273375
7841,A,3.740602308599031,0.2629686786606061,0.31503397319211757
7842,A,23.13139803164751,0.31564254125166485,0.27625400584916765
7843,A,46.80661649511369,0.3006570222930447,0.22644367038465282
7844,B,21.60435422624333,0.49681206712815223,0.2899464714612835
7845,B,14.633209654240073,0.35427748464895475,0.4161719492703083
7846,B,180.0,0.42568819836182165,0.380959493015227
7847,A,19.435001699569394,0.4869023290769442,0.22386866910389455
7848,A,14.371066186799721,0.3497808234604866,0.2866543572732311
7849,A,38.75973478271587,0.26260700335032205,0.20538539189588684
7850,A,121.9761698763509,0.24268208753765821,0.32872447210417916
7851,B,180.0,0.662857665373221,0.3413106066884583
7852,B,46.59648042639087,0.30430866588031447,0.39372032348233116
7853,A,1.6023777254317064,0.6806459667295387,0.11919131378738439
7854,A,65.98525278636427,0.4921471592515461,0.2512196027005444
7855,A,57.72391656103773,0.3063722363167241,0.09097087706819124
7856,A,149.5324546862064,0.3655834523022427,0.2067626384249264
7857,A,120.12625459441183,0.30317201200457267,0.24254508736315006
7858,A,64.64080055162503,0.449777598754759,0.21268096067876816
7859,A,33.06695089411508,0.19149081689066771,0.10327833381435468
7860,A,10.282152230645817,0.36561016541402497,0.27761172990571253
7861,A,35.4589225436615,0.46703308372722263,0.12016875919728287
7862,A,65.23509303891136,0.40982989857061336,0.4163499276337079
7863,B,12.194355810653757,0.5434454561914591,0.1925850069298157
7864,A,101.70849508595819,0.3892693820934769,0.2388605951116391
7865,B,14.168106942711342,0.40250739814129916,0.4351993851338208
7866,A,70.16747863689787,0.3968433689046145,0.2687185915220572
7867,A,9.776009387901572,0.2852732868785515,0.32908998183352345
7868,A,41.197807115089745,0.3879668807741614,0.1428326500067901
7869,A,18.167706410521205,0.5464693741638782,0.3679769226661547
7870,B,38.262408905199536,0.3865221617714527,0.37328452735000156
7871,A,0.41617356291318885,0.506826402529502,0.08543434787138843
7872,B,77.82164346464712,0.40999316555108745,0.391665647918729
7873,B,4.1921462096106685,0.44141928438287353,0.27343886316171245
7874,B,60.51220449275911,0.3846151925829961,0.20885396346893403
7875,B,5.658796124902973,0.4625386414329733,0.6584252877680454
7876,B,96.64769004248738,0.5602171500204794,0.2329799434948599
7877,A,10.053889163636688,0.23203386356257613,0.20594507576058005
7878,B,39.4960605839076,0.444604933910375,0.23362423191934945
7879,A,5.407158933364037,0.5272581214100082,0.4140784453265157
7880,A,83.23749224937312,0.3198303107080564,0.1774055364048863
7881,A,13.458984713851184,0.3484774646511637,0.24751002549347498
7882,B,180.0,0.5728204899852226,0.29711275409613025
7883,B,72.71134055340488,0.49195072718366956,0.16766930453018866
7884,A,15.07726819559403,0.3972352383286084,0.2583786165113452
7885,B,35.75622957281121,0.4243095703575322,0.4110262282452118
7886,A,144.77811190843676,0.3474624559760455,0.2604671449758754
7887,A,21.445373584934604,0.3459299659896757,0.22928724897246075
7888,A,0.4334345149708881,0.2481067004473878,0.14916468064175542
7889,A,15.023711632168025,0.49819154889771733,0.29505368074580757
7890,A,5.716699063235576,0.32742528235167057,0.25287238852551874
7891,B,7.914015500954418,0.34613505164124364,0.37109283340207444
7892,B,40.65101761872792,0.3094280703654489,0.3418148949918345
7893,A,4.881870859947379,0.44362459495391987,0.10596229909263521
7894,A,3.629435648928374,0.4061337247296856,0.251565487968565
7895,B,6.320101522566976,0.39909514046569217,0.301395975476301
7896,B,122.49064477727968,0.3262062691912799,0.23714290521596
7897,A,40.48109170647843,0.49117396158144966,0.22728215410096747
7898,A,9.44622341594511,0.28604039190706404,0.26240233762034326
7899,B,13.595543213051801,0.5330959440779057,0.3970223359533917
7900,B,104.27041796510724,0.6188243401363824,0.17546963988053715
7901,A,20.170388528237655,0.4499229022234265,0.16306057412646882
7902,A,89.12834909189128,0.2120374708214574,0.24469167917211657
7903,B,18.837812430274248,0.5388818719920093,0.2526635985814987
7904,A,24.850567751578385,0.45781044513383334,0.18112439878173678
7905,B,13.046716125736394,0.3902562363785009,0.34470863803748697
7906,A,111.29718645556484,0.26209246461521096,0.13583732392874806
7907,B,18.8627377119073,0.5428698247033948,0.16466365350541637
7908,A,31.006429528192534,0.4284533132886376,0.33654456757744716
7909,A,22.89998366482717,0.355797799273004,0.36176135657944936
7910,B,63.932740685346474,0.37246123956556715,0.4602398851175902
7911,A,62.45330763840637,0.43489292619543635,0.14249945658646085
7912,B,38.73450918587104,0.30013105647285016,0.27826330250418807
7913,A,3.419577846794546,0.4625032129138023,0.24117472517558217
7914,A,4.218193717962456,0.424040559820951,0.13262206595594433
7915,A,47.4964770310258,0.45295129018937974,0.49573887161955843
7916,B,5.912292845782296,0.34261725320419756,0.5520638538612701
7917,A,30.031374228952966,0.4156957194577777,0.30433680590454126
7918,A,70.31821897524884,0.3659983117136966,0.08432845015783982
7919,A,111.6075574501067,0.4040222219945518,0.3729130598705825
7920,B,7.665266772848582,0.5907320607318477,0.33910288162934576
7921,B,24.734689863186986,0.47031020842147897,0.3004485775398671
7922,A,22.123019229538787,0.5463598485438723,0.21911813186148044
7923,A,40.8310125159153,0.2737708851258282,0.4981309305631332
7924,B,21.492176415500975,0.39557956725818405,0.33600349750709363
7925,A,31.25436334351154,0.5459531181182482,0.385309855925106
7926,B,99.25535571068349,0.35428716815653966,0.3489790574820162
7927,B,44.15963890051404,0.6315072676850958,0.09268366981916618
7928,B,10.747030333135298,0.33566379670582164,0.21936167662307582
7929,A,179.81927519033374,0.26949281027256633,0.0988426985322652
7930,B,1.4951256623294136,0.6991014598040143,0.3129692635561604
7931,B,5.615461365747705,0.4590849963228342,0.29701511568912287
7932,B,62.677993289336264,0.4405796848730755,0.40357379744491934
7933,A,80.02602632883774,0.4825251919349902,0.18346392927868946
7934,A,109.23490394511933,0.36397558378512634,0.37376630351280016
7935,A,13.206854888786063,0.21755043015246292,0.24713352545590733
7936,B,97.65357118195952,0.44300332870629905,0.29076596479787187
7937,B,79.33802082541949,0.22522878808733462,0.3266541337138505
7938,A,66.63245368977988,0.25731945362390923,0.23288705882103083
7939,A,13.883797379689785,0.2780433310336319,0.3407947473758126
7940,A,10.535934111428622,0.40362125756200906,0.16413417706600508
7941,B,81.12285742870446,0.4564804956269116,0.3304166066458757
7942,B,15.725034647364858,0.49225999793571135,0.2816940352006701
7943,A,129.92254964782313,0.327885642461949,0.20334902123484871
7944,A,0.8771931104438456,0.3770614340579223,0.18922197438987232
7945,A,151.36088249190436,0.2899727396756703,0.163589418180068
7946,B,180.0,0.3049183358539547,0.289414364657072
7947,B,4.699332781974109,0.7402162533529295,0.17335589957072886
7948,B,89.48691560610551,0.5367011202835625,0.4358890673257419
7949,A,7.274292741782624,0.45910809688020116,0.2529106886172076
7950,B,5.295180363407831,0.3141773582244145,0.20930792686579958
7951,A,77.02566852944635,0.4958801166417601,0.074578367177316
7952,B,16.189403141111132,0.3819890132181332,0.4289445163306575
7953,A,14.528561463764524,0.47357760646881913,0.24403192843110683
7954,B,35.56888627397045,0.5254954740754713,0.33919832185267246
7955,B,2.8504368342683137,0.507514837389459,0.3438099427887725
7956,B,26.060220219789283,0.3331539423936348,0.2290820325343916
7957,B,22.409863017616832,0.4576068877227034,0.1534260572627375
7958,A,19.4338801798665,0.4206915292405243,0.27089113505143503
7959,A,10.994093751892683,0.3849770498962621,0.3354517442014841
7960,B,54.172290882145894,0.4205528671030035,0.48925326212481673
7961,A,39.63222823956674,0.46365647031226226,0.24334897809251058
7962,A,19.253577287329428,0.5610605224635434,0.1304084632552694
7963,A,48.20271194641799,0.24174105634052698,0.24164435843143756
7964,B,65.82658337165711,0.521231639333988,0.1552454789633462
7965,A,0.7096963239122359,0.20761216435518925,0.1992228586294225
7966,A,2.9943179688882755,0.4867657109408023,0.31078284367311426
7967,A,4.724284029738525,0.27852478944181835,0.32802831675640115
7968,A,24.434714408948995,0.1713775769038263,0.41505835441362626
7969,B,4.932465919492917,0.28679537414096923,0.3105062826864833
7970,B,2.0182247628137264,0.48915503288364065,0.4033822686456901
7971,B,77.77245719204055,0.5912862891218774,0.303399153811656
7972,A,75.88342309503356,0.48250265151203386,0.07996924822011131
7973,B,39.03941838638159,0.37984655633639486,0.13131631722213116
7974,B,39.77672416409204,0.3915222135634731,0.2831231247606845
7975,A,98.58807702850966,0.573859717842984,0.10056208052464778
7976,B,180.0,0.5589377132174302,0.20142842243409337
7977,B,29.941268598530705,0.4864100781411919,0.24851523107209061
7978,B,11.356565638294922,0.5388771868535099,0.26031532337650276
7979,B,59.35487238946607,0.2943406696996684,0.20435350479143152
7980,A,12.63540985789137,0.4992312407314264,0.26910226675867965
7981,A,38.438289307275404,0.5273879082259798,0.23165118086412165
7982,B,87.93571196919787,0.47487513487866284,0.5476516901023659
7983,A,65.81665757380101,0.36616102413561263,0.4489349151018367
7984,A,15.337933933073096,0.2543764322857975,0.1839595065065779
7985,B,36.28975577046162,0.47432001849223515,0.2938500733202614
7986,B,61.20679221811399,0.34866500238917614,0.27848723046455626
7987,A,23.667855866372065,0.32532975006307396,0.250568164052535
7988,B,37.51308721605989,0.2408453640749496,0.2768566541803193
7989,B,27.20406437773051,0.5000352166196197,0.1829708050522899
7990,B,1.8137179893988549,0.5842441533223351,0.3905443416558333
7991,A,33.4027453581384,0.3443162491194846,0.24029005854191193
7992,A,6.519649332727369,0.3084740511580627,0.12388667471410611
7993,A,1.1846608460339871,0.2837790060851971,0.1583149181237849
7994,A,7.462140380935957,0.31943865403823024,0.17016583550411818
7995,A,44.36030250016688,0.4181988909359188,0.21645616723904146
7996,A,3.441099812460456,0.3165993568138576,0.11911175812601978
7997,A,9.465580950647395,0.3286719855839763,0.35456358844130426
7998,B,9.92414331723297,0.5387159045751355,0.21278382466315585
7999,A,18.552106391718375,0.3593190076951417,0.18432739847097138
8000,B,33.980930409363296,0.32648951139839616,0.2888324224796343
8001,B,26.262942487976535,0.5062194570324655,0.3509014937350313
8002,A,3.6481111771847146,0.41103936939035113,0.46449102294772826
8003,B,96.24000970364806,0.48311433340477455,0.40672704412612243
8004,B,5.9690377928870735,0.3434105238668586,0.4189955926750864
8005,A,9.576949524743327,0.41982790301943085,0.2778825385832088
8006,B,2.674232617642306,0.5347010131680188,0.28597654986604704
8007,A,108.99696824780445,0.4538018852086241,0.3333829720374629
8008,B,4.740827402334706,0.3626474684715837,0.327571989537328
8009,A,0.8769506280129659,0.35266532985115323,0.060901427686749686
8010,B,58.94156157868585,0.37095609200719587,0.22266659077498208
8011,A,47.68542056790183,0.30014422649419387,0.2095423729327251
8012,B,46.9335880565032,0.29196055945943744,0.1693734134287629
8013,A,21.83275731519651,0.2759452748039213,0.12831760039169285
8014,B,52.01410436158959,0.6062915960254016,0.278628229398134
8015,B,8.876148164642963,0.6539564793178071,0.4545386388454194
8016,A,50.25246719747635,0.2421871845723212,0.12297430044549948
8017,B,37.77277387033443,0.4481881206594204,0.3696505941642706
8018,A,39.97855230934029,0.4729690511353009,0.3344667993865592
8019,B,75.89902516236074,0.5087601213419127,0.22850714985027984
8020,A,11.383066449684696,0.6648007869256926,0.3011138449309617
8021,B,59.884337971059885,0.4044219287568118,0.21301540845775593
8022,B,30.02885759442719,0.49253350922491246,0.26775267854420676
8023,A,84.54093730318569,0.3717062156600581,0.36449527565709006
8024,A,30.472041654956776,0.2788793943362606,0.2378016668130554
8025,A,77.8044426351568,0.6358841436107557,0.17885291535564746
8026,B,5.681393044436258,0.6362627223878947,0.3260880047865928
8027,A,23.440367904127697,0.4702927338059359,0.21669989258661992
8028,B,106.35222125866906,0.5634669291286397,0.2965429760113336
8029,B,38.84291586107192,0.434767333099869,0.3396016056111819
8030,A,180.0,0.44844468859509334,0.16091607771280386
8031,B,114.61817416963311,0.28321090149059835,0.2091362039400967
8032,A,66.2312647066696,0.23171929226247667,0.18070116960625326
8033,A,152.0969071620998,0.352110873826118,0.25399524727838996
8034,B,30.029997679426813,0.48316619129917476,0.3774542837751813
8035,A,32.49983916551861,0.2517613338513689,0.3047152763835217
8036,A,28.884016692504247,0.49796424277372814,0.15510062648468534
8037,B,14.066744563813455,0.5444386374381486,0.36492847607078593
8038,A,63.37579810477682,0.35452155695380305,0.12371738456171713
8039,B,19.10071445513516,0.5487005013301642,0.30461847121119573
8040,B,28.16015490390644,0.3552687081848947,0.2976925805877799
8041,A,95.52121552726832,0.41305110406825024,0.22255545970099497
8042,A,149.77325019034177,0.47875445621312224,0.1513530947357088
8043,B,49.529799379867924,0.34334947930883475,0.36771186275482454
8044,A,17.657053444846465,0.4354981963126362,0.25372743536511055
8045,A,72.134175065302,0.4337434570458141,0.2781397605093701
8046,B,76.1775201437414,0.5441616608569445,0.30676414234375265
8047,A,10.644294591804234,0.3100935725120133,0.2984231616026955
8048,B,14.451705395113207,0.44888015761119715,0.327506791514085
8049,A,35.492443107436756,0.45786887947366955,0.32391298600061696
8050,A,8.921959695072397,0.22423846456679644,0.33496081252111864
8051,A,19.205408347027003,0.3732853700028849,0.14233480476106247
8052,B,10.811451830846813,0.5351268556443268,0.549781695234973
8053,B,11.776573124146566,0.2959560719943771,0.2609521069404092
8054,B,141.73649164878606,0.40718827408417085,0.24391270917175362
8055,A,120.54852163353017,0.24436747249213772,0.25618574182597237
8056,A,7.106863349569085,0.4843112313764983,0.060175509090307173
8057,A,45.034304561234755,0.40172065467383,0.09872127581958949
8058,A,40.44733867443514,0.4725601807502603,0.41383359509066137
8059,B,9.311405375554477,0.4033442548142174,0.32924582232376465
8060,B,22.061282702033985,0.4054132132371084,0.43398392301853106
8061,A,5.790274239054908,0.44948623123127635,0.28907572568701234
8062,B,34.59427392710787,0.42719590704685806,0.3765221541545832
8063,A,17.752233429992128,0.3196020833771513,0.36095369212330675
8064,B,42.24423437262376,0.3753582345538141,0.35538220083730804
8065,A,37.25008924583152,0.2876458364314158,0.3166931224550943
8066,A,9.325974817023312,0.5828613760096798,0.10925884079063049
8067,A,72.56524799117032,0.5844626180501344,0.26689161101360437
8068,A,161.1520233960531,0.6172804743846336,0.17121208636935636
8069,B,101.53145613786216,0.6046876866547917,0.3523094893793535
8070,A,10.879430008374179,0.2748007274171196,0.30115449203136696
8071,A,9.311215090780006,0.4293654270123943,0.27712506052220365
8072,B,6.228526243537783,0.47783653286493444,0.15758121526095914
8073,B,5.9438163861338,0.5923662592209564,0.13447280716351145
8074,B,19.780615093884663,0.6569105082865384,0.3119318355579311
8075,A,27.308266069419304,0.4913155485708935,0.3275235256821654
8076,B,27.719833261483572,0.5327615431492847,0.21286932642618
8077,B,24.33842343990309,0.3016844295169268,0.29864965014042266
8078,A,61.982783328203595,0.29581744921355213,0.20437085182311368
8079,A,14.88283251439973,0.4183448865125124,0.250632650096269
8080,A,0.903607770580317,0.3872514221710765,0.30289426116370965
8081,A,35.06336350094721,0.3299386853620333,0.2748350641430465
8082,A,141.17890140708204,0.21361540258326117,0.2367452470487433
8083,A,22.337627454750987,0.49190343761118366,0.4551404152162992
8084,B,25.86578314918841,0.6246295267650736,0.1390546830016962
8085,B,99.15710186691703,0.39930480710096905,0.40092484466880957
8086,B,94.22255945358573,0.3607072160106668,0.3084036022967838
8087,B,85.14115109563191,0.44718403732177164,0.3159128075108762
8088,A,24.52316365468668,0.3879121811481084,0.24286382778847393
8089,B,73.19745201159196,0.4144163897267345,0.3176068165844388
8090,B,2.1438331732712053,0.620890673595164,0.25290096814073865
8091,A,156.17712032960645,0.6062663276433575,0.1690537411925011
8092,B,8.413539632726469,0.4828932242890127,0.3304105996787676
8093,B,68.50934353886925,0.41584606195859264,0.3423468541389869
8094,B,46.98111140407996,0.3869341213865035,0.21515074772402265
8095,B,58.275771091324984,0.3225617307502282,0.1789203985443987
8096,A,53.37710144887022,0.4744620630451906,0.2637956247222743
8097,A,57.15056798777988,0.49001840787964057,0.13938847932731402
8098,A,37.221318286894835,0.3650759909486703,0.36650138259029086
8099,B,65.6274298234502,0.408623405792249,0.3819874491775274
8100,B,126.00770990535679,0.45852892437889764,0.28074329092406103
8101,B,52.4289809188155,0.4148220235285035,0.369382261444855
8102,A,165.30159614110946,0.45905974437442987,0.2584819790851913
8103,A,52.53899167806942,0.5097384821267914,0.23616337074455906
8104,B,16.763062722018276,0.4756754050624817,0.11320772888831211
8105,B,4.506589692722623,0.32842514900736464,0.2873302817487985
8106,A,101.43481038889607,0.25172712897822247,0.24550636757502822
8107,A,54.08570237366856,0.30145872364499443,0.06160824197954136
8108,B,29.420718200497692,0.5055174106676866,0.2949245250684145
8109,B,64.34249903411671,0.3939078864218076,0.27668554345700713
8110,A,59.7808180534678,0.46353635597181736,0.3230520010763419
8111,A,15.438115803406335,0.5205933469945059,0.18950314568296928
8112,B,17.21971651307354,0.5259693607478048,0.24904141594247664
8113,B,6.652022368021589,0.5265801854024638,0.24904889331343136
8114,A,16.27456058547684,0.5848113688400197,0.23487719479165328
8115,A,68.75042348981749,0.33714955138816055,0.2299152184015496
8116,B,180.0,0.2577858936033931,0.2509545876904531
8117,A,15.839130513585662,0.26221334470430974,0.33615907241947046
8118,A,37.22832308181016,0.4486058708051126,0.36721850877827505
8119,B,28.224991949080533,0.5169673818922176,0.31681729911703194
8120,A,12.906848685124304,0.543234795261339,0.2598513781832365
8121,B,12.67488866808163,0.5188057623383463,0.32334007904425616
8122,A,76.4180241755933,0.28970527386537187,0.15117346160071035
8123,B,9.349178054314352,0.3814096751193117,0.25280183042965987
8124,A,5.269378093388105,0.4582509135636044,0.20077710487386144
8125,A,79.59181805759971,0.18249918904063722,0.3129374218693146
8126,A,41.541238194520275,0.5044334192663696,0.2625583129515356
8127,B,103.28173156849162,0.3696631781836879,0.11962503713051736
8128,B,89.05520882492284,0.36474974681382094,0.3104923059074706
8129,A,9.31108060571897,0.5722128873238286,0.1565538498617742
8130,B,49.40828488817066,0.48412726703080694,0.17531400533550262
8131,B,41.198183213450385,0.6686385455821171,0.23621614215815587
8132,B,157.29660117427775,0.5788313236837231,0.2762418461251467
8133,A,35.14335114524042,0.22779098898202954,0.30187499781296323
8134,B,13.474107474835305,0.6080744763620703,0.20226354089342882
8135,A,14.939131960394354,0.47576373579194536,0.12798119922587653
8136,A,17.584854608100954,0.4603929800114175,0.25915696877340794
8137,B,27.91445653394477,0.49462274800926026,0.1636123186824177
8138,B,1.298662514323489,0.518389365407887,0.27880996885062587
8139,A,19.49114325892785,0.41426414547669055,0.27835792743431303
8140,A,2.9435744977177962,0.3967531096525517,0.2788810279873621
8141,B,28.199531915311837,0.4563145126588188,0.17038286022993263
8142,B,25.212713298139356,0.653522980060206,0.25564185990108457
8143,A,180.0,0.3322031053732378,0.23191850516033077
8144,B,155.2537000662892,0.555609294194886,0.46972849196751587
8145,A,1.4419148026025628,0.244385239778541,0.184219532380871
8146,A,48.87812268329823,0.4692972135534755,0.24283110645416484
8147,B,23.063512678473774,0.5029585071459658,0.3756393012416635
8148,A,20.87937035611613,0.4291480940044132,0.3205760710544985
8149,A,46.7319346533818,0.4133334364432901,0.3797359070040181
8150,B,93.6277370053925,0.2862154885310208,0.22199272542678078
8151,B,75.65866847510078,0.5344029226471259,0.33020207435418736
8152,A,19.819895101088303,0.48455447553389963,0.1396581001982419
8153,B,8.284365206911582,0.32772008053973534,0.27925619619595815
8154,B,171.03963755088674,0.475079241116492,0.30664421471265657
8155,A,50.40419855477674,0.23726453666402453,0.23011797156652344
8156,B,51.83702270699418,0.33886867314550045,0.3924984143151081
8157,A,58.79276435538269,0.6113150851597976,0.2988097328281907
8158,A,52.78352775254033,0.5825539531207886,0.36813007817205856
8159,B,47.20060912636409,0.3617721133130112,0.3269197422013765
8160,B,0.6122735922013619,0.3976524242462831,0.2708222216776998
8161,A,5.444793849001632,0.2647234129293364,0.20130590160643266
8162,A,48.13711249599397,0.3681889614389458,0.23766879815358155
8163,A,14.781904861350757,0.6578393535987574,0.3509746375286499
8164,A,1.3150921450565343,0.48730065704047076,0.0485772783569986
8165,A,24.113431074163927,0.520547034017929,0.15741974242122117
8166,A,25.575942940131007,0.410773465361206,0.19703583486667464
8167,B,62.469969675032154,0.5634703856508642,0.3263374297250053
8168,A,28.33022755897754,0.39290904069380134,0.3811460035861845
8169,A,54.90828228088272,0.41256921872590574,0.43345156975003507
8170,B,2.976273976822928,0.7240884305317046,0.18567304743522403
8171,B,10.661795494595491,0.39542303713381194,0.3354539032086379
8172,A,16.62252501525581,0.33050884317651874,0.2868311174231843
8173,A,17.043571474748724,0.3980848131079501,0.33457077667876367
8174,B,5.3991312321686955,0.3335056409573335,0.2568365511329225
8175,A,2.810838735331983,0.5033071819562123,0.3701514193445717
8176,A,52.24414754695104,0.29373778952919327,0.19831015901430454
8177,B,24.707607966684797,0.5037442055388353,0.15682691663065104
8178,A,37.75172424936275,0.42567154167678073,0.3933641761089761
8179,A,19.345448923707142,0.38960546165928484,0.2755170443373461
8180,A,54.963933048802815,0.23662270238787758,0.31289233911351294
8181,A,34.68605400360877,0.3389831789415731,0.04639907991043601
8182,A,28.505459512178675,0.47188365011973293,0.2727881181291141
8183,B,82.58754810557193,0.25930461062746124,0.3819169029290501
8184,A,32.22255142415314,0.21583309189606897,0.2216748566468879
8185,A,45.52012156826727,0.39021018719640715,0.18638858614270132
8186,A,48.54677948616598,0.1983461161152071,0.3239537517702751
8187,B,63.902057618836764,0.4281829519319528,0.26713506648649477
8188,B,5.867023317506463,0.7297468028791968,0.10086410598960703
8189,A,15.34605861759974,0.5152965568473707,0.23036830177572318
8190,B,83.29221287376696,0.4283818326218481,0.21180268880155273
8191,A,6.825943780163355,0.27710205347557343,0.13853626584442721
8192,A,7.665950985440466,0.35848458239647085,0.38160505373346704
8193,A,45.89823121744059,0.6431687010232269,0.3535361171390838
8194,A,92.81569230359784,0.39842594205935566,0.20960018616543558
8195,A,23.70507033675726,0.4121748210860114,0.256235153806666
8196,B,32.12331979800044,0.5383791594256508,0.3489614913464896
8197,A,8.358823131909553,0.4505860526468065,0.32423090320442566
8198,B,1.7251017762333953,0.5561848252532171,0.18775072234773982
8199,A,63.5876713183652,0.40739701391546007,0.16125969683602231
8200,A,80.4019090682001,0.4239172085484451,0.4927244852444691
8201,A,95.63080708329124,0.41307153353077614,0.20091286643901501
8202,B,13.17571580623011,0.49925118508235855,0.43151567253160805
8203,A,42.00825712576706,0.41542945904237194,0.6123465204228321
8204,B,79.97498829660108,0.35376328508628163,0.3698917446004013
8205,A,88.70986979769785,0.3049150558824796,0.16973460501033769
8206,A,0.6990751883244677,0.474527282774961,0.21405677482248073
8207,A,5.104475491834822,0.3164423115178893,0.13882942471536866
8208,A,4.37154915597052,0.39297061868760796,0.19058113501454754
8209,A,56.1103471889596,0.3586298956272762,0.21359659919737356
8210,A,3.2454494461327124,0.4199596609393446,0.20631001383831077
8211,B,68.72475318169343,0.3049863204351082,0.24017915470761747
8212,A,30.865600512717577,0.44844833973671117,0.27659448971961714
8213,B,10.851747400379333,0.5088581529524596,0.3395868235616586
8214,A,28.799942196381288,0.43337849687794155,0.3813836009414224
8215,B,2.0144725253289253,0.6276297002101897,0.3678834104544722
8216,B,18.19188605380841,0.3147420374682955,0.43146061628085386
8217,A,16.74377104030283,0.361996363575349,0.362269354039441
8218,A,91.95040743246895,0.3123779871417378,0.4987303435779102
8219,B,82.38821574708248,0.6637427708771524,0.3797895190636871
8220,B,144.92082320443356,0.4866424919882361,0.2836657394359361
8221,A,8.408323998911422,0.14719725595465305,0.4214691078450159
8222,A,19.556055505297202,0.44779600063753994,0.50702513808321
8223,B,44.23658032162908,0.5330206377828726,0.24604089175976054
8224,A,66.95907378484395,0.3476655124890328,0.15289174251166118
8225,B,4.967271047623419,0.4173989548081241,0.2073034906147748
8226,A,1.3902605078125492,0.508390250961082,0.27833449431072566
8227,A,50.293954727259695,0.4613554138901546,0.21799232440600902
8228,B,36.26106740338297,0.5754787257389428,0.2853351019351425
8229,B,180.0,0.3773443084349831,0.2546390353161391
8230,A,76.27425377493815,0.3519968710689039,0.17531771353800996
8231,A,121.14873709997704,0.3185649596451843,0.1642435100480294
8232,B,145.15644301141012,0.4132189029528523,0.3264015341205917
8233,B,180.0,0.337047978305364,0.32017451693691185
8234,A,94.04409786461039,0.34525893364533183,0.2714232100534828
8235,B,62.505234517046446,0.32584238836966906,0.27834140880016794
8236,B,28.87456979057978,0.34091919937833626,0.3034327791281122
8237,B,116.27917704966073,0.44552781419436194,0.4909243257458507
8238,B,117.28678536329268,0.47470702883374777,0.2895413827330462
8239,A,17.314073108171527,0.5854869720774338,0.22823745058302689
8240,B,8.10738242653036,0.49849968466091044,0.45508832904175517
8241,B,77.65530594108033,0.5908651412765065,0.4520245772323956
8242,A,39.72461672776595,0.4946336066684264,0.2767344272174706
8243,A,3.6199832605174604,0.36519366868563075,0.29983341174752953
8244,A,13.42038842034178,0.2848559843614036,0.17069628365513753
8245,B,130.89100292690483,0.5655049644558677,0.21984654205214027
8246,A,4.45326544005354,0.4095617997248882,0.15659752688770162
8247,B,118.97029872876442,0.3950460116228372,0.13828840117908406
8248,B,63.80477857096093,0.33351371164758686,0.3759277559755921
8249,B,40.08172828819924,0.7307552323806463,0.3879364935400997
8250,B,77.97190772367844,0.44806634469575296,0.45642636954770455
8251,B,37.751605344174514,0.3237559980773625,0.2573233387932349
8252,A,17.037445247465275,0.36457080379566675,0.30750193561268474
8253,B,20.14890475189753,0.3468082679786539,0.46540153265149575
8254,A,93.64231674157091,0.49076083341183474,0.244371635522712
8255,B,15.58292594014528,0.5355880541651509,0.32668150131864343
8256,A,19.18951557996603,0.23081980498053822,0.3675960340855326
8257,B,40.45384514070627,0.36404273810207677,0.3967013957744871
8258,B,31.653600957361796,0.37330519955650654,0.39640204633517817
8259,B,38.65567916534985,0.5167322773914533,0.2508953190971506
8260,A,37.138668935097826,0.4209487885468008,0.16695882007391527
8261,A,25.563055083125228,0.5873393234344743,0.30514648060543154
8262,B,15.70645985063258,0.4676206798766187,0.39143453234684356
8263,A,27.638177091535123,0.4317137489217023,0.25688135656521294
8264,B,46.43711171537437,0.42405783413627424,0.25873319074831685
8265,A,157.15771854432248,0.2983759072828324,0.2138791240758287
8266,B,56.41633839582794,0.3917707824342084,0.27338030314663864
8267,A,15.803836292099037,0.39234884068284615,0.21306858425298056
8268,B,85.50268803038121,0.3613249990040012,0.31831367478397027
8269,B,46.36150705276613,0.4238917091023967,0.2107168583122938
8270,A,44.41712082284308,0.36481677555371145,0.3184457338050032
8271,A,24.517585452539176,0.33727277185603843,0.18256696647708753
8272,A,2.8392970166969045,0.3696190329939745,0.4342779562096119
8273,B,73.36561801050199,0.29471093953601524,0.4960363124476584
8274,B,9.650642620037022,0.2058505821774462,0.2823730773729009
8275,B,6.710168864894543,0.29156864546845357,0.2492351196087041
8276,B,10.296693672411646,0.5005505112525411,0.38041073024654815
8277,A,30.241499330410004,0.39462349376231937,0.16632391054360546
8278,A,75.53179502148416,0.5215972001140688,0.28459001290051494
8279,A,4.678914795690051,0.46000351100310505,0.13777922177591773
8280,A,3.245936190495735,0.48815845992058565,0.25534570618888425
8281,B,97.37133798173518,0.2692069590897438,0.2612790027146625
8282,B,42.23795443310969,0.5575447746512141,0.1745710461346887
8283,A,7.506020660030871,0.4645530537331213,0.26864200992358966
8284,B,31.592499023119125,0.25545757385411294,0.15234501389262786
8285,B,74.68004323387869,0.19488542964477099,0.40121235558512414
8286,A,65.05291349976335,0.2611573344884354,0.5044179271191729
8287,A,57.93019601812044,0.4095772326094436,0.2718402506933465
8288,A,37.46025435545019,0.44392327808474985,0.17239920410560505
8289,B,6.8888631066983175,0.34406463229888234,0.23433133185436858
8290,B,0.3238202894714623,0.4753387654153423,0.5155229139767418
8291,B,19.36807262357559,0.3969641532405562,0.3397647719910783
8292,A,28.419185332101588,0.4784873933617928,0.45848818033340943
8293,A,98.64763681817325,0.588753378503982,0.24596587829768246
8294,B,14.882864712695097,0.5814251715428808,0.3975287835174822
8295,B,19.09454464377153,0.499085124603565,0.26476871059833285
8296,B,180.0,0.5571048955803399,0.35483017468443856
8297,B,43.614547887465534,0.6519550850469316,0.24428238607406444
8298,A,65.4939347507004,0.3635340443008596,0.0813654424629506
8299,B,46.250587535322694,0.3729752170411662,0.436516757568703
8300,B,55.43994095880253,0.43053377594472425,0.432765240087227
8301,A,75.19527852272421,0.36708823632913873,0.19393636300355832
8302,B,26.366178813003064,0.5030378194685242,0.1787609678483554
8303,A,75.51226475212562,0.4078517644012527,0.13936388556636964
8304,A,46.315238727042214,0.33173290547957796,0.22330386383973705
8305,A,27.563231701766544,0.31960587899930704,0.24539442661362973
8306,A,90.0043347177585,0.29868043392399385,0.19887011996232593
8307,A,117.17056929077484,0.3367034777268,0.22560516567717737
8308,A,1.084229376423465,0.24384055002861874,0.33323798052950293
8309,B,180.0,0.3623035364816769,0.35352447152290317
8310,A,2.3819104781923808,0.5996721177686918,0.23839803685401614
8311,A,143.4573756096125,0.40277103081828347,0.2708243006981537
8312,A,14.605570379891141,0.35749916400413817,0.30384655719433984
8313,B,180.0,0.4490870758751127,0.41780966019788374
8314,A,92.99166324426368,0.44742540947640796,0.3144174703366196
8315,A,22.154537482616007,0.20278301103083857,0.29702187925378826
8316,B,76.25280483263029,0.38114187782909636,0.2860269214233074
8317,B,12.369064012049344,0.6069470354610206,0.4044099905668809
8318,B,110.33906657533461,0.5773567252289259,0.10352535943607685
8319,A,5.7065054519106635,0.582963594462676,0.2789715022792397
8320,A,3.773855896681827,0.46661417688977985,0.25500110170092033
8321,B,5.531922822641379,0.4232918919618486,0.33834468151476826
8322,A,7.659213375951302,0.4045601773320535,0.42336794273528816
8323,A,12.939285408622165,0.47556002813943593,0.3410637176060545
8324,A,30.169960955863225,0.4069860537416726,0.34135219547577444
8325,B,51.68633903602194,0.4106073642333985,0.20467685015922454
8326,A,54.404024080219045,0.42039057973838884,0.1047175035973747
8327,B,31.774196828179324,0.3925735236836849,0.1704879000225436
8328,B,2.0802766847288305,0.5572970791434767,0.34329014202806607
8329,A,180.0,0.3891038193046853,0.2838401832482732
8330,B,121.8068234738611,0.43517353696952343,0.40104437223084805
8331,B,168.82200919038186,0.4976545158207908,0.5087785480717316
8332,B,123.72917042623529,0.5359183956817153,0.3432659871947266
8333,A,26.21307305135061,0.24941906146456985,0.20152041151575836
8334,B,11.116097623477113,0.5933806170419185,0.4068295201900533
8335,A,32.858772136634585,0.3428631789470062,0.17946763149181053
8336,B,21.05678114341606,0.4041234994265206,0.260560459491916
8337,A,33.19915764783947,0.44270093927215975,0.29106173166842936
8338,A,34.88849473191021,0.4973792730043425,0.2606128747102412
8339,B,162.1107557445748,0.4508195037950655,0.4659408093267308
8340,B,5.851238986848726,0.3947288825813649,0.1400745123591077
8341,B,45.520806456277896,0.4602046204127164,0.3490972671528451
8342,A,32.81729642243035,0.4985703553548088,0.24537867106865452
8343,A,0.396606596655319,0.32396536181379765,0.34628758107673835
8344,B,34.559378280908746,0.45324762375792854,0.2830537485647785
8345,B,8.567265757211626,0.4133877722931727,0.44382064141013094
8346,B,113.18504241255968,0.41324654390286114,0.4096659064261444
8347,A,0.07768400976750738,0.39833515673616815,0.17931421240832218
8348,A,4.624690129658068,0.18261162602883196,0.2654467988361778
8349,B,7.490533006710351,0.3154216417712525,0.22504866095307324
8350,B,46.7075624406253,0.42121354333609534,0.19945207009499605
8351,A,4.819120759719351,0.44986294648080705,0.29597054749323803
8352,B,19.915525744062393,0.40059134795786616,0.4379754430379892
8353,B,28.145126182237277,0.2724370286035217,0.33894123264051146
8354,A,54.91937351337602,0.5129804012027338,0.28095234848317974
8355,A,10.318839769278878,0.1833297296587843,0.3256725934723761
8356,A,101.29841176997249,0.37229856183018073,0.23806553679233985
8357,B,12.347132037002511,0.5262640769197159,0.15890103678488499
8358,A,118.779572839693,0.14804467567048904,0.19682394536156697
8359,A,167.63701683744242,0.5537829715931241,0.19287464129901274
8360,B,50.957251795281294,0.2809762627274792,0.23242825056576352
8361,A,125.91968268899072,0.20719782026684344,0.39002246611016866
8362,A,14.2785377366654,0.6669997972125118,0.20359041651433293
8363,A,32.08025576595539,0.35532738143536,0.11120966610091809
8364,B,180.0,0.5506593031409804,0.35583115437944396
8365,B,93.23698009382144,0.5148041909814605,0.41305931245849453
8366,A,8.681558570754287,0.45191071217092404,0.21723807280055424
8367,B,59.77416150582785,0.556870419352439,0.37650545316042316
8368,B,73.43184687447109,0.5831957637500821,0.36779345130410523
8369,A,73.8440280475981,0.26928089618186085,0.2685878213597809
8370,A,98.6903264552031,0.3884263850497764,0.15433884061773215
8371,A,85.75872179270519,0.3613383417259564,0.21712236266492896
8372,A,25.561951226784974,0.46536463899263303,0.2808649301776965
8373,B,95.06292179514561,0.3803769013514991,0.32072351325660625
8374,B,33.26417626248693,0.32248209766313174,0.2330982689674376
8375,A,63.972273808572155,0.3368378600041411,0.12859208990220214
8376,A,4.620344181530794,0.3772597044824747,0.15753568236167148
8377,A,1.848464839148865,0.3168384081982514,0.13057583172832538
8378,B,43.53022169876509,0.48992204367672565,0.3507485566853169
8379,A,62.969604464628866,0.40657412549921434,0.14591348446110566
8380,B,117.43696641664702,0.5686595190009038,0.11173272401944308
8381,A,24.93014838938273,0.27907915892552226,0.10923760732778828
8382,B,61.908826173488706,0.40748319261820737,0.32839794782672554
8383,B,7.602887168580879,0.46063758347501266,0.30818135261507135
8384,A,180.0,0.2874786679211663,0.264975795637505
8385,A,4.604142998245987,0.6355774780013613,0.12543790784184758
8386,B,78.62502837872829,0.48183665639498485,0.21273222207645057
8387,A,87.09118970772523,0.42362241121853045,0.1947063178410824
8388,B,1.1943399139916042,0.3606736170909025,0.3428187766121213
8389,A,29.42522557409401,0.4104955570697948,0.20975470973959265
8390,B,97.79992059737683,0.30869632762279275,0.31306522980803003
8391,A,78.98995096542207,0.2587302574587745,0.2442060365132982
8392,B,80.73425877631342,0.5430770819317051,0.293346078044693
8393,B,92.37044170409887,0.4657252078049843,0.339760917956357
8394,B,1.241515930555483,0.4214804795499982,0.26089535653696677
8395,B,180.0,0.4835454092003391,0.3907580426435742
8396,B,49.51752045687587,0.3946549045405778,0.34159089325800507
8397,A,76.45342046035525,0.32467188789148116,0.3710532068552134
8398,B,83.70335519681682,0.24553935857310127,0.3656390114799015
8399,B,43.47199126467298,0.5606227538642242,0.34686092748784286
8400,A,111.45794682564485,0.45302905791348885,0.1380824772967452
8401,B,21.58705598914362,0.3130667305805613,0.20205379149498232
8402,B,18.26176009553679,0.7209267671600184,0.24104245117890313
8403,B,3.7699834604778477,0.620048718926108,0.4103568878833253
8404,A,15.912370738871228,0.31241290099758856,0.19796789736460865
8405,A,134.62773179059906,0.3131556312365741,0.08885918031670337
8406,A,7.401689318847209,0.40273072234421586,0.21154687770507802
8407,A,3.84857449217784,0.3812773680793777,0.3470027888090624
8408,B,40.66457499965739,0.38554742331817304,0.41885990608790463
8409,A,25.42307324507752,0.3495213786031251,0.23613881600259068
8410,A,79.29631313844676,0.6664012888586689,0.24773742190336662
8411,B,8.060263074062652,0.39716219262887953,0.3423918998698723
8412,A,28.86093716671065,0.33349086449486626,0.15502262010852463
8413,A,79.54963227566621,0.4299412228312581,0.26507946457869663
8414,A,58.867830616474826,0.5600846087439768,0.4261718001877624
8415,A,10.574956499233075,0.3830293967642919,0.24062177335161883
8416,B,43.587083750440684,0.39085517472448494,0.36887257912397153
8417,B,50.991505231071486,0.34421508983920307,0.24776384282902672
8418,B,30.34412924791134,0.4702371356120463,0.28272228726491583
8419,A,133.81250649305824,0.27068462608358274,0.47418477909309353
8420,B,8.839362498781487,0.45053113903582853,0.13000905326603
8421,A,2.8218050852460945,0.40197472872475076,0.38356627998089154
8422,A,102.8487808494988,0.27210882432586164,0.210078762816893
8423,A,16.336933247755677,0.13251084608693264,0.2993427490250923
8424,A,31.204952583959354,0.4429049476414297,0.4412154531982457
8425,A,24.695566739466273,0.33559017153671905,0.29818001246118847
8426,A,8.4844050331283,0.5566635593543726,0.2787698036277841
8427,B,29.47776093111986,0.5330690398992215,0.36868701086241995
8428,A,19.952809439768366,0.6326434685680357,0.2044884859059665
8429,A,9.645766661749501,0.6177870234058382,0.21340111033906511
8430,A,10.260606804239591,0.4304215973007303,0.1685696539899759
8431,B,109.68138712772355,0.24118024441661956,0.24789609262481324
8432,A,9.319233640032595,0.5170375463734136,0.2307771280877161
8433,B,31.854027912867966,0.4596935574283307,0.30095406318657963
8434,B,21.822297203712154,0.2833538796130788,0.3830901774404611
8435,A,30.2138865799568,0.2689620397351277,0.18443557763412377
8436,A,71.96165435216034,0.45688423309763904,0.40800238630007934
8437,A,37.87099488266381,0.4986211829440826,0.3599991240315137
8438,B,51.667955359728204,0.5084372568828432,0.21184230590309075
8439,A,100.65865702094716,0.45572253739576085,0.16125824909551667
8440,A,45.544427054136634,0.32046315832679406,0.33156559471608105
8441,A,52.60754630872741,0.3775316275351951,0.18895991663984626
8442,B,50.15891203041199,0.4844299005823485,0.10261804949770506
8443,A,49.56470848433778,0.4029805583540395,0.185834037626307
8444,A,26.85843894344855,0.2686521113666751,0.24375591192913051
8445,B,4.939395734440309,0.4166826295012643,0.24565473326710924
8446,B,14.031149668189258,0.6664585859131218,0.2502869162542953
8447,B,35.464973791674254,0.40021485063907636,0.22545021150172875
8448,A,52.607358951603956,0.543044397110365,0.28188910212377083
8449,B,23.723890204001535,0.46572307401964586,0.11926565167282407
8450,B,20.05115410828614,0.33981710910105617,0.33236389220813245
8451,A,3.2515420991728097,0.3495310752569237,0.24551749739928194
8452,B,30.683845411191044,0.5390365864121236,0.2725750398628076
8453,A,88.42736267357375,0.5500986119224597,0.2766914615869033
8454,B,17.83250503396512,0.39645922546125895,0.4416335723249232
8455,A,67.69044244047376,0.3067961828182912,0.24836503904312918
8456,B,22.19884032336539,0.5184691094082428,0.4756399436294998
8457,A,12.660397045490916,0.27467622139234477,0.48366466606291125
8458,B,77.25034386346758,0.449757179073227,0.34223962329995916
8459,A,65.7521012757342,0.33927272927678087,0.18578844595851862
8460,B,37.118713182398146,0.4373886192452355,0.2888532455338123
8461,B,107.24657558652208,0.2159367045947403,0.2884984289895616
8462,A,0.5725439601980074,0.35142917111927696,0.2951037771731051
8463,B,154.30189826804505,0.46608476752670774,0.2607690987398941
8464,B,132.70597515422824,0.5117678247558993,0.3015499896189825
8465,A,11.022189298562916,0.22829004966054664,0.32589732444033137
8466,A,3.0309992907188,0.4900966136851272,0.1889103433489929
8467,B,15.217408880831272,0.27562623649825063,0.301869090976354
8468,A,68.18218668456576,0.5112706007398855,0.2419078484789155
8469,A,63.45321357579682,0.5051221493006051,0.3004704959245239
8470,A,75.6024145266305,0.2777185855034657,0.14773649170042802
8471,A,0.20212947990347976,0.4931261769944878,0.31037597039180254
8472,A,31.302705516818875,0.31151262555790277,0.14320573103259784
8473,A,54.91011663407186,0.42693251878594835,0.4663413339310578
8474,B,33.29759169893948,0.5761281079139113,0.31351368618335185
8475,B,39.82316525277614,0.5481032675064763,0.23634319029148476
8476,A,7.600206280573264,0.2823120015848394,0.17814467833925507
8477,B,99.41530142328365,0.3758644220647526,0.19627718245740025
8478,B,42.575378172529945,0.42591773893467694,0.22199167144507856
8479,B,15.148083442955556,0.6814120967790721,0.33305747674152836
8480,A,47.21509718054776,0.46133853563661315,0.182580473636476
8481,A,3.9536602778262226,0.428663785947015,0.21334594961701275
8482,B,41.23880586585464,0.43712612536182344,0.21371095123571066
8483,B,2.355339913662804,0.3482196778728115,0.16006697607921858
8484,B,93.42295904337335,0.6226186414623227,0.31045115925567945
8485,B,43.404883785753725,0.4270690906530547,0.2645355441835252
8486,A,9.00311152508338,0.2550761954688618,0.37711559740674383
8487,B,54.846506669067686,0.4842840802494882,0.3953492450676772
8488,A,29.06441604790968,0.39083889326860327,0.3479814094520897
8489,A,47.70272289860471,0.6096161864959142,0.23044801348350846
8490,B,11.664543972876144,0.4037422193810296,0.1201039786584526
8491,A,7.095188241365545,0.2546525835434458,0.1568913802846606
8492,A,9.217855298365706,0.3212783771772989,0.2259609040930651
8493,B,42.470983851393434,0.5755956997286162,0.20263911611588906
8494,A,10.292265588115548,0.6006503675686305,0.3869083115846739
8495,B,39.33168663198108,0.44889482426205174,0.4818284371085464
8496,B,50.26389191890087,0.315094970371827,0.3384828771679326
8497,B,97.76346144897897,0.46010969032333526,0.3812129968315713
8498,A,12.272797695462158,0.2981746169084831,0.18562170627799118
8499,A,11.560465264671095,0.4132939956782392,0.22841084772825435
8500,A,22.624799024443742,0.3978576507397905,0.18354043195847872
8501,A,47.731893439043034,0.34756282027056434,0.261396015123416
8502,A,25.933949293847178,0.38179914145916616,0.11586526570297091
8503,B,75.20280005715051,0.4118499981494227,0.11950700909550831
8504,A,67.31967398017873,0.4724804088149191,0.43265435674296665
8505,B,41.16246936071989,0.5033994217066382,0.14025006526369518
8506,A,57.166047164193984,0.32211580422038905,0.4003850621039076
8507,B,116.41243793771127,0.4906420678794345,0.45663235525058565
8508,B,23.07857866197425,0.4036638480279913,0.1752772310359472
8509,A,6.087508272722729,0.34735063230955443,0.22444745648387068
8510,A,2.253361198978579,0.46424018272163464,0.09822162371378383
8511,B,35.27465298014311,0.49164593909976995,0.18318629502138195
8512,B,54.50672750770068,0.43370034997126344,0.26069896167836526
8513,B,30.22180314421642,0.2858942913424282,0.30342485199176694
8514,A,94.64649143918069,0.36418422782247006,0.21789608219307322
8515,A,3.743910112253463,0.5164948423912872,0.13174040698791223
8516,B,23.322287062388988,0.518659001421615,0.09369108675775012
8517,B,6.199835809033758,0.42172745302503656,0.20536922933483426
8518,A,7.225511888327483,0.37034663992529676,0.1887790533040501
8519,B,52.53691505222015,0.3639812259054235,0.43385963761145263
8520,A,1.0071851314596776,0.41213753736280867,0.11939961231537465
8521,A,44.539471869458744,0.5741200107126173,0.17534895315241256
8522,A,39.29223394695835,0.3609247407496997,0.1790236780313015
8523,A,180.0,0.25232876363039536,0.14284121077720713
8524,B,11.125085623941978,0.4067233483924417,0.264010211412861
8525,A,98.0896219414954,0.2985757117496898,0.14932590022480124
8526,A,23.807829537662066,0.3325955867943268,0.21378099758933242
8527,B,7.737384107918243,0.3182833950515679,0.17462740503663238
8528,B,10.456153232134946,0.44917887229140696,0.3221116868789382
8529,B,60.647253287876275,0.3373867905500227,0.2789788696915867
8530,B,7.743675642729097,0.27619321171620226,0.24137140929423126
8531,A,20.905012839980845,0.3794414257704907,0.2964474565305225
8532,B,180.0,0.5707625706761197,0.2804314062417527
8533,B,73.89497187328809,0.3818600454861827,0.17415523883776052
8534,B,25.93705549970629,0.42516230579121356,0.275826102163608
8535,A,15.848456929443032,0.27418322997463096,0.31678603438655834
8536,A,7.440957760249037,0.4501579316286829,0.31791405223419544
8537,B,46.78112699098543,0.5509530655347779,0.36565018754913003
8538,A,6.686867810264766,0.2256798320294887,0.41718169144206385
8539,B,0.3981054827589149,0.32461922146131883,0.3572402305257094
8540,B,96.78837719896985,0.4338532573036839,0.48468515254014
8541,B,16.451333976630078,0.5095827463047325,0.3637754219562389
8542,B,3.8791082723605985,0.53098928063318,0.265041331080924
8543,B,73.80406789718032,0.44379154056760467,0.5548378203743667
8544,A,6.385071163290791,0.26419147942522336,0.2106290462401194
8545,B,20.792375621232253,0.5272831666665703,0.19614328531679776
8546,B,43.58994227193457,0.2599628643479463,0.39664667716036067
8547,A,5.452553679751382,0.2277798416233855,0.4226205270098605
8548,A,12.379986574822736,0.3537406451212718,0.32744832804089785
8549,A,16.481125221357292,0.30226480163113617,0.17828315366400607
8550,B,96.62127962762422,0.5520518043429078,0.37402330742525486
8551,A,146.66176530394662,0.21987367219793919,0.2345758950808545
8552,B,77.78174811879491,0.43721934089225895,0.37761654874340067
8553,A,38.874241894998626,0.30791607580435765,0.13690590501389954
8554,A,180.0,0.3446321797702594,0.14207013485736716
8555,B,21.358175993999755,0.4991421114901573,0.4009609347970034
8556,A,20.968152145901502,0.3710507460232473,0.23605398982517686
8557,B,105.57271402709937,0.3400694755266729,0.25817494093197235
8558,B,25.60546096407374,0.3925355949660235,0.36036625424887114
8559,B,36.0461309246104,0.4120259337975384,0.2617083156410967
8560,A,27.531029022442933,0.5451170559498979,0.23050421221893333
8561,B,49.292504466192305,0.38254834099790125,0.4712025425605488
8562,B,3.8285465676913026,0.34538905499902495,0.19213356569563264
8563,B,47.27971775024657,0.3933516660752357,0.4028088626168566
8564,A,17.658835839124134,0.5934773317944325,0.28182198404104974
8565,B,44.79123852663024,0.4037542336445364,0.5030911099088309
8566,B,107.50840335264915,0.3848970691889866,0.3276453955920103
8567,B,22.694650683402557,0.4521472648773948,0.21180087971609698
8568,A,9.089040571822778,0.40691204495770517,0.06671098385385099
8569,A,6.952930648250752,0.4467621967822058,0.15817300928513878
8570,A,130.5838391233946,0.5820962251594378,0.2972580277032327
8571,A,180.0,0.268639883186487,0.2166049668777863
8572,A,2.0677128722068896,0.4928843895093128,0.08926663024204555
8573,A,7.331666569102843,0.3722015071099451,0.4235650018696844
8574,B,14.420683674901746,0.4354082179129422,0.34382420831038296
8575,A,24.786977885153146,0.41540236643838985,0.3726445214969399
8576,B,33.65679186629095,0.6241714253168817,0.38973132272927247
8577,A,9.279210285835044,0.29496682503370414,0.21676609825802445
8578,A,20.356590284462424,0.2763535935906803,0.1887938551667668
8579,A,6.220076762895277,0.36433341145828385,0.3367383296364753
8580,A,27.4386241870952,0.35727973493927323,0.3263774431757099
8581,B,60.455836135676854,0.5445143552496028,0.20641544120369215
8582,B,42.91533638207288,0.4088117308083337,0.1913972297834316
8583,A,14.266567595699195,0.3228176694622464,0.31863056505041143
8584,A,19.517313351228804,0.30706168957498353,0.3453596683827728
8585,A,4.4577505085002604,0.36691046316753984,0.07514499234772136
8586,B,7.734469378798719,0.31459589571670926,0.3891545712757401
8587,B,22.232314981320602,0.39983998659846276,0.17804536663180148
8588,B,3.427369060590647,0.5408583375894892,0.1413898340575101
8589,B,69.91326665368246,0.421325988538083,0.17950998644453126
8590,B,111.5472673378346,0.5062984026522063,0.28127110247565945
8591,A,25.147807989376112,0.3910955042838275,0.21195737465222889
8592,A,180.0,0.36890033566511404,0.15811014339944995
8593,B,2.4309430123719076,0.3669430312484671,0.4063029795264808
8594,B,38.75772478952183,0.36124887573021813,0.27545220803274617
8595,B,43.40256647438443,0.36439585557923476,0.48129118941472127
8596,B,30.041835877621608,0.5109580674346892,0.27971335001110287
8597,A,17.943181225267338,0.19918065478362865,0.3943789703319199
8598,B,36.32874197797397,0.353203872428339,0.2993515847031939
8599,B,64.43347189326191,0.5732102669494871,0.1593498683293994
8600,A,94.09237260697347,0.16138449396662438,0.40163827527334967
8601,B,34.37808140009657,0.60433966890449,0.2607886887522898
8602,B,131.11226675839137,0.40969976378512357,0.26737791358784957
8603,A,83.37504135339319,0.4320117243068495,0.2568447355265653
8604,A,136.6997425711647,0.3331115937673219,0.27265638749581184
8605,A,70.25262170726079,0.22516239417635975,0.42810146024504003
8606,B,40.47836811863213,0.549003624919688,0.5763961225374764
8607,A,48.49310525006422,0.22167135238446364,0.19247154171723044
8608,B,3.874231574356336,0.5048365458661959,0.31915104635122016
8609,B,159.3560445718919,0.4072237661444271,0.2577783883240969
8610,A,87.39039953291753,0.4246645339217076,0.13894648677065968
8611,B,8.256239444338348,0.4827421672713986,0.23461424482825766
8612,B,79.79963201258691,0.6466236940411921,0.27344395702729185
8613,A,3.539643143206734,0.30618527182996763,0.1640644364849214
8614,A,27.964884800819465,0.5187503906013754,0.46612520304046196
8615,B,38.91994683279276,0.4953966263128731,0.2724027050965861
8616,B,70.22662758730392,0.5677538295348921,0.4406237580341842
8617,A,180.0,0.4231326515408977,0.23249546169332383
8618,A,66.05725530698014,0.25636639065818534,0.28997869391623027
8619,A,147.24696248185165,0.5722000594811943,0.14141530075087408
8620,B,37.4594617687513,0.4795994664655855,0.20012217898094473
8621,A,68.06101926048586,0.3782981285250626,0.12978415416662686
8622,B,3.1605845343181445,0.3566112617061843,0.22400979366572274
8623,B,24.434026436095223,0.3852132718634004,0.32063202158121423
8624,A,93.53239770377051,0.41629720350896005,0.32060958898210684
8625,B,50.4083254232298,0.5131560864521563,0.30794080073357266
8626,A,55.16903729977707,0.41374601542950595,0.274364392878487
8627,B,51.54426141776069,0.6307668098871082,0.10407955571133308
8628,A,64.31446041032105,0.28850187884084966,0.2466268295919116
8629,B,180.0,0.5304670248432667,0.18006425978413987
8630,B,48.475898483719035,0.46591498972429835,0.3255828203474907
8631,A,33.32754197961502,0.5192654856261739,0.12779909994371558
8632,A,116.10695170271312,0.40769472024600895,0.15879889148631
8633,A,78.4436254290208,0.41819376718908885,0.17209479858437718
8634,A,83.57229647544632,0.3498313200220616,0.09613360432429534
8635,B,17.54935186250517,0.44032663221703083,0.20144710134545174
8636,B,2.3086229209005644,0.48383763329446183,0.3438627905939993
8637,A,50.302032307356775,0.4456551309893811,0.21129607078162077
8638,B,80.76272986552867,0.42179515548311697,0.1130983417795382
8639,B,114.4439520735801,0.38156547525747103,0.2517269637293273
8640,B,49.450992742218055,0.2018245742329561,0.12479770017849054
8641,A,16.34576504889708,0.38168510477258094,0.1521121856874222
8642,A,1.6326012786226347,0.3056104067166061,0.32270306278079874
8643,A,123.45741266495101,0.5152537028296826,0.3786556610477256
8644,B,34.2424148207756,0.4368874252024959,0.2306270200714424
8645,A,39.69810202569202,0.39165068062768954,0.24693238992798272
8646,A,15.931150123615147,0.7320928011488009,0.2797417016111548
8647,A,7.267586698852688,0.35016452782677615,0.19148993292530567
8648,B,102.60558649791105,0.4499498765355842,0.40746394109432704
8649,A,79.61201367880862,0.24213435424502155,0.27296605259642065
8650,A,81.49796143713412,0.4820315055822535,0.18374075807515536
8651,A,75.81345087324627,0.33732368438774435,0.18701978455474097
8652,A,46.614170329111225,0.38062055396167926,0.1814257786679149
8653,B,14.295084988172746,0.5624747810187334,0.3335189116043185
8654,A,20.50787679700926,0.4897704016316883,0.2105146493465055
8655,A,16.312797343197552,0.4182239584287301,0.2540769964065646
8656,B,26.453162291949475,0.4793081658637239,0.3819152445280391
8657,A,0.3866207491481423,0.16528698019232205,0.24929201924885816
8658,A,80.70327793961565,0.5018569976315835,0.03397013880012639
8659,B,36.8460947656091,0.396899695291079,0.38627546405665325
8660,A,4.11720480332966,0.384373987289636,0.14761676853038844
8661,A,44.83327019929587,0.4051201149423852,0.383258272703325
8662,A,31.559870977853425,0.4391732878400216,0.0811867973528684
8663,A,33.66015118190394,0.30316242610379857,0.055645436030463784
8664,B,2.6329216718771495,0.37431396754580065,0.3213776346627945
8665,B,60.66369758347949,0.6715083775573377,0.44197724963161344
8666,B,10.865122683928996,0.523362844907588,0.1734024241298989
8667,A,117.60164677755321,0.3514914421031771,0.12202746210974086
8668,A,1.4456499815058743,0.2977160661967767,0.2845663746624286
8669,B,21.070135948811046,0.43059898892017684,0.4824363366071822
8670,B,27.834394774326267,0.5036246065840966,0.3908615003452359
8671,A,66.80405779993981,0.25018193091984875,0.2668306199747152
8672,A,2.4055222857323333,0.23687055836758883,0.3589053998281486
8673,A,1.7505231567796737,0.32123377036508877,0.4073354009545987
8674,A,25.280961365943888,0.2822607195504217,0.31384479841035984
8675,A,2.9318502922521192,0.4277382507624659,0.2895918073947869
8676,A,70.04608253770597,0.36120647787924465,0.16286502088142582
8677,B,52.91113422948057,0.454048444866496,0.38692530452955776
8678,B,3.5217817097590354,0.545199876868341,0.2980633418479656
8679,A,33.934204264279664,0.28416868778777704,0.46752484336169986
8680,A,1.3260938596072895,0.23783880188735423,0.39790528970227573
8681,B,21.674741859084886,0.37010828493609177,0.20687554860602558
8682,A,1.8604655546672508,0.329878341181246,0.24475796919050788
8683,B,16.676589692557634,0.5524838990883942,0.30642435931315526
8684,A,42.68134981118764,0.37246640174603735,0.12455885124907973
8685,B,0.07907003537474244,0.6263687421152042,0.33908707720526116
8686,A,73.82131495973695,0.39345788685198224,0.2149604940073179
8687,A,25.91535540492466,0.3415014044269022,0.3132576658376336
8688,A,36.3932608210399,0.23483972045569868,0.21294241046159196
8689,A,72.38634957229803,0.3414036802154839,0.18673577170138483
8690,A,42.43082692479635,0.39423166775876783,0.2790195500631048
8691,B,61.17960876102613,0.4204636847961162,0.639979402395535
8692,A,11.456231702005946,0.5098855364636735,0.11498260126572034
8693,A,42.72592629422912,0.4456170105535708,0.2753189634668764
8694,B,13.993321211224771,0.32341887391794727,0.31222593237085633
8695,B,9.46647675179013,0.570408226845334,0.3159689696071116
8696,B,83.16441274463514,0.4495458574980579,0.18971437937264046
8697,B,2.0793368016698928,0.4607619097077067,0.24554219092090954
8698,A,44.532582348283185,0.3895908192769754,0.09645568089941521
8699,B,119.8593475777064,0.44466164351424037,0.18225777387024347
8700,B,60.384373911815885,0.5073571113405154,0.4343951781294963
8701,B,9.79866304645082,0.5388527168415809,0.24594564958092555
8702,A,59.60975556877439,0.4221068345783164,0.30917491588841006
8703,A,43.64492265147881,0.47311277244410294,0.4288351021000502
8704,A,156.6724228833491,0.5767356378696051,0.060830526552553034
8705,B,22.40895441758732,0.6681952147024488,0.23957358677390397
8706,B,155.76053844469254,0.5743847016331984,0.4280691720965971
8707,B,50.15649945074378,0.40953915782468503,0.23467135398980976
8708,A,9.889185105166739,0.3243143502098762,0.17937736097390802
8709,B,48.79294281318242,0.6438355990177135,0.2519282256661787
8710,B,55.04904061439391,0.39163956715131915,0.35968634577432135
8711,A,135.8004284443469,0.4862450481493518,0.2618222863001324
8712,B,32.3059855407169,0.4254511732790999,0.17427727167275867
8713,A,34.78164685271865,0.413775402058744,0.2425722341321964
8714,B,9.520469123906043,0.6399429359832844,0.3487747121688199
8715,B,8.505527994497688,0.30635108564462027,0.422929316209976
8716,B,60.45234287686559,0.4931079704592927,0.070999811146321
8717,B,111.99028571880797,0.3640728101726177,0.4978928758577835
8718,B,18.562765310635523,0.33596081849520015,0.3677913257416503
8719,A,50.15735826903592,0.3656628743789895,0.5026130764190494
8720,A,4.714311126149105,0.25427004435287764,0.29291932037044044
8721,B,36.39883491757297,0.6299101069124659,0.27617063370865386
8722,A,21.553432667083936,0.3378846498215291,0.21549309851233384
8723,A,66.01411096168873,0.5395192282487612,0.31149913467933343
8724,B,180.0,0.4532419452799388,0.406843527436489
8725,B,15.458362980422336,0.6590208208912104,0.2458338454976546
8726,A,55.22755560028148,0.3831685642836084,0.254685215084705
8727,A,1.8435240480533046,0.4006622228630925,0.204525997760543
8728,A,35.59355499596252,0.5487637626743515,0.41791203880983585
8729,A,4.158916721566504,0.2570417799165164,0.25136058900053726
8730,A,180.0,0.6245229669651524,0.2769091442150381
8731,B,25.721648465498905,0.46167734597346627,0.34382076620407376
8732,A,102.4159475165631,0.31464744103000697,0.2507640251469333
8733,A,0.9587713714976733,0.3415508377594685,0.35457520568158163
8734,A,88.04309470810955,0.46319271544918594,0.40577404266099143
8735,B,23.493849129560925,0.44238402720245723,0.41413506223170904
8736,A,113.33807772790514,0.5976354542857338,0.210888178398952
8737,A,19.631550318790733,0.3081625028472295,0.2410400318893786
8738,A,57.203435447340055,0.2716242151459015,0.18163006963046208
8739,B,1.7226860330581224,0.26636254076240523,0.3245202224386138
8740,B,37.04295951447876,0.456823906992047,0.3125256848724757
8741,A,26.261201654576432,0.4063304823594174,0.15202344128607292
8742,A,47.91982308476971,0.5861064734997454,0.16625983725054347
8743,A,18.719841385889264,0.4138939195096702,0.28286696770765424
8744,B,12.170608890655572,0.3286536755823385,0.27802826734817676
8745,B,7.157873202103879,0.5433442283772655,0.19986571852303425
8746,A,17.524492388816142,0.3951873579299204,0.17286525144060944
8747,A,24.858053163461747,0.2042022201450107,0.25645984529190713
8748,A,7.079313412289383,0.3849874386184789,0.15367327001069597
8749,A,80.04056296850882,0.538557062473471,0.28105753953208074
8750,B,64.44411305704931,0.40544913563151636,0.3703377882628132
8751,A,19.295175689672064,0.4558650441462883,0.23695974008359785
8752,A,22.998371010538477,0.4827294970737352,0.19652690726826041
8753,A,101.01741893143519,0.3751443947387642,0.196045992987941
8754,B,75.47336903005167,0.405477079107022,0.17732270338152822
8755,B,114.25691642111593,0.48799566916790105,0.3010245569730509
8756,A,30.888787672909803,0.44525570357549954,0.19634324221169272
8757,A,35.36187494853489,0.34401127611444215,0.29041169578912246
8758,A,141.07280549598892,0.44552696437153655,0.23581422204529026
8759,A,98.00770495539581,0.46217385561686025,0.22015569511391594
8760,A,8.35592692982387,0.46096283167298857,0.4290900653877806
8761,B,141.4456422107876,0.39664082621196245,0.4206660035840131
8762,B,105.7192029425915,0.3587100202912985,0.24554736729593996
8763,B,6.794957019511113,0.44826565204797403,0.3800011658023226
8764,A,28.843327805232033,0.3467826826901537,0.17956434597642384
8765,B,13.162477458485846,0.28264183344892946,0.12361407332915937
8766,B,6.793808832868217,0.4328328303603144,0.4367474055447031
8767,A,159.78270223675895,0.44127045392032005,0.15476628915218796
8768,A,20.96093520542145,0.3645970048925733,0.22813716535553094
8769,A,20.90410109726711,0.43126031003201304,0.16174998717156167
8770,A,9.762775077886383,0.5380029823791347,0.25912711777274755
8771,A,5.463138758137251,0.5307462162881457,0.19457700142269835
8772,B,22.683441337438378,0.35318775911775374,0.2956808225798047
8773,A,60.67109734890497,0.5136698989447069,0.3637083112832471
8774,B,6.888502761675197,0.5031547964200053,0.35668077882121013
8775,A,66.14138031522762,0.26284832237478745,0.2494468639229876
8776,B,55.07995709820814,0.2590427749130451,0.2338468238503888
8777,A,156.33838527631733,0.45647609054617333,0.2076230128752877
8778,B,65.58778506960661,0.44953363371143706,0.442853987887781
8779,A,66.80921847679362,0.4654585142795867,0.3114912611615248
8780,A,12.548600100305213,0.31140733690054995,0.08427762188841324
8781,B,9.041229868236268,0.5329175272100258,0.38249771791346093
8782,A,1.8424546925117582,0.4115138671456018,0.18900624448297348
8783,B,50.530487904117514,0.38377018240748795,0.37113053474769725
8784,B,1.2094047794612004,0.4155088398258508,0.28173500115914707
8785,A,180.0,0.1969218166024489,0.2968856361491344
8786,A,18.728934716733274,0.588145288012502,0.19390584152767593
8787,B,29.63041126127888,0.5541685765422689,0.45098608784988137
8788,A,16.826628562228514,0.3801211785652295,0.25370935119543736
8789,B,17.469246614117317,0.42645314501257175,0.31552502831793233
8790,B,180.0,0.6547866319858973,0.4061334629225395
8791,A,106.37928531767541,0.456684299511923,0.22454876402712465
8792,A,39.58728782015291,0.4044391407326264,0.4004077377313162
8793,B,133.1801435029501,0.6215458595836627,0.24111740172827004
8794,A,10.885835921307054,0.3985051759107424,0.2586187379700875
8795,A,98.95916273733111,0.3289417199334286,0.12081812736696096
8796,A,180.0,0.4159944527022377,0.22159251787862233
8797,B,8.30226041529872,0.42650806054359497,0.1791086384107768
8798,A,4.080032617984954,0.24157089000015985,0.13844068508262483
8799,A,89.20469932770104,0.41953108688729635,0.24849294448380563
8800,B,129.65638638859278,0.3302980005653147,0.14330472160796787
8801,A,22.28139384353961,0.44352590968141414,0.24711942875307177
8802,A,33.41203356949143,0.6720492007833018,0.24290915577602304
8803,B,28.217428817775073,0.5500754288306045,0.46566237316803083
8804,B,44.69668299421218,0.6181167195780328,0.3986835663189156
8805,B,39.679340953908124,0.47276049179446705,0.3481312566546083
8806,A,110.83236172683843,0.3103090403830238,0.3823946905945961
8807,B,67.35033201797647,0.5398888006446559,0.2173936447279903
8808,A,163.1728014825888,0.38085512035885716,0.13901478632252431
8809,A,13.681511094358656,0.5416276289515924,0.24444898206491897
8810,A,10.770184392929899,0.36697113696758055,0.18114104892133315
8811,A,3.7774459510218996,0.3763409628284055,0.2502355327269878
8812,B,21.21096996477619,0.4475451627417696,0.2489250750538152
8813,A,37.1283728162637,0.4498618498679215,0.24383847564247083
8814,B,3.755931188584321,0.4954998885198516,0.2882110143164484
8815,B,28.113490063716878,0.33586530173542717,0.38159363278816516
8816,B,40.89133089264102,0.3053640274895198,0.36325327596496215
8817,A,0.6164002437713849,0.3075146590099682,0.22073896559837225
8818,B,42.09335844632872,0.6932672978005169,0.264746629956222
8819,A,23.888492225618446,0.5388718547694494,0.19866486313935053
8820,A,3.4297225510560336,0.5746608541783328,0.2707342999884794
8821,B,81.8009170508236,0.6389387786683689,0.28420540464385785
8822,A,23.380803565222216,0.5218211567332226,0.24137552036615398
8823,A,1.8338112374947073,0.3299869845554536,0.3581401334217196
8824,B,2.3521491768459226,0.4625902928340024,0.4671955006601525
8825,A,81.14073316630794,0.4567572190435366,0.18789705357653705
8826,B,180.0,0.46773529867909125,0.21460314519275742
8827,A,10.59264003003472,0.3524828320638878,0.3800183417367136
8828,A,17.90803954910928,0.3985822175979373,0.3380095645684769
8829,A,91.82655456137685,0.37900217527987146,0.17361216045781752
8830,A,61.71610709339427,0.29753196898998824,0.24786781306824016
8831,A,11.125316203587143,0.32023991851780714,0.18240499236518967
8832,B,180.0,0.3798613958997452,0.1604675877321936
8833,B,5.42197198565462,0.5029522829928744,0.43630145934921094
8834,B,21.924299535423945,0.21441134423223798,0.2519874002031594
8835,A,3.3576825150819056,0.2828610541424546,0.3205968536329035
8836,B,46.40251990976634,0.5513293264366667,0.4185789544911734
8837,B,24.301083971795087,0.39395056565678277,0.33868839919533145
8838,B,34.7722903241675,0.4145144234320129,0.2511521764017798
8839,A,56.59348621484083,0.307199237951797,0.16651167655274868
8840,B,20.509781658838595,0.34426430856911544,0.3383011685864037
8841,B,64.75340743431514,0.3701781055741402,0.28778531392353945
8842,A,22.29519185983226,0.2893187365238182,0.16227800227339584
8843,B,23.534359161866973,0.407881068093151,0.2345912821183324
8844,A,65.37492443930172,0.5684403559858906,0.3197228182197497
8845,B,29.219822947343996,0.47631854969757287,0.1412281958210261
8846,B,44.60582066507925,0.41977968904249224,0.3327896211874882
8847,B,180.0,0.5637453426542611,0.2610318809116798
8848,A,26.519329247733378,0.41525554782497853,0.3216811329863642
8849,A,19.10932276913102,0.34010156884001463,0.191391243693529
8850,B,53.38716572855487,0.6009560033065795,0.3208311591525335
8851,A,27.001397575504967,0.4799611635924604,0.19108341045585311
8852,A,62.12460835889888,0.27017224879543267,0.2665980712150559
8853,B,5.301161249648729,0.4903382092320062,0.3739214630929388
8854,A,104.62671685331476,0.29634824411826033,0.3643116935601751
8855,A,2.2971720683866526,0.5164400217708518,0.3959191611748609
8856,A,33.415730213358735,0.36109597765210294,0.42157995439460866
8857,A,1.5023974913517204,0.37897901999289957,0.20326411401520936
8858,B,19.970446711054255,0.3305702228574942,0.18387459690875818
8859,B,28.30022683561781,0.3299821628560371,0.3344850482058555
8860,B,70.08260535770334,0.3163071350875856,0.3284966027510776
8861,B,30.792957560434523,0.4873297832254542,0.3118442801920403
8862,B,55.9612808896889,0.6482123413224461,0.35888794801402857
8863,B,95.13029063899498,0.4825080401606258,0.24196620535347182
8864,A,28.434685841080295,0.33420635532014736,0.2615619662377161
8865,B,5.7299686362425195,0.44914509365416755,0.39296566664474997
8866,A,97.43785034946394,0.49443927459793446,0.29251235404079196
8867,B,75.46873756354555,0.49357190651537935,0.38870772661598324
8868,B,71.17593806144217,0.41476913659289977,0.4560895686160572
8869,A,20.19487437573369,0.4009415006128789,0.3224033034499774
8870,B,89.08649417856985,0.44896977305758695,0.3151244338308521
8871,A,121.2702051694328,0.5016316589514395,0.2676490233022717
8872,B,162.5040280027299,0.5410414655773348,0.2843270176202738
8873,A,44.81541652601259,0.5434198365288613,0.312021166910144
8874,B,19.265022750059327,0.4323890294829288,0.38564599562209323
8875,A,122.42056522862468,0.22665915784409763,0.2327795091465157
8876,A,63.69208974577481,0.29802729039455544,0.2710274568738915
8877,A,4.913310161567143,0.45500319955768864,0.2610004499740781
8878,A,11.828752458028186,0.24317504375848562,0.21953911103024798
8879,A,22.552047480130053,0.43392112504369207,0.33805480031790297
8880,B,29.140901875048435,0.41250227931755484,0.28438501916199727
8881,A,8.39062619964175,0.45186618113969085,0.2060669435657459
8882,A,30.735982124022687,0.27975656808802846,0.2098717808275052
8883,A,28.685836616070493,0.41574071640978016,0.2851565523848936
8884,B,15.846271980823731,0.40042368670442263,0.2470254967888416
8885,B,20.6006793809688,0.582987056022144,0.3859945627068588
8886,B,20.81132755808317,0.34376126768771903,0.22197877352773815
8887,B,106.00156839957828,0.4810368109488529,0.13848876367771398
8888,A,140.82632680086132,0.5007973584391244,0.2914558441348027
8889,A,25.59062448199448,0.3352625916071211,0.11264793230243723
8890,A,69.30165949205092,0.35101238370867494,0.3560117042806109
8891,B,3.378101147976626,0.3573420158013808,0.28569609713430544
8892,B,11.779170567702979,0.36286444917961563,0.14847374668012073
8893,A,128.05970069062874,0.1653681385909489,0.145396326054078
8894,A,94.29660551892165,0.41811674051012104,0.11514219553040618
8895,A,10.531674130517784,0.22175247437254494,0.3023149441268215
8896,A,30.83572469992682,0.15490979164026544,0.2360081291473056
8897,B,49.03812596307475,0.4298286243627348,0.32242777964174574
8898,A,19.229026039621754,0.41901079657434326,0.3794952388873091
8899,B,75.3479463571672,0.4181917996682057,0.16394607042497927
8900,A,22.976556452506358,0.4635039577049576,0.44590850134683685
8901,B,62.15391785047649,0.32201097008027474,0.201274493528584
8902,B,2.4801516117038944,0.38042819786227156,0.223291974718788
8903,B,31.447508720691346,0.20307727820298532,0.19075030912391533
8904,B,10.603916447614429,0.38702043627899363,0.43971143328852547
8905,B,180.0,0.42716087130914715,0.178534764329241
8906,B,180.0,0.511530820714335,0.5001238599047082
8907,B,2.7164579843178562,0.3789734669961835,0.31064538308743533
8908,B,57.29306526625321,0.4161816263152764,0.3787745018331011
8909,B,87.20368788073633,0.3534127532244863,0.25117400528031725
8910,B,20.421259103293895,0.5187189248492337,0.35115553296397156
8911,B,61.51510380272087,0.3340917518889497,0.31494669424648664
8912,B,10.808034315495524,0.42393257133580553,0.4410561110534195
8913,A,20.139685377537642,0.287606834614842,0.37277407046920524
8914,A,78.78449429667027,0.4355425441242989,0.2333134979683406
8915,A,27.078019850592046,0.5505533192061077,0.2644945611663068
8916,B,7.119788706846209,0.5512623926311676,0.24254167243809363
8917,B,134.903574427542,0.4232864015853847,0.1514519018262544
8918,A,33.37629622635883,0.33729578946482125,0.3587014960437545
8919,B,53.49343222406479,0.4203319376784287,0.2090075614225445
8920,B,88.29500487066221,0.5774050533275767,0.3182305043738197
8921,A,180.0,0.568413719716713,0.23246684889186764
8922,B,39.56222505710526,0.67725676217641,0.34343546619636156
8923,B,8.740871514823656,0.532348069147713,0.33348898619684664
8924,A,2.783400889550185,0.6369860299504343,0.3530122166860452
8925,B,24.578082783103422,0.26859320813409654,0.13307964052929167
8926,B,110.97672007729233,0.5014178535096373,0.3012003624212037
8927,A,30.120656516157105,0.41999836069909313,0.4659014674070438
8928,A,66.93720104594384,0.4873035042769017,0.1957768631111755
8929,B,0.8179414007263233,0.35807149208793043,0.3535901455040042
8930,A,7.3749093453469134,0.44873305269493663,0.10798259970619077
8931,A,42.54945466955462,0.36043442467260917,0.4412054127168013
8932,A,12.317978524767602,0.3190599648521609,0.13563340205865304
8933,B,12.07211628978896,0.3168842309036104,0.3853423616194701
8934,B,15.187839310537491,0.3549255618028561,0.4604976281246155
8935,B,15.868406041762071,0.3694706612830857,0.26099879983622737
8936,A,90.92021496770779,0.5358694694834507,0.38009324213005385
8937,B,5.397153233261402,0.32452897428263544,0.3468672195058938
8938,A,17.827112319183012,0.44956577255001634,0.2649513845944117
8939,A,17.95858934556048,0.30019628202111304,0.4225741789221613
8940,A,41.03035162066136,0.42186732714607816,0.27806693867025456
8941,A,9.126243702648713,0.36516296718554014,0.27016700426887175
8942,B,98.03670008308828,0.32854728862401167,0.2469327778867858
8943,B,9.036294168004021,0.5102663114627829,0.2832454820184869
8944,A,15.089264938347275,0.3455744526976457,0.2532505855929586
8945,B,92.04225140934861,0.541444990335514,0.32879612512494255
8946,B,22.807238797176673,0.39660963186094556,0.16651778627410826
8947,B,31.78406061156069,0.3455992175744554,0.4310280534518606
8948,A,24.252156765189717,0.48146366575496385,0.18763955120098483
8949,B,32.31693176110701,0.4546748992155452,0.2853117432098386
8950,A,19.637790700196508,0.27603718982647585,0.2271176615604813
8951,B,64.93717058580492,0.5520504106869144,0.41896190847841713
8952,A,33.48819089732559,0.4844568846840734,0.32749094975091475
8953,B,68.33627558696665,0.5831541730188885,0.35860461264470395
8954,A,41.192617341597106,0.3880753060511995,0.17391595579074962
8955,A,37.63124282469608,0.3727037493811017,0.2563186876436204
8956,B,53.225341789136806,0.38291439388579074,0.3685269681630532
8957,B,77.28221253964232,0.5013920184740187,0.2503693731175352
8958,B,0.4335678065365333,0.5195224553677934,0.39249509551046163
8959,B,36.54636036751214,0.35436054137124623,0.3849032006163863
8960,A,47.78113829056847,0.3565717657778047,0.22420594237401265
8961,B,38.60431483515906,0.4576737001834563,0.30245207095197485
8962,A,16.551333838798655,0.5021338286607697,0.1756719140477655
8963,A,6.082321336591798,0.3968443289908541,0.21347127254022716
8964,B,14.225566801474638,0.5124217309468726,0.35862970476565675
8965,B,42.26385510223514,0.4544494191775154,0.2777594700997637
8966,B,32.73551586023934,0.4188333686071598,0.16385344668943816
8967,B,33.22132963610981,0.32465290023934756,0.3040951325257838
8968,B,6.555856300844732,0.48835366001134245,0.2735938394008546
8969,A,64.37190533060537,0.38475311843398935,0.2819847224964759
8970,A,85.60512522662113,0.5771839838914505,0.27905778063777253
8971,B,29.712504920102734,0.44045610638686344,0.34157671001866097
8972,A,13.36804299975118,0.4627703236143385,0.19427256604174542
8973,A,23.52221826369104,0.33595671627624957,0.15747565750500536
8974,A,31.063036543797296,0.3937692721722178,0.39679901447478183
8975,B,75.62238216722443,0.531909224031765,0.45825190234843216
8976,A,34.295676469067374,0.45586900375807793,0.2724709610164761
8977,B,27.436020466006678,0.4263041960792841,0.21433862226437003
8978,B,34.75947758234201,0.3175604349870952,0.15924300574664618
8979,A,48.47900794621328,0.3122402543690419,0.3356989005664465
8980,B,178.2114588497936,0.3485628566728078,0.4577783960076063
8981,B,106.81014002100642,0.16198375005189017,0.30177524163929326
8982,B,137.3247802399546,0.626634573319504,0.33448882223456683
8983,B,4.2046838226427745,0.3273926632994584,0.26824600479103167
8984,A,1.9122041397572243,0.3369385538553124,0.3152727633613433
8985,B,50.120507984584364,0.38498551252875163,0.2070034572510313
8986,A,57.52147206564404,0.31434381575974185,0.22265093844038733
8987,B,13.147947919563805,0.4486874682194849,0.19049435755826194
8988,B,26.9320224772047,0.28030014014720733,0.273879464869831
8989,B,59.21000155101341,0.537342029885895,0.3614010919347745
8990,A,2.8788489472492964,0.3749942936653003,0.23530220855279416
8991,A,28.42444607586293,0.3359852348056603,0.32180965888545665
8992,A,79.12577813463842,0.3113791387684724,0.20300876938236692
8993,A,27.00220977737271,0.24549493569647537,0.3927218340730945
8994,A,7.265187840723316,0.5480046381302113,0.19170115297716372
8995,B,44.97585691275356,0.353140915882172,0.3301105136403884
8996,A,180.0,0.406550147563506,0.21736695765481215
8997,B,36.64325784650958,0.39202541837096283,0.29056057686838577
8998,A,99.03600542915038,0.5488527495271988,0.3366335141382502
8999,B,87.5899681829198,0.48379930264096305,0.25096174158258266
9000,B,59.674583938136934,0.474841231720531,0.17510646444227304
9001,B,89.47231779102327,0.4407028151419903,0.3182867321032601
9002,B,139.73708819764437,0.23592295795689602,0.16269182222921408
9003,A,66.39317062011182,0.4671802327820051,0.1229771750678763
9004,B,64.72405793843646,0.5414356138920992,0.24501771165315642
9005,A,23.85891308396709,0.2578772234588625,0.3959401855838884
9006,A,9.14183467663367,0.380986006229656,0.3134051084485732
9007,B,26.165391838826704,0.42866440671600714,0.3309952543377026
9008,A,127.674513440775,0.45252794334791413,0.1092734832011157
9009,B,12.440762379473952,0.4555360632597592,0.16112651861265623
9010,A,34.20168907472559,0.4056762264073256,0.18737999790471316
9011,A,86.08264440495503,0.5754463908986539,0.19089289714042545
9012,A,18.841263468032444,0.29967960508615676,0.14313617187698252
9013,A,18.37808513362739,0.25945805625213714,0.23302783671191898
9014,A,180.0,0.5316307211681476,0.27338774584815806
9015,A,33.20079014431338,0.3488436237029782,0.17877356003509695
9016,A,6.823433216265054,0.3303434407549705,0.257924000662985
9017,B,16.43020058424319,0.3946887082115121,0.2631081184404416
9018,A,11.161996504110453,0.45324572405836333,0.12443535065570276
9019,B,26.271689399223874,0.526366850698583,0.25997143193662325
9020,A,29.595261319552566,0.410837102161963,0.22641866652055526
9021,B,70.06605364134664,0.48081758271420133,0.30957887912453375
9022,A,1.9529629964039534,0.2804098272164435,0.12667566758663698
9023,A,27.940038731555564,0.4536510957524925,0.23861597915808228
9024,B,2.1311225111254055,0.5124791363862805,0.18824676081746144
9025,A,24.43062179039635,0.3859645709875473,0.3738378493692982
9026,B,87.5431990338866,0.5765620690446497,0.29504527398540875
9027,A,68.00018844365218,0.32915189565457165,0.2636956595173865
9028,B,73.80751439570422,0.5181449223274187,0.169800029985267
9029,A,19.728674491411844,0.6266287441968094,0.10000834598554689
9030,A,180.0,0.5342265202806163,0.14496419686873335
9031,B,35.98302067269507,0.3215672323742242,0.3919676787995107
9032,A,8.972563759544345,0.5221137591444032,0.3210466893487704
9033,B,26.53406543608741,0.2973715699993112,0.1797030942913852
9034,A,40.23034057705977,0.44900754082123645,0.2104596651874574
9035,B,6.217578269682877,0.5138757602718412,0.30382652103406266
9036,A,4.22911310433224,0.34973502503772125,0.12240332974607099
9037,B,17.787644245394418,0.5970499983734799,0.26884714844229024
9038,B,6.038032439082149,0.35526138683604513,0.1955363202915389
9039,A,59.56864931343887,0.3787434488793391,0.32783525471994984
9040,A,180.0,0.30761527385566145,0.28657563495173205
9041,A,76.95110230371854,0.25057688267272826,0.10087060838538577
9042,B,88.84826152695251,0.4481337283895331,0.450140078567044
9043,A,36.50684572272149,0.5929442636118206,0.4218409662830626
9044,A,29.83888285859701,0.7208130673562634,0.30446457097083024
9045,A,81.08961322523672,0.3183774834718844,0.17263255453387866
9046,A,123.68103080346452,0.37595407614587933,0.32265559454017934
9047,B,37.02397400936599,0.5484258951889588,0.20991867107913623
9048,B,14.737160384906666,0.3654414168081917,0.45521496562824804
9049,B,0.9492579741356031,0.5062712916076698,0.2544425368874817
9050,B,38.5929131292856,0.4708184513663914,0.2785107051770508
9051,B,72.52324501588191,0.3323269022959642,0.2680776902316606
9052,A,180.0,0.26792306329451054,0.19460925335177737
9053,A,22.728340829879983,0.6582837516112189,0.21956298697940693
9054,B,75.63642258677503,0.5168277978151482,0.20192257550020398
9055,B,12.549725663813918,0.32373666479797986,0.3108377674304094
9056,B,180.0,0.35941963044740155,0.250394088750792
9057,A,180.0,0.2532210504955547,0.2841644735820451
9058,A,7.628193416814267,0.33663367165542024,0.2171619167853016
9059,A,13.159185448692808,0.49114392040996396,0.0832133097894937
9060,B,43.739107571836634,0.5172847398415621,0.21472699605179027
9061,B,20.980837253697704,0.3364883320367174,0.3820142211159619
9062,B,25.943310206514035,0.5321339282148604,0.5037030299396197
9063,A,4.195353686221527,0.3114692090280661,0.35264658040307806
9064,B,6.910175936339311,0.48127778378452624,0.21640012515734883
9065,A,14.269280157998796,0.47302238059212526,0.3700658825988373
9066,A,65.73369462643656,0.25596198343915944,0.2508520534211004
9067,B,35.35721240080135,0.5476596042450577,0.3189170044353031
9068,A,86.2563714450582,0.28194946569697943,0.44500295161526493
9069,A,67.90981169903367,0.4138856414115636,0.2668288754813028
9070,B,72.77731566253232,0.5591687109151393,0.24488829570332893
9071,B,27.38493715480059,0.5216911370571472,0.27097895172551817
9072,A,44.871161015204336,0.38286395049265054,0.15493409866069527
9073,B,104.84754413861012,0.4993311651408587,0.09646046078365843
9074,A,32.466498893146884,0.37731576292069274,0.23195247427289248
9075,B,33.68042404362886,0.6758182860175691,0.20692270042603328
9076,B,120.05250437562525,0.6196708956532556,0.1620065317575306
9077,B,63.164891559151485,0.4469012370815969,0.21234793813907685
9078,B,2.9421921242074167,0.3278499713749576,0.3505052791175421
9079,A,55.50373527800261,0.3585491159820238,0.3425058875340075
9080,A,22.304867872527517,0.3419437419037991,0.43118634300359454
9081,A,82.83565247765648,0.4279309856871683,0.16665593447178173
9082,A,50.88112448638257,0.526546497801445,0.14507328825210367
9083,B,3.607177453430716,0.5680816736108536,0.23071537433300365
9084,A,53.85067996033906,0.39868351667612356,0.12808063563521846
9085,A,34.54797556921571,0.5601298406165179,0.2212220204144856
9086,A,97.41673362064977,0.4029252954290573,0.11838302405007847
9087,B,83.71844300288018,0.3217425588404016,0.3644694559103855
9088,A,13.066739938509532,0.43007623931348493,0.16202633266936547
9089,B,22.949494265305898,0.4896911449758252,0.2557033616399784
9090,A,21.59498565307513,0.34931256998992677,0.13569549857298174
9091,A,67.65611154067288,0.4140985016510015,0.3018726442862501
9092,A,30.5437105841383,0.2172649888965689,0.08660974420588756
9093,B,10.909051799087859,0.5426366260880264,0.23688235649671746
9094,B,104.25257731611244,0.45684737546905546,0.2895879492237638
9095,B,180.0,0.4917121810177508,0.19431780707503343
9096,A,99.00697444268197,0.22270196223296163,0.12362165701391974
9097,A,19.136641260706902,0.5888966796900074,0.28341047601184816
9098,B,86.01655809871271,0.47228669365072784,0.2281800924066415
9099,A,20.743776014542917,0.28466667785149236,0.3762771586824347
9100,B,67.15567306956875,0.4465436463663676,0.16571506695135213
9101,B,0.04986901341665719,0.5907657934081051,0.41081710600766136
9102,A,98.81314336092409,0.48073232763016255,0.37464938455540536
9103,B,5.825057625196256,0.28719145593905215,0.21928457283786862
9104,A,28.094051364834826,0.5785438386220397,0.17779529382245976
9105,A,32.66675148496474,0.3144122357867372,0.3064630154999552
9106,A,18.207497066698767,0.4564501529509459,0.2136981955954055
9107,B,57.79938826369767,0.48905022263768627,0.15770029587583856
9108,A,14.575034226787754,0.3962561441403845,0.15181233521178872
9109,B,27.398534066114063,0.29125949202419854,0.4627513212913424
9110,B,1.0227082963104364,0.4766142963919721,0.3922711615557041
9111,B,70.22205454323121,0.442763092527372,0.3764712584412827
9112,B,28.215213496797098,0.3828075010511046,0.18232572888041215
9113,A,48.01340413451156,0.44917598562497413,0.32392346373310704
9114,A,5.744354466149207,0.3826800398376817,0.3046267517990102
9115,A,95.13992288929548,0.5001543714846958,0.15567652857252526
9116,B,55.918710665895766,0.35746374323699165,0.3546159567389316
9117,B,32.85064061791168,0.49840000541447793,0.3307655374498705
9118,B,1.396465530118077,0.42203482599094727,0.2667469086369503
9119,B,52.54049851570853,0.47106290008160756,0.29011358990944836
9120,B,80.68188288729588,0.4249730157506377,0.19164737759221082
9121,A,67.97304769697196,0.4192362300471522,0.3011676429449647
9122,B,8.817914737890518,0.43439764214821847,0.43909768074060374
9123,B,115.29239353558597,0.402091960604726,0.2951101618893636
9124,A,9.52403582782677,0.24052216344941812,0.08788678428689335
9125,B,10.418581884235524,0.29596395514860185,0.31548032477065435
9126,A,53.29059127143496,0.5234387579861322,0.36058686919540606
9127,B,28.580756053894195,0.5974810929641122,0.37848863852619125
9128,B,38.95087908444143,0.5651857218053767,0.34140950149449095
9129,B,19.587463074088646,0.45479514871742033,0.14524732160614873
9130,A,41.53026572914601,0.3658439979412183,0.19715618189886205
9131,B,36.09122383284566,0.36528091967976045,0.315828262393268
9132,B,65.88986555310466,0.6328016812063939,0.36533726151678003
9133,A,9.179857733178677,0.6602355651224691,0.4588025697224531
9134,B,65.17453002866655,0.3233703914297856,0.3783011668538704
9135,B,132.843242681979,0.538654833097587,0.3110031271726314
9136,B,103.02035801108983,0.4759734288487689,0.2935101029994039
9137,A,14.359894489187838,0.33416591561532244,0.2815216473949512
9138,A,23.666239148175652,0.2516514305736706,0.32136897006122916
9139,B,180.0,0.4170017189488836,0.4317235611578281
9140,A,54.06532960316923,0.35094180614373566,0.3721796714452394
9141,A,45.81501450540455,0.37972913594494323,0.28021623348941144
9142,B,47.04992960229569,0.6501221779126536,0.339193252058696
9143,B,26.607555817295506,0.45267076142427226,0.26175847666361873
9144,B,14.277429499054708,0.44006384176054575,0.2622169647318654
9145,A,34.19050141300053,0.5427476979635374,0.23382905331789985
9146,A,65.825507576897,0.560619864903083,0.36546209230372423
9147,A,63.83521402020612,0.29761028388141925,0.23919409164628153
9148,A,43.28847142595297,0.3025315997297519,0.29080869601218784
9149,B,14.543016189041035,0.49561721053091673,0.16094551167455487
9150,B,8.507542056712312,0.4845479313093787,0.5013328080281325
9151,A,69.58874508649627,0.4243042538226805,0.41980744512355667
9152,A,18.30875149269793,0.386904185771957,0.1797751079148081
9153,A,95.88288888248003,0.24495273837153547,0.30303214631473535
9154,A,42.94252928654002,0.43503461373988694,0.3759165061522736
9155,A,77.76072131754155,0.3594840739833048,0.38128526093626053
9156,B,67.44734630231792,0.25429333910306756,0.4413826912479784
9157,B,55.224885576632325,0.3020812688657543,0.21377927574770147
9158,B,17.97779374920798,0.4992642173501225,0.30149644460138575
9159,A,35.5622867211968,0.3284680346284345,0.2604142287349519
9160,B,115.79868875623977,0.601212577920821,0.32622587612422815
9161,B,41.78727355664016,0.5703258894180043,0.4046684956136948
9162,B,3.7188549580414723,0.2062892671231341,0.3297991685250778
9163,A,11.090750000169706,0.5890249538458109,0.3710006175335684
9164,B,3.2978469347880037,0.5023563530398938,0.4318305559506064
9165,B,8.035847506272322,0.3459110819429926,0.3220755914350203
9166,B,12.34078631167954,0.41428729913702445,0.14312163558836308
9167,A,35.18018880799355,0.39791571028596406,0.1721759061519271
9168,A,20.8710703763194,0.6272247234228351,0.3602703224694026
9169,A,53.80518666879383,0.383652121463943,0.32911141891013457
9170,A,29.0641565181977,0.36152272370664296,0.2652228691629067
9171,B,113.58075285975808,0.6237326003124972,0.38274651710515717
9172,A,81.38596152374267,0.2639803785740289,0.38207000996727647
9173,A,51.00430285547675,0.3422555285393721,0.22393705360035115
9174,A,51.9181848277026,0.3206658487583002,0.2951214620850375
9175,A,11.016944332358623,0.5194366675738596,0.444823365014416
9176,A,180.0,0.2961127649793286,0.2804473931067918
9177,B,78.36918260909131,0.36199493780243824,0.1080961208029787
9178,B,11.715654642373593,0.5813284418013541,0.2179355507654024
9179,A,82.93980232641375,0.5645651635036878,0.3481112569934234
9180,A,70.016413290785,0.24912158464172854,0.4642868609832027
9181,A,18.03594824033276,0.46072795740422745,0.14797755647932892
9182,A,34.518473553018296,0.308828811327025,0.22037937119591292
9183,B,14.855042446143024,0.28323359154742694,0.16015723700327283
9184,B,52.66397012425411,0.6187424988151056,0.26337434076403005
9185,B,106.7043092205355,0.5038775987240987,0.14876432198197723
9186,B,19.804922802396955,0.6029283713862638,0.121186342446324
9187,A,6.63570738356952,0.47753964447155905,0.23157874370444384
9188,B,38.76529486535719,0.46986214094541634,0.40377381226164927
9189,B,114.95708007893461,0.2773964017389367,0.16816832475840537
9190,B,76.56618129764904,0.4757883308983797,0.3408360581178992
9191,A,34.79495271713973,0.3811716613006031,0.21422843993065332
9192,B,115.49679871397136,0.512673207391094,0.13586924431710634
9193,B,16.943286439847896,0.37853868683937253,0.3066303196363998
9194,B,61.05844739600698,0.46895840116745435,0.23842122519438505
9195,A,7.096248253963957,0.4143638716219275,0.24899939077176692
9196,B,6.29473222385836,0.583893387775825,0.19807340065739804
9197,B,49.79801682678983,0.3251995916481791,0.43075715658147606
9198,B,18.847000105338303,0.5588318775759715,0.207860446812709
9199,B,62.863808802995464,0.362587002040095,0.34248418581626977
9200,B,7.956260251818947,0.6382599277209008,0.18816095670205504
9201,A,36.2376607554784,0.277597936507368,0.16376636889587856
9202,B,56.95863656503206,0.29943897700745814,0.29763415702986273
9203,A,47.07796522680192,0.49403035601543754,0.18549234460456168
9204,B,64.1046078128589,0.4223715286524859,0.13422529883883724
9205,A,22.25779340471292,0.3246024315497433,0.15931745414546983
9206,B,101.1922268208397,0.5407161289261971,0.20893828088436295
9207,B,60.413434544767966,0.2599665634539925,0.3485636761549789
9208,B,38.47762380710025,0.4984902235078883,0.3825422687630654
9209,B,79.72724634496852,0.38626685521657395,0.23325336854065556
9210,B,17.403375121956064,0.424117349274159,0.3136150628470562
9211,B,58.84050780756828,0.5743293917410379,0.397758132215472
9212,A,31.060852370210117,0.2853221704952854,0.27320365200749624
9213,A,93.8107058473991,0.5824695003900086,0.2764465679496469
9214,A,5.171430326211863,0.554950316854985,0.16780620117816922
9215,A,70.60202346819466,0.5115988658596946,0.27130008728227345
9216,B,67.041951388831,0.41983318812991544,0.4447989073671133
9217,B,25.920488192774567,0.46639859804607203,0.25499776691434495
9218,B,180.0,0.4741271469725251,0.30705955384924455
9219,A,8.425759016569371,0.26438279565477224,0.24685023481887186
9220,A,1.6829404284619929,0.34649651926673314,0.2782917406625444
9221,B,22.890185290007917,0.3064903664337647,0.3529564932883072
9222,B,4.590314001021563,0.4068367169047031,0.3629835523470353
9223,A,9.237260179694621,0.21973972515033,0.2159761232560427
9224,B,18.805836495462188,0.5614463287608733,0.18320020736647055
9225,B,5.446236070086118,0.5080371494566718,0.4479813876317275
9226,A,65.17591059768144,0.36101391384034215,0.31641726518467417
9227,B,21.552008010652507,0.4292268696606846,0.4236039866483974
9228,A,23.373260273206895,0.44729939373825955,0.20715626772832282
9229,B,7.114644659671948,0.36593372377536815,0.4020192385627644
9230,A,92.69099296977322,0.4883138679715528,0.15278654002189515
9231,A,33.47212327382274,0.3755200350973369,0.1778877037596404
9232,B,30.107388467469463,0.3876190044891436,0.23312598725313824
9233,A,1.0125731376657185,0.2951070296229289,0.4247076526387796
9234,B,78.25830532518256,0.33185397798830146,0.2186160533009907
9235,A,56.758361077820965,0.393250719659758,0.19634803633120565
9236,A,5.255799556342944,0.31673014383930237,0.1480277660476887
9237,A,70.0964089537395,0.5368386359988128,0.2432611552613856
9238,A,8.28207462307832,0.5692422287210616,0.19361662095250012
9239,B,3.630903133919479,0.48617711359383464,0.25495676581701804
9240,A,19.07108013256186,0.3443295835898687,0.3207146993739113
9241,B,43.05959233808557,0.4298310047982071,0.3119694043141745
9242,B,2.330485592531896,0.6561717770660769,0.27884450585736514
9243,B,112.29037996964853,0.6537375712219764,0.24997754615613638
9244,A,64.45926275592976,0.35409146441916484,0.20141869902143378
9245,B,132.2444664399815,0.4852717946634833,0.3578286740569115
9246,A,138.7870237532995,0.43470932437739324,0.2228456999934841
9247,A,20.894137470665576,0.3871247574958254,0.20212357300522477
9248,A,79.57957205959754,0.49800506727940075,0.45594512147153404
9249,A,9.52648269744298,0.2893072974286091,0.29521700917734833
9250,A,74.06986391885015,0.4267475453876001,0.13084402579762297
9251,B,35.25488180006231,0.44427663347263985,0.40508242465739897
9252,A,48.21598242868773,0.3151666922526449,0.22817784965703694
9253,A,9.635122182694404,0.3604137934722198,0.3702121042522628
9254,B,76.24961643745772,0.3698643824415083,0.4015717562410799
9255,A,16.211629945165797,0.411735078306532,0.2664983984383501
9256,A,6.358484066494073,0.5007929604981444,0.07268739178094075
9257,A,21.727475542600192,0.398918881834302,0.1801984132366822
9258,B,46.733610831929255,0.20439651265645983,0.23294439692855484
9259,A,10.247165320704072,0.5244795638145778,0.32167320868795435
9260,A,46.47684599629293,0.42037531737183775,0.39514979225420804
9261,B,21.65905608168208,0.5784931838273193,0.2659484886844825
9262,B,14.623649772732367,0.42172119455006174,0.2325418134545304
9263,B,73.90669728430852,0.5308051797270424,0.26691311967298714
9264,B,29.22837906977405,0.37156298067835697,0.3667247838622653
9265,A,180.0,0.7936959443401562,0.32435254224908394
9266,A,0.5436835044327946,0.4906666600587899,0.1542179039993077
9267,A,35.03386734566193,0.27383947534172964,0.39402811728400977
9268,A,38.36401217776132,0.41860321110264004,0.17350910422923657
9269,A,110.51274247057145,0.4161845800369437,0.11974259333171629
9270,A,31.73537524391464,0.25319660913261854,0.156704213537136
9271,B,131.49311878658926,0.525879436059119,0.3337807955281666
9272,B,180.0,0.5714659339623696,0.11184524371369732
9273,A,35.30735560184263,0.3511073676416772,0.37653889236087634
9274,B,12.283414442675582,0.48005490953235846,0.2641004182281657
9275,A,28.710073716333273,0.3970535304092857,0.17001179084032098
9276,A,14.094491286948967,0.4055268386527912,0.4011040623048158
9277,B,42.81680411653527,0.4648456232340556,0.24969003590164737
9278,A,2.5946988662409893,0.46240973734362156,0.3113064972764553
9279,A,23.641209510251947,0.4920950186779513,0.17941221640553517
9280,A,2.4311198814209156,0.3031601446028384,0.2583297343488617
9281,B,40.03408276385832,0.5249165017692117,0.2430639040327587
9282,B,105.33653463641615,0.5264636767784939,0.3254446720657061
9283,A,35.98212024342079,0.48391646516092923,0.24081368215232654
9284,B,61.06699713840645,0.3152781910308639,0.27906323542366906
9285,B,48.61514866309015,0.5217671362727299,0.49050607321897316
9286,B,59.09236535497947,0.319781583532763,0.24387783491526996
9287,B,25.65718505465388,0.5072353042363505,0.33415786478732223
9288,A,16.52170937456281,0.3418683587696727,0.13332236530287986
9289,A,34.32225568623086,0.453942243322833,0.25892201633186473
9290,B,167.76187265089484,0.43597413174298166,0.5036932024671017
9291,B,3.086339004545804,0.5584989557048066,0.24453589419563948
9292,B,1.5372061957681475,0.41336828114903995,0.10154206998225102
9293,B,27.931905892489667,0.5020125503402495,0.36611766194653195
9294,B,8.731680884246755,0.4388944219363103,0.40919979680009494
9295,B,40.92499346832346,0.45035790653967356,0.3523568963749915
9296,B,0.4706384007784408,0.48939444931794995,0.14661411922248221
9297,B,32.0111598520204,0.5005663627988378,0.47465311509535063
9298,B,18.17142493964461,0.3876116681584162,0.4131588651416338
9299,A,6.48960049055189,0.4579293660956472,0.1834010134156756
9300,A,121.38997299593564,0.5110051982099925,0.2269289127072082
9301,A,101.21605681521088,0.26027993558416845,0.26308625207063446
9302,B,11.757113973376548,0.4329272338396755,0.2441669898220608
9303,B,30.584106858474538,0.3453459407106598,0.4337245227563678
9304,B,100.25161932910646,0.3875506784250675,0.26051994278910456
9305,A,9.48225247641584,0.36594960581064495,0.3708277254786291
9306,A,18.93364737859925,0.318951762656904,0.2504425440149859
9307,B,55.39848751356198,0.5970255907153579,0.21438362625772006
9308,A,42.777211931201734,0.5086445574364178,0.38408665197001
9309,A,4.526048835389962,0.476351548440708,0.17018423130855415
9310,A,19.70258138032425,0.5218602214029463,0.1751869335538898
9311,A,13.012480005731748,0.34060713013144284,0.26078266208052414
9312,B,9.062764105424144,0.3399539725818694,0.26878251413202403
9313,A,111.2040781738607,0.30738301949464064,0.1985939805249574
9314,B,35.926583369661856,0.3266872799139358,0.3276557323624297
9315,A,86.12996473069356,0.4150443366215732,0.1070456566251217
9316,B,139.53798269019126,0.3589277939088158,0.3311117773423232
9317,A,39.01960853551667,0.48554155800379567,0.35067377406550265
9318,B,30.078630771844907,0.6049013959121666,0.37968058872607435
9319,B,33.067290362920346,0.4821683036114277,0.3742565751078932
9320,A,33.061093679748616,0.2791140919847873,0.22669163049456084
9321,B,147.4875123147672,0.4848936978187737,0.2730373675153887
9322,B,7.589947267941062,0.6368158845204784,0.48838746811255407
9323,A,120.13571959821091,0.37405250110043886,0.29519940276008405
9324,A,121.25512670507855,0.4149292798600601,0.24746352605154773
9325,B,69.06546472882171,0.3645751026608235,0.2759810484065282
9326,B,18.48483837558878,0.5788614061828952,0.22940376116835745
9327,A,156.80134745883998,0.433036629343277,0.1554586526464954
9328,A,6.02840235644815,0.3693561700157691,0.1834822648182977
9329,B,104.47357904021649,0.4516311517877899,0.4101292176909252
9330,B,2.9065899188141135,0.3459236668949407,0.2781485742068215
9331,B,180.0,0.24310815129870506,0.26387706471886196
9332,A,7.875795067331059,0.4498640423107959,0.19244942785983093
9333,B,76.10957018157592,0.521134816233433,0.2499496646825795
9334,A,50.81796510605885,0.48171704983899616,0.2075302390850929
9335,A,35.08434402023895,0.5805563422073141,0.24834153695102815
9336,B,17.396094539603368,0.3422578533969774,0.3421152144000079
9337,B,74.39582557962764,0.3762772194327735,0.1358205915607406
9338,A,0.8387337651177258,0.3779333238791508,0.312939095422642
9339,A,2.879042231087675,0.5033898303134131,0.1966886191898131
9340,B,133.30497803108503,0.465022936149142,0.32124515155258504
9341,B,6.230492745027137,0.22904731806310016,0.3586049876407898
9342,B,127.32289718627263,0.40472748190407165,0.3937763701893463
9343,B,23.221103151141193,0.2204646958459056,0.32945968933754505
9344,A,98.54884638429334,0.3411673852597558,0.18501856242095333
9345,B,0.3369733658290858,0.28319257829514444,0.24129873061875293
9346,B,6.2014011405361416,0.37131931347924674,0.27720020035329723
9347,B,112.3737075534246,0.29371017504135,0.17846454812307466
9348,B,180.0,0.2297507883942324,0.27121576818441123
9349,B,117.38189869678733,0.3282189607411428,0.12193393874295047
9350,A,91.42074667154078,0.4843831634373076,0.2255586386546221
9351,A,19.891439285320445,0.3801471092918453,0.25691441203356014
9352,B,30.29344512018453,0.5411920297144496,0.32368619419126016
9353,A,99.7592346053183,0.473693831812747,0.19982317999777252
9354,A,40.52709585415836,0.38462466363373937,0.1732154341492891
9355,B,169.24776892374814,0.45771569306380805,0.2548481424589667
9356,B,27.16003318121161,0.45924906711625363,0.2574908952828774
9357,A,73.77348971604042,0.29355826082418096,0.1843717238642808
9358,B,6.276158213091176,0.5080382046263681,0.323868280046379
9359,B,21.6810345472397,0.6042871464437412,0.2940602884853278
9360,B,180.0,0.46970673981642114,0.2663326966554676
9361,B,51.134409785065614,0.6272956774645976,0.3437810816481227
9362,A,25.092996798647572,0.376493631380373,0.39462195479969314
9363,A,5.416176153510172,0.49620712183939775,0.25450005770140427
9364,A,25.590559299160258,0.34645658206883073,0.16311206515393523
9365,B,21.60670149900578,0.4880915880326871,0.2759902637791075
9366,B,50.889413709128284,0.40836359186275545,0.309988090600038
9367,B,29.151406842822958,0.5712247386219383,0.43225491171068714
9368,B,2.6425485305160468,0.31456799058528,0.2695938964495946
9369,B,11.676812343972284,0.5283881176086728,0.1326039405575915
9370,B,1.0099827020771064,0.4285799594105391,0.18385164270627494
9371,A,27.503920156235495,0.3524625070649726,0.2778362232844425
9372,A,36.027364908416956,0.3452182831523266,0.10452366948479627
9373,B,15.292794605757337,0.428496990437243,0.2701326997386558
9374,A,5.0212281879039455,0.44238256552232846,0.16945672307380763
9375,A,180.0,0.48522585203393376,0.27708727653679593
9376,B,69.96090891101967,0.35318118556122186,0.19215423161238798
9377,A,12.59527045881412,0.34522907806729514,0.17408100572328888
9378,B,11.17097681729739,0.38095666766721176,0.40303036168272016
9379,A,9.960106090520183,0.38721236492744515,0.1380202953554472
9380,A,33.6709491854192,0.31641408773497387,0.08984677144544762
9381,A,34.671508088980694,0.44600409831446225,0.29521188063271814
9382,B,39.046578865770854,0.40632599735611263,0.3341441151957406
9383,A,26.077429595946462,0.3545950477098078,0.30472567271253503
9384,B,62.885309405693036,0.38209010893240075,0.2167492759163176
9385,B,41.370368676633845,0.4933128157441519,0.32550936085069543
9386,B,0.8054742558365089,0.3482229129993802,0.4164195894369672
9387,A,66.50715237497559,0.4851973692985352,0.2909196241502344
9388,A,32.7160509639636,0.6069065216240583,0.2164695392916877
9389,B,23.479175904376053,0.40349935651541474,0.3342996300841416
9390,B,30.302186246340966,0.402003616853088,0.26382963321338515
9391,B,21.824187498239954,0.5616053454334297,0.36232913484482904
9392,A,42.337258215582864,0.33397310128367025,0.16162755584670924
9393,B,41.09244116640361,0.5339904054162337,0.17050437149429265
9394,A,57.889617378258244,0.14672787243163943,0.17632995720101316
9395,A,1.1404599079235584,0.31490314885105264,0.16606718287069372
9396,A,38.0461181628916,0.2973547970747844,0.19648832967860194
9397,A,97.01293368784808,0.4391709401136194,0.3083645176088431
9398,A,0.789376630365239,0.4847471223638252,0.13602637685019442
9399,A,23.377498969040484,0.36920486762481824,0.4190259167366169
9400,B,37.42995219591681,0.5919060854756079,0.4709667268278644
9401,A,117.30458567593335,0.43333851676060076,0.39237747369324166
9402,B,10.794062488404808,0.4761905288980648,0.3556366115153523
9403,A,19.604144536440135,0.30636916538301906,0.27802843941727395
9404,A,27.622569444808224,0.4763126381630817,0.16550792251043908
9405,A,179.65010320246836,0.28532368204313935,0.10095784629645267
9406,A,10.003442938326474,0.435928141978799,0.21813706902824323
9407,B,72.49953540919802,0.345867451468113,0.40743669187283393
9408,A,3.0366772420930928,0.24609035186688683,0.16037677842825243
9409,B,9.138465526288238,0.3899443687869194,0.32429439075526834
9410,A,88.28986442419591,0.4367919006776872,0.27036939079502365
9411,B,31.942143559815896,0.4606270327020031,0.4125640623532549
9412,B,73.41497009700818,0.38852326798579523,0.28258068360236
9413,A,91.28182037249236,0.26266494114707944,0.4118763553150348
9414,A,28.746288913909652,0.1614404788702475,0.2829638357416498
9415,A,32.488786390481216,0.2861073732363745,0.4451406403540488
9416,B,62.13420096635285,0.40761904899723433,0.36942644095945953
9417,A,81.3018993544023,0.6313587757970792,0.2249804707589429
9418,B,29.429981133297016,0.5139344404534328,0.43463609423345134
9419,B,80.88704050593643,0.48521374590943134,0.3688251386570747
9420,B,65.04770002235156,0.36858095980117567,0.35188969379447527
9421,B,25.239691864191364,0.4619680941232305,0.20515680248085755
9422,B,117.45220509682868,0.4749594879195905,0.2255474903031926
9423,A,60.369684642927695,0.45623371291779774,0.2792816005295652
9424,B,7.961408155200569,0.32990474300393485,0.39313291107841203
9425,B,23.083747727086656,0.4825132984546827,0.5811385386628445
9426,A,13.863938599142354,0.5264913412276041,0.28103240575994964
9427,B,62.2283080868262,0.3800001556657823,0.42143207976726077
9428,A,0.7666953963230423,0.28959168707332245,0.20235021640684164
9429,B,107.29631412833174,0.49265178581946745,0.4498453229036607
9430,B,20.25209759224587,0.5162055506120931,0.2471985827019367
9431,A,29.400751038159783,0.3923325050113849,0.3130008171821616
9432,B,42.83802543080948,0.36821560435495004,0.21949398346756047
9433,A,88.12682014958177,0.3165881556714695,0.2250333388290337
9434,A,101.77991976521268,0.3426059971317805,0.09844632722586709
9435,A,140.7923886284299,0.47192133078155807,0.21135377861671842
9436,B,0.619340688680155,0.510146100737898,0.20532321445698473
9437,A,95.24837057718507,0.45941236855575607,0.13355209620857145
9438,A,39.04219242778368,0.5001818758274958,0.3775269508952093
9439,B,24.095454565752213,0.43957149555600034,0.3841577114380464
9440,A,26.463455352361933,0.3841759900553316,0.2672521738949514
9441,A,67.09444877783379,0.6437917123465938,0.18266944693114168
9442,A,60.58745376755078,0.44676346458617927,0.22098507098314496
9443,A,34.7625400870442,0.36985916866281315,0.33502569030791546
9444,A,4.1120113797032145,0.2606733275902042,0.3276046065781799
9445,A,117.21555321006109,0.42783268015564035,0.16011402097827115
9446,B,20.897451827633166,0.3680858598064797,0.1446830659512576
9447,B,96.10354606289998,0.328810764910884,0.3812115406234146
9448,A,27.363405119108645,0.28230827932233077,0.33939058533909927
9449,A,20.317938803565266,0.3212740514270585,0.05567030895966731
9450,A,44.6887689336872,0.5240078654491908,0.25342697405949277
9451,B,3.9965053690502232,0.44451134131230474,0.39883837667542243
9452,A,50.41624362613356,0.34193159382017263,0.1987723949724577
9453,A,10.646707226496313,0.44889412950739405,0.44179380883490216
9454,B,3.334629092261342,0.5224509204156275,0.5249396865501426
9455,A,81.613348349614,0.39949094167204463,0.25803900438425187
9456,A,15.408077057821895,0.3340665249178286,0.27084755916241593
9457,B,30.402072567318037,0.43496611913997735,0.22959223623598876
9458,B,27.20728861074888,0.46955185055055554,0.35860414452210687
9459,A,9.298596148857438,0.38498869219153936,0.08728381301486
9460,B,9.163033037050432,0.5611304186976339,0.4810322130095943
9461,A,23.469720265906595,0.4951884267264841,0.236731439561974
9462,B,15.892994915379525,0.3814501696039564,0.14062830107674876
9463,A,59.01344316770347,0.19254032050068737,0.09516687425517681
9464,B,180.0,0.19707463884118595,0.3672525826658935
9465,B,37.433037286293484,0.679226644856196,0.4158609760664643
9466,B,4.781618544791814,0.5750369092624823,0.20534493241956342
9467,B,2.6533950122100185,0.525861585017544,0.17398760156366672
9468,B,2.227817745930357,0.5657648808497184,0.3066939410640117
9469,A,151.45130114788822,0.563957147710035,0.17571312030621786
9470,A,74.56299860661467,0.486243673740532,0.12223250925811709
9471,B,25.619853148558708,0.4252612250775821,0.22779540037814922
9472,B,104.36733439405586,0.5321654562944246,0.301543991358271
9473,A,126.86552699966731,0.3695883429627857,0.12406143687517752
9474,B,93.04163180779359,0.3230631534703302,0.17767914553536576
9475,B,23.85167972458111,0.5165917267239282,0.26025356507194763
9476,B,77.43300799999436,0.31930512797746335,0.21192419182370825
9477,B,72.55710164575667,0.5265200337500903,0.23555889923409296
9478,A,6.81874025859372,0.5950363282190112,0.25823305083266723
9479,A,3.3226591149077445,0.48837610305158596,0.09464769218554354
9480,A,36.70999471813124,0.2501194639379889,0.16941645834130326
9481,A,15.430922412775303,0.5704194737844523,0.4113838729235222
9482,B,34.30458680376144,0.33895244482428133,0.30752830963121863
9483,B,26.94459367581732,0.37258870714792097,0.25531250997301974
9484,B,10.354251058111283,0.4267578690869459,0.2706687521145896
9485,B,16.993525133846497,0.34820349607814516,0.28121289063841787
9486,A,79.22612085936333,0.4960647428408143,0.33582182433377467
9487,A,50.1617112232369,0.3128200493626579,0.27224688400750513
9488,A,158.90082540386828,0.4924023870994886,0.09076101018004887
9489,A,13.234157203400759,0.43346242776148874,0.3592000463340036
9490,B,21.50412071365473,0.5125155014851447,0.3825210808624595
9491,A,29.930044082618526,0.5019015257588179,0.3434533445108251
9492,A,31.3034048135475,0.35130539342692335,0.3443178653717012
9493,A,12.300942025799673,0.46940203049288376,0.30579667644622094
9494,B,87.1072238878253,0.3023942914110267,0.2799696349466424
9495,A,40.13216769889165,0.37280785243065756,0.3327394809144239
9496,A,26.356662490902252,0.2526327650998517,0.30436320111257925
9497,A,26.63522499564554,0.3685335931581875,0.3156744270062919
9498,B,41.864756814584545,0.3308525480321793,0.21572712959751703
9499,A,20.275752751732366,0.39777543591773984,0.17130099564539475
9500,B,11.66294292057774,0.42611238758374326,0.3787342074387772
9501,B,5.238232522767766,0.3113679819426058,0.5568038194587205
9502,B,35.69784385899251,0.39372362571786995,0.40284294453283553
9503,B,57.073257495684224,0.5860869396616853,0.34676495473657437
9504,A,0.768343142878864,0.4020648415721928,0.21153018931585502
9505,A,33.22547130371383,0.27893608423889776,0.21393249860331054
9506,A,18.375344687445796,0.2893698490531067,0.156367643941845
9507,B,88.84800243801365,0.2928510002422907,0.15323013587460207
9508,A,0.059433335036316176,0.18829846946397186,0.323203112328331
9509,A,16.563959071363513,0.6306418587838691,0.39429393137241175
9510,B,82.99723104064527,0.37467722449605595,0.39821104606933977
9511,B,90.38413488289072,0.41145888112784973,0.30937444154428034
9512,A,14.697035389314026,0.34381593715025477,0.2555577109361179
9513,B,30.88439801000507,0.44007671366015544,0.2339186244607946
9514,B,104.38286706652666,0.4869250893657752,0.22910611080258195
9515,A,22.498428107135528,0.4878456124922319,0.18724122008243296
9516,A,6.362687700650688,0.3830355554155643,0.25996695410131127
9517,B,30.580241126925205,0.405655299565645,0.5709593186201856
9518,B,9.571568798530818,0.314764740083764,0.28736891665687864
9519,A,31.888536121547162,0.40675461933551316,0.16487920847949006
9520,A,53.05888057480165,0.35827654978661294,0.1307225844859891
9521,B,26.336234941595396,0.36975119140325735,0.2650130063448032
9522,B,21.608778925664446,0.36963009187146406,0.4602086515750241
9523,B,25.889306768308312,0.4831688811383471,0.3739850677620868
9524,A,44.76392717136486,0.3924487545545553,0.1454018723835418
9525,A,73.27760099314756,0.3308077815598287,0.4214374190073902
9526,B,55.88735848397509,0.37903960180512075,0.23634824261562082
9527,A,27.06728022956286,0.3652642288726235,0.09873961046181474
9528,B,55.62863645664404,0.4558749912817693,0.3715062978736366
9529,B,13.247789668721783,0.5097554813700704,0.308223472979606
9530,A,32.94354305836704,0.3986810656602691,0.2544595447199922
9531,B,19.744184672318593,0.4538345894481083,0.2148445620371776
9532,A,74.82820166152305,0.5463023092128266,0.1680265328429876
9533,B,47.04673400795125,0.40395635859597956,0.28173865438684137
9534,A,25.114229792233854,0.6633915544885765,0.4052920845812067
9535,A,54.41932044154129,0.2655704173679997,0.37697043507897476
9536,B,4.5697165749581785,0.4092420519537628,0.33948026807351106
9537,B,60.67792610823909,0.35239978421336554,0.37460930964163314
9538,A,25.660171043399764,0.39513499494265797,0.5060580201270828
9539,B,10.249252160043278,0.5788139555697838,0.21039859869505667
9540,A,24.3374246960952,0.4769727360042517,0.1671980689408011
9541,A,64.25880712865411,0.46517957031881946,0.1984136880920609
9542,A,8.64784052822012,0.29085847377686314,0.2977469088413034
9543,A,18.601887105699305,0.3784161607403269,0.2660489607563744
9544,A,11.422115530337956,0.41898568309035966,0.11982921337587563
9545,A,20.020380959812933,0.33932529762371966,0.3708709264843194
9546,A,11.783324922520894,0.3867137613998763,0.25185796543679684
9547,A,38.973888181183746,0.5716128561143836,0.21536459478608896
9548,A,72.01500735511871,0.5030154903271552,0.16848469512062605
9549,B,98.89735311679829,0.5181874993740753,0.25719616212797314
9550,A,69.50916662939349,0.5042072030155161,0.2895286780020802
9551,B,26.70071178259303,0.5732108308122899,0.38226630152526053
9552,B,12.973742887243501,0.2605131472280057,0.38216173358022165
9553,B,57.30813495515792,0.4559479367029644,0.480618883882992
9554,B,41.990280818733524,0.5551049727454854,0.34029135485256123
9555,B,9.810547952333721,0.4536232430065489,0.2437962218366736
9556,A,20.400511775991955,0.4530078284192791,0.2832577416948491
9557,B,91.28053936773614,0.5526461593703809,0.4191044922044758
9558,B,31.399424635287115,0.5874094334358668,0.22559464637592358
9559,B,8.588498906678788,0.44798867862978575,0.2936712293047207
9560,B,82.70743601284624,0.4886719659098676,0.23358001515210594
9561,A,180.0,0.3499685453104656,0.33717477676772006
9562,B,7.447313127202152,0.3296117940518139,0.1618143225302606
9563,B,179.04761065104083,0.34003581904988495,0.38769876771554235
9564,A,40.54695642357398,0.33973215007998375,0.16117220623597167
9565,A,22.94219816524785,0.47469743986008267,0.17821945131651498
9566,B,30.31888752703666,0.3654971644304545,0.34591399620848
9567,B,67.74407663859363,0.28571921206796896,0.19882059649104042
9568,A,81.22875825925024,0.42238081742607814,0.11603386119475062
9569,B,31.273897531292743,0.44292562146413805,0.3226997668115321
9570,A,58.89900640386939,0.5032779174233731,0.16604929778652747
9571,A,62.25299556341955,0.3239530438506106,0.3677920588964125
9572,A,9.824820542524456,0.3102654796099979,0.1428838454988321
9573,A,28.427470912761525,0.4074025319288303,0.16290396132606608
9574,A,89.06656229643772,0.5529150359717117,0.24607863746633266
9575,A,31.55651925646911,0.3136259160061131,0.10794857673593686
9576,B,10.801257876544804,0.42111891596254175,0.322978842821464
9577,B,73.80302118653621,0.4783863417281951,0.2103524390889574
9578,A,51.762723239583934,0.5352357301184101,0.18846925806269285
9579,A,39.89569951874156,0.3164619224994859,0.2868703721992879
9580,A,83.13394272917775,0.4238221670365916,0.4572276291506643
9581,B,17.76242597735008,0.5779543865614475,0.3767016555124196
9582,A,15.068642162144961,0.5020908209590713,0.164379194545092
9583,A,38.55532665293317,0.5054871051242188,0.17263605754706335
9584,B,59.644972415529985,0.5450860181661374,0.41680545896510984
9585,B,15.473171997997246,0.469672628397906,0.3185974568194004
9586,A,5.918215626667832,0.49416698731613556,0.23255040488922507
9587,A,52.733841191714674,0.5131984644235983,0.40074520590485607
9588,A,59.24917347861803,0.2805050050773325,0.27118136741115134
9589,B,14.346600861967781,0.35544660067345096,0.31415590396795634
9590,B,31.79628163032281,0.4713366174171635,0.1969006865827072
9591,A,1.9701861150285682,0.28097504779986554,0.18258337420548906
9592,B,88.09430624306113,0.4146930077222249,0.20176658750046703
9593,A,50.686505875681654,0.35015465052219225,0.2935872607513887
9594,A,24.10262644352431,0.39440304260107734,0.29071768979374424
9595,A,5.962490249736708,0.467283596218277,0.4263492751343638
9596,A,24.50555044311157,0.4602666029257587,0.0993459466000117
9597,A,9.718225780591943,0.5097317510508068,0.21656000997001534
9598,A,24.16951595803624,0.3951913357544231,0.1958360791020372
9599,A,21.82764766591613,0.5128975025820252,0.23334837270777395
9600,A,60.34080109550512,0.3722381437769827,0.1469204421268702
9601,B,49.45032136794502,0.38342787894541597,0.4644186475556396
9602,A,66.96785394270515,0.44119858894415,0.15034513752508238
9603,A,42.03083617609703,0.47459121678909616,0.1616017293009132
9604,B,3.476441874286457,0.5873135675703977,0.24188892244035679
9605,B,68.83502283921452,0.5452705697346356,0.18447634787057288
9606,B,45.081685022095,0.4824016422272251,0.2599019907914039
9607,A,1.0326666730676668,0.3735339454115897,0.29532489409697465
9608,A,120.32872702246621,0.5212563935629435,0.28155257331178607
9609,B,50.80458744688577,0.26324722349619584,0.285602447349504
9610,B,22.68775529104693,0.47690526192360794,0.3381247384878001
9611,A,52.15974747420523,0.3143212087315596,0.2878896342116505
9612,B,42.239332811887266,0.5186397067379216,0.2163474594903868
9613,A,1.5657207458344424,0.2205237630845737,0.3686908436620232
9614,B,24.18197062581103,0.581976243988153,0.42071287003404595
9615,B,4.421016533372899,0.46041773192426616,0.4384553069817288
9616,B,96.75438712663063,0.3351743773132396,0.24559176819383996
9617,B,58.93090979580747,0.42151057179385815,0.2633263064894859
9618,B,57.719680199949266,0.4094848989441271,0.15998712974000104
9619,A,76.87509591823353,0.28528797996746463,0.5185907043856789
9620,A,10.056433502989398,0.4015931386046463,0.10924599791524853
9621,A,38.95415884220222,0.5356654516572226,0.12495342081429962
9622,A,28.284664721059638,0.3213481109550963,0.36218380864617544
9623,B,11.194199161400878,0.5120540262116312,0.4215740340395933
9624,A,24.50021636740663,0.41061777345408507,0.3472954561504457
9625,A,99.21040873290461,0.4257694143371196,0.44437031976317165
9626,B,56.65109531101498,0.5668052755812185,0.38285962627240994
9627,B,13.72828191426229,0.5802353853579348,0.29776919333738555
9628,A,25.880291213624535,0.4698937531338969,0.15249895343433023
9629,A,3.5250133357776203,0.3215935194452398,0.18632176132881498
9630,A,131.88015111897,0.3988277340842272,0.34033364373962666
9631,B,60.48961436443048,0.39603204076730897,0.39648429147713604
9632,A,113.95986821069674,0.5370667582281634,0.2035105925291537
9633,B,21.099565696318862,0.4850113039811091,0.28819445254015413
9634,A,51.902247353894936,0.3397918416781465,0.35078107691800986
9635,A,28.39094078639876,0.3999706853621285,0.24323547960347525
9636,B,8.91269501030083,0.45969625466808606,0.2276473765682377
9637,A,4.385605713892613,0.23993460247167425,0.2830645151446975
9638,A,70.38974602738944,0.4020911298670916,0.4767422494383604
9639,A,3.5315252652989635,0.34415754280750616,0.1103634452153631
9640,A,3.1980377641328865,0.32443805093707967,0.27835312257023775
9641,B,123.09838795525866,0.5268849706366863,0.3823013064330528
9642,A,34.68859209362087,0.49590152403589327,0.1454553151948438
9643,A,7.852772955871329,0.49442869291910096,0.16440490861190915
9644,A,0.34921353305198516,0.6243902828444567,0.21866848525485652
9645,B,5.748128781525762,0.5358477160951937,0.25322735864258183
9646,B,74.59886073428541,0.23858872081354351,0.28810381845293
9647,B,5.58144235892051,0.43456036431717276,0.38073669202987376
9648,B,60.02323672668894,0.4969584627475298,0.2802882018634716
9649,A,24.75493286914155,0.4222984924317325,0.24668058084000058
9650,A,6.641655137919966,0.5021711745869794,0.11775335159295777
9651,A,7.87352242895093,0.31624015489840185,0.34028416974712
9652,A,3.601315487741939,0.4727743160398672,0.21976358785178934
9653,A,10.328899522234023,0.5410119303289302,0.1565388242344725
9654,B,6.082292453234493,0.2543172692970797,0.40727537827478344
9655,B,36.969593514297145,0.2488443729503329,0.3583312581459842
9656,B,10.828980928100453,0.4299940225224084,0.31121679930672985
9657,A,56.5634888928843,0.3430950128429235,0.19732342019635668
9658,B,104.74178491043786,0.3957350835394293,0.12459283305343237
9659,B,26.691754546454913,0.4228365404581362,0.23520509566351308
9660,B,0.8084218295585506,0.49376755549398343,0.34647549794736043
9661,A,74.4795599786517,0.31805881655249013,0.3787426797769192
9662,A,27.110442125765463,0.19189842521189898,0.3828917218161102
9663,A,31.78536639570095,0.4772869402820921,0.26004368815531337
9664,A,1.4940049226861363,0.26076596542461383,0.21341794759832405
9665,B,51.44333960038059,0.34867156936570687,0.26219640543274947
9666,A,3.2326092061875342,0.5576216923202276,0.0840476717162531
9667,A,13.402063145764037,0.5988729487656366,0.10657522294455049
9668,B,30.629970664970088,0.29128934065122286,0.29635644192201877
9669,B,102.14112607090341,0.5909382176220087,0.23606380457647486
9670,A,35.32678797066553,0.306102970609353,0.16140544240168592
9671,B,29.517815048364845,0.48256199809291767,0.28823647945252057
9672,A,60.54069534203169,0.4937871275802842,0.20958175611642554
9673,A,41.79947689502626,0.2803758202826351,0.4023781059357587
9674,A,22.40058181215459,0.3955466351713642,0.20066134802130378
9675,B,27.537516756450792,0.508045222908446,0.2478020350347582
9676,B,31.475966165580548,0.36022468607977565,0.28346467698388367
9677,A,5.666882409132934,0.41656160623971233,0.22958265058857938
9678,B,102.18367497894552,0.5062371690064125,0.35324083719786725
9679,A,68.29418824854659,0.1802051913514202,0.20878228424524228
9680,B,45.9616635493252,0.5747804459807985,0.5917380259986548
9681,A,20.349916890926536,0.5078401892360698,0.08063489889172733
9682,A,59.940485868731294,0.2880169960923426,0.2510512039799351
9683,B,57.5500862901463,0.49265468747314817,0.4211905706277167
9684,B,66.27057861472687,0.5286832446455312,0.3400886938535268
9685,A,32.37514699869819,0.5155593634610941,0.09365099100035065
9686,A,60.387340287093465,0.6412353462849749,0.3677969660612044
9687,A,107.02233931771119,0.43833358490892904,0.22133293601414325
9688,A,114.24065027683541,0.4576728950486878,0.3877320327112138
9689,B,144.18752983109883,0.4752678114931767,0.2060095684756638
9690,B,94.49460847656766,0.4704998383633725,0.43889475647993353
9691,A,34.467639037861446,0.3741523511481569,0.14930879549053444
9692,A,32.239481895659935,0.4530506238442098,0.2556277635273052
9693,B,136.30226658279008,0.21786557986138277,0.25301283768907035
9694,A,13.896372977501827,0.5373805280011463,0.17394773106559427
9695,B,21.867846444854518,0.407520268287185,0.31507411609922664
9696,A,123.5587249860896,0.5783875492522637,0.1996570674616497
9697,B,12.577126326670903,0.505643366890401,0.38227265786324394
9698,B,11.824250998513946,0.24228002687672037,0.24912854970510276
9699,B,101.42747898539626,0.46042442275243434,0.2918443430602003
9700,B,92.32291808211272,0.6191890051088422,0.37229664360089104
9701,A,27.55530677944703,0.2618746060529808,0.2697307826987631
9702,B,54.65194015474095,0.4199153151625029,0.09943093456799294
9703,B,3.3805464558320546,0.5734382750264381,0.23858249939729367
9704,A,6.142374118024043,0.4548072283889026,0.44174330618093866
9705,A,25.509405504381157,0.2810473920692288,0.18780501424489124
9706,A,6.114632482760358,0.550593823294016,0.3199040731313283
9707,A,31.42005351122178,0.5233950440209749,0.13344294335096657
9708,A,37.074764673516384,0.4495689515101294,0.41351039062193096
9709,B,19.90540425276137,0.6203305263376058,0.45955099878151756
9710,A,18.545438283518955,0.42719711516088343,0.1972523686426313
9711,B,68.90083083480594,0.4334438704483319,0.1504824649925801
9712,A,3.345620569502009,0.3907567959903881,0.21497010019661383
9713,A,129.3109749165264,0.5877275120569114,0.2880615234206934
9714,A,66.79629173952044,0.2890131333219598,0.22695671528410036
9715,A,82.15256503115475,0.3693770544533051,0.2832223336165078
9716,A,20.568463673722594,0.48236815783457426,0.3480113589389161
9717,A,64.37632452669673,0.4351302402409484,0.11972751262970024
9718,A,29.89407189924667,0.6412353174939447,0.15485776948665392
9719,B,14.860330641539555,0.3155552388441618,0.4268208487538427
9720,B,50.87278830678749,0.4630259225182899,0.34950386062395433
9721,A,10.102447340860463,0.36366402729628083,0.12845171523424684
9722,B,40.690301300762826,0.6693968129755589,0.1690674331247387
9723,B,15.84559317255411,0.5259589862439003,0.22849886310015094
9724,A,5.97926753315593,0.37461359849634435,0.3907415985176553
9725,B,141.60823960494318,0.3798272182558358,0.3033910114387407
9726,B,15.428820348408198,0.565049392711149,0.34226391506807563
9727,A,19.043896925246784,0.38609969087843515,0.27432661075163906
9728,A,6.65912479515934,0.39388069034425244,0.21653307292985388
9729,A,180.0,0.46973369826635347,0.4848567140291995
9730,A,2.269798383817305,0.5665276889378027,0.3920654639017032
9731,B,117.09401109316649,0.5603890997582717,0.24342514453481492
9732,A,26.183822624911134,0.5319736531761365,0.3494327005765385
9733,B,40.48495129362562,0.25622630991416323,0.3526182353092898
9734,B,5.008718277962137,0.43225174348721457,0.16250747960432632
9735,B,93.26249564960548,0.38831986113007766,0.14582325895928797
9736,B,81.50949891932902,0.530145160242831,0.25627529719942627
9737,A,27.07428005526326,0.5389378416018084,0.3852403499108284
9738,A,16.091014805289753,0.3193709306153126,0.2803877488142161
9739,B,92.44070502771336,0.6218929315006632,0.3014981308626157
9740,A,38.120318842976864,0.5448182904555524,0.316621887868109
9741,A,7.312135475391409,0.40438787023182937,0.2030461815874799
9742,B,52.85911791895402,0.1979058756157134,0.23711546497520455
9743,B,64.65997500859872,0.5648878374463486,0.3046399792292701
9744,A,68.94320886541634,0.34143996292358175,0.21294368530381022
9745,B,123.54052998970927,0.6662250371816794,0.2744492020009854
9746,B,7.10423910006063,0.5716498829768719,0.4084952243249884
9747,A,18.186190517354134,0.16485297259843476,0.2136217139541901
9748,A,40.26951458168045,0.593409873438218,0.38638662534097257
9749,B,4.507832020698613,0.4156762232378873,0.46423872965252644
9750,A,56.58801981411657,0.5001815926640367,0.15673423664789232
9751,A,98.93720647462334,0.4951928871521425,0.10635381829280938
9752,A,81.29671070406434,0.40909666377353526,0.22349336027198555
9753,B,6.948127727637918,0.49080913067152576,0.28582195100951874
9754,A,42.17769391912066,0.5320823827584089,0.1753671152701531
9755,A,22.124954454207096,0.46612153261724426,0.32235648275867607
9756,A,31.480971692353897,0.5461788793038145,0.322789774171847
9757,B,106.12014805680793,0.3104111443400254,0.2633243465284713
9758,A,65.88855658753444,0.5611459280431951,0.32552955606462136
9759,B,43.038918706502045,0.41770501305785573,0.1598303778059968
9760,B,10.07052680673169,0.5691898311066113,0.48281389063471014
9761,A,94.50072423534972,0.2777806655469968,0.15042460092807075
9762,B,7.946413857442947,0.6201240572408246,0.25495300601586995
9763,B,30.656632209417154,0.3482234858422138,0.2771147016794796
9764,B,87.95151126172748,0.39000035897994634,0.3875902437864148
9765,A,4.930718034997311,0.43309928951783844,0.12920063677676968
9766,B,85.05444404480465,0.46050575305252117,0.17564542494863616
9767,B,99.08646104892868,0.43972600930088945,0.18734393535096724
9768,B,76.18511408419778,0.5004253127200321,0.19924282830122728
9769,A,21.865469353212685,0.47629871234767385,0.33878114230118617
9770,B,3.307204779270074,0.39392982274552485,0.38728954341253513
9771,A,67.34834510763848,0.44843023214633043,0.12572560245670375
9772,A,25.425942934573285,0.4098326215526604,0.1003090947042989
9773,A,18.17136574911335,0.3589966447660956,0.3741120249142928
9774,B,66.22522088493012,0.5276141044564472,0.160326795668532
9775,A,23.844470302482197,0.36684321195096886,0.2320095349599513
9776,B,38.0539918077986,0.4595934729880611,0.2915392701345662
9777,B,67.39890213097388,0.5310243972135315,0.35653147600831314
9778,A,41.55426039203971,0.39154505659217753,0.18113855216052263
9779,B,34.4342236526369,0.26234342218187034,0.3177941908603367
9780,A,180.0,0.6631639343378959,0.3715927635063815
9781,A,30.56532042463952,0.4013307288307911,0.27139054548185115
9782,B,34.359291222828745,0.5189076465367981,0.3302884848130297
9783,B,7.011107456968098,0.5949255954602183,0.3180763406712888
9784,B,122.52511269440987,0.7027606305549262,0.385471307153108
9785,B,24.408728373636894,0.5888267062874355,0.40136315212855544
9786,A,10.521828864482194,0.3083950717724197,0.08923257599841332
9787,A,7.998656497169375,0.4308621124486423,0.296093990406122
9788,B,45.40479865725074,0.4164605802664404,0.27966390913968064
9789,A,1.9472691844172936,0.3083043743710381,0.1997908778019054
9790,A,36.82332252437671,0.6061174317664336,0.19203845088434016
9791,B,12.070714971346566,0.6760383261093617,0.2469914859403982
9792,A,35.393302967341164,0.37378782007874445,0.33852123610485757
9793,A,10.33683548172763,0.2736453163454817,0.09591705966985475
9794,B,23.934214724436714,0.5188036526225815,0.20350407879083054
9795,B,106.32296683122233,0.3094479895845974,0.2763582257025621
9796,B,12.231197130493264,0.42049418973553243,0.46559877147929596
9797,B,12.00185172509385,0.30030508024426816,0.2320818218219736
9798,A,53.48358482282103,0.3621833104028677,0.32748430958369573
9799,B,15.692549271247414,0.2927722284148397,0.4122641369550619
9800,B,44.45318736083605,0.43955258220470744,0.19436602620637744
9801,A,60.81032658848258,0.2981699493348144,0.18113473335637265
9802,A,13.494923700708844,0.29819656878989864,0.12507337440410632
9803,B,38.241007883072356,0.30550481217495673,0.3935488768634741
9804,B,10.023638256064215,0.3600291385289671,0.18931336288878248
9805,B,61.23285581797141,0.6276852003278911,0.24429430712867176
9806,B,123.81093270642964,0.35082962762537356,0.37932589736843614
9807,B,11.527397358957124,0.42455267752507697,0.22931751387779029
9808,B,58.11800339889639,0.3866452294774977,0.30300579895603813
9809,B,45.90657242506332,0.5054519746007613,0.17422512055276637
9810,A,18.978596141260596,0.4146764235175058,0.24972284148245766
9811,B,20.742549268951024,0.60827299123624,0.19280385912145562
9812,A,180.0,0.4699134828961714,0.1461011104633451
9813,B,50.01835082433269,0.29985479825605454,0.16724962793499648
9814,B,12.251564457022967,0.4460161163569507,0.432662994694626
9815,B,93.36576287665403,0.33354201168726066,0.39766476661556704
9816,B,1.1680494719632146,0.3538012295434065,0.17899339614864007
9817,A,21.09723613891825,0.456553093908634,0.14454906293151848
9818,A,64.37080106446487,0.5516178786751549,0.2898895310795777
9819,A,27.126208809710047,0.6745663107715368,0.16912543481026107
9820,B,43.53247623159303,0.5210397291261882,0.37287810409057076
9821,B,19.961252358441296,0.38067007174304535,0.20522649438357765
9822,B,110.84671776412964,0.6426284547260749,0.3697350416467352
9823,A,70.95166694280124,0.24158214175352802,0.20238389834987291
9824,A,65.94471784402317,0.39457099601600104,0.10781595289866253
9825,B,35.977786998188364,0.3618123068905926,0.31062872054887264
9826,A,49.58485722387241,0.2246497865256408,0.2917140800689209
9827,B,84.34171906268908,0.44182877452906383,0.22122979367195764
9828,B,133.88236392625885,0.5526382821992729,0.35634651152679997
9829,B,21.16351111016293,0.5957048616750699,0.26764176677114265
9830,A,86.82723258815287,0.3128780038962371,0.22978763754660786
9831,B,110.40205313952714,0.4134110587421258,0.35708609336723623
9832,A,126.0211377758849,0.30093872231380936,0.35151586124092293
9833,B,67.373575191884,0.4179281790013633,0.2507760149446243
9834,A,39.03573848777764,0.4398939535972855,0.26646176742899563
9835,A,12.20003972636193,0.4540247511052493,0.26303149272412224
9836,B,5.9532032544427205,0.34872193365726245,0.24752976759539574
9837,A,22.884442498244702,0.3299340950524667,0.17929929936218725
9838,B,5.705727409660887,0.3199609930767394,0.32152623334955865
9839,B,88.40823113128276,0.2366451391606651,0.3957720469884636
9840,B,32.84871821984204,0.3561975638608875,0.29835504348770103
9841,B,35.54171193382151,0.4020727950931774,0.22914481626482472
9842,A,63.90367336869936,0.35595019763330665,0.22258791804259212
9843,B,115.37093264365764,0.6252433516518637,0.2179227110306753
9844,A,47.35573015424066,0.40207884535239596,0.17427669350374095
9845,A,8.8096312710855,0.4116608575050662,0.26552709754112197
9846,B,121.750751641409,0.47597321916972407,0.22651819590858843
9847,A,2.3669516928813294,0.25025959686519156,0.21507489437147978
9848,B,6.218101759606942,0.5278814786293651,0.31206671168932704
9849,B,24.327850621891756,0.5096965149544375,0.1814186898286019
9850,B,117.30976252741291,0.4515438872384238,0.4205866515771024
9851,B,89.1274581304303,0.44810681149619214,0.18207589291179507
9852,A,51.6929560391219,0.39687280050835677,0.18202657410836268
9853,B,66.38190594238489,0.48955012661130365,0.260104739675421
9854,B,5.5925318766582315,0.39651904269957766,0.2984795248040023
9855,A,13.010481318521796,0.278657351897021,0.2543996823299922
9856,A,31.161954843039425,0.45527009390494794,0.40493864264741813
9857,B,50.478093796812196,0.38493166029043235,0.2557167626189931
9858,A,61.80144262472212,0.5486218060065118,0.16897067149976883
9859,A,37.21769364570073,0.44726723744040636,0.18551899728064755
9860,B,45.339757383214106,0.4779145198773038,0.2221260991891779
9861,B,9.511954942490757,0.4742946191561904,0.28194764642320697
9862,B,77.30297383354448,0.5854393998277501,0.4834486196596007
9863,B,19.444515452432455,0.6277691068937168,0.1737477672363903
9864,B,50.4000651896766,0.490108640826913,0.2938871595007069
9865,A,3.9140024335223367,0.2976237519421661,0.20533408249918342
9866,A,9.237571482130233,0.47507570975058055,0.373537664702101
9867,A,11.142019236699465,0.3623094073194535,0.14629938504775472
9868,B,23.356276821264323,0.49944734410217667,0.2576112053338845
9869,A,13.420039768971739,0.22300286437730749,0.11115377505069135
9870,A,37.500165717949166,0.3041721717786127,0.44830535488569273
9871,B,4.5848640638510405,0.5609608033520549,0.33174122321931016
9872,A,31.549966305729967,0.505549498968538,0.4617816230726805
9873,A,10.21956395912958,0.3533690780680895,0.30911778136628265
9874,B,38.68845566609297,0.47091883635191545,0.2735090032166633
9875,A,3.1475224147970216,0.3307794205248236,0.3968823875947844
9876,A,8.462547730053862,0.1419765646090524,0.2841015977408553
9877,A,180.0,0.38850104474012365,0.2929537619149424
9878,B,19.042943734275802,0.5319177599048357,0.0712732313765193
9879,B,3.8471431421593563,0.4130211869342228,0.2897690937588409
9880,A,28.44631888248338,0.417569571975581,0.29703866317023464
9881,B,11.506634425112503,0.41343683820381694,0.30357399783883326
9882,A,90.90032897521434,0.29343984095746956,0.20949590830457357
9883,B,50.15802568070375,0.41087531864150467,0.2634374274767916
9884,A,84.99768708413286,0.502928448666735,0.2217765633253196
9885,B,5.5586570364878005,0.39007575274341233,0.11506933449353057
9886,B,4.759575999752938,0.19751421680100237,0.5142223138813693
9887,B,149.90501883270346,0.35933071782273046,0.325920618991304
9888,A,32.24051298219158,0.373586471084136,0.16187193439548883
9889,A,55.193282826262816,0.3233418955378595,0.2105978079825339
9890,B,5.915257959804056,0.38704268987680596,0.3811867007357068
9891,A,9.635596190688378,0.3581009720856126,0.260359835278378
9892,B,24.52843294921841,0.3148179995633272,0.20018771567147298
9893,B,7.445897506552074,0.4871591388415005,0.24211246086679447
9894,B,145.66773113094774,0.34301352697657417,0.4924091951458279
9895,A,52.471097565860596,0.4488148676507009,0.31617405649078456
9896,B,34.12044614593097,0.5071825672748717,0.40116208269525316
9897,B,6.125193519963042,0.358744006542941,0.20795130337722617
9898,B,76.15624964848496,0.5441256231151385,0.17592084387408768
9899,A,14.309218736418202,0.35701928530722,0.17569882998793332
9900,A,80.2872446149398,0.31529845067995177,0.20448195358676413
9901,A,3.9347007714331244,0.431376909885506,0.23020492885760044
9902,A,66.75373538730462,0.33466421327243717,0.23595346698894798
9903,B,78.92089599221411,0.4997596004399915,0.1457845485425178
9904,B,120.36191660891576,0.4410771661443258,0.14502644273005488
9905,A,4.738068643605245,0.40728980446118135,0.21431083761280884
9906,B,63.596210324764364,0.5360839746031778,0.2755705977013915
9907,A,95.86004749310875,0.33549018047626533,0.1798989151889219
9908,A,16.321477937606545,0.20408417817118857,0.2848557117851163
9909,A,47.81043194629182,0.33535726598501586,0.2152779783542764
9910,A,30.080655633051386,0.48399096586679907,0.31381462753273337
9911,B,2.926048175937558,0.6079531384832155,0.2794993790423686
9912,A,20.52830636978262,0.6514877013488382,0.29266413053899176
9913,B,41.558413669875605,0.28039115626984407,0.2975382214981555
9914,A,46.659728933193506,0.519235902353517,0.18055900720900217
9915,B,25.19779721049071,0.5167686696980522,0.2501456692132048
9916,A,132.63209684997764,0.6043194558262553,0.4141165384972847
9917,A,1.8965485581165726,0.4448301565502293,0.30924043540070356
9918,A,113.01710302284079,0.40720835548549544,0.18186204630500097
9919,A,42.266545972965055,0.38166913693822024,0.1642116689120278
9920,A,74.10127135144793,0.6375858139093762,0.4015806885948306
9921,B,71.79299966538706,0.4774840108112473,0.30358001452442474
9922,B,46.481061362633625,0.6157716572481378,0.28293087504808734
9923,B,67.1691079178054,0.37883439112626216,0.2785983972339748
9924,B,10.347607325832474,0.514159043862093,0.5064600204838735
9925,A,21.793740227020322,0.27445886697151645,0.06519579993529026
9926,A,28.726273950680657,0.44567780012542774,0.12116388821915
9927,B,29.879291423506437,0.33862658392325723,0.2993319388732926
9928,B,29.422512672600426,0.4125923371624405,0.18352837027501442
9929,B,180.0,0.5241132958636019,0.14573398642141652
9930,B,1.0033463522180164,0.2556949512017862,0.5185292090099479
9931,A,91.4138687277935,0.37739676824892743,0.4973609657532807
9932,A,24.11476131808991,0.565974670466517,0.3197848491763011
9933,A,34.42437120338042,0.5527193069428649,0.25909178828184687
9934,A,0.9180732693343507,0.2867884325887341,0.13729394275521778
9935,A,7.770858199932671,0.4334741305549905,0.3027793092815744
9936,A,46.18561498712926,0.4219848630372761,0.4733350344261942
9937,B,88.0387523332439,0.34445168007061566,0.40692677396611465
9938,B,5.3121311803848865,0.5478315563475773,0.18024850174800994
9939,B,4.357216424066507,0.4553497267749981,0.2307995630885764
9940,B,20.683499801725894,0.5463300744626938,0.17360200881992233
9941,A,56.80020433443096,0.3213239461321004,0.16659343212031247
9942,A,39.31706379034477,0.23932930037755198,0.113572349986969
9943,B,62.73968429543493,0.4564705979605543,0.42048100677017847
9944,A,6.960563780478482,0.4283185111696014,0.29160167199267745
9945,A,26.5283070355936,0.4713257355889537,0.044422802518501246
9946,A,19.739335390871975,0.6752203913568704,0.1932392874254811
9947,A,30.802828505429922,0.34723636231875105,0.26917436969032277
9948,B,58.998721266441954,0.4619656031647222,0.3849911502111462
9949,A,91.92397824189968,0.35711916704283064,0.31698746785758836
9950,B,51.404112606223876,0.5495166661444316,0.21166901674444147
9951,B,77.46241179774879,0.3339217525455827,0.2576178931776214
9952,A,67.29708784277314,0.3820700842998564,0.23085407664496777
9953,A,3.9477353853663333,0.32912031729767816,0.37877684171770715
9954,A,99.45403920072735,0.5709062693413197,0.38041747593789615
9955,A,28.719814089524558,0.32737215232859,0.19246885324316879
9956,B,13.751812037760764,0.46996802868478266,0.2856615327978937
9957,B,52.244245133350994,0.4892097580546824,0.3005958279768055
9958,B,52.84316908696092,0.5488524493146818,0.38568796486427304
9959,A,61.291776730533186,0.5456476258227748,0.12789000963324887
9960,B,55.23890655594264,0.43307000131713747,0.29704786196744076
9961,B,46.9310437325059,0.32314222440173973,0.21625038412582576
9962,A,6.789082883595816,0.25254225345817105,0.12974842494318517
9963,B,13.021616113111016,0.4995106300022034,0.46111841134968823
9964,A,49.988042367454895,0.3677058868431199,0.21845950662311028
9965,B,127.75825897977471,0.6273023858438317,0.3397436991940947
9966,B,180.0,0.3801171031492374,0.24172635499476144
9967,A,12.132643747868372,0.47752423950266665,0.13950839775589807
9968,B,60.76527124568801,0.4085812053414317,0.34632518008611857
9969,A,25.96191353039659,0.3078098682597337,0.3235482870766844
9970,A,0.7653000204888843,0.3998186603082739,0.3478439877293965
9971,B,30.530779316064372,0.41182908419774433,0.17053423048694924
9972,B,40.06289822226731,0.5562668613833764,0.24784341718167743
9973,A,7.398701783325941,0.3952894710451159,0.3227328982200443
9974,A,4.346979890622362,0.2947796121781963,0.5043116795002941
9975,A,12.334512950496263,0.5001559194770837,0.2801138515126537
9976,A,4.742127714908668,0.3302422185089819,0.40733139383366335
9977,B,5.96469812907289,0.36049487070774633,0.4006031422590176
9978,B,23.483580677707117,0.3030495179465857,0.15607792837539827
9979,B,180.0,0.6090669266021462,0.2127484420633016
9980,A,52.981353778618896,0.5227316906842296,0.23391305727182635
9981,B,41.25985887902559,0.3538798236876918,0.38293306570273605
9982,A,1.3261457460814008,0.40048916436896564,0.30764009401542847
9983,B,42.76520588828153,0.3891286952664259,0.2827079263423666
9984,B,160.09117010798641,0.492939102860979,0.2318882015038529
9985,B,113.08276262269563,0.43941075577110505,0.29833662208109746
9986,A,43.27450124723123,0.3941653628340089,0.26840069103032155
9987,A,6.824082947993908,0.21633025725491595,0.24725382790960979
9988,A,130.6512898237517,0.4961923085832559,0.2558311377300258
9989,B,43.73144615648864,0.3231293923651442,0.28913404287695793
9990,A,121.70104751233735,0.2879319925840086,0.18578277398482348
9991,A,11.499373123672646,0.5280347381190801,0.35908120235242585
9992,A,42.88544782884381,0.48044441654267855,0.31965984584173124
9993,B,16.293123642559323,0.5883436095915141,0.3059176527522832
9994,A,1.278222626023374,0.252472052696728,0.22076052657113585
9995,B,6.466325265445197,0.3931879704490902,0.26654158255435395
9996,B,103.61211254605553,0.47047932880517257,0.2641603797810152
9997,B,131.39740929097562,0.57799478503251,0.20430586190912936
9998,A,120.83142320052946,0.33866088193118193,0.15081969572712706
9999,A,33.30954813974494,0.5305079007933013,0.09977217058362782
