user_id,video_id,category,watched,liked,shared,followed,interaction_score
0,372,gaming,0,0,0,0,0.0
0,234,comedy,1,0,0,0,1.0
0,185,comedy,1,0,0,0,1.0
0,104,comedy,1,1,1,0,7.0
0,57,sports,1,0,0,0,1.0
0,246,sports,1,0,0,0,1.0
0,238,education,0,0,0,0,0.0
0,227,education,1,0,0,0,1.0
0,69,gaming,1,0,0,0,1.0
0,451,education,1,0,0,0,1.0
0,186,gaming,1,1,1,0,7.0
1,25,music,1,0,0,0,1.0
1,197,dance,1,0,0,0,1.0
1,203,comedy,1,1,0,0,3.0
1,293,comedy,1,1,0,0,3.0
1,132,comedy,1,1,0,0,3.0
1,52,music,1,1,0,0,3.0
1,153,sports,1,1,0,0,3.0
1,143,sports,1,0,0,0,1.0
1,448,sports,1,0,0,0,1.0
1,474,music,1,1,0,0,3.0
1,35,sports,1,1,1,0,7.0
1,239,sports,1,1,0,0,3.0
1,190,comedy,1,1,0,0,3.0
1,393,sports,1,0,0,1,4.0
2,158,music,1,1,0,0,3.0
2,95,comedy,1,0,0,0,1.0
2,157,travel,1,0,0,0,1.0
2,146,gaming,0,0,0,0,0.0
2,11,gaming,1,0,0,0,1.0
2,86,dance,1,0,0,0,1.0
2,43,education,1,0,0,0,1.0
2,154,sports,1,1,0,0,3.0
2,357,comedy,1,1,0,0,3.0
2,441,sports,1,0,0,0,1.0
3,481,comedy,1,0,0,0,1.0
3,392,sports,1,1,0,0,3.0
3,0,cooking,0,0,0,0,0.0
3,442,music,1,1,0,0,3.0
3,302,sports,0,0,0,0,0.0
3,434,travel,1,0,0,0,1.0
3,293,sports,1,0,0,0,1.0
3,131,music,0,0,0,0,0.0
3,488,sports,1,1,0,0,3.0
3,341,sports,1,1,0,0,3.0
3,91,travel,0,0,0,0,0.0
3,496,dance,1,1,0,0,3.0
3,291,music,1,1,0,0,3.0
3,4,comedy,1,1,0,0,3.0
3,44,travel,0,0,0,0,0.0
4,452,comedy,1,0,0,0,1.0
4,167,education,0,0,0,0,0.0
4,456,sports,1,0,0,0,1.0
4,313,education,1,1,0,0,3.0
4,133,education,1,0,0,0,1.0
4,101,comedy,0,0,0,0,0.0
4,202,comedy,1,0,0,0,1.0
4,482,travel,1,0,0,0,1.0
4,48,sports,1,1,0,0,3.0
5,395,cooking,1,0,0,0,1.0
5,106,gaming,1,0,0,0,1.0
5,166,sports,1,0,0,0,1.0
5,303,sports,1,0,0,0,1.0
5,63,travel,0,0,0,0,0.0
5,61,sports,1,0,0,0,1.0
5,370,sports,1,1,0,0,3.0
5,220,gaming,1,0,0,0,1.0
5,405,cooking,0,0,0,0,0.0
5,409,sports,1,1,0,1,6.0
5,143,sports,1,0,0,0,1.0
5,206,dance,1,1,0,0,3.0
5,51,sports,0,0,0,0,0.0
5,64,dance,0,0,0,0,0.0
6,151,gaming,1,1,0,0,3.0
6,357,education,1,0,0,0,1.0
6,45,sports,1,0,0,0,1.0
6,34,sports,0,0,0,0,0.0
6,327,music,1,1,0,0,3.0
6,266,dance,1,0,0,0,1.0
6,152,education,1,0,0,0,1.0
6,323,cooking,0,0,0,0,0.0
6,328,cooking,1,0,0,0,1.0
6,261,gaming,0,0,0,0,0.0
6,181,music,1,0,0,0,1.0
6,319,sports,1,1,0,0,3.0
6,158,gaming,1,0,0,0,1.0
6,280,music,1,0,0,0,1.0
7,0,cooking,1,1,0,0,3.0
7,344,gaming,1,1,0,0,3.0
7,218,music,1,1,0,0,3.0
7,172,travel,1,0,0,0,1.0
7,102,travel,1,0,0,0,1.0
7,457,comedy,0,0,0,0,0.0
7,119,travel,0,0,0,0,0.0
7,187,comedy,1,1,0,0,3.0
7,270,sports,1,1,0,0,3.0
7,329,travel,1,0,0,0,1.0
7,4,travel,1,0,0,0,1.0
7,199,travel,0,0,0,0,0.0
7,382,travel,1,0,0,0,1.0
7,389,travel,1,0,0,0,1.0
8,217,cooking,1,1,0,0,3.0
8,346,cooking,1,0,0,1,4.0
8,340,sports,1,1,0,0,3.0
8,443,travel,1,0,0,0,1.0
8,273,travel,1,1,0,0,3.0
8,478,travel,1,0,0,0,1.0
8,480,comedy,1,0,0,0,1.0
8,422,cooking,1,0,0,0,1.0
8,249,cooking,0,0,0,0,0.0
9,437,travel,1,0,0,0,1.0
9,414,travel,0,0,0,0,0.0
9,290,sports,0,0,0,0,0.0
9,489,education,0,0,0,0,0.0
9,17,travel,1,1,0,0,3.0
9,437,music,1,0,0,0,1.0
9,86,music,1,0,0,0,1.0
9,440,education,1,1,0,0,3.0
9,10,education,1,0,0,0,1.0
10,343,gaming,1,0,0,0,1.0
10,495,gaming,0,0,0,0,0.0
10,133,gaming,1,0,0,0,1.0
10,454,travel,0,0,0,0,0.0
10,85,education,1,0,0,0,1.0
10,225,cooking,1,0,0,0,1.0
10,336,dance,1,1,1,0,7.0
10,34,sports,0,0,0,0,0.0
10,402,dance,1,0,0,0,1.0
10,325,dance,1,1,0,0,3.0
10,332,cooking,0,0,0,0,0.0
11,464,sports,1,0,0,0,1.0
11,44,education,1,0,0,0,1.0
11,84,comedy,1,0,0,0,1.0
11,181,sports,0,0,0,0,0.0
11,37,music,1,0,0,0,1.0
11,494,music,0,0,0,0,0.0
11,499,gaming,1,1,0,0,3.0
11,88,travel,1,0,0,0,1.0
11,58,music,1,1,0,0,3.0
11,54,comedy,1,0,0,0,1.0
11,135,music,1,0,0,0,1.0
12,249,travel,1,0,0,0,1.0
12,33,cooking,1,1,0,0,3.0
12,16,cooking,1,1,0,0,3.0
12,161,cooking,1,0,0,0,1.0
12,170,gaming,1,1,0,0,3.0
12,106,cooking,1,0,0,0,1.0
12,495,travel,0,0,0,0,0.0
12,162,comedy,1,0,0,0,1.0
13,269,dance,1,0,0,0,1.0
13,18,dance,0,0,0,0,0.0
13,459,travel,1,0,0,0,1.0
13,138,sports,1,1,1,0,7.0
13,325,dance,1,0,0,0,1.0
13,150,dance,1,1,0,0,3.0
13,24,dance,1,0,0,0,1.0
13,171,sports,1,0,0,0,1.0
13,492,travel,1,0,0,0,1.0
13,342,dance,1,1,1,0,7.0
13,239,education,0,0,0,0,0.0
14,42,education,1,0,0,0,1.0
14,143,education,0,0,0,0,0.0
14,110,music,0,0,0,0,0.0
14,237,travel,1,0,0,0,1.0
14,76,comedy,1,1,0,0,3.0
14,450,travel,0,0,0,0,0.0
14,294,gaming,1,0,0,0,1.0
14,227,education,1,0,0,0,1.0
14,145,dance,1,0,0,0,1.0
14,162,music,1,0,0,0,1.0
14,407,dance,1,0,0,0,1.0
14,38,dance,0,0,0,0,0.0
14,117,comedy,1,0,0,0,1.0
14,315,travel,1,1,0,0,3.0
15,395,travel,1,0,0,0,1.0
15,415,dance,1,0,0,0,1.0
15,215,gaming,0,0,0,0,0.0
15,404,music,0,0,0,0,0.0
15,265,dance,0,0,0,0,0.0
15,206,cooking,0,0,0,0,0.0
15,485,cooking,1,0,0,0,1.0
15,136,travel,1,1,0,0,3.0
15,13,travel,0,0,0,0,0.0
15,477,travel,1,0,0,0,1.0
15,240,gaming,1,0,0,0,1.0
16,144,comedy,1,0,0,0,1.0
16,63,cooking,1,0,0,0,1.0
16,57,travel,1,0,0,0,1.0
16,367,travel,1,1,0,0,3.0
16,184,travel,1,0,0,0,1.0
16,230,travel,1,0,0,0,1.0
16,315,sports,1,0,0,0,1.0
16,452,education,1,1,0,0,3.0
16,391,travel,0,0,0,0,0.0
16,37,cooking,1,0,0,0,1.0
17,176,gaming,1,0,0,0,1.0
17,198,cooking,1,0,0,0,1.0
17,95,dance,0,0,0,0,0.0
17,81,sports,1,1,0,0,3.0
17,86,music,1,1,0,0,3.0
17,2,comedy,1,0,0,0,1.0
17,200,comedy,0,0,0,0,0.0
17,97,dance,1,0,0,0,1.0
17,417,sports,1,1,0,0,3.0
17,472,sports,1,0,0,0,1.0
17,60,music,1,1,0,0,3.0
17,462,gaming,1,1,0,0,3.0
18,73,cooking,1,0,0,0,1.0
18,31,education,1,1,0,0,3.0
18,364,travel,0,0,0,0,0.0
18,76,travel,1,0,0,0,1.0
18,467,travel,1,1,0,0,3.0
18,409,dance,0,0,0,0,0.0
18,494,education,1,0,0,0,1.0
18,276,travel,0,0,0,0,0.0
18,79,travel,1,0,0,0,1.0
18,310,education,1,0,0,0,1.0
18,395,dance,1,0,0,0,1.0
18,307,travel,1,0,0,0,1.0
18,422,gaming,1,1,0,0,3.0
19,272,education,1,0,0,0,1.0
19,369,education,1,1,0,0,3.0
19,139,education,1,1,0,0,3.0
19,26,education,0,0,0,0,0.0
19,121,gaming,1,0,0,0,1.0
19,245,cooking,0,0,0,0,0.0
19,352,music,0,0,0,0,0.0
19,247,education,0,0,0,0,0.0
19,415,music,1,0,0,0,1.0
19,316,education,1,1,0,0,3.0
19,496,education,1,0,0,0,1.0
19,491,dance,1,1,0,0,3.0
19,339,education,0,0,0,0,0.0
20,418,cooking,1,1,0,0,3.0
20,460,comedy,1,0,0,0,1.0
20,368,dance,1,1,0,0,3.0
20,272,travel,1,1,0,0,3.0
20,284,sports,0,0,0,0,0.0
20,119,cooking,0,0,0,0,0.0
20,367,education,0,0,0,0,0.0
20,226,cooking,0,0,0,0,0.0
20,97,dance,1,1,0,0,3.0
20,72,travel,1,0,0,0,1.0
20,350,education,1,0,0,0,1.0
20,128,comedy,0,0,0,0,0.0
20,370,cooking,0,0,0,0,0.0
21,190,travel,1,0,0,0,1.0
21,228,comedy,1,0,0,0,1.0
21,36,travel,1,1,0,0,3.0
21,475,travel,1,1,0,0,3.0
21,21,comedy,1,0,0,0,1.0
21,90,travel,1,1,0,0,3.0
21,217,education,1,0,0,1,4.0
21,343,music,1,0,0,1,4.0
21,326,travel,1,0,0,1,4.0
22,257,travel,1,0,0,0,1.0
22,257,gaming,0,0,0,0,0.0
22,278,travel,1,0,0,0,1.0
22,433,education,0,0,0,0,0.0
22,471,education,0,0,0,0,0.0
22,291,dance,1,0,0,0,1.0
22,121,dance,0,0,0,0,0.0
22,113,gaming,1,1,0,0,3.0
22,166,dance,1,0,0,0,1.0
22,256,education,1,0,0,0,1.0
23,153,gaming,1,0,0,0,1.0
23,29,education,1,1,0,0,3.0
23,78,gaming,1,0,0,0,1.0
23,16,gaming,1,1,0,0,3.0
23,42,education,1,0,0,0,1.0
23,493,comedy,1,0,0,0,1.0
23,36,dance,1,1,0,0,3.0
23,191,comedy,1,0,0,0,1.0
23,263,dance,1,0,0,0,1.0
23,67,gaming,1,0,0,0,1.0
24,115,cooking,1,0,0,0,1.0
24,416,travel,1,0,0,0,1.0
24,14,cooking,1,1,0,0,3.0
24,29,dance,1,0,0,0,1.0
24,442,cooking,1,1,0,0,3.0
24,17,comedy,1,0,0,0,1.0
24,351,gaming,1,0,0,0,1.0
25,475,music,1,0,0,0,1.0
25,458,travel,1,0,0,0,1.0
25,331,gaming,1,0,0,0,1.0
25,107,sports,0,0,0,0,0.0
25,92,music,1,0,0,0,1.0
25,7,dance,1,1,0,0,3.0
25,87,sports,1,0,0,0,1.0
25,107,gaming,1,1,0,0,3.0
25,301,dance,1,0,0,0,1.0
25,267,sports,1,0,0,0,1.0
25,373,sports,0,0,0,0,0.0
26,389,sports,1,0,0,0,1.0
26,5,music,1,0,0,0,1.0
26,2,education,1,1,1,0,7.0
26,443,sports,1,1,0,0,3.0
26,256,music,1,0,0,1,4.0
26,475,sports,1,0,0,0,1.0
26,372,education,1,0,0,0,1.0
26,466,travel,1,0,0,0,1.0
26,242,music,1,1,0,0,3.0
26,229,education,1,1,0,0,3.0
26,169,music,1,0,0,0,1.0
26,25,education,1,0,0,0,1.0
27,146,comedy,1,0,0,0,1.0
27,419,sports,0,0,0,0,0.0
27,139,comedy,1,0,0,0,1.0
27,8,comedy,1,0,0,0,1.0
27,400,sports,1,0,0,0,1.0
27,391,sports,1,1,1,0,7.0
27,119,music,1,0,0,0,1.0
27,399,comedy,1,0,0,0,1.0
27,310,comedy,0,0,0,0,0.0
27,167,sports,1,0,0,0,1.0
28,252,music,1,0,0,0,1.0
28,330,music,1,0,0,1,4.0
28,311,education,1,0,0,0,1.0
28,327,education,1,0,0,0,1.0
28,437,education,1,1,0,0,3.0
28,258,travel,1,0,0,0,1.0
28,485,education,1,0,0,0,1.0
28,2,comedy,1,1,0,0,3.0
28,172,music,1,0,0,0,1.0
29,7,music,0,0,0,0,0.0
29,215,dance,1,0,0,0,1.0
29,177,music,1,0,0,0,1.0
29,269,dance,1,0,0,0,1.0
29,174,travel,1,0,0,0,1.0
29,350,travel,1,0,0,0,1.0
29,240,sports,1,0,0,0,1.0
29,274,music,1,0,0,0,1.0
29,95,travel,1,0,0,0,1.0
29,132,sports,1,1,0,0,3.0
29,133,dance,1,0,0,0,1.0
29,148,travel,0,0,0,0,0.0
29,178,music,1,1,0,0,3.0
30,315,gaming,1,1,0,0,3.0
30,480,gaming,1,0,0,0,1.0
30,265,education,0,0,0,0,0.0
30,221,dance,1,0,0,0,1.0
30,142,gaming,1,0,0,0,1.0
30,410,sports,1,1,0,0,3.0
30,260,education,1,1,0,0,3.0
30,101,gaming,1,0,0,0,1.0
30,241,dance,0,0,0,0,0.0
30,56,education,1,1,0,0,3.0
30,322,comedy,1,0,0,0,1.0
31,41,education,1,1,0,0,3.0
31,261,gaming,1,0,0,0,1.0
31,83,comedy,1,0,0,0,1.0
31,456,sports,1,0,0,0,1.0
31,441,dance,0,0,0,0,0.0
31,18,cooking,1,0,0,0,1.0
31,161,dance,0,0,0,0,0.0
31,379,dance,1,0,0,1,4.0
31,111,dance,1,0,0,0,1.0
31,280,education,0,0,0,0,0.0
32,290,cooking,1,0,0,0,1.0
32,152,dance,0,0,0,0,0.0
32,440,music,0,0,0,0,0.0
32,383,cooking,0,0,0,0,0.0
32,286,cooking,1,1,0,0,3.0
32,481,cooking,1,0,0,0,1.0
32,68,cooking,1,1,1,1,10.0
32,240,cooking,1,1,0,0,3.0
32,446,cooking,1,0,0,1,4.0
32,176,gaming,1,1,0,0,3.0
32,134,education,1,0,0,0,1.0
32,468,cooking,1,0,0,0,1.0
32,88,cooking,1,0,0,0,1.0
32,132,comedy,1,0,0,0,1.0
32,59,cooking,0,0,0,0,0.0
32,318,cooking,1,0,0,0,1.0
33,52,dance,1,0,0,0,1.0
33,406,cooking,1,1,0,0,3.0
33,352,music,0,0,0,0,0.0
33,493,travel,0,0,0,0,0.0
33,437,gaming,1,0,0,0,1.0
33,235,education,1,1,0,0,3.0
33,314,sports,1,0,0,0,1.0
33,481,dance,1,1,0,0,3.0
33,359,travel,0,0,0,0,0.0
33,94,travel,1,0,0,0,1.0
33,361,education,0,0,0,0,0.0
33,310,gaming,1,0,0,0,1.0
34,304,cooking,1,0,0,0,1.0
34,103,comedy,1,0,0,0,1.0
34,77,sports,1,0,0,0,1.0
34,24,gaming,0,0,0,0,0.0
34,250,music,1,1,1,0,7.0
34,45,comedy,1,0,0,0,1.0
34,492,dance,1,0,0,0,1.0
34,87,dance,1,0,0,0,1.0
34,480,dance,1,1,0,0,3.0
35,482,comedy,1,0,0,0,1.0
35,395,gaming,1,0,0,0,1.0
35,25,dance,1,0,0,0,1.0
35,366,education,1,0,0,0,1.0
35,437,sports,1,1,0,0,3.0
35,87,dance,1,0,0,0,1.0
35,198,comedy,1,0,0,1,4.0
35,461,education,1,0,0,0,1.0
36,203,gaming,1,0,0,0,1.0
36,34,sports,1,0,0,0,1.0
36,137,music,1,1,0,0,3.0
36,228,comedy,0,0,0,0,0.0
36,237,cooking,1,0,0,0,1.0
36,335,comedy,1,1,0,0,3.0
36,215,comedy,1,1,0,0,3.0
36,405,music,1,0,0,0,1.0
36,251,music,1,1,0,0,3.0
36,408,music,1,0,0,0,1.0
36,70,comedy,1,0,0,0,1.0
36,167,comedy,1,1,0,0,3.0
37,286,education,1,0,0,0,1.0
37,441,education,1,0,0,0,1.0
37,327,dance,0,0,0,0,0.0
37,279,travel,1,1,0,0,3.0
37,324,education,0,0,0,0,0.0
37,146,travel,1,0,0,0,1.0
37,1,education,1,0,0,0,1.0
37,259,cooking,1,1,0,0,3.0
37,86,dance,0,0,0,0,0.0
37,483,dance,1,0,0,0,1.0
37,408,travel,1,1,0,0,3.0
37,206,dance,0,0,0,0,0.0
38,239,comedy,1,1,0,0,3.0
38,146,dance,1,0,0,0,1.0
38,410,comedy,0,0,0,0,0.0
38,32,comedy,0,0,0,0,0.0
38,15,comedy,1,1,0,0,3.0
38,348,travel,1,0,0,0,1.0
38,20,education,0,0,0,0,0.0
38,123,comedy,1,0,0,0,1.0
38,329,travel,1,0,0,0,1.0
38,92,comedy,1,0,0,0,1.0
38,208,comedy,1,1,0,0,3.0
38,185,comedy,1,0,0,0,1.0
38,345,comedy,1,0,0,0,1.0
39,362,comedy,1,1,0,0,3.0
39,57,sports,1,1,0,1,6.0
39,249,gaming,1,1,0,0,3.0
39,444,cooking,1,0,0,0,1.0
39,179,sports,1,1,0,0,3.0
39,330,education,1,0,0,0,1.0
39,395,cooking,1,0,0,0,1.0
39,384,education,1,0,0,0,1.0
39,328,sports,0,0,0,0,0.0
39,32,music,1,1,0,0,3.0
39,94,comedy,1,1,0,0,3.0
39,115,comedy,1,0,0,0,1.0
39,431,gaming,0,0,0,0,0.0
40,420,music,1,0,0,0,1.0
40,423,music,1,0,0,0,1.0
40,275,music,1,0,0,0,1.0
40,496,comedy,1,0,0,0,1.0
40,273,music,1,1,0,0,3.0
40,487,travel,1,1,0,0,3.0
40,475,music,1,0,0,0,1.0
40,105,cooking,1,0,0,0,1.0
40,468,music,0,0,0,0,0.0
41,413,cooking,1,0,0,0,1.0
41,84,sports,1,0,0,0,1.0
41,139,sports,1,0,0,0,1.0
42,414,dance,1,0,0,0,1.0
42,12,travel,1,0,0,0,1.0
42,196,cooking,1,0,0,1,4.0
42,236,gaming,1,0,0,0,1.0
42,35,gaming,1,0,0,0,1.0
42,328,cooking,1,0,0,0,1.0
42,309,travel,0,0,0,0,0.0
42,398,comedy,1,0,0,0,1.0
42,379,music,1,0,0,0,1.0
42,352,dance,1,0,0,0,1.0
42,396,cooking,0,0,0,0,0.0
42,313,gaming,1,0,0,1,4.0
42,344,cooking,0,0,0,0,0.0
42,220,cooking,1,0,0,0,1.0
42,49,dance,1,1,0,0,3.0
42,453,dance,0,0,0,0,0.0
43,27,education,1,0,0,0,1.0
43,76,comedy,1,1,0,0,3.0
43,149,comedy,1,0,0,0,1.0
43,60,education,1,0,0,0,1.0
43,348,education,1,0,0,0,1.0
43,134,education,1,0,0,0,1.0
44,166,gaming,1,0,0,0,1.0
44,444,dance,1,0,0,0,1.0
44,476,travel,1,0,0,0,1.0
44,394,travel,1,0,0,0,1.0
44,65,travel,0,0,0,0,0.0
44,260,cooking,1,0,0,0,1.0
44,34,travel,1,0,0,0,1.0
44,256,gaming,1,0,0,0,1.0
45,44,gaming,1,0,0,0,1.0
45,255,music,1,0,0,0,1.0
45,496,comedy,1,0,0,0,1.0
45,149,travel,1,0,0,0,1.0
45,65,comedy,1,1,0,0,3.0
45,16,music,1,0,0,0,1.0
46,468,cooking,1,0,0,0,1.0
46,427,cooking,1,0,0,0,1.0
46,351,gaming,0,0,0,0,0.0
46,376,comedy,1,0,0,0,1.0
46,144,cooking,1,1,0,0,3.0
46,437,cooking,1,1,0,0,3.0
46,439,gaming,1,1,0,1,6.0
46,282,cooking,1,0,0,0,1.0
46,322,cooking,1,0,0,0,1.0
46,204,education,1,0,0,0,1.0
46,364,gaming,1,0,0,0,1.0
46,121,cooking,0,0,0,0,0.0
46,112,dance,1,0,0,0,1.0
46,238,music,1,0,0,0,1.0
47,421,cooking,1,0,0,0,1.0
47,415,gaming,1,0,0,0,1.0
47,256,education,1,0,0,0,1.0
47,466,dance,1,0,0,0,1.0
47,231,cooking,1,0,0,1,4.0
47,434,cooking,1,0,0,0,1.0
47,122,education,1,0,0,1,4.0
47,387,gaming,1,1,0,0,3.0
47,159,dance,1,0,0,0,1.0
47,151,cooking,1,1,1,0,7.0
47,144,dance,0,0,0,0,0.0
48,368,dance,1,0,0,0,1.0
48,128,dance,1,1,0,0,3.0
48,299,gaming,1,0,0,0,1.0
48,44,cooking,0,0,0,0,0.0
48,165,cooking,0,0,0,0,0.0
48,246,travel,0,0,0,0,0.0
48,155,travel,1,1,1,0,7.0
48,19,travel,1,0,0,0,1.0
48,122,music,1,1,0,0,3.0
48,255,travel,1,0,0,0,1.0
48,270,travel,1,0,0,0,1.0
48,355,cooking,1,1,0,0,3.0
48,257,cooking,1,0,0,0,1.0
48,139,dance,1,0,0,0,1.0
48,53,travel,1,0,0,0,1.0
48,283,travel,0,0,0,0,0.0
48,322,travel,1,1,0,0,3.0
49,436,sports,1,1,1,0,7.0
49,213,sports,1,0,0,0,1.0
49,224,travel,1,0,0,1,4.0
49,490,sports,1,1,0,0,3.0
49,297,dance,1,0,0,0,1.0
49,438,cooking,1,1,1,0,7.0
49,310,sports,1,0,0,0,1.0
50,69,sports,0,0,0,0,0.0
50,409,comedy,1,1,0,0,3.0
50,96,education,1,0,0,1,4.0
50,459,comedy,1,0,0,0,1.0
50,40,education,1,1,0,0,3.0
50,42,cooking,0,0,0,0,0.0
50,475,education,1,0,0,0,1.0
50,258,sports,1,0,0,0,1.0
50,161,education,1,0,0,0,1.0
51,395,sports,1,0,0,0,1.0
51,143,education,1,0,0,0,1.0
51,188,dance,0,0,0,0,0.0
51,188,music,0,0,0,0,0.0
51,193,sports,0,0,0,0,0.0
51,238,music,1,0,0,0,1.0
51,336,sports,1,1,0,0,3.0
51,255,sports,1,1,0,0,3.0
51,449,music,1,0,0,0,1.0
51,248,sports,0,0,0,0,0.0
51,287,cooking,1,1,0,0,3.0
52,409,cooking,1,1,0,0,3.0
52,295,music,0,0,0,0,0.0
52,106,comedy,1,1,0,0,3.0
52,262,music,1,1,0,0,3.0
52,290,cooking,1,0,0,0,1.0
52,462,cooking,0,0,0,0,0.0
52,66,music,1,0,0,0,1.0
52,303,education,1,0,0,0,1.0
52,109,cooking,1,1,0,0,3.0
53,85,gaming,1,1,0,0,3.0
53,118,gaming,0,0,0,0,0.0
53,211,comedy,0,0,0,0,0.0
53,150,sports,1,0,0,0,1.0
53,236,music,1,1,0,0,3.0
53,90,sports,1,0,0,0,1.0
53,480,sports,0,0,0,0,0.0
53,198,sports,1,1,0,0,3.0
54,292,sports,0,0,0,0,0.0
54,100,cooking,0,0,0,0,0.0
54,180,sports,1,1,0,1,6.0
54,458,travel,1,0,0,0,1.0
54,317,cooking,1,1,0,0,3.0
54,445,travel,1,1,0,0,3.0
55,499,travel,1,1,0,0,3.0
55,452,dance,1,0,0,0,1.0
55,497,comedy,1,0,0,0,1.0
55,337,comedy,1,0,0,0,1.0
55,236,cooking,1,0,0,0,1.0
55,388,travel,0,0,0,0,0.0
55,336,travel,1,1,0,0,3.0
55,67,travel,1,0,0,0,1.0
55,446,cooking,0,0,0,0,0.0
55,276,travel,0,0,0,0,0.0
55,94,comedy,0,0,0,0,0.0
55,282,music,0,0,0,0,0.0
55,34,gaming,0,0,0,0,0.0
55,459,music,1,1,1,0,7.0
56,1,travel,1,0,0,0,1.0
56,281,dance,1,0,0,0,1.0
56,151,gaming,1,0,0,0,1.0
56,452,music,1,0,0,0,1.0
56,378,education,0,0,0,0,0.0
56,456,education,0,0,0,0,0.0
56,199,gaming,1,0,0,0,1.0
56,397,cooking,1,1,0,0,3.0
56,365,travel,1,1,0,0,3.0
56,429,dance,0,0,0,0,0.0
56,295,education,1,1,0,0,3.0
56,49,cooking,1,0,0,0,1.0
57,451,cooking,1,1,0,1,6.0
57,443,cooking,1,0,0,0,1.0
57,360,gaming,1,0,0,0,1.0
57,16,travel,0,0,0,0,0.0
57,182,travel,1,0,0,0,1.0
57,494,gaming,0,0,0,0,0.0
57,465,travel,1,0,0,0,1.0
57,45,cooking,1,0,0,0,1.0
57,260,sports,1,1,0,0,3.0
57,488,cooking,1,0,0,0,1.0
57,353,travel,1,0,0,0,1.0
57,124,cooking,1,0,0,0,1.0
57,56,comedy,1,1,0,0,3.0
58,237,gaming,1,0,0,0,1.0
58,262,dance,1,1,0,0,3.0
58,429,cooking,1,0,0,0,1.0
58,177,gaming,0,0,0,0,0.0
58,164,cooking,0,0,0,0,0.0
58,15,cooking,1,0,0,0,1.0
58,17,cooking,1,1,1,0,7.0
58,48,sports,1,0,0,1,4.0
58,291,dance,1,0,0,0,1.0
58,334,sports,1,0,0,0,1.0
58,398,gaming,1,0,0,0,1.0
59,276,travel,0,0,0,0,0.0
59,462,sports,1,0,0,0,1.0
59,416,sports,1,0,0,0,1.0
59,408,travel,1,0,0,0,1.0
59,485,sports,0,0,0,0,0.0
59,395,travel,1,0,0,0,1.0
59,428,sports,1,0,0,0,1.0
59,432,comedy,0,0,0,0,0.0
59,164,comedy,1,1,0,0,3.0
60,247,cooking,1,1,0,0,3.0
60,327,comedy,1,0,0,0,1.0
60,36,comedy,0,0,0,0,0.0
60,387,music,0,0,0,0,0.0
60,365,dance,0,0,0,0,0.0
60,28,music,1,0,0,0,1.0
60,288,cooking,0,0,0,0,0.0
60,159,comedy,1,0,0,0,1.0
61,202,travel,1,1,0,0,3.0
61,164,dance,1,1,0,0,3.0
61,242,dance,1,1,0,1,6.0
61,276,travel,1,0,0,0,1.0
61,314,dance,1,1,0,0,3.0
61,258,sports,0,0,0,0,0.0
61,491,travel,0,0,0,0,0.0
62,219,dance,0,0,0,0,0.0
62,289,dance,1,0,0,0,1.0
62,135,music,1,0,0,0,1.0
62,367,sports,1,0,0,0,1.0
62,287,sports,1,0,0,0,1.0
62,452,gaming,1,1,0,0,3.0
62,362,education,1,0,0,0,1.0
62,435,sports,1,0,0,1,4.0
62,75,education,1,0,0,0,1.0
62,74,education,1,1,0,0,3.0
62,27,education,1,0,0,0,1.0
62,257,sports,1,1,0,0,3.0
63,269,cooking,1,1,0,0,3.0
63,326,travel,1,0,0,0,1.0
63,220,music,1,1,0,0,3.0
63,57,music,1,1,1,0,7.0
64,416,dance,1,1,0,0,3.0
64,303,travel,1,0,0,0,1.0
64,315,travel,0,0,0,0,0.0
64,284,travel,0,0,0,0,0.0
64,286,dance,0,0,0,0,0.0
64,224,cooking,0,0,0,0,0.0
64,50,travel,1,1,0,0,3.0
64,291,dance,1,0,0,0,1.0
64,175,dance,1,0,0,0,1.0
64,390,comedy,1,0,0,0,1.0
64,116,gaming,1,1,0,0,3.0
64,146,music,1,1,0,0,3.0
64,422,travel,1,0,0,1,4.0
65,372,music,1,0,0,0,1.0
65,68,music,1,0,0,0,1.0
65,485,music,1,0,0,0,1.0
65,283,sports,1,0,0,0,1.0
65,204,education,1,1,0,1,6.0
65,228,education,1,0,0,1,4.0
65,335,sports,1,0,0,0,1.0
65,443,sports,1,1,0,0,3.0
65,299,music,1,0,0,0,1.0
65,168,sports,1,0,0,0,1.0
65,476,music,1,1,0,0,3.0
66,8,sports,1,0,0,0,1.0
66,152,music,1,0,0,0,1.0
66,80,comedy,0,0,0,0,0.0
66,443,music,1,0,0,1,4.0
66,146,sports,1,0,0,0,1.0
66,52,gaming,1,0,0,0,1.0
66,282,gaming,1,0,0,0,1.0
66,243,music,1,1,0,0,3.0
66,157,gaming,1,1,1,0,7.0
66,74,sports,1,0,0,0,1.0
66,160,sports,1,0,0,0,1.0
67,170,dance,0,0,0,0,0.0
67,13,dance,1,0,0,0,1.0
67,407,music,0,0,0,0,0.0
67,105,cooking,1,1,0,1,6.0
67,390,music,0,0,0,0,0.0
67,332,music,0,0,0,0,0.0
67,44,music,1,0,0,0,1.0
67,371,music,1,0,0,1,4.0
67,359,music,0,0,0,0,0.0
67,221,music,1,0,0,0,1.0
67,486,cooking,1,0,0,0,1.0
68,323,cooking,1,0,0,0,1.0
68,462,sports,1,1,0,0,3.0
68,182,dance,1,1,0,0,3.0
68,159,sports,0,0,0,0,0.0
68,292,gaming,1,0,0,0,1.0
68,434,cooking,1,0,0,0,1.0
68,112,cooking,0,0,0,0,0.0
68,341,gaming,0,0,0,0,0.0
68,195,gaming,1,0,0,1,4.0
69,419,education,1,1,0,0,3.0
69,203,gaming,0,0,0,0,0.0
69,312,dance,1,0,0,0,1.0
69,12,education,1,0,0,0,1.0
69,71,comedy,1,0,0,0,1.0
69,28,sports,0,0,0,0,0.0
69,58,dance,1,0,0,0,1.0
69,19,gaming,1,0,0,0,1.0
69,443,comedy,0,0,0,0,0.0
69,473,education,1,1,0,0,3.0
69,168,education,0,0,0,0,0.0
69,14,education,0,0,0,0,0.0
69,56,education,1,0,0,0,1.0
70,469,cooking,1,0,0,0,1.0
70,115,dance,1,0,0,0,1.0
70,118,education,1,0,0,0,1.0
70,86,cooking,0,0,0,0,0.0
70,347,dance,0,0,0,0,0.0
70,39,cooking,1,1,0,0,3.0
70,496,dance,1,0,0,0,1.0
70,128,cooking,1,0,0,0,1.0
70,228,comedy,1,1,1,0,7.0
70,24,dance,0,0,0,0,0.0
70,223,cooking,0,0,0,0,0.0
70,484,dance,1,0,0,0,1.0
70,318,dance,1,0,0,0,1.0
70,97,cooking,1,1,1,0,7.0
70,355,cooking,1,0,0,0,1.0
71,489,travel,1,0,0,0,1.0
71,286,gaming,1,0,0,0,1.0
71,16,travel,1,0,0,0,1.0
71,179,travel,1,0,0,0,1.0
71,76,travel,1,1,0,0,3.0
71,157,comedy,1,0,0,0,1.0
71,136,dance,1,0,0,0,1.0
71,71,gaming,1,0,0,0,1.0
71,377,sports,1,0,0,0,1.0
71,137,gaming,0,0,0,0,0.0
71,131,travel,1,1,0,0,3.0
72,25,comedy,1,0,0,0,1.0
72,97,comedy,1,0,0,0,1.0
72,444,cooking,1,0,0,0,1.0
72,282,cooking,1,0,0,0,1.0
72,343,comedy,0,0,0,0,0.0
72,45,comedy,1,0,0,0,1.0
72,147,cooking,1,0,0,0,1.0
72,274,comedy,0,0,0,0,0.0
72,62,comedy,1,1,0,0,3.0
73,427,gaming,1,1,1,0,7.0
73,348,gaming,1,0,0,0,1.0
73,468,dance,0,0,0,0,0.0
73,343,comedy,1,0,0,0,1.0
73,443,comedy,1,1,0,0,3.0
73,350,gaming,1,0,0,0,1.0
73,286,gaming,1,0,0,1,4.0
73,331,education,1,0,0,0,1.0
74,257,education,1,0,0,0,1.0
74,29,education,1,0,0,0,1.0
74,432,sports,1,0,0,0,1.0
74,412,travel,1,0,0,0,1.0
74,316,music,1,1,0,0,3.0
74,479,music,1,0,0,0,1.0
74,469,education,0,0,0,0,0.0
75,164,cooking,1,0,0,0,1.0
75,373,travel,1,0,0,0,1.0
75,0,comedy,1,1,0,0,3.0
75,98,cooking,1,0,0,0,1.0
75,373,dance,1,1,0,1,6.0
75,215,dance,1,0,0,0,1.0
75,281,cooking,1,0,0,0,1.0
75,111,comedy,1,0,0,0,1.0
75,298,sports,1,0,0,1,4.0
76,6,music,1,0,0,0,1.0
76,325,sports,1,1,0,1,6.0
76,127,comedy,1,0,0,0,1.0
76,63,music,1,0,0,0,1.0
76,400,music,1,1,0,0,3.0
76,159,sports,1,1,0,0,3.0
76,495,comedy,1,0,0,1,4.0
76,367,comedy,0,0,0,0,0.0
76,120,travel,1,0,0,0,1.0
76,276,travel,1,0,0,0,1.0
76,201,sports,1,0,0,0,1.0
76,308,comedy,0,0,0,0,0.0
76,166,gaming,1,0,0,1,4.0
77,174,education,1,1,0,0,3.0
77,317,sports,0,0,0,0,0.0
77,243,sports,1,0,0,0,1.0
77,286,sports,0,0,0,0,0.0
77,280,sports,1,0,0,0,1.0
77,324,cooking,1,1,0,0,3.0
77,61,comedy,1,0,0,0,1.0
77,392,education,0,0,0,0,0.0
77,99,sports,1,0,0,0,1.0
77,164,sports,1,0,0,0,1.0
77,261,gaming,1,0,0,0,1.0
77,344,sports,1,0,0,0,1.0
77,52,education,0,0,0,0,0.0
78,461,gaming,1,1,0,0,3.0
78,58,cooking,1,0,0,0,1.0
78,300,sports,1,1,0,0,3.0
78,237,comedy,1,0,0,0,1.0
78,252,travel,0,0,0,0,0.0
78,338,travel,0,0,0,0,0.0
78,4,sports,1,1,0,0,3.0
78,6,gaming,1,1,0,0,3.0
78,266,dance,1,0,0,0,1.0
78,152,dance,1,0,0,0,1.0
78,419,dance,1,0,0,0,1.0
79,462,music,1,0,0,0,1.0
79,98,gaming,0,0,0,0,0.0
79,419,dance,1,1,0,0,3.0
79,61,dance,1,0,0,0,1.0
79,305,dance,1,1,1,0,7.0
79,11,comedy,1,1,0,0,3.0
79,50,music,0,0,0,0,0.0
79,385,travel,1,0,0,0,1.0
79,319,dance,1,0,0,0,1.0
79,167,dance,1,1,0,0,3.0
79,4,gaming,1,0,0,0,1.0
79,378,cooking,1,0,0,0,1.0
79,47,sports,0,0,0,0,0.0
80,435,cooking,1,0,0,0,1.0
80,390,sports,1,0,0,0,1.0
80,224,sports,1,0,0,0,1.0
80,158,gaming,1,0,0,0,1.0
80,468,gaming,1,0,0,0,1.0
80,427,sports,1,0,0,0,1.0
80,206,cooking,0,0,0,0,0.0
80,291,cooking,0,0,0,0,0.0
80,171,cooking,1,0,0,0,1.0
80,78,travel,1,0,0,0,1.0
80,58,cooking,1,0,0,0,1.0
80,272,gaming,0,0,0,0,0.0
80,404,cooking,0,0,0,0,0.0
80,218,sports,1,0,0,0,1.0
81,159,comedy,0,0,0,0,0.0
81,54,music,1,0,0,0,1.0
81,393,dance,1,0,0,0,1.0
81,62,dance,1,1,1,0,7.0
81,319,dance,1,1,0,0,3.0
81,437,dance,0,0,0,0,0.0
81,168,dance,1,0,0,0,1.0
81,380,comedy,1,0,0,0,1.0
81,466,music,1,0,0,0,1.0
81,309,comedy,1,0,0,0,1.0
81,277,cooking,1,1,0,0,3.0
81,75,cooking,1,0,0,0,1.0
81,30,travel,1,1,0,0,3.0
82,411,music,1,0,0,0,1.0
82,192,cooking,0,0,0,0,0.0
82,202,cooking,0,0,0,0,0.0
82,402,cooking,1,0,0,0,1.0
82,99,education,1,0,0,0,1.0
82,116,cooking,1,0,0,0,1.0
82,28,education,0,0,0,0,0.0
82,46,cooking,1,1,1,0,7.0
82,397,cooking,1,0,0,0,1.0
82,12,travel,0,0,0,0,0.0
82,342,cooking,1,0,0,0,1.0
82,125,education,1,0,0,0,1.0
82,138,gaming,1,0,0,0,1.0
83,290,cooking,1,1,0,0,3.0
83,471,gaming,1,0,0,0,1.0
83,474,gaming,1,1,1,0,7.0
83,356,sports,1,0,0,0,1.0
83,452,cooking,1,0,0,0,1.0
83,117,sports,1,1,0,0,3.0
83,233,music,1,1,0,0,3.0
83,429,music,1,0,0,1,4.0
83,218,travel,1,0,0,0,1.0
83,434,gaming,1,0,0,0,1.0
83,396,gaming,1,0,0,0,1.0
83,238,gaming,1,1,0,0,3.0
84,391,sports,0,0,0,0,0.0
84,379,gaming,1,1,0,0,3.0
84,297,sports,1,1,0,0,3.0
84,383,travel,1,0,0,0,1.0
84,247,gaming,0,0,0,0,0.0
84,26,travel,1,0,0,0,1.0
84,198,gaming,1,0,0,0,1.0
84,82,travel,0,0,0,0,0.0
84,115,sports,1,0,0,0,1.0
84,474,travel,1,0,0,0,1.0
84,443,gaming,0,0,0,0,0.0
84,277,gaming,1,0,0,0,1.0
85,203,music,1,0,0,0,1.0
85,285,travel,1,0,0,0,1.0
85,172,travel,1,0,0,0,1.0
85,326,dance,1,0,0,0,1.0
85,242,music,0,0,0,0,0.0
85,376,dance,1,0,0,0,1.0
85,371,sports,1,0,0,0,1.0
85,100,music,1,1,0,0,3.0
86,284,dance,1,0,0,0,1.0
86,6,dance,1,0,0,1,4.0
86,463,travel,1,0,0,0,1.0
86,495,music,1,1,0,0,3.0
86,63,dance,1,0,0,0,1.0
86,147,gaming,1,1,0,0,3.0
86,36,comedy,1,0,0,0,1.0
86,490,dance,1,0,0,0,1.0
86,285,dance,1,0,0,1,4.0
86,144,sports,1,0,0,0,1.0
86,315,dance,0,0,0,0,0.0
86,21,comedy,1,0,0,0,1.0
86,86,gaming,1,0,0,0,1.0
86,364,sports,1,0,0,0,1.0
86,164,music,1,1,0,0,3.0
86,353,sports,1,1,0,0,3.0
86,145,gaming,1,1,0,0,3.0
87,381,dance,1,0,0,0,1.0
87,455,music,1,1,0,0,3.0
87,195,education,1,0,0,0,1.0
87,115,gaming,1,1,0,0,3.0
87,182,comedy,0,0,0,0,0.0
87,447,sports,0,0,0,0,0.0
87,150,comedy,1,0,0,0,1.0
88,299,sports,1,0,0,0,1.0
88,294,comedy,1,0,0,0,1.0
88,255,comedy,1,0,0,0,1.0
88,475,comedy,1,0,0,0,1.0
88,324,travel,1,1,0,1,6.0
88,93,travel,1,1,0,0,3.0
88,469,comedy,1,0,0,0,1.0
88,274,comedy,1,1,1,0,7.0
88,139,comedy,1,1,0,0,3.0
89,373,cooking,0,0,0,0,0.0
89,440,dance,0,0,0,0,0.0
89,455,cooking,1,0,0,0,1.0
89,235,sports,1,0,0,0,1.0
89,327,sports,1,0,0,0,1.0
89,63,cooking,1,1,0,0,3.0
89,226,cooking,1,0,0,0,1.0
89,472,cooking,1,0,0,0,1.0
89,487,cooking,0,0,0,0,0.0
89,244,sports,1,0,0,0,1.0
89,345,dance,1,0,0,0,1.0
90,321,dance,1,0,0,0,1.0
90,234,dance,1,1,0,0,3.0
90,323,sports,1,0,0,0,1.0
90,59,cooking,1,1,0,0,3.0
90,490,cooking,1,0,0,0,1.0
90,325,sports,1,0,0,0,1.0
91,271,music,1,0,0,0,1.0
91,36,sports,1,0,0,0,1.0
91,493,gaming,1,0,0,0,1.0
91,298,gaming,1,0,0,1,4.0
91,390,cooking,1,0,0,1,4.0
92,177,music,1,0,0,0,1.0
92,206,education,1,0,0,0,1.0
92,402,cooking,1,0,0,0,1.0
92,170,travel,0,0,0,0,0.0
92,142,dance,1,0,0,0,1.0
92,1,dance,1,0,0,0,1.0
92,56,travel,0,0,0,0,0.0
92,29,comedy,1,0,0,0,1.0
92,363,comedy,1,0,0,0,1.0
92,339,education,1,0,0,0,1.0
92,348,music,1,0,0,0,1.0
93,236,travel,0,0,0,0,0.0
93,8,cooking,1,0,0,0,1.0
93,496,sports,0,0,0,0,0.0
93,264,music,1,1,0,0,3.0
93,220,comedy,1,1,0,0,3.0
93,368,gaming,1,1,0,0,3.0
93,367,cooking,1,0,0,0,1.0
93,261,gaming,1,1,0,0,3.0
93,396,comedy,1,0,0,0,1.0
93,155,gaming,1,0,0,0,1.0
93,332,music,0,0,0,0,0.0
93,418,music,1,1,0,0,3.0
93,482,gaming,1,0,0,0,1.0
94,332,gaming,1,0,0,0,1.0
94,105,comedy,1,0,0,0,1.0
94,415,sports,1,0,0,0,1.0
94,51,music,1,0,0,0,1.0
94,369,education,1,0,0,0,1.0
94,25,cooking,0,0,0,0,0.0
94,373,sports,1,1,0,0,3.0
94,155,music,1,0,0,0,1.0
94,479,travel,0,0,0,0,0.0
95,70,cooking,1,0,0,0,1.0
95,94,travel,1,0,0,0,1.0
95,64,sports,0,0,0,0,0.0
95,472,sports,1,1,1,0,7.0
95,3,cooking,1,1,0,0,3.0
95,330,cooking,1,1,0,1,6.0
95,238,gaming,0,0,0,0,0.0
95,162,comedy,1,0,0,0,1.0
95,412,travel,1,0,0,0,1.0
95,99,travel,1,1,0,1,6.0
96,383,travel,1,0,0,0,1.0
96,454,travel,1,0,0,0,1.0
96,339,education,1,0,0,0,1.0
96,213,comedy,1,0,0,0,1.0
96,488,travel,1,0,0,0,1.0
96,72,dance,1,1,0,0,3.0
96,423,travel,1,0,0,0,1.0
96,483,dance,1,0,0,0,1.0
97,53,education,1,1,0,0,3.0
97,367,music,0,0,0,0,0.0
97,89,education,1,1,0,0,3.0
97,104,music,1,1,0,0,3.0
97,108,sports,0,0,0,0,0.0
97,427,sports,1,0,0,0,1.0
97,388,education,1,0,0,0,1.0
97,209,cooking,0,0,0,0,0.0
97,158,travel,1,0,0,0,1.0
97,337,dance,1,0,0,0,1.0
97,81,sports,1,1,0,0,3.0
98,443,music,1,0,0,0,1.0
98,99,dance,1,0,0,0,1.0
98,177,education,1,0,0,0,1.0
98,361,comedy,1,1,0,0,3.0
98,254,sports,1,0,0,0,1.0
98,75,cooking,1,0,0,1,4.0
98,227,gaming,1,0,0,0,1.0
99,305,travel,1,0,0,0,1.0
99,32,music,1,0,0,0,1.0
99,351,gaming,1,0,0,0,1.0
99,144,gaming,1,1,0,0,3.0
99,387,sports,1,0,0,0,1.0
99,292,gaming,1,0,0,0,1.0
99,13,sports,1,0,0,0,1.0
99,20,dance,0,0,0,0,0.0
99,498,gaming,1,1,0,0,3.0
99,80,gaming,1,0,0,0,1.0
99,364,gaming,1,1,0,0,3.0
99,360,sports,1,1,0,0,3.0
99,45,comedy,1,0,0,0,1.0
100,275,cooking,1,1,0,0,3.0
100,426,music,1,0,0,0,1.0
100,213,sports,1,0,0,0,1.0
100,321,travel,1,1,0,0,3.0
100,54,dance,1,1,0,0,3.0
100,342,travel,1,0,0,0,1.0
100,173,gaming,1,1,1,0,7.0
100,55,travel,1,0,0,0,1.0
100,469,cooking,1,1,0,0,3.0
100,421,travel,1,1,0,0,3.0
100,318,education,1,0,0,0,1.0
101,347,education,1,0,0,0,1.0
101,424,sports,1,0,0,0,1.0
101,421,travel,1,1,0,0,3.0
101,465,cooking,0,0,0,0,0.0
101,99,cooking,1,0,0,0,1.0
101,31,education,1,0,0,0,1.0
101,99,sports,1,1,0,0,3.0
101,326,education,0,0,0,0,0.0
101,154,education,1,1,0,0,3.0
101,226,sports,1,0,0,0,1.0
101,261,gaming,1,0,0,0,1.0
101,184,travel,1,0,0,0,1.0
101,463,education,1,0,0,1,4.0
101,419,travel,1,0,0,0,1.0
101,341,education,1,0,0,0,1.0
101,494,dance,1,1,0,0,3.0
102,449,music,1,0,0,0,1.0
102,172,gaming,1,0,0,0,1.0
102,339,comedy,0,0,0,0,0.0
102,213,music,1,0,0,0,1.0
102,84,music,0,0,0,0,0.0
102,468,gaming,0,0,0,0,0.0
102,249,comedy,1,0,0,1,4.0
102,197,comedy,1,1,0,0,3.0
103,454,gaming,1,0,0,0,1.0
103,23,sports,1,0,0,0,1.0
103,26,dance,1,0,0,0,1.0
103,468,comedy,0,0,0,0,0.0
103,473,comedy,1,1,0,0,3.0
103,473,sports,1,1,0,0,3.0
103,424,dance,1,0,0,0,1.0
103,85,music,1,0,0,0,1.0
103,6,education,0,0,0,0,0.0
104,250,music,1,1,1,0,7.0
104,450,music,1,0,0,0,1.0
104,131,music,0,0,0,0,0.0
104,178,dance,0,0,0,0,0.0
104,322,comedy,1,0,0,0,1.0
104,299,music,0,0,0,0,0.0
104,408,music,1,1,0,0,3.0
104,227,sports,1,0,0,0,1.0
104,256,sports,0,0,0,0,0.0
104,382,education,1,0,0,0,1.0
104,227,education,1,1,0,0,3.0
105,445,sports,1,0,0,0,1.0
105,131,gaming,1,0,0,0,1.0
105,50,comedy,1,1,0,0,3.0
105,204,gaming,1,0,0,0,1.0
105,277,travel,1,1,0,0,3.0
105,75,gaming,0,0,0,0,0.0
105,362,comedy,0,0,0,0,0.0
105,396,music,1,0,0,0,1.0
105,411,gaming,1,0,0,0,1.0
105,348,sports,1,0,0,0,1.0
105,2,gaming,1,0,0,0,1.0
105,73,cooking,1,0,0,0,1.0
106,8,comedy,1,0,0,0,1.0
106,230,cooking,1,1,0,0,3.0
106,323,comedy,1,1,0,0,3.0
106,336,sports,1,0,0,0,1.0
106,271,sports,0,0,0,0,0.0
106,277,cooking,1,0,0,0,1.0
106,456,comedy,1,0,0,0,1.0
106,429,gaming,1,0,0,0,1.0
106,312,cooking,1,0,0,0,1.0
106,205,gaming,1,1,0,0,3.0
106,219,sports,0,0,0,0,0.0
106,121,cooking,0,0,0,0,0.0
107,164,comedy,1,1,0,0,3.0
107,431,music,0,0,0,0,0.0
107,270,education,1,0,0,0,1.0
107,114,music,1,0,0,0,1.0
107,342,music,1,0,0,0,1.0
107,287,travel,0,0,0,0,0.0
107,67,travel,0,0,0,0,0.0
107,163,gaming,0,0,0,0,0.0
107,326,travel,1,0,0,0,1.0
108,72,comedy,1,1,0,1,6.0
108,127,cooking,1,0,0,1,4.0
108,232,travel,1,1,0,0,3.0
108,92,music,1,0,0,0,1.0
108,485,dance,1,0,0,0,1.0
108,67,music,1,0,0,0,1.0
108,278,cooking,0,0,0,0,0.0
108,169,cooking,0,0,0,0,0.0
108,12,cooking,1,0,0,0,1.0
108,260,comedy,1,0,0,0,1.0
108,116,cooking,1,0,0,0,1.0
108,81,cooking,1,1,0,0,3.0
108,2,cooking,1,1,0,0,3.0
108,352,music,1,0,0,0,1.0
109,476,music,1,0,0,0,1.0
109,338,music,1,0,0,0,1.0
109,232,cooking,1,0,0,0,1.0
109,86,comedy,1,0,0,0,1.0
109,275,dance,1,1,0,1,6.0
109,364,cooking,1,1,0,0,3.0
110,40,music,0,0,0,0,0.0
110,252,comedy,1,1,0,0,3.0
110,473,music,0,0,0,0,0.0
110,316,gaming,1,0,0,0,1.0
110,458,travel,1,0,0,0,1.0
110,230,comedy,1,0,0,0,1.0
110,486,travel,0,0,0,0,0.0
110,157,cooking,1,1,0,0,3.0
110,237,music,1,1,0,0,3.0
110,31,travel,1,0,0,0,1.0
110,344,music,1,1,0,0,3.0
110,372,music,1,0,0,0,1.0
110,139,comedy,1,0,0,0,1.0
111,253,sports,0,0,0,0,0.0
111,179,music,1,0,0,0,1.0
111,362,music,1,1,0,0,3.0
111,125,travel,1,1,0,1,6.0
111,35,music,1,1,0,0,3.0
111,247,sports,0,0,0,0,0.0
111,208,travel,0,0,0,0,0.0
111,224,sports,1,0,0,0,1.0
111,142,sports,0,0,0,0,0.0
111,414,sports,1,0,0,0,1.0
111,250,education,1,0,0,0,1.0
112,209,travel,1,0,0,0,1.0
112,370,gaming,1,1,0,0,3.0
112,151,comedy,0,0,0,0,0.0
112,385,gaming,1,0,0,1,4.0
112,49,comedy,1,1,0,0,3.0
112,322,gaming,1,0,0,0,1.0
112,24,comedy,1,0,0,0,1.0
112,444,comedy,1,1,0,0,3.0
112,297,comedy,0,0,0,0,0.0
112,287,comedy,1,0,0,0,1.0
112,208,comedy,1,1,0,0,3.0
112,226,sports,1,0,0,0,1.0
112,156,travel,1,0,0,0,1.0
112,248,comedy,1,1,0,0,3.0
112,238,comedy,1,0,0,0,1.0
112,361,dance,1,0,0,0,1.0
112,269,comedy,1,1,0,1,6.0
112,486,gaming,1,0,0,0,1.0
112,129,gaming,1,0,0,0,1.0
112,102,music,0,0,0,0,0.0
112,432,music,1,0,0,0,1.0
113,327,education,0,0,0,0,0.0
113,104,cooking,1,0,0,0,1.0
113,34,travel,0,0,0,0,0.0
113,383,education,1,1,0,0,3.0
114,290,dance,1,0,0,0,1.0
114,398,cooking,1,0,0,0,1.0
114,441,gaming,0,0,0,0,0.0
114,356,cooking,1,0,0,0,1.0
114,16,cooking,1,1,0,0,3.0
114,286,sports,1,0,0,0,1.0
114,213,comedy,1,1,1,0,7.0
114,143,comedy,1,0,0,0,1.0
114,495,cooking,1,0,0,0,1.0
115,268,education,1,1,0,0,3.0
115,279,dance,0,0,0,0,0.0
115,108,sports,1,0,0,0,1.0
115,171,sports,1,0,0,0,1.0
115,151,sports,1,0,0,0,1.0
115,382,dance,0,0,0,0,0.0
116,191,cooking,1,0,0,0,1.0
116,427,cooking,1,0,0,0,1.0
116,124,music,1,0,0,0,1.0
116,296,music,0,0,0,0,0.0
116,340,music,0,0,0,0,0.0
116,38,music,1,0,0,0,1.0
116,315,sports,0,0,0,0,0.0
116,204,music,1,0,0,0,1.0
116,126,sports,1,0,0,0,1.0
116,199,dance,0,0,0,0,0.0
116,85,music,1,0,0,1,4.0
116,325,sports,1,0,0,0,1.0
117,24,comedy,1,1,0,0,3.0
117,137,gaming,1,0,0,0,1.0
117,177,music,1,1,0,0,3.0
117,125,sports,1,0,0,0,1.0
117,140,comedy,1,0,0,0,1.0
117,406,comedy,1,0,0,0,1.0
117,99,travel,1,0,0,0,1.0
117,149,travel,1,0,0,0,1.0
117,303,sports,1,0,0,0,1.0
118,187,music,1,0,0,0,1.0
118,409,travel,1,0,0,0,1.0
118,147,dance,1,0,0,0,1.0
118,91,music,0,0,0,0,0.0
118,139,music,0,0,0,0,0.0
118,253,dance,1,0,0,0,1.0
118,286,sports,1,1,0,0,3.0
118,421,cooking,1,0,0,1,4.0
118,418,travel,0,0,0,0,0.0
118,83,cooking,1,0,0,0,1.0
119,180,comedy,1,0,0,0,1.0
119,303,sports,1,1,0,0,3.0
119,445,comedy,0,0,0,0,0.0
119,43,music,1,1,0,0,3.0
119,100,comedy,0,0,0,0,0.0
119,267,education,1,0,0,0,1.0
120,308,travel,1,1,1,0,7.0
120,267,cooking,0,0,0,0,0.0
120,298,music,0,0,0,0,0.0
120,92,music,1,0,0,0,1.0
120,116,cooking,0,0,0,0,0.0
120,472,gaming,1,1,0,0,3.0
120,104,gaming,1,0,0,0,1.0
120,202,comedy,1,0,0,0,1.0
120,282,education,1,1,0,0,3.0
120,342,music,1,0,0,0,1.0
120,19,gaming,1,1,1,0,7.0
120,31,comedy,1,0,0,0,1.0
120,322,travel,1,0,0,0,1.0
120,60,sports,1,1,0,0,3.0
121,254,music,1,0,0,0,1.0
121,79,sports,0,0,0,0,0.0
121,113,cooking,1,1,0,0,3.0
121,304,sports,1,0,0,0,1.0
121,473,music,0,0,0,0,0.0
121,205,comedy,0,0,0,0,0.0
122,486,music,0,0,0,0,0.0
122,485,cooking,1,1,0,0,3.0
122,281,music,0,0,0,0,0.0
122,457,dance,1,0,0,0,1.0
122,267,cooking,1,1,0,0,3.0
122,100,education,1,1,0,0,3.0
122,350,cooking,1,1,0,0,3.0
122,107,cooking,1,1,0,0,3.0
122,444,cooking,0,0,0,0,0.0
122,65,cooking,1,0,0,0,1.0
123,118,cooking,1,0,0,0,1.0
123,249,sports,0,0,0,0,0.0
123,256,travel,1,0,0,0,1.0
123,293,sports,1,0,0,0,1.0
123,357,cooking,1,0,0,0,1.0
123,303,cooking,1,1,1,0,7.0
123,446,cooking,1,0,0,0,1.0
123,18,cooking,1,0,0,0,1.0
123,423,dance,1,0,0,0,1.0
123,323,comedy,1,0,0,0,1.0
123,473,cooking,1,0,0,0,1.0
123,453,comedy,1,0,0,0,1.0
123,385,travel,1,0,0,0,1.0
123,431,dance,0,0,0,0,0.0
123,493,education,1,1,0,0,3.0
123,20,sports,1,1,0,0,3.0
123,329,cooking,0,0,0,0,0.0
123,60,education,1,0,0,0,1.0
123,468,cooking,1,1,0,0,3.0
124,79,travel,1,1,0,0,3.0
124,490,travel,1,0,0,0,1.0
124,322,travel,1,0,0,0,1.0
124,203,music,1,0,0,0,1.0
124,305,travel,1,0,0,1,4.0
124,385,travel,1,0,0,0,1.0
124,397,dance,0,0,0,0,0.0
124,467,music,1,0,0,0,1.0
124,109,comedy,1,0,0,0,1.0
125,470,education,0,0,0,0,0.0
125,295,travel,1,0,0,0,1.0
125,390,gaming,1,0,0,0,1.0
125,451,education,1,1,1,0,7.0
125,226,gaming,1,0,0,0,1.0
125,374,comedy,1,0,0,0,1.0
125,28,music,1,0,0,0,1.0
125,462,gaming,1,0,0,0,1.0
125,224,education,1,1,0,0,3.0
126,25,travel,1,0,0,0,1.0
126,407,gaming,1,1,0,0,3.0
126,124,sports,0,0,0,0,0.0
126,78,sports,1,0,0,0,1.0
126,299,sports,1,0,0,0,1.0
126,460,education,1,1,0,0,3.0
126,300,sports,1,0,0,0,1.0
126,156,sports,1,0,0,0,1.0
126,424,gaming,1,1,1,0,7.0
126,287,travel,1,0,0,0,1.0
126,299,dance,1,0,0,0,1.0
126,50,sports,0,0,0,0,0.0
126,196,travel,0,0,0,0,0.0
126,355,music,1,1,0,0,3.0
126,273,music,1,1,0,0,3.0
126,222,music,1,0,0,0,1.0
126,180,sports,1,0,0,0,1.0
127,62,gaming,1,1,0,0,3.0
127,328,gaming,1,1,0,0,3.0
127,106,gaming,1,1,0,0,3.0
127,128,music,1,0,0,0,1.0
127,418,travel,1,0,0,0,1.0
127,429,travel,1,1,0,0,3.0
127,18,dance,1,0,0,0,1.0
127,139,education,1,0,0,0,1.0
127,461,gaming,1,0,0,0,1.0
127,202,music,1,1,0,0,3.0
128,188,dance,1,1,0,0,3.0
128,332,education,1,0,0,0,1.0
128,322,comedy,1,0,0,0,1.0
128,243,sports,1,1,0,0,3.0
128,489,education,1,1,1,0,7.0
128,113,dance,0,0,0,0,0.0
128,220,education,1,0,0,0,1.0
128,213,dance,0,0,0,0,0.0
128,194,gaming,1,1,0,0,3.0
128,376,cooking,1,0,0,0,1.0
128,20,education,1,0,0,0,1.0
128,250,cooking,0,0,0,0,0.0
129,74,comedy,0,0,0,0,0.0
129,341,travel,1,0,0,0,1.0
129,333,sports,1,1,0,0,3.0
129,308,cooking,0,0,0,0,0.0
129,462,gaming,0,0,0,0,0.0
129,58,gaming,1,0,0,0,1.0
129,283,cooking,0,0,0,0,0.0
130,338,sports,1,0,0,0,1.0
130,298,comedy,0,0,0,0,0.0
130,199,dance,1,0,0,0,1.0
130,164,comedy,1,0,0,0,1.0
130,308,music,1,1,0,0,3.0
130,210,music,1,0,0,0,1.0
130,417,dance,1,1,0,0,3.0
130,319,music,1,0,0,0,1.0
130,319,music,1,0,0,0,1.0
130,343,music,1,1,0,0,3.0
130,219,music,1,0,0,0,1.0
131,60,sports,1,1,0,0,3.0
131,34,music,1,0,0,0,1.0
131,126,dance,1,1,0,0,3.0
131,475,travel,0,0,0,0,0.0
131,401,education,1,1,0,0,3.0
131,147,cooking,1,0,0,1,4.0
132,450,cooking,1,0,0,0,1.0
132,37,music,1,0,0,1,4.0
132,283,cooking,1,1,1,0,7.0
132,237,sports,1,0,0,0,1.0
132,488,sports,1,1,0,0,3.0
132,445,dance,1,0,0,0,1.0
132,155,cooking,1,1,0,0,3.0
132,208,music,1,0,0,0,1.0
132,407,music,1,0,0,0,1.0
132,49,cooking,1,0,0,0,1.0
132,112,dance,0,0,0,0,0.0
132,381,dance,1,0,0,0,1.0
132,409,travel,1,0,0,0,1.0
132,322,gaming,1,0,0,0,1.0
132,294,education,1,0,0,0,1.0
133,235,cooking,1,0,0,0,1.0
133,421,cooking,1,1,0,0,3.0
133,203,education,1,1,0,0,3.0
133,36,music,1,1,0,0,3.0
133,204,comedy,1,1,0,0,3.0
133,60,comedy,1,1,0,0,3.0
133,271,music,1,0,0,0,1.0
133,205,education,1,0,0,0,1.0
133,308,dance,1,1,0,0,3.0
133,375,comedy,1,0,0,1,4.0
133,71,comedy,1,1,0,0,3.0
133,163,education,1,0,0,0,1.0
134,369,music,1,0,0,0,1.0
134,217,education,1,0,0,0,1.0
134,343,travel,1,0,0,0,1.0
134,162,education,1,0,0,0,1.0
134,215,education,1,1,1,0,7.0
134,326,education,1,1,0,1,6.0
135,356,sports,0,0,0,0,0.0
135,224,music,1,0,0,0,1.0
135,406,gaming,0,0,0,0,0.0
135,218,sports,1,0,0,0,1.0
135,304,gaming,1,0,0,0,1.0
135,258,gaming,1,0,0,0,1.0
135,17,education,0,0,0,0,0.0
135,180,travel,1,1,0,0,3.0
136,491,education,1,0,0,0,1.0
136,184,education,0,0,0,0,0.0
136,118,music,1,0,0,0,1.0
136,237,education,1,0,0,1,4.0
136,393,sports,1,1,0,0,3.0
136,446,cooking,1,0,0,0,1.0
136,484,education,1,1,0,0,3.0
136,315,dance,1,1,0,0,3.0
136,213,education,0,0,0,0,0.0
136,334,dance,1,0,0,0,1.0
136,476,dance,1,0,0,0,1.0
136,397,education,1,0,0,0,1.0
137,195,gaming,1,0,0,0,1.0
137,172,education,1,1,1,0,7.0
137,345,cooking,1,0,0,0,1.0
137,475,cooking,1,1,1,0,7.0
137,235,gaming,1,0,0,0,1.0
137,456,gaming,1,1,1,0,7.0
137,105,gaming,1,0,0,0,1.0
137,122,cooking,1,0,0,0,1.0
137,151,gaming,1,1,0,0,3.0
137,58,gaming,1,0,0,0,1.0
137,387,cooking,1,0,0,0,1.0
138,381,music,1,1,0,0,3.0
138,455,travel,1,0,0,0,1.0
138,31,dance,0,0,0,0,0.0
138,408,cooking,1,0,0,0,1.0
138,103,travel,1,0,0,0,1.0
138,150,dance,0,0,0,0,0.0
138,164,travel,1,0,0,0,1.0
138,176,dance,1,0,0,0,1.0
138,319,music,1,0,0,0,1.0
138,352,sports,1,0,0,0,1.0
139,77,comedy,0,0,0,0,0.0
139,118,cooking,1,0,0,0,1.0
139,431,education,1,0,0,0,1.0
139,270,cooking,0,0,0,0,0.0
139,105,sports,1,0,0,0,1.0
139,303,dance,1,1,0,0,3.0
139,438,music,0,0,0,0,0.0
139,430,cooking,1,0,0,0,1.0
139,378,dance,1,1,0,0,3.0
139,48,comedy,1,0,0,0,1.0
139,481,education,1,0,0,0,1.0
139,365,cooking,1,1,0,0,3.0
140,65,education,1,1,0,0,3.0
140,217,comedy,1,1,0,0,3.0
140,36,education,0,0,0,0,0.0
140,416,sports,0,0,0,0,0.0
140,144,dance,1,0,0,0,1.0
140,157,music,1,0,0,0,1.0
140,381,sports,1,0,0,1,4.0
140,293,cooking,0,0,0,0,0.0
140,396,education,1,0,0,0,1.0
140,395,comedy,1,0,0,0,1.0
140,393,dance,1,0,0,0,1.0
141,46,travel,1,0,0,0,1.0
141,471,education,1,0,0,0,1.0
141,40,education,1,1,0,0,3.0
141,124,education,1,0,0,0,1.0
141,58,education,1,1,0,0,3.0
141,466,travel,1,0,0,0,1.0
141,263,dance,1,0,0,0,1.0
141,148,education,1,1,0,0,3.0
141,251,travel,1,1,0,0,3.0
141,441,sports,1,1,0,0,3.0
141,397,travel,1,0,0,0,1.0
141,59,education,1,0,0,0,1.0
141,396,education,1,1,0,0,3.0
141,430,education,0,0,0,0,0.0
141,45,education,1,0,0,0,1.0
141,491,cooking,1,1,1,0,7.0
141,350,education,1,1,0,0,3.0
142,282,dance,0,0,0,0,0.0
142,490,comedy,1,0,0,0,1.0
142,142,gaming,0,0,0,0,0.0
142,307,dance,1,1,0,0,3.0
142,116,comedy,1,0,0,0,1.0
142,250,travel,0,0,0,0,0.0
142,424,comedy,1,0,0,0,1.0
142,372,sports,1,1,0,0,3.0
142,473,dance,1,0,0,0,1.0
142,414,gaming,1,0,0,0,1.0
142,264,comedy,1,0,0,0,1.0
142,492,dance,0,0,0,0,0.0
142,90,gaming,0,0,0,0,0.0
142,173,music,0,0,0,0,0.0
143,160,gaming,1,0,0,0,1.0
143,420,cooking,1,0,0,0,1.0
143,318,education,0,0,0,0,0.0
143,217,sports,1,0,0,0,1.0
143,477,cooking,1,0,0,0,1.0
143,407,comedy,1,0,0,0,1.0
143,48,cooking,1,0,0,0,1.0
144,303,travel,1,1,0,0,3.0
144,286,cooking,1,0,0,0,1.0
144,76,cooking,1,0,0,0,1.0
144,109,comedy,1,0,0,0,1.0
144,307,dance,1,0,0,0,1.0
144,184,dance,0,0,0,0,0.0
144,210,comedy,1,0,0,0,1.0
144,188,cooking,1,0,0,0,1.0
144,83,sports,0,0,0,0,0.0
144,460,cooking,1,0,0,1,4.0
144,470,cooking,0,0,0,0,0.0
144,316,education,1,1,0,0,3.0
145,485,dance,1,1,0,0,3.0
145,490,sports,1,1,0,0,3.0
145,497,travel,1,0,0,0,1.0
145,366,gaming,1,0,0,0,1.0
145,267,music,1,0,0,0,1.0
145,250,gaming,1,1,0,0,3.0
145,52,music,0,0,0,0,0.0
145,161,travel,1,0,0,0,1.0
145,152,sports,1,0,0,0,1.0
145,52,sports,1,0,0,0,1.0
145,113,travel,1,1,0,0,3.0
146,55,music,1,0,0,0,1.0
146,483,sports,0,0,0,0,0.0
146,8,gaming,1,0,0,0,1.0
146,32,sports,0,0,0,0,0.0
146,25,travel,0,0,0,0,0.0
146,237,education,1,0,0,0,1.0
146,107,sports,1,0,0,0,1.0
146,103,sports,0,0,0,0,0.0
146,288,gaming,1,1,0,0,3.0
146,324,sports,1,1,1,0,7.0
146,207,sports,1,0,0,0,1.0
146,317,sports,1,0,0,0,1.0
146,73,sports,1,0,0,0,1.0
147,444,education,1,1,0,0,3.0
147,123,education,0,0,0,0,0.0
147,446,dance,1,0,0,0,1.0
147,331,education,1,1,0,0,3.0
147,369,music,1,0,0,0,1.0
147,75,music,1,0,0,0,1.0
148,77,music,1,0,0,0,1.0
148,289,education,1,1,0,0,3.0
148,416,gaming,1,0,0,0,1.0
148,165,education,0,0,0,0,0.0
148,359,comedy,1,0,0,0,1.0
148,103,comedy,1,0,0,0,1.0
148,186,comedy,1,0,0,0,1.0
148,198,cooking,1,0,0,0,1.0
148,208,cooking,0,0,0,0,0.0
148,152,cooking,1,0,0,0,1.0
148,276,education,1,0,0,0,1.0
148,138,cooking,1,0,0,0,1.0
148,421,comedy,1,0,0,0,1.0
148,312,education,0,0,0,0,0.0
148,191,comedy,0,0,0,0,0.0
148,69,dance,0,0,0,0,0.0
149,306,cooking,1,1,0,0,3.0
149,362,dance,1,0,0,0,1.0
149,55,sports,1,0,0,0,1.0
149,346,comedy,0,0,0,0,0.0
149,126,music,1,0,0,0,1.0
149,5,travel,0,0,0,0,0.0
149,149,cooking,1,0,0,0,1.0
149,39,cooking,1,0,0,0,1.0
149,387,cooking,1,0,0,0,1.0
149,449,sports,0,0,0,0,0.0
149,12,music,1,0,0,0,1.0
149,384,cooking,1,0,0,0,1.0
150,258,travel,1,1,0,0,3.0
150,128,music,0,0,0,0,0.0
150,137,cooking,1,1,0,0,3.0
150,236,dance,1,0,0,1,4.0
150,233,travel,1,0,0,0,1.0
151,72,sports,1,1,0,0,3.0
151,332,comedy,1,0,0,0,1.0
151,393,comedy,1,0,0,0,1.0
151,296,comedy,1,0,0,0,1.0
151,357,comedy,0,0,0,0,0.0
151,227,comedy,0,0,0,0,0.0
151,47,comedy,0,0,0,0,0.0
151,104,comedy,1,1,0,0,3.0
151,237,education,1,0,0,0,1.0
152,146,music,1,0,0,0,1.0
152,431,music,1,1,0,0,3.0
152,336,education,1,1,0,0,3.0
152,195,music,1,0,0,1,4.0
152,228,music,1,1,1,0,7.0
152,187,gaming,1,1,0,0,3.0
152,101,music,0,0,0,0,0.0
152,256,music,1,1,0,0,3.0
152,446,music,1,1,0,0,3.0
152,136,gaming,1,0,0,0,1.0
152,245,gaming,1,0,0,0,1.0
152,232,gaming,1,0,0,0,1.0
152,43,travel,1,0,0,0,1.0
152,71,gaming,1,1,0,0,3.0
152,59,music,1,1,0,0,3.0
152,255,music,0,0,0,0,0.0
152,491,travel,1,0,0,0,1.0
152,406,music,0,0,0,0,0.0
152,222,music,1,1,0,0,3.0
152,214,gaming,1,0,0,0,1.0
152,490,gaming,1,0,0,0,1.0
153,167,music,0,0,0,0,0.0
153,78,music,1,1,0,0,3.0
153,206,comedy,1,1,0,0,3.0
153,249,music,1,0,0,0,1.0
153,462,music,1,0,0,0,1.0
153,168,education,1,0,0,0,1.0
153,435,comedy,1,0,0,0,1.0
153,31,dance,0,0,0,0,0.0
153,50,music,1,0,0,0,1.0
153,18,music,1,0,0,0,1.0
153,268,travel,1,1,0,0,3.0
153,136,music,1,0,0,0,1.0
153,6,music,1,1,0,0,3.0
153,291,comedy,1,0,0,0,1.0
153,140,comedy,1,0,0,0,1.0
153,175,comedy,1,0,0,0,1.0
154,7,sports,1,1,0,0,3.0
154,246,travel,1,0,0,0,1.0
154,491,dance,1,1,0,0,3.0
154,229,travel,0,0,0,0,0.0
154,420,travel,1,0,0,0,1.0
154,211,music,1,0,0,0,1.0
154,118,travel,1,0,0,0,1.0
154,233,sports,1,0,0,0,1.0
154,428,cooking,1,1,0,0,3.0
155,434,dance,1,1,0,0,3.0
155,418,music,1,0,0,0,1.0
155,444,sports,0,0,0,0,0.0
155,222,cooking,0,0,0,0,0.0
155,272,music,1,0,0,0,1.0
155,38,sports,1,0,0,0,1.0
155,51,comedy,1,0,0,0,1.0
155,152,cooking,1,0,0,0,1.0
155,46,dance,1,1,0,0,3.0
155,441,music,1,0,0,0,1.0
155,432,cooking,1,0,0,0,1.0
155,30,comedy,1,0,0,0,1.0
156,454,gaming,1,0,0,0,1.0
156,391,education,1,0,0,0,1.0
156,178,education,0,0,0,0,0.0
156,233,dance,0,0,0,0,0.0
156,428,travel,1,0,0,0,1.0
156,184,comedy,1,0,0,0,1.0
156,423,dance,1,0,0,0,1.0
156,121,sports,1,0,0,0,1.0
156,112,travel,1,1,0,1,6.0
157,436,comedy,0,0,0,0,0.0
157,66,music,1,0,0,0,1.0
157,156,gaming,1,1,0,0,3.0
157,371,sports,1,0,0,0,1.0
157,468,travel,0,0,0,0,0.0
157,398,sports,1,0,0,0,1.0
157,139,sports,0,0,0,0,0.0
157,108,gaming,1,0,0,0,1.0
157,276,cooking,0,0,0,0,0.0
157,28,comedy,0,0,0,0,0.0
157,89,travel,1,0,0,0,1.0
157,287,sports,0,0,0,0,0.0
157,362,cooking,1,0,0,0,1.0
158,218,music,1,1,0,0,3.0
158,55,sports,1,1,0,0,3.0
158,216,travel,1,0,0,0,1.0
158,191,travel,1,1,0,0,3.0
158,210,education,1,0,0,0,1.0
158,230,gaming,0,0,0,0,0.0
158,199,cooking,1,0,0,0,1.0
158,468,education,1,1,0,0,3.0
159,332,cooking,0,0,0,0,0.0
159,482,education,1,0,0,0,1.0
159,107,cooking,1,1,0,0,3.0
159,472,cooking,1,0,0,0,1.0
159,345,cooking,1,1,0,0,3.0
159,35,dance,0,0,0,0,0.0
159,14,music,1,0,0,0,1.0
159,461,dance,1,1,0,0,3.0
159,264,education,0,0,0,0,0.0
159,197,music,1,1,0,0,3.0
159,478,cooking,1,0,0,0,1.0
159,288,cooking,0,0,0,0,0.0
159,25,cooking,0,0,0,0,0.0
160,321,dance,1,0,0,0,1.0
160,149,comedy,0,0,0,0,0.0
160,358,comedy,1,0,0,0,1.0
160,455,cooking,1,0,0,0,1.0
160,474,comedy,1,0,0,0,1.0
160,451,education,1,0,0,0,1.0
160,53,cooking,1,0,0,0,1.0
160,437,comedy,1,1,0,0,3.0
160,348,comedy,1,0,0,0,1.0
160,14,music,1,0,0,0,1.0
161,307,travel,1,1,0,0,3.0
161,251,cooking,1,0,0,0,1.0
161,356,music,1,0,0,1,4.0
161,98,sports,1,1,0,0,3.0
161,371,travel,1,0,0,0,1.0
161,118,gaming,1,0,0,0,1.0
161,395,cooking,1,1,0,0,3.0
161,475,travel,1,1,0,0,3.0
161,48,music,1,1,0,0,3.0
162,468,gaming,0,0,0,0,0.0
162,372,sports,1,0,0,0,1.0
162,415,education,1,0,0,0,1.0
162,84,cooking,1,0,0,0,1.0
162,398,sports,1,1,0,0,3.0
162,242,cooking,1,0,0,0,1.0
163,263,dance,1,1,0,0,3.0
163,422,gaming,0,0,0,0,0.0
163,361,cooking,1,0,0,0,1.0
163,223,dance,0,0,0,0,0.0
163,307,sports,1,0,0,0,1.0
163,231,dance,1,0,0,0,1.0
163,435,comedy,1,0,0,0,1.0
163,37,dance,1,0,0,0,1.0
163,319,comedy,1,0,0,0,1.0
163,447,education,1,1,0,0,3.0
163,151,music,1,0,0,0,1.0
163,89,education,1,0,0,0,1.0
163,226,cooking,1,0,0,0,1.0
163,238,comedy,1,0,0,0,1.0
163,465,gaming,0,0,0,0,0.0
163,324,dance,1,0,0,0,1.0
163,490,cooking,1,1,0,0,3.0
163,109,comedy,0,0,0,0,0.0
164,489,comedy,1,1,0,0,3.0
164,173,cooking,1,0,0,0,1.0
164,252,education,1,1,0,0,3.0
164,98,cooking,0,0,0,0,0.0
164,247,sports,0,0,0,0,0.0
164,433,comedy,0,0,0,0,0.0
164,9,cooking,1,1,0,0,3.0
164,122,cooking,0,0,0,0,0.0
164,496,cooking,1,0,0,0,1.0
164,248,education,1,0,0,0,1.0
164,95,cooking,0,0,0,0,0.0
164,486,education,1,0,0,0,1.0
164,264,education,0,0,0,0,0.0
165,41,travel,1,1,0,0,3.0
165,369,gaming,0,0,0,0,0.0
165,233,music,0,0,0,0,0.0
165,50,gaming,1,0,0,0,1.0
165,234,gaming,1,0,0,0,1.0
165,79,education,1,0,0,0,1.0
165,377,music,1,0,0,0,1.0
165,249,education,0,0,0,0,0.0
165,431,music,1,0,0,0,1.0
165,90,music,1,1,0,0,3.0
165,273,music,1,0,0,0,1.0
165,452,music,0,0,0,0,0.0
165,306,education,1,0,0,0,1.0
165,178,music,1,1,0,0,3.0
165,57,music,1,1,0,1,6.0
165,339,music,1,0,0,0,1.0
165,34,music,1,0,0,0,1.0
165,358,music,1,0,0,0,1.0
165,265,music,1,0,0,0,1.0
165,161,music,1,0,0,0,1.0
165,407,gaming,1,0,0,0,1.0
165,280,music,0,0,0,0,0.0
166,41,cooking,1,0,0,0,1.0
166,124,cooking,1,0,0,0,1.0
166,141,travel,1,1,0,0,3.0
166,452,cooking,1,0,0,0,1.0
166,111,comedy,1,0,0,0,1.0
166,401,cooking,1,0,0,0,1.0
166,253,cooking,1,0,0,0,1.0
166,393,cooking,1,1,0,0,3.0
166,259,cooking,1,1,0,0,3.0
166,429,dance,0,0,0,0,0.0
166,499,cooking,0,0,0,0,0.0
166,494,travel,1,1,0,1,6.0
166,452,dance,1,1,0,0,3.0
166,3,cooking,0,0,0,0,0.0
166,410,travel,0,0,0,0,0.0
166,47,travel,1,1,0,0,3.0
167,408,travel,1,0,0,0,1.0
167,427,gaming,1,1,0,0,3.0
167,197,travel,1,0,0,0,1.0
167,452,gaming,1,0,0,0,1.0
167,393,cooking,1,0,0,0,1.0
167,17,travel,1,1,0,0,3.0
167,488,dance,1,1,1,0,7.0
167,169,gaming,1,0,0,0,1.0
167,359,comedy,0,0,0,0,0.0
168,331,travel,0,0,0,0,0.0
168,151,comedy,1,1,1,1,10.0
168,399,gaming,1,1,0,0,3.0
168,286,education,1,0,0,0,1.0
168,466,music,0,0,0,0,0.0
168,233,dance,1,1,0,0,3.0
168,6,sports,0,0,0,0,0.0
168,336,education,1,0,0,0,1.0
168,386,comedy,1,1,0,0,3.0
168,160,comedy,1,0,0,0,1.0
169,276,comedy,1,1,0,0,3.0
169,81,sports,1,0,0,0,1.0
169,48,music,1,0,0,0,1.0
169,69,travel,1,0,0,0,1.0
169,120,sports,1,1,0,0,3.0
169,209,education,1,1,0,0,3.0
169,265,gaming,0,0,0,0,0.0
170,398,gaming,1,0,0,0,1.0
170,400,gaming,1,0,0,0,1.0
170,470,gaming,0,0,0,0,0.0
170,473,dance,1,0,0,0,1.0
170,472,gaming,1,0,0,0,1.0
170,342,gaming,1,1,0,0,3.0
170,489,music,1,0,0,0,1.0
170,59,travel,1,1,1,0,7.0
170,406,education,1,1,0,0,3.0
170,221,gaming,1,1,0,0,3.0
170,224,travel,1,0,0,0,1.0
171,6,comedy,1,0,0,0,1.0
171,262,education,1,1,0,0,3.0
171,337,education,1,1,1,0,7.0
171,34,cooking,1,0,0,0,1.0
171,434,music,1,1,1,0,7.0
171,73,music,1,0,0,0,1.0
171,382,gaming,0,0,0,0,0.0
171,92,education,1,0,0,0,1.0
171,231,education,1,1,0,0,3.0
171,460,music,0,0,0,0,0.0
171,241,comedy,1,0,0,0,1.0
172,409,travel,0,0,0,0,0.0
172,341,travel,1,1,0,0,3.0
172,347,sports,1,0,0,0,1.0
172,452,travel,0,0,0,0,0.0
172,348,comedy,1,1,0,0,3.0
172,225,cooking,0,0,0,0,0.0
172,216,cooking,1,0,0,0,1.0
172,89,travel,1,0,0,0,1.0
172,105,travel,1,0,0,0,1.0
172,485,sports,1,1,0,0,3.0
173,418,education,0,0,0,0,0.0
173,494,education,1,1,0,0,3.0
173,272,education,0,0,0,0,0.0
173,209,education,1,0,0,0,1.0
173,202,cooking,1,0,0,0,1.0
173,444,comedy,1,1,0,0,3.0
173,458,education,0,0,0,0,0.0
173,255,dance,1,1,0,0,3.0
173,420,comedy,1,0,0,0,1.0
173,23,music,1,0,0,0,1.0
173,265,music,1,0,0,0,1.0
173,121,music,1,0,0,0,1.0
173,238,travel,0,0,0,0,0.0
174,465,gaming,1,0,0,0,1.0
174,316,gaming,0,0,0,0,0.0
174,193,travel,1,0,0,0,1.0
174,249,sports,1,1,0,0,3.0
174,287,travel,1,1,0,0,3.0
174,460,travel,0,0,0,0,0.0
174,148,music,1,1,0,0,3.0
174,292,gaming,0,0,0,0,0.0
174,317,sports,1,1,0,0,3.0
175,422,sports,0,0,0,0,0.0
175,473,travel,0,0,0,0,0.0
175,81,travel,1,0,0,0,1.0
175,68,travel,1,0,0,0,1.0
175,134,music,1,0,0,0,1.0
175,164,comedy,1,0,0,0,1.0
175,73,travel,1,0,0,0,1.0
175,160,travel,1,1,0,0,3.0
175,47,travel,1,0,0,0,1.0
175,191,gaming,1,0,0,0,1.0
175,349,gaming,0,0,0,0,0.0
176,439,dance,1,0,0,0,1.0
176,238,comedy,1,0,0,0,1.0
176,260,comedy,0,0,0,0,0.0
176,189,comedy,1,0,0,0,1.0
176,84,comedy,1,0,0,0,1.0
176,114,comedy,0,0,0,0,0.0
176,5,comedy,1,0,0,0,1.0
176,333,gaming,1,0,0,0,1.0
176,15,comedy,1,1,0,0,3.0
176,42,comedy,1,0,0,0,1.0
176,479,dance,1,0,0,0,1.0
177,385,sports,1,0,0,0,1.0
177,127,sports,1,0,0,0,1.0
177,12,cooking,1,0,0,0,1.0
177,423,sports,1,1,0,0,3.0
177,376,cooking,1,0,0,0,1.0
177,387,sports,0,0,0,0,0.0
178,315,cooking,1,1,1,0,7.0
178,23,dance,1,0,0,0,1.0
178,376,sports,0,0,0,0,0.0
178,79,comedy,1,0,0,1,4.0
178,366,dance,1,1,0,0,3.0
178,153,dance,1,1,0,0,3.0
178,394,dance,1,0,0,0,1.0
178,426,dance,0,0,0,0,0.0
178,383,dance,1,0,0,0,1.0
179,210,dance,0,0,0,0,0.0
179,378,music,1,0,0,0,1.0
179,479,cooking,1,0,0,0,1.0
179,431,gaming,1,0,0,0,1.0
179,329,gaming,1,0,0,0,1.0
179,402,dance,0,0,0,0,0.0
179,412,gaming,1,1,0,1,6.0
179,315,music,1,1,0,0,3.0
179,80,comedy,1,0,0,0,1.0
179,280,travel,1,0,0,0,1.0
179,29,gaming,1,0,0,0,1.0
179,332,dance,1,0,0,0,1.0
180,266,education,0,0,0,0,0.0
180,451,gaming,1,0,0,0,1.0
180,302,music,1,0,0,0,1.0
180,175,dance,1,1,0,0,3.0
180,314,sports,1,0,0,0,1.0
180,128,dance,1,0,0,0,1.0
180,371,education,0,0,0,0,0.0
180,114,music,1,1,0,0,3.0
180,113,dance,1,1,0,0,3.0
180,361,gaming,1,0,0,0,1.0
180,333,music,0,0,0,0,0.0
180,356,dance,0,0,0,0,0.0
180,138,dance,1,0,0,0,1.0
180,43,music,1,1,0,0,3.0
180,201,travel,0,0,0,0,0.0
180,438,gaming,1,0,0,0,1.0
181,39,gaming,0,0,0,0,0.0
181,484,dance,1,1,0,0,3.0
181,91,dance,0,0,0,0,0.0
181,267,comedy,1,1,0,0,3.0
181,134,comedy,1,0,0,0,1.0
181,328,gaming,1,0,0,0,1.0
181,341,dance,0,0,0,0,0.0
181,167,music,1,0,0,0,1.0
181,370,music,1,0,0,1,4.0
181,299,dance,1,0,0,0,1.0
181,223,dance,0,0,0,0,0.0
181,221,cooking,1,0,0,0,1.0
182,415,comedy,1,0,0,0,1.0
182,268,comedy,1,0,0,0,1.0
182,369,gaming,1,0,0,0,1.0
182,413,dance,1,0,0,0,1.0
182,240,sports,1,0,0,1,4.0
182,172,gaming,1,0,0,0,1.0
182,472,music,0,0,0,0,0.0
182,235,music,1,0,0,0,1.0
182,462,gaming,1,0,0,0,1.0
182,324,sports,1,0,0,0,1.0
182,358,dance,0,0,0,0,0.0
183,23,dance,1,1,1,0,7.0
183,347,education,1,0,0,0,1.0
183,347,dance,1,1,0,0,3.0
183,117,dance,1,1,0,0,3.0
183,463,dance,1,0,0,0,1.0
183,152,dance,1,1,0,0,3.0
183,164,sports,1,1,1,0,7.0
183,435,gaming,1,0,0,0,1.0
184,80,dance,0,0,0,0,0.0
184,477,cooking,1,0,0,0,1.0
184,410,dance,1,0,0,0,1.0
184,89,sports,0,0,0,0,0.0
184,71,dance,1,0,0,0,1.0
184,342,travel,1,0,0,1,4.0
184,391,travel,1,1,0,0,3.0
184,126,travel,1,0,0,0,1.0
184,419,education,0,0,0,0,0.0
184,194,sports,1,1,0,0,3.0
184,212,education,1,0,0,0,1.0
184,307,sports,1,1,0,0,3.0
184,37,sports,0,0,0,0,0.0
185,230,travel,1,0,0,0,1.0
185,254,cooking,1,0,0,1,4.0
185,101,education,1,0,0,0,1.0
185,388,dance,1,1,0,0,3.0
185,134,dance,0,0,0,0,0.0
185,465,education,1,0,0,0,1.0
186,284,sports,1,1,1,0,7.0
186,438,travel,0,0,0,0,0.0
186,440,sports,1,0,0,0,1.0
186,99,travel,0,0,0,0,0.0
186,371,sports,1,0,0,0,1.0
186,476,comedy,1,1,0,0,3.0
186,81,education,1,1,0,0,3.0
186,149,comedy,1,0,0,1,4.0
186,149,travel,0,0,0,0,0.0
186,477,comedy,1,0,0,0,1.0
186,249,comedy,1,1,0,0,3.0
186,492,comedy,1,0,0,0,1.0
186,174,comedy,1,1,0,0,3.0
187,308,cooking,1,0,0,0,1.0
187,162,music,1,0,0,0,1.0
187,440,dance,1,1,0,0,3.0
187,273,dance,1,0,0,0,1.0
187,300,dance,0,0,0,0,0.0
187,293,dance,0,0,0,0,0.0
187,55,music,1,1,0,0,3.0
188,190,travel,1,1,0,0,3.0
188,46,sports,1,1,0,0,3.0
188,286,travel,1,0,0,0,1.0
188,474,cooking,0,0,0,0,0.0
188,116,travel,1,0,0,0,1.0
188,270,travel,1,0,0,0,1.0
188,251,travel,1,0,0,0,1.0
188,158,cooking,1,1,0,0,3.0
188,290,music,1,0,0,0,1.0
188,164,dance,1,1,0,0,3.0
188,162,music,1,0,0,0,1.0
188,145,education,1,0,0,0,1.0
188,378,cooking,1,0,0,1,4.0
188,383,gaming,1,0,0,0,1.0
188,41,travel,1,0,0,0,1.0
188,326,sports,0,0,0,0,0.0
188,409,music,1,0,0,0,1.0
189,103,gaming,1,1,1,0,7.0
189,389,dance,1,0,0,0,1.0
189,234,dance,1,0,0,0,1.0
189,228,cooking,1,1,1,0,7.0
189,3,music,1,0,0,0,1.0
189,69,music,1,0,0,0,1.0
189,262,gaming,0,0,0,0,0.0
189,171,gaming,1,1,0,0,3.0
189,490,dance,1,1,0,0,3.0
189,117,gaming,1,0,0,0,1.0
189,185,gaming,1,0,0,0,1.0
189,28,dance,1,1,0,0,3.0
189,232,gaming,0,0,0,0,0.0
190,140,comedy,0,0,0,0,0.0
190,219,comedy,0,0,0,0,0.0
190,413,education,1,0,0,0,1.0
190,23,music,1,0,0,0,1.0
190,430,comedy,1,0,0,0,1.0
190,10,cooking,1,0,0,0,1.0
190,275,comedy,1,0,0,0,1.0
190,323,comedy,1,0,0,0,1.0
190,145,music,1,0,0,0,1.0
190,370,gaming,1,0,0,0,1.0
190,485,comedy,1,0,0,0,1.0
190,8,comedy,1,0,0,0,1.0
191,350,comedy,0,0,0,0,0.0
191,252,dance,1,0,0,0,1.0
191,380,sports,1,0,0,0,1.0
191,30,dance,1,0,0,0,1.0
191,5,music,1,0,0,0,1.0
191,367,comedy,0,0,0,0,0.0
191,213,music,1,0,0,0,1.0
191,257,dance,0,0,0,0,0.0
192,326,sports,1,0,0,0,1.0
192,145,gaming,1,0,0,0,1.0
192,342,sports,1,1,0,0,3.0
192,237,music,0,0,0,0,0.0
192,460,travel,1,0,0,0,1.0
192,256,dance,1,0,0,0,1.0
192,188,travel,1,0,0,0,1.0
192,60,comedy,0,0,0,0,0.0
192,171,travel,0,0,0,0,0.0
193,305,gaming,1,1,0,0,3.0
193,141,comedy,0,0,0,0,0.0
193,406,gaming,1,0,0,0,1.0
193,45,education,1,0,0,0,1.0
193,28,education,0,0,0,0,0.0
193,454,dance,1,0,0,0,1.0
194,30,cooking,1,0,0,1,4.0
194,173,gaming,1,0,0,0,1.0
194,187,gaming,1,0,0,0,1.0
194,123,gaming,1,0,0,0,1.0
194,2,travel,1,0,0,0,1.0
194,286,travel,1,0,0,0,1.0
194,7,comedy,1,0,0,0,1.0
194,329,comedy,1,1,0,0,3.0
194,321,music,1,0,0,0,1.0
194,335,music,1,0,0,0,1.0
195,287,gaming,1,0,0,0,1.0
195,39,education,0,0,0,0,0.0
195,90,gaming,0,0,0,0,0.0
195,255,sports,0,0,0,0,0.0
195,376,music,1,0,0,0,1.0
195,182,music,1,1,0,0,3.0
195,266,music,1,0,0,0,1.0
195,444,music,1,1,0,0,3.0
195,265,travel,0,0,0,0,0.0
195,465,sports,1,1,0,0,3.0
195,62,education,0,0,0,0,0.0
195,367,education,0,0,0,0,0.0
195,452,comedy,1,0,0,0,1.0
195,233,cooking,1,0,0,0,1.0
195,242,music,1,0,0,0,1.0
196,471,dance,0,0,0,0,0.0
196,225,cooking,1,0,0,0,1.0
196,283,cooking,0,0,0,0,0.0
196,169,comedy,1,1,0,0,3.0
196,409,dance,1,1,0,0,3.0
196,386,education,1,0,0,0,1.0
196,205,education,1,1,0,0,3.0
196,215,music,1,0,0,0,1.0
196,370,dance,1,0,0,0,1.0
196,29,education,1,0,0,0,1.0
196,471,dance,1,0,0,1,4.0
196,454,dance,1,0,0,0,1.0
197,182,education,1,0,0,0,1.0
197,52,education,1,0,0,0,1.0
197,360,sports,1,0,0,0,1.0
197,475,travel,1,1,0,0,3.0
197,332,travel,1,0,0,0,1.0
197,219,gaming,1,0,0,0,1.0
197,149,comedy,1,1,1,1,10.0
197,210,gaming,1,0,0,0,1.0
197,336,comedy,1,1,0,0,3.0
197,387,education,1,0,0,0,1.0
197,326,comedy,1,1,0,0,3.0
197,38,education,1,0,0,0,1.0
197,280,travel,1,0,0,0,1.0
198,348,gaming,0,0,0,0,0.0
198,410,gaming,1,1,0,0,3.0
198,210,gaming,1,0,0,0,1.0
198,328,gaming,1,0,0,0,1.0
198,3,gaming,1,0,0,0,1.0
198,237,gaming,1,0,0,0,1.0
198,245,education,1,0,0,0,1.0
198,150,gaming,1,0,0,0,1.0
198,104,dance,1,1,0,0,3.0
198,205,comedy,1,0,0,0,1.0
198,436,dance,1,1,0,0,3.0
199,452,education,1,1,0,0,3.0
199,419,travel,1,0,0,0,1.0
199,135,education,1,1,0,0,3.0
199,0,sports,1,0,0,0,1.0
199,340,education,1,0,0,0,1.0
199,402,sports,1,0,0,0,1.0
199,91,sports,1,1,0,0,3.0
199,494,gaming,0,0,0,0,0.0
199,175,sports,1,0,0,0,1.0
199,432,education,1,0,0,0,1.0
199,86,gaming,0,0,0,0,0.0
199,345,gaming,1,0,0,0,1.0
200,179,gaming,1,1,1,0,7.0
200,464,cooking,1,1,0,0,3.0
200,406,gaming,0,0,0,0,0.0
200,271,sports,0,0,0,0,0.0
200,458,gaming,1,1,0,0,3.0
200,21,gaming,1,0,0,0,1.0
200,90,gaming,1,0,0,0,1.0
200,255,cooking,1,0,0,0,1.0
200,499,cooking,1,0,0,0,1.0
200,2,gaming,0,0,0,0,0.0
200,97,comedy,1,0,0,0,1.0
200,416,cooking,1,0,0,0,1.0
200,228,cooking,1,0,0,0,1.0
200,119,gaming,0,0,0,0,0.0
200,337,comedy,1,1,1,0,7.0
200,258,education,1,0,0,0,1.0
200,219,gaming,1,0,0,0,1.0
201,128,gaming,1,0,0,0,1.0
201,475,sports,0,0,0,0,0.0
201,174,gaming,0,0,0,0,0.0
201,207,education,1,1,0,0,3.0
201,100,education,1,0,0,0,1.0
201,215,music,1,0,0,0,1.0
201,382,education,1,0,0,0,1.0
201,126,music,1,0,0,0,1.0
202,350,dance,1,1,0,0,3.0
202,417,dance,1,0,0,0,1.0
202,158,gaming,1,0,0,0,1.0
202,451,gaming,1,0,0,0,1.0
202,26,dance,1,0,0,0,1.0
202,470,dance,1,0,0,0,1.0
202,462,sports,0,0,0,0,0.0
202,431,dance,0,0,0,0,0.0
202,324,gaming,1,0,0,0,1.0
202,315,dance,1,1,0,0,3.0
202,373,gaming,1,0,0,0,1.0
202,340,dance,1,0,0,0,1.0
202,339,gaming,1,0,0,0,1.0
202,392,dance,0,0,0,0,0.0
202,70,dance,1,1,0,0,3.0
202,336,dance,1,1,1,0,7.0
202,420,dance,1,0,0,1,4.0
203,398,comedy,1,0,0,0,1.0
203,102,travel,1,0,0,0,1.0
203,204,travel,1,0,0,0,1.0
203,132,gaming,1,0,0,0,1.0
203,407,comedy,1,1,1,0,7.0
203,307,sports,1,1,0,0,3.0
203,166,travel,1,1,1,0,7.0
203,313,travel,1,0,0,0,1.0
203,35,travel,0,0,0,0,0.0
203,333,travel,1,1,0,0,3.0
204,482,travel,0,0,0,0,0.0
204,435,travel,1,0,0,0,1.0
204,341,education,1,0,0,0,1.0
204,281,travel,1,1,0,0,3.0
204,208,travel,0,0,0,0,0.0
204,226,gaming,1,0,0,0,1.0
204,226,travel,1,1,1,0,7.0
205,498,dance,0,0,0,0,0.0
205,79,gaming,1,0,0,0,1.0
205,280,education,0,0,0,0,0.0
205,381,comedy,1,0,0,0,1.0
205,446,gaming,1,0,0,0,1.0
205,201,cooking,1,0,0,0,1.0
205,410,comedy,1,1,0,0,3.0
205,211,cooking,1,0,0,0,1.0
205,196,education,1,0,0,0,1.0
206,377,comedy,1,0,0,0,1.0
206,248,comedy,1,1,0,0,3.0
206,71,gaming,1,0,0,0,1.0
206,326,comedy,1,0,0,0,1.0
206,412,gaming,1,0,0,0,1.0
206,353,gaming,1,0,0,0,1.0
206,434,dance,1,1,0,0,3.0
206,107,dance,1,0,0,0,1.0
206,168,dance,1,0,0,0,1.0
206,70,gaming,1,0,0,0,1.0
206,124,comedy,1,1,0,0,3.0
206,377,dance,1,0,0,0,1.0
206,315,gaming,1,1,0,0,3.0
206,136,music,0,0,0,0,0.0
207,162,travel,0,0,0,0,0.0
207,44,cooking,0,0,0,0,0.0
207,246,music,1,0,0,0,1.0
207,404,music,1,0,0,0,1.0
207,431,travel,1,0,0,0,1.0
207,237,cooking,0,0,0,0,0.0
207,298,travel,1,1,1,0,7.0
207,75,education,1,0,0,0,1.0
207,306,education,1,0,0,1,4.0
207,409,dance,0,0,0,0,0.0
207,296,dance,1,0,0,0,1.0
207,10,music,1,0,0,0,1.0
208,97,dance,1,1,0,0,3.0
208,156,sports,1,1,0,0,3.0
208,109,gaming,0,0,0,0,0.0
208,264,dance,1,0,0,0,1.0
208,54,dance,1,0,0,0,1.0
208,140,comedy,1,1,0,1,6.0
208,370,dance,1,0,0,0,1.0
208,352,sports,0,0,0,0,0.0
208,159,sports,1,1,0,0,3.0
208,114,cooking,0,0,0,0,0.0
209,284,travel,1,0,0,0,1.0
209,90,gaming,1,0,0,1,4.0
209,4,comedy,0,0,0,0,0.0
209,113,education,0,0,0,0,0.0
209,33,education,1,0,0,0,1.0
209,135,dance,1,0,0,0,1.0
209,11,comedy,1,1,0,0,3.0
209,219,education,1,0,0,0,1.0
209,276,dance,0,0,0,0,0.0
209,369,dance,1,0,0,0,1.0
209,29,dance,1,0,0,0,1.0
209,109,dance,1,0,0,0,1.0
210,102,cooking,1,1,0,0,3.0
210,44,travel,1,0,0,0,1.0
210,163,gaming,0,0,0,0,0.0
210,428,cooking,1,1,0,0,3.0
210,433,comedy,1,0,0,0,1.0
210,490,cooking,1,0,0,0,1.0
210,176,education,1,0,0,0,1.0
210,305,comedy,0,0,0,0,0.0
210,18,gaming,1,0,0,0,1.0
210,352,travel,1,1,0,0,3.0
210,497,cooking,1,0,0,0,1.0
211,19,comedy,1,0,0,0,1.0
211,408,sports,1,0,0,0,1.0
211,266,dance,1,0,0,0,1.0
211,18,comedy,1,0,0,0,1.0
211,29,sports,0,0,0,0,0.0
211,362,dance,1,1,0,0,3.0
211,297,comedy,1,0,0,0,1.0
212,193,education,1,0,0,0,1.0
212,437,travel,1,0,0,0,1.0
212,374,music,0,0,0,0,0.0
212,367,education,1,0,0,0,1.0
212,403,education,1,1,0,0,3.0
212,373,education,1,0,0,0,1.0
212,341,education,0,0,0,0,0.0
212,202,music,1,0,0,0,1.0
212,104,gaming,1,0,0,0,1.0
212,151,education,1,0,0,0,1.0
212,95,music,1,0,0,0,1.0
212,465,education,0,0,0,0,0.0
212,288,gaming,1,1,0,0,3.0
212,16,education,0,0,0,0,0.0
213,153,music,0,0,0,0,0.0
213,171,education,0,0,0,0,0.0
213,167,music,1,0,0,0,1.0
213,130,education,1,1,0,0,3.0
213,270,education,1,1,0,0,3.0
213,292,music,1,1,0,0,3.0
213,8,sports,0,0,0,0,0.0
213,277,dance,0,0,0,0,0.0
213,361,dance,0,0,0,0,0.0
213,27,music,1,0,0,0,1.0
213,489,dance,1,0,0,0,1.0
213,243,cooking,1,0,0,0,1.0
213,22,sports,0,0,0,0,0.0
213,148,cooking,0,0,0,0,0.0
214,357,travel,0,0,0,0,0.0
214,313,sports,0,0,0,0,0.0
214,424,dance,1,0,0,0,1.0
214,333,sports,1,0,0,0,1.0
214,402,travel,1,0,0,0,1.0
214,413,travel,1,0,0,0,1.0
214,456,sports,1,0,0,0,1.0
214,389,travel,0,0,0,0,0.0
214,135,sports,1,1,0,0,3.0
214,305,sports,0,0,0,0,0.0
214,94,comedy,1,0,0,0,1.0
214,186,travel,1,0,0,0,1.0
215,9,gaming,1,0,0,0,1.0
215,326,gaming,1,0,0,0,1.0
215,279,gaming,1,1,0,0,3.0
215,289,gaming,1,0,0,0,1.0
215,52,travel,0,0,0,0,0.0
215,330,gaming,1,0,0,1,4.0
215,352,travel,1,0,0,0,1.0
215,468,gaming,1,0,0,0,1.0
215,310,travel,1,0,0,0,1.0
215,328,music,1,0,0,0,1.0
215,294,gaming,1,0,0,0,1.0
215,365,music,1,0,0,0,1.0
215,264,gaming,1,1,1,0,7.0
216,197,dance,1,0,0,0,1.0
216,82,sports,1,0,0,0,1.0
216,194,dance,1,0,0,0,1.0
216,334,music,0,0,0,0,0.0
216,99,gaming,1,1,0,0,3.0
216,485,sports,1,0,0,0,1.0
216,348,gaming,1,0,0,1,4.0
217,329,travel,1,0,0,0,1.0
217,238,travel,0,0,0,0,0.0
217,409,dance,1,0,0,0,1.0
217,414,sports,1,0,0,0,1.0
217,325,comedy,1,0,0,0,1.0
217,253,dance,0,0,0,0,0.0
217,228,travel,0,0,0,0,0.0
217,311,cooking,0,0,0,0,0.0
217,140,cooking,1,1,0,0,3.0
217,141,cooking,1,0,0,0,1.0
217,44,sports,0,0,0,0,0.0
217,65,travel,1,0,0,0,1.0
217,122,music,1,1,0,1,6.0
217,320,music,1,1,0,0,3.0
217,400,cooking,0,0,0,0,0.0
217,491,sports,1,0,0,0,1.0
218,34,dance,1,1,0,0,3.0
218,249,music,1,0,0,0,1.0
218,257,music,1,0,0,0,1.0
218,243,education,1,0,0,0,1.0
218,220,music,1,1,0,0,3.0
218,244,dance,1,0,0,0,1.0
218,291,music,1,0,0,0,1.0
218,237,comedy,0,0,0,0,0.0
218,418,travel,1,0,0,0,1.0
219,379,music,1,0,0,0,1.0
219,40,music,1,0,0,0,1.0
219,322,gaming,1,0,0,0,1.0
219,211,education,1,1,0,0,3.0
219,273,music,0,0,0,0,0.0
219,373,music,1,1,0,1,6.0
220,131,travel,0,0,0,0,0.0
220,458,music,1,1,0,0,3.0
220,344,sports,1,0,0,0,1.0
220,324,sports,1,0,0,0,1.0
220,156,comedy,0,0,0,0,0.0
220,185,comedy,1,0,0,0,1.0
220,27,sports,1,1,0,0,3.0
220,359,comedy,1,0,0,0,1.0
220,346,comedy,1,1,0,0,3.0
220,33,gaming,1,1,0,0,3.0
220,358,travel,1,0,0,0,1.0
220,90,dance,1,0,0,0,1.0
221,219,cooking,0,0,0,0,0.0
221,219,music,1,0,0,0,1.0
221,91,music,1,0,0,0,1.0
221,372,cooking,1,0,0,0,1.0
221,221,cooking,1,0,0,0,1.0
221,217,travel,1,1,0,0,3.0
221,284,music,1,0,0,0,1.0
221,74,cooking,0,0,0,0,0.0
221,189,music,1,0,0,0,1.0
221,20,comedy,0,0,0,0,0.0
221,86,sports,0,0,0,0,0.0
222,490,cooking,1,1,0,0,3.0
222,33,cooking,1,1,0,0,3.0
222,440,dance,1,1,0,0,3.0
222,161,cooking,1,1,0,0,3.0
222,192,dance,1,1,0,0,3.0
222,496,gaming,1,0,0,0,1.0
222,408,comedy,1,0,0,0,1.0
222,389,cooking,1,0,0,0,1.0
222,63,cooking,1,0,0,0,1.0
222,120,gaming,1,0,0,0,1.0
222,449,sports,0,0,0,0,0.0
223,444,education,0,0,0,0,0.0
223,262,dance,1,0,0,0,1.0
223,80,dance,0,0,0,0,0.0
223,304,cooking,1,0,0,0,1.0
223,377,gaming,0,0,0,0,0.0
223,270,cooking,1,0,0,0,1.0
223,438,gaming,0,0,0,0,0.0
223,383,education,1,0,0,0,1.0
223,487,comedy,0,0,0,0,0.0
223,360,sports,1,0,0,0,1.0
224,432,music,1,0,0,0,1.0
224,325,education,1,0,0,0,1.0
224,30,music,1,0,0,0,1.0
224,367,comedy,1,0,0,0,1.0
224,169,dance,1,0,0,0,1.0
224,200,comedy,0,0,0,0,0.0
224,299,music,1,0,0,0,1.0
224,266,sports,0,0,0,0,0.0
224,125,music,1,1,0,1,6.0
224,11,comedy,1,0,0,0,1.0
224,42,dance,1,1,0,0,3.0
224,187,music,0,0,0,0,0.0
225,369,comedy,1,0,0,0,1.0
225,441,cooking,1,0,0,1,4.0
225,242,dance,1,0,0,0,1.0
225,159,music,0,0,0,0,0.0
225,195,cooking,1,0,0,0,1.0
225,157,comedy,0,0,0,0,0.0
225,54,sports,1,0,0,0,1.0
226,143,sports,1,1,0,0,3.0
226,406,sports,1,0,0,0,1.0
226,93,gaming,1,0,0,0,1.0
226,479,education,1,1,0,0,3.0
226,349,dance,0,0,0,0,0.0
226,416,gaming,0,0,0,0,0.0
226,143,dance,1,1,0,0,3.0
226,403,gaming,1,1,1,0,7.0
226,300,sports,1,0,0,1,4.0
226,446,gaming,1,0,0,0,1.0
227,451,comedy,0,0,0,0,0.0
227,192,dance,1,0,0,0,1.0
227,42,sports,1,0,0,0,1.0
227,83,education,0,0,0,0,0.0
227,19,gaming,1,0,0,1,4.0
227,405,travel,1,1,0,0,3.0
227,396,travel,1,1,0,0,3.0
227,340,education,1,0,0,0,1.0
227,265,education,0,0,0,0,0.0
228,394,sports,1,1,0,0,3.0
228,175,travel,1,0,0,0,1.0
228,54,travel,0,0,0,0,0.0
228,152,sports,1,0,0,0,1.0
228,36,travel,1,0,0,0,1.0
228,261,comedy,1,1,0,0,3.0
228,190,comedy,1,1,0,0,3.0
228,160,sports,0,0,0,0,0.0
228,468,travel,1,0,0,0,1.0
229,92,comedy,1,0,0,0,1.0
229,180,travel,1,1,0,0,3.0
229,261,cooking,1,1,0,0,3.0
229,367,dance,1,0,0,0,1.0
229,256,education,1,0,0,0,1.0
229,186,sports,1,1,0,0,3.0
230,447,music,1,0,0,0,1.0
230,202,comedy,1,0,0,0,1.0
230,394,sports,1,1,0,0,3.0
230,73,music,1,0,0,1,4.0
230,48,sports,1,1,0,0,3.0
230,132,education,1,0,0,0,1.0
231,468,comedy,1,0,0,0,1.0
231,261,sports,1,1,0,0,3.0
231,129,dance,1,0,0,0,1.0
231,207,travel,1,0,0,0,1.0
231,146,cooking,0,0,0,0,0.0
231,412,music,1,0,0,0,1.0
232,117,cooking,1,0,0,0,1.0
232,116,dance,1,1,0,0,3.0
232,173,dance,1,0,0,0,1.0
232,405,comedy,1,0,0,0,1.0
232,340,education,1,0,0,0,1.0
232,160,education,1,0,0,0,1.0
232,236,education,1,0,0,0,1.0
232,321,sports,0,0,0,0,0.0
232,120,education,1,0,0,0,1.0
233,398,comedy,1,0,0,0,1.0
233,158,travel,1,0,0,0,1.0
233,492,comedy,1,0,0,0,1.0
233,335,cooking,1,0,0,0,1.0
233,313,travel,1,0,0,0,1.0
233,317,cooking,0,0,0,0,0.0
233,39,comedy,1,0,0,0,1.0
233,289,comedy,1,0,0,0,1.0
233,275,dance,1,0,0,0,1.0
233,377,comedy,1,0,0,0,1.0
233,187,dance,1,0,0,0,1.0
233,495,dance,1,0,0,0,1.0
233,63,dance,1,0,0,0,1.0
233,220,dance,1,0,0,0,1.0
233,491,comedy,1,0,0,0,1.0
233,237,comedy,1,1,0,0,3.0
234,354,sports,1,0,0,0,1.0
234,253,dance,0,0,0,0,0.0
234,395,gaming,1,1,0,0,3.0
234,11,cooking,1,0,0,0,1.0
234,110,music,1,0,0,0,1.0
234,486,dance,0,0,0,0,0.0
234,128,music,1,1,0,0,3.0
234,206,comedy,1,1,0,0,3.0
234,165,education,1,1,0,0,3.0
234,99,education,0,0,0,0,0.0
234,292,education,1,0,0,0,1.0
234,487,education,0,0,0,0,0.0
234,122,dance,1,1,0,0,3.0
234,152,education,1,1,0,0,3.0
234,427,comedy,0,0,0,0,0.0
234,20,comedy,0,0,0,0,0.0
234,287,dance,1,0,0,0,1.0
234,168,cooking,1,0,0,0,1.0
234,353,music,1,0,0,0,1.0
235,433,education,1,0,0,0,1.0
235,89,comedy,1,0,0,0,1.0
235,444,sports,1,0,0,0,1.0
235,159,comedy,1,0,0,0,1.0
235,393,sports,1,0,0,0,1.0
235,258,education,1,1,0,1,6.0
235,456,sports,0,0,0,0,0.0
235,398,comedy,1,1,0,0,3.0
236,97,comedy,1,0,0,0,1.0
236,450,dance,1,0,0,0,1.0
236,333,comedy,0,0,0,0,0.0
236,12,cooking,1,1,0,0,3.0
236,189,comedy,1,1,0,0,3.0
236,268,comedy,1,0,0,0,1.0
236,93,comedy,0,0,0,0,0.0
236,422,travel,0,0,0,0,0.0
236,137,comedy,1,0,0,0,1.0
236,246,comedy,1,0,0,1,4.0
236,1,sports,1,0,0,0,1.0
236,473,dance,1,0,0,1,4.0
237,236,dance,0,0,0,0,0.0
237,337,travel,1,0,0,0,1.0
237,34,music,1,0,0,0,1.0
237,205,dance,1,1,0,0,3.0
237,65,dance,0,0,0,0,0.0
237,458,music,1,1,0,0,3.0
237,281,travel,1,0,0,0,1.0
237,395,sports,1,0,0,0,1.0
238,263,gaming,1,1,0,0,3.0
238,412,education,1,0,0,0,1.0
238,480,dance,0,0,0,0,0.0
238,398,gaming,0,0,0,0,0.0
238,165,gaming,1,0,0,0,1.0
238,247,dance,1,0,0,0,1.0
238,46,comedy,0,0,0,0,0.0
238,229,education,1,0,0,0,1.0
238,369,education,1,0,0,0,1.0
239,350,sports,1,0,0,0,1.0
239,362,dance,1,0,0,0,1.0
239,225,dance,1,1,1,1,10.0
239,168,sports,1,0,0,0,1.0
239,263,travel,1,0,0,0,1.0
239,478,dance,1,1,0,0,3.0
239,244,sports,1,0,0,0,1.0
239,383,music,1,0,0,0,1.0
239,287,dance,1,0,0,0,1.0
239,155,dance,1,0,0,0,1.0
239,155,dance,1,0,0,0,1.0
239,258,dance,1,0,0,0,1.0
239,499,dance,0,0,0,0,0.0
240,211,dance,1,0,0,0,1.0
240,53,travel,1,0,0,0,1.0
240,287,dance,1,1,0,1,6.0
240,455,education,1,1,0,0,3.0
240,182,music,1,1,0,0,3.0
240,76,gaming,0,0,0,0,0.0
241,356,dance,0,0,0,0,0.0
241,192,gaming,1,0,0,0,1.0
241,167,dance,1,0,0,0,1.0
241,247,gaming,1,0,0,0,1.0
241,158,gaming,1,0,0,0,1.0
241,45,dance,1,0,0,0,1.0
241,78,cooking,1,0,0,0,1.0
241,101,travel,1,1,0,0,3.0
241,10,gaming,1,0,0,0,1.0
241,118,gaming,1,0,0,0,1.0
241,206,education,1,1,0,0,3.0
242,129,gaming,1,1,0,0,3.0
242,82,comedy,1,0,0,0,1.0
242,116,education,1,0,0,0,1.0
242,421,education,1,0,0,0,1.0
242,366,gaming,1,0,0,0,1.0
242,51,gaming,1,0,0,0,1.0
242,48,education,1,1,0,0,3.0
242,21,travel,1,1,0,0,3.0
243,329,education,0,0,0,0,0.0
243,222,cooking,1,0,0,0,1.0
243,302,sports,1,0,0,0,1.0
243,27,cooking,1,0,0,0,1.0
243,454,education,0,0,0,0,0.0
243,387,dance,1,0,0,0,1.0
243,210,dance,1,0,0,0,1.0
243,154,sports,0,0,0,0,0.0
243,410,comedy,0,0,0,0,0.0
243,466,cooking,1,1,0,0,3.0
244,265,education,1,0,0,0,1.0
244,239,education,1,0,0,0,1.0
244,396,comedy,1,0,0,0,1.0
244,8,comedy,1,0,0,0,1.0
244,53,education,0,0,0,0,0.0
244,94,travel,1,0,0,0,1.0
244,135,education,1,0,0,0,1.0
244,42,sports,1,0,0,0,1.0
244,370,education,1,1,0,0,3.0
244,49,education,1,0,0,0,1.0
244,117,travel,1,0,0,0,1.0
245,116,comedy,1,0,0,0,1.0
245,424,sports,1,0,0,0,1.0
245,189,education,1,0,0,0,1.0
245,6,sports,0,0,0,0,0.0
245,295,cooking,1,1,0,0,3.0
245,487,gaming,1,0,0,0,1.0
245,434,sports,1,1,1,0,7.0
245,394,music,1,0,0,0,1.0
246,376,gaming,1,0,0,0,1.0
246,67,dance,1,1,0,0,3.0
246,140,gaming,1,0,0,0,1.0
246,194,gaming,1,0,0,0,1.0
246,148,cooking,1,1,0,0,3.0
246,165,sports,1,0,0,0,1.0
246,26,sports,0,0,0,0,0.0
246,43,sports,1,0,0,0,1.0
246,226,dance,1,0,0,0,1.0
246,10,sports,0,0,0,0,0.0
246,147,gaming,1,1,0,1,6.0
246,57,gaming,1,0,0,0,1.0
246,88,cooking,1,1,0,0,3.0
246,118,cooking,1,0,0,0,1.0
246,59,sports,0,0,0,0,0.0
247,413,dance,0,0,0,0,0.0
247,310,gaming,1,0,0,0,1.0
247,179,sports,1,0,0,1,4.0
247,11,gaming,0,0,0,0,0.0
247,346,cooking,0,0,0,0,0.0
247,196,education,1,0,0,0,1.0
247,341,education,1,0,0,0,1.0
247,404,sports,0,0,0,0,0.0
247,313,travel,1,0,0,0,1.0
247,123,education,1,1,0,0,3.0
247,278,cooking,1,0,0,0,1.0
247,302,cooking,0,0,0,0,0.0
247,497,cooking,0,0,0,0,0.0
247,441,cooking,1,0,0,1,4.0
247,398,cooking,1,1,1,0,7.0
248,299,travel,1,0,0,0,1.0
248,209,education,1,1,0,0,3.0
248,10,travel,1,0,0,0,1.0
248,249,cooking,1,0,0,0,1.0
248,238,travel,1,0,0,0,1.0
248,75,cooking,1,1,1,0,7.0
248,362,education,1,0,0,0,1.0
248,399,education,1,0,0,0,1.0
248,63,cooking,0,0,0,0,0.0
248,88,education,1,1,0,0,3.0
248,297,education,1,0,0,0,1.0
249,278,education,0,0,0,0,0.0
249,440,education,1,0,0,0,1.0
249,154,education,1,0,0,1,4.0
249,57,music,1,0,0,0,1.0
249,412,gaming,0,0,0,0,0.0
249,302,music,1,0,0,0,1.0
249,234,sports,1,0,0,0,1.0
249,248,cooking,1,1,1,0,7.0
249,279,gaming,1,0,0,0,1.0
249,309,music,1,0,0,0,1.0
249,30,education,0,0,0,0,0.0
249,245,gaming,1,0,0,0,1.0
250,338,gaming,0,0,0,0,0.0
250,281,education,1,0,0,0,1.0
250,215,sports,1,0,0,0,1.0
250,441,gaming,1,0,0,1,4.0
250,139,cooking,1,0,0,0,1.0
250,81,cooking,1,1,0,0,3.0
251,183,travel,1,0,0,0,1.0
251,49,education,1,1,0,1,6.0
251,93,comedy,1,0,0,0,1.0
251,204,gaming,1,0,0,0,1.0
251,387,music,1,0,0,0,1.0
251,355,music,0,0,0,0,0.0
251,350,music,1,0,0,0,1.0
251,274,cooking,1,0,0,0,1.0
251,79,music,1,0,0,0,1.0
251,239,dance,1,1,0,0,3.0
251,144,travel,1,1,0,0,3.0
252,374,comedy,0,0,0,0,0.0
252,227,travel,1,1,0,0,3.0
252,170,sports,1,0,0,0,1.0
252,128,sports,0,0,0,0,0.0
252,347,music,1,0,0,0,1.0
252,105,comedy,1,1,0,0,3.0
252,244,music,0,0,0,0,0.0
252,428,comedy,1,0,0,0,1.0
253,89,sports,0,0,0,0,0.0
253,318,sports,1,0,0,0,1.0
253,219,dance,1,1,0,0,3.0
253,0,sports,1,0,0,0,1.0
253,355,dance,1,1,0,0,3.0
253,435,sports,1,0,0,0,1.0
253,342,sports,1,1,0,0,3.0
253,343,education,1,0,0,0,1.0
253,449,sports,1,0,0,0,1.0
254,99,comedy,1,0,0,0,1.0
254,249,education,0,0,0,0,0.0
254,28,comedy,1,0,0,0,1.0
254,322,sports,0,0,0,0,0.0
254,304,comedy,1,0,0,0,1.0
254,318,comedy,1,1,0,0,3.0
254,318,dance,1,0,0,1,4.0
254,341,comedy,1,0,0,0,1.0
254,248,comedy,1,1,0,0,3.0
254,298,comedy,0,0,0,0,0.0
254,129,education,1,0,0,0,1.0
254,456,education,1,1,1,0,7.0
255,223,dance,1,1,0,0,3.0
255,237,dance,0,0,0,0,0.0
255,399,cooking,1,1,0,0,3.0
255,210,gaming,1,0,0,0,1.0
255,309,cooking,1,1,0,0,3.0
255,68,gaming,0,0,0,0,0.0
255,344,cooking,1,1,0,0,3.0
255,163,music,1,0,0,0,1.0
255,353,sports,1,0,0,0,1.0
255,203,comedy,1,0,0,0,1.0
255,493,gaming,1,0,0,0,1.0
255,187,gaming,1,0,0,0,1.0
255,336,cooking,0,0,0,0,0.0
255,387,education,1,0,0,0,1.0
256,367,travel,1,0,0,0,1.0
256,279,travel,1,0,0,0,1.0
256,77,cooking,1,1,1,0,7.0
256,425,cooking,1,0,0,0,1.0
256,219,sports,1,0,0,0,1.0
256,443,cooking,1,1,0,0,3.0
257,234,cooking,0,0,0,0,0.0
257,309,sports,1,1,0,0,3.0
257,152,education,1,0,0,0,1.0
257,20,cooking,0,0,0,0,0.0
258,429,comedy,1,1,0,0,3.0
258,314,music,1,1,0,0,3.0
258,266,comedy,0,0,0,0,0.0
258,1,travel,1,0,0,0,1.0
258,188,education,1,0,0,0,1.0
258,33,gaming,1,0,0,0,1.0
258,61,comedy,1,0,0,0,1.0
259,104,comedy,1,0,0,0,1.0
259,261,travel,1,1,0,0,3.0
259,359,comedy,1,0,0,0,1.0
259,383,gaming,0,0,0,0,0.0
259,123,sports,1,1,0,0,3.0
259,315,travel,1,0,0,1,4.0
259,441,sports,1,0,0,0,1.0
259,221,gaming,0,0,0,0,0.0
259,176,travel,1,0,0,0,1.0
259,87,travel,1,0,0,0,1.0
259,437,education,1,0,0,0,1.0
259,21,travel,1,0,0,0,1.0
259,358,travel,1,1,0,0,3.0
259,470,travel,1,0,0,0,1.0
260,273,sports,1,1,0,0,3.0
260,129,sports,1,0,0,0,1.0
260,102,cooking,1,0,0,0,1.0
260,7,gaming,1,1,0,0,3.0
260,206,sports,1,0,0,0,1.0
260,499,education,1,0,0,0,1.0
260,316,music,1,0,0,0,1.0
260,495,gaming,1,0,0,0,1.0
260,490,sports,1,0,0,0,1.0
261,78,gaming,1,1,0,1,6.0
261,97,gaming,1,0,0,0,1.0
261,407,gaming,1,0,0,0,1.0
261,188,sports,1,0,0,0,1.0
261,120,education,0,0,0,0,0.0
261,327,gaming,1,0,0,0,1.0
261,58,gaming,1,0,0,0,1.0
261,51,dance,1,0,0,0,1.0
261,251,dance,1,1,0,0,3.0
261,209,dance,1,1,0,0,3.0
261,70,dance,1,0,0,0,1.0
262,324,education,1,0,0,0,1.0
262,400,music,1,0,0,0,1.0
262,173,dance,0,0,0,0,0.0
262,462,cooking,0,0,0,0,0.0
262,496,music,0,0,0,0,0.0
263,229,cooking,1,0,0,0,1.0
263,109,music,1,0,0,0,1.0
263,242,dance,1,0,0,0,1.0
263,260,music,1,1,0,0,3.0
263,210,dance,1,1,1,0,7.0
263,318,sports,1,0,0,0,1.0
263,50,cooking,1,0,0,0,1.0
264,369,cooking,1,0,0,0,1.0
264,21,comedy,1,1,1,0,7.0
264,498,dance,1,0,0,0,1.0
264,445,gaming,1,0,0,0,1.0
264,241,gaming,1,0,0,0,1.0
265,362,travel,1,0,0,0,1.0
265,354,education,1,0,0,0,1.0
265,286,music,1,0,0,0,1.0
265,17,music,1,1,0,0,3.0
265,281,gaming,1,0,0,0,1.0
265,228,music,1,0,0,1,4.0
265,227,education,1,0,0,0,1.0
265,475,music,1,0,0,0,1.0
265,77,travel,1,1,0,0,3.0
265,286,education,1,1,0,0,3.0
265,113,music,1,1,0,0,3.0
265,152,dance,1,1,0,0,3.0
266,342,dance,1,1,0,0,3.0
266,494,gaming,1,1,0,0,3.0
266,193,travel,1,1,1,0,7.0
266,243,cooking,0,0,0,0,0.0
266,210,comedy,1,1,0,0,3.0
266,406,music,1,0,0,0,1.0
266,136,gaming,0,0,0,0,0.0
266,447,gaming,1,0,0,0,1.0
266,495,gaming,1,0,0,0,1.0
266,264,cooking,1,0,0,0,1.0
266,402,dance,1,0,0,0,1.0
267,385,cooking,1,0,0,0,1.0
267,20,cooking,1,1,0,0,3.0
267,452,sports,1,0,0,0,1.0
267,424,comedy,1,1,0,0,3.0
267,210,travel,1,1,0,0,3.0
267,206,music,1,1,1,0,7.0
267,209,travel,1,0,0,0,1.0
267,230,sports,1,0,0,0,1.0
267,461,sports,0,0,0,0,0.0
268,170,comedy,1,0,0,0,1.0
268,9,education,1,0,0,0,1.0
268,390,comedy,1,0,0,0,1.0
268,272,comedy,1,0,0,0,1.0
268,45,comedy,0,0,0,0,0.0
268,123,cooking,1,0,0,0,1.0
268,485,dance,1,0,0,0,1.0
268,29,cooking,1,1,0,0,3.0
268,124,cooking,1,0,0,0,1.0
268,23,music,0,0,0,0,0.0
268,93,comedy,1,0,0,0,1.0
269,112,comedy,1,1,1,0,7.0
269,84,dance,1,0,0,0,1.0
269,461,comedy,1,0,0,0,1.0
269,99,comedy,1,0,0,0,1.0
269,303,dance,0,0,0,0,0.0
269,195,comedy,1,0,0,0,1.0
269,411,dance,1,0,0,0,1.0
269,387,comedy,1,1,0,0,3.0
269,341,travel,1,0,0,0,1.0
269,233,comedy,1,0,0,0,1.0
269,94,comedy,0,0,0,0,0.0
270,454,cooking,1,0,0,1,4.0
270,268,travel,0,0,0,0,0.0
270,188,cooking,1,1,0,0,3.0
270,92,sports,1,0,0,0,1.0
270,472,sports,1,0,0,0,1.0
270,211,travel,1,0,0,0,1.0
270,364,cooking,1,0,0,0,1.0
270,468,cooking,1,1,1,0,7.0
270,381,cooking,0,0,0,0,0.0
270,299,comedy,0,0,0,0,0.0
270,51,sports,1,0,0,0,1.0
270,272,sports,1,0,0,0,1.0
270,453,education,0,0,0,0,0.0
271,221,gaming,0,0,0,0,0.0
271,62,education,1,0,0,0,1.0
271,310,education,0,0,0,0,0.0
271,122,gaming,1,0,0,1,4.0
271,335,dance,1,0,0,0,1.0
272,291,sports,1,0,0,0,1.0
272,477,gaming,1,1,0,0,3.0
272,135,comedy,1,0,0,0,1.0
272,265,comedy,1,1,0,0,3.0
272,29,education,1,0,0,0,1.0
272,186,education,1,0,0,0,1.0
272,283,gaming,0,0,0,0,0.0
272,258,music,1,0,0,0,1.0
272,367,sports,1,0,0,0,1.0
272,499,comedy,1,1,0,0,3.0
273,278,sports,1,1,0,0,3.0
273,61,education,1,0,0,0,1.0
273,340,dance,1,0,0,0,1.0
273,409,sports,0,0,0,0,0.0
273,202,education,1,0,0,1,4.0
273,229,comedy,1,0,0,0,1.0
273,376,gaming,1,0,0,0,1.0
273,278,gaming,0,0,0,0,0.0
273,284,education,1,0,0,0,1.0
273,54,sports,1,0,0,0,1.0
273,31,education,0,0,0,0,0.0
274,198,gaming,1,0,0,0,1.0
274,358,music,1,0,0,0,1.0
274,294,cooking,1,1,0,0,3.0
274,358,cooking,1,0,0,0,1.0
274,212,cooking,0,0,0,0,0.0
274,306,cooking,1,0,0,0,1.0
274,57,dance,0,0,0,0,0.0
274,352,cooking,1,0,0,0,1.0
274,246,cooking,1,0,0,0,1.0
274,418,cooking,1,1,0,0,3.0
274,455,comedy,0,0,0,0,0.0
274,467,dance,1,0,0,0,1.0
274,252,dance,1,0,0,0,1.0
274,142,dance,1,0,0,0,1.0
274,23,comedy,0,0,0,0,0.0
274,410,music,1,0,0,0,1.0
274,50,dance,1,0,0,0,1.0
275,419,dance,1,1,0,0,3.0
275,72,gaming,1,1,0,0,3.0
275,452,music,1,0,0,0,1.0
275,36,cooking,1,0,0,0,1.0
275,52,dance,1,0,0,0,1.0
275,48,dance,1,1,0,0,3.0
275,251,cooking,1,0,0,0,1.0
276,424,education,1,1,0,0,3.0
276,294,cooking,1,0,0,1,4.0
276,47,sports,1,0,0,0,1.0
276,380,comedy,1,0,0,0,1.0
276,134,travel,1,0,0,0,1.0
276,187,cooking,0,0,0,0,0.0
276,161,education,1,1,0,0,3.0
276,480,travel,1,0,0,0,1.0
276,274,gaming,1,0,0,0,1.0
276,243,cooking,1,0,0,0,1.0
276,398,gaming,1,0,0,0,1.0
276,232,sports,1,0,0,0,1.0
276,63,cooking,1,0,0,0,1.0
276,88,cooking,1,1,0,0,3.0
276,313,cooking,1,0,0,0,1.0
276,227,cooking,1,0,0,0,1.0
277,4,education,1,1,0,0,3.0
277,205,gaming,1,1,0,0,3.0
277,143,cooking,1,0,0,0,1.0
277,260,cooking,1,0,0,0,1.0
277,129,education,1,0,0,0,1.0
277,180,education,1,0,0,0,1.0
277,369,education,1,0,0,0,1.0
277,29,dance,1,0,0,0,1.0
277,412,music,0,0,0,0,0.0
277,367,music,1,1,0,0,3.0
277,437,dance,0,0,0,0,0.0
278,296,travel,0,0,0,0,0.0
278,484,sports,1,0,0,0,1.0
278,280,music,1,0,0,0,1.0
278,485,cooking,1,0,0,0,1.0
278,348,travel,1,0,0,0,1.0
278,313,travel,1,1,0,0,3.0
278,29,travel,1,0,0,0,1.0
278,246,comedy,1,1,0,0,3.0
278,270,music,1,0,0,0,1.0
278,147,music,1,0,0,0,1.0
278,76,travel,1,0,0,0,1.0
278,11,sports,0,0,0,0,0.0
278,380,cooking,0,0,0,0,0.0
278,253,education,1,0,0,0,1.0
279,377,dance,1,1,0,0,3.0
279,223,sports,1,1,0,0,3.0
279,234,music,1,0,0,0,1.0
279,279,dance,1,0,0,0,1.0
279,456,education,1,0,0,0,1.0
279,52,sports,0,0,0,0,0.0
279,39,cooking,0,0,0,0,0.0
279,24,music,1,0,0,0,1.0
279,323,music,1,0,0,0,1.0
280,131,music,1,0,0,0,1.0
280,87,sports,1,1,0,0,3.0
280,452,sports,1,0,0,0,1.0
280,40,music,0,0,0,0,0.0
280,295,music,1,0,0,0,1.0
280,297,cooking,1,0,0,1,4.0
280,240,cooking,1,0,0,0,1.0
280,90,sports,1,1,0,0,3.0
280,484,sports,1,1,0,0,3.0
280,267,music,1,0,0,0,1.0
280,192,cooking,1,0,0,0,1.0
280,334,dance,1,1,0,0,3.0
281,339,music,1,0,0,0,1.0
281,232,sports,0,0,0,0,0.0
281,170,sports,1,0,0,0,1.0
281,62,sports,0,0,0,0,0.0
281,437,music,0,0,0,0,0.0
281,307,dance,0,0,0,0,0.0
281,104,travel,0,0,0,0,0.0
281,114,sports,1,0,0,0,1.0
281,387,music,1,0,0,0,1.0
282,253,gaming,1,0,0,0,1.0
282,80,travel,1,0,0,0,1.0
282,68,travel,1,0,0,0,1.0
282,167,gaming,0,0,0,0,0.0
282,287,travel,1,0,0,0,1.0
282,281,cooking,0,0,0,0,0.0
282,268,music,1,0,0,1,4.0
282,311,education,1,0,0,0,1.0
283,167,sports,1,0,0,0,1.0
283,441,education,1,0,0,0,1.0
283,206,education,1,0,0,0,1.0
283,8,cooking,1,0,0,0,1.0
283,471,cooking,1,0,0,0,1.0
283,173,dance,1,1,0,0,3.0
283,213,comedy,1,0,0,0,1.0
283,244,dance,1,0,0,0,1.0
284,388,travel,1,0,0,0,1.0
284,39,education,1,1,0,0,3.0
284,338,comedy,1,0,0,0,1.0
284,66,gaming,1,1,0,0,3.0
284,346,travel,0,0,0,0,0.0
284,7,education,0,0,0,0,0.0
284,71,dance,1,0,0,0,1.0
284,21,education,0,0,0,0,0.0
284,235,education,1,0,0,0,1.0
284,429,music,1,0,0,0,1.0
285,198,education,1,1,0,0,3.0
285,247,travel,0,0,0,0,0.0
285,30,travel,1,1,0,0,3.0
285,235,music,1,0,0,0,1.0
285,210,travel,1,0,0,1,4.0
285,19,education,1,0,0,0,1.0
285,51,comedy,1,0,0,0,1.0
285,273,gaming,1,1,0,0,3.0
286,262,cooking,1,0,0,0,1.0
286,30,education,1,1,0,0,3.0
286,179,sports,1,0,0,0,1.0
286,173,cooking,1,0,0,0,1.0
286,131,dance,1,1,0,0,3.0
286,195,cooking,0,0,0,0,0.0
286,100,cooking,1,0,0,0,1.0
286,89,education,1,0,0,0,1.0
286,441,cooking,1,1,0,0,3.0
286,303,dance,0,0,0,0,0.0
286,459,cooking,1,0,0,0,1.0
286,374,education,0,0,0,0,0.0
286,65,dance,1,1,1,0,7.0
287,24,music,1,1,0,0,3.0
287,123,music,0,0,0,0,0.0
287,52,cooking,1,0,0,0,1.0
287,372,cooking,1,1,1,0,7.0
287,311,dance,1,0,0,0,1.0
287,226,sports,0,0,0,0,0.0
287,250,cooking,1,1,0,0,3.0
287,233,sports,0,0,0,0,0.0
287,496,cooking,1,0,0,0,1.0
288,345,sports,1,0,0,0,1.0
288,458,dance,1,0,0,0,1.0
288,416,cooking,0,0,0,0,0.0
288,4,dance,1,1,0,0,3.0
288,353,gaming,1,1,0,0,3.0
288,132,gaming,1,0,0,0,1.0
288,307,gaming,0,0,0,0,0.0
288,446,sports,1,0,0,0,1.0
288,4,gaming,1,1,0,0,3.0
289,119,dance,0,0,0,0,0.0
289,179,education,1,1,0,0,3.0
289,461,music,1,0,0,0,1.0
289,174,education,1,0,0,0,1.0
289,360,education,1,0,0,0,1.0
289,484,comedy,0,0,0,0,0.0
289,134,education,1,0,0,0,1.0
289,353,education,1,0,0,0,1.0
290,58,cooking,1,1,0,0,3.0
290,23,comedy,1,0,0,0,1.0
290,291,cooking,0,0,0,0,0.0
290,467,cooking,1,0,0,0,1.0
290,229,music,1,1,0,0,3.0
290,9,cooking,1,1,0,0,3.0
290,368,education,1,0,0,1,4.0
290,377,travel,1,1,0,0,3.0
290,151,dance,0,0,0,0,0.0
290,166,music,0,0,0,0,0.0
290,294,music,1,1,1,0,7.0
290,108,travel,0,0,0,0,0.0
290,226,music,1,0,0,0,1.0
290,42,music,1,1,0,0,3.0
291,217,education,1,0,0,0,1.0
291,493,sports,1,0,0,0,1.0
291,158,education,1,0,0,1,4.0
291,7,music,1,0,0,0,1.0
291,417,cooking,1,0,0,0,1.0
291,326,comedy,0,0,0,0,0.0
291,323,dance,1,0,0,0,1.0
291,211,dance,1,1,0,0,3.0
291,224,music,1,1,0,0,3.0
291,139,music,1,0,0,1,4.0
291,467,music,1,1,0,0,3.0
291,446,dance,1,0,0,0,1.0
291,13,music,1,0,0,0,1.0
291,87,cooking,1,1,0,1,6.0
291,116,dance,1,1,0,0,3.0
292,432,music,1,0,0,0,1.0
292,197,music,1,0,0,0,1.0
292,397,comedy,1,0,0,0,1.0
292,93,music,0,0,0,0,0.0
292,451,gaming,0,0,0,0,0.0
292,447,music,1,0,0,0,1.0
292,247,dance,1,0,0,0,1.0
292,395,music,1,0,0,0,1.0
292,434,music,1,0,0,0,1.0
292,29,comedy,0,0,0,0,0.0
292,95,music,0,0,0,0,0.0
292,300,comedy,0,0,0,0,0.0
292,371,dance,1,0,0,0,1.0
292,431,comedy,1,0,0,0,1.0
292,261,gaming,1,1,0,0,3.0
292,377,music,1,1,0,0,3.0
292,102,dance,0,0,0,0,0.0
292,378,comedy,1,0,0,0,1.0
292,384,sports,1,1,0,0,3.0
292,499,music,1,0,0,0,1.0
292,496,music,0,0,0,0,0.0
293,201,music,1,0,0,0,1.0
293,335,travel,1,0,0,0,1.0
293,40,gaming,1,1,0,0,3.0
293,139,music,1,0,0,0,1.0
293,155,dance,1,1,0,0,3.0
293,258,gaming,1,0,0,1,4.0
293,85,education,1,1,0,0,3.0
293,257,music,1,0,0,0,1.0
293,81,travel,1,0,0,0,1.0
293,50,gaming,1,0,0,0,1.0
293,430,dance,1,1,0,0,3.0
293,474,travel,1,0,0,0,1.0
294,359,comedy,1,0,0,0,1.0
294,397,comedy,1,1,0,0,3.0
294,83,education,1,0,0,0,1.0
294,172,travel,1,0,0,0,1.0
294,230,comedy,0,0,0,0,0.0
294,86,comedy,1,1,0,0,3.0
294,112,comedy,1,0,0,0,1.0
294,164,travel,1,0,0,0,1.0
294,70,comedy,1,0,0,0,1.0
294,102,comedy,1,1,0,0,3.0
294,308,travel,1,1,0,0,3.0
294,259,education,1,1,0,0,3.0
294,193,music,1,0,0,0,1.0
294,321,travel,1,1,0,0,3.0
294,325,education,0,0,0,0,0.0
294,54,education,1,0,0,0,1.0
294,271,dance,0,0,0,0,0.0
294,229,education,1,0,0,0,1.0
294,426,education,1,1,0,0,3.0
295,319,music,1,0,0,0,1.0
295,99,sports,1,1,0,1,6.0
295,182,gaming,1,0,0,0,1.0
295,169,music,0,0,0,0,0.0
295,8,education,1,1,0,0,3.0
295,263,education,1,0,0,0,1.0
295,197,gaming,0,0,0,0,0.0
295,468,music,1,1,0,0,3.0
295,55,comedy,1,0,0,0,1.0
295,458,comedy,1,0,0,0,1.0
295,41,comedy,1,0,0,0,1.0
295,8,gaming,1,0,0,0,1.0
295,497,sports,1,1,0,1,6.0
296,487,education,1,0,0,0,1.0
296,272,education,0,0,0,0,0.0
296,373,education,1,0,0,0,1.0
296,294,education,1,0,0,0,1.0
296,265,comedy,1,0,0,0,1.0
296,141,comedy,1,0,0,0,1.0
296,474,travel,0,0,0,0,0.0
296,484,sports,1,1,0,0,3.0
296,450,education,1,0,0,0,1.0
297,452,comedy,1,0,0,0,1.0
297,144,sports,1,0,0,0,1.0
297,161,comedy,1,1,0,0,3.0
297,239,travel,1,0,0,0,1.0
297,159,travel,1,1,0,0,3.0
297,465,cooking,1,1,0,0,3.0
297,213,gaming,0,0,0,0,0.0
297,460,cooking,1,0,0,0,1.0
297,463,education,1,0,0,0,1.0
297,31,sports,1,1,0,0,3.0
297,186,dance,1,1,0,0,3.0
297,493,comedy,0,0,0,0,0.0
297,145,music,0,0,0,0,0.0
297,290,travel,1,0,0,0,1.0
297,210,travel,1,0,0,0,1.0
298,99,education,1,0,0,0,1.0
298,396,education,0,0,0,0,0.0
298,136,dance,0,0,0,0,0.0
298,103,music,1,1,0,1,6.0
298,25,music,1,1,0,0,3.0
298,90,comedy,1,0,0,0,1.0
298,290,education,0,0,0,0,0.0
298,119,cooking,1,0,0,0,1.0
298,184,music,1,0,0,0,1.0
298,456,sports,1,0,0,0,1.0
298,351,music,1,1,0,1,6.0
298,45,cooking,1,0,0,0,1.0
298,432,cooking,0,0,0,0,0.0
298,401,comedy,1,1,0,0,3.0
299,80,gaming,0,0,0,0,0.0
299,250,education,1,0,0,0,1.0
299,55,gaming,1,0,0,0,1.0
299,37,gaming,1,0,0,0,1.0
299,31,education,1,0,0,0,1.0
299,413,gaming,1,1,0,0,3.0
299,259,gaming,0,0,0,0,0.0
300,250,cooking,1,1,0,0,3.0
300,443,cooking,1,0,0,0,1.0
300,458,cooking,1,0,0,0,1.0
300,45,music,1,0,0,0,1.0
300,233,music,1,0,0,0,1.0
300,476,cooking,1,0,0,0,1.0
300,95,dance,0,0,0,0,0.0
300,290,education,1,1,0,0,3.0
300,335,music,1,1,0,0,3.0
300,396,music,1,0,0,0,1.0
300,110,music,1,0,0,0,1.0
300,331,music,1,0,0,0,1.0
300,408,education,1,0,0,0,1.0
301,418,dance,1,0,0,0,1.0
301,135,dance,1,1,0,0,3.0
301,140,dance,1,0,0,0,1.0
301,185,gaming,1,0,0,0,1.0
301,165,dance,0,0,0,0,0.0
301,260,gaming,1,0,0,0,1.0
301,91,gaming,1,1,0,0,3.0
301,328,music,1,1,0,0,3.0
301,133,education,0,0,0,0,0.0
301,186,travel,1,1,0,0,3.0
301,297,gaming,1,0,0,0,1.0
301,1,music,0,0,0,0,0.0
301,211,education,1,0,0,0,1.0
301,80,dance,1,0,0,0,1.0
302,167,dance,1,0,0,0,1.0
302,163,dance,1,0,0,0,1.0
302,201,gaming,1,1,0,0,3.0
302,158,sports,1,0,0,0,1.0
302,474,dance,1,0,0,0,1.0
302,53,music,1,0,0,0,1.0
302,267,gaming,1,1,0,0,3.0
302,468,travel,1,0,0,0,1.0
302,439,gaming,1,1,0,0,3.0
303,56,comedy,1,0,0,0,1.0
303,247,comedy,1,0,0,0,1.0
303,394,cooking,1,0,0,0,1.0
303,379,sports,1,1,0,0,3.0
303,369,sports,0,0,0,0,0.0
303,12,sports,1,0,0,0,1.0
304,16,dance,1,1,1,0,7.0
304,492,dance,1,0,0,0,1.0
304,470,dance,0,0,0,0,0.0
304,175,dance,1,0,0,0,1.0
304,58,dance,0,0,0,0,0.0
304,374,education,1,0,0,0,1.0
304,83,gaming,1,0,0,0,1.0
304,55,education,1,0,0,0,1.0
304,225,education,1,0,0,0,1.0
304,384,education,1,0,0,0,1.0
304,281,education,1,0,0,0,1.0
304,22,education,1,0,0,0,1.0
305,425,music,1,0,0,0,1.0
305,288,dance,1,1,0,0,3.0
305,73,sports,1,0,0,0,1.0
305,210,comedy,1,1,0,0,3.0
305,70,dance,0,0,0,0,0.0
305,108,comedy,1,0,0,1,4.0
305,52,sports,1,0,0,0,1.0
305,209,music,0,0,0,0,0.0
305,250,education,0,0,0,0,0.0
305,367,music,1,1,0,0,3.0
305,318,education,1,0,0,0,1.0
305,94,music,1,0,0,0,1.0
306,128,comedy,1,0,0,0,1.0
306,472,comedy,0,0,0,0,0.0
306,453,sports,1,1,0,0,3.0
306,40,sports,1,0,0,0,1.0
306,323,sports,1,0,0,0,1.0
306,324,music,0,0,0,0,0.0
307,387,music,1,1,1,0,7.0
307,0,music,1,0,0,0,1.0
307,231,gaming,1,0,0,0,1.0
307,448,music,1,0,0,0,1.0
307,472,cooking,1,0,0,0,1.0
307,181,music,1,1,0,0,3.0
307,144,music,1,1,0,0,3.0
307,317,cooking,1,0,0,0,1.0
308,473,gaming,0,0,0,0,0.0
308,43,cooking,1,0,0,0,1.0
308,242,gaming,1,1,0,0,3.0
308,30,gaming,1,1,0,0,3.0
308,441,gaming,0,0,0,0,0.0
308,496,gaming,1,0,0,0,1.0
308,268,gaming,1,1,0,0,3.0
308,296,comedy,1,0,0,0,1.0
308,307,travel,0,0,0,0,0.0
308,468,gaming,1,0,0,0,1.0
308,171,gaming,1,0,0,0,1.0
309,383,sports,1,0,0,0,1.0
309,243,education,1,1,1,0,7.0
309,247,gaming,1,1,0,0,3.0
309,102,sports,1,1,0,0,3.0
309,45,education,0,0,0,0,0.0
309,215,dance,1,1,0,0,3.0
309,199,dance,1,0,0,0,1.0
309,361,gaming,1,1,0,0,3.0
309,488,comedy,1,0,0,0,1.0
309,98,cooking,1,0,0,0,1.0
309,104,cooking,0,0,0,0,0.0
309,63,cooking,0,0,0,0,0.0
309,188,dance,1,0,0,0,1.0
309,106,sports,1,0,0,0,1.0
309,182,dance,1,1,0,0,3.0
309,0,dance,1,0,0,0,1.0
309,14,comedy,1,0,0,0,1.0
309,345,music,1,0,0,0,1.0
310,415,cooking,0,0,0,0,0.0
310,351,cooking,1,1,0,0,3.0
310,357,cooking,1,1,0,1,6.0
310,303,education,1,1,0,0,3.0
310,437,education,1,0,0,0,1.0
310,181,comedy,1,1,0,0,3.0
310,317,cooking,1,0,0,1,4.0
310,101,education,1,1,0,0,3.0
310,241,gaming,1,1,0,0,3.0
311,266,gaming,0,0,0,0,0.0
311,472,gaming,1,0,0,0,1.0
311,203,travel,1,0,0,0,1.0
311,335,gaming,1,0,0,0,1.0
311,421,music,1,0,0,0,1.0
311,396,travel,1,0,0,0,1.0
311,25,education,1,0,0,0,1.0
311,224,travel,0,0,0,0,0.0
311,187,cooking,0,0,0,0,0.0
311,258,music,1,0,0,0,1.0
311,251,travel,1,0,0,0,1.0
311,462,dance,1,0,0,0,1.0
311,458,music,1,1,0,0,3.0
311,280,dance,1,1,0,0,3.0
311,243,sports,1,1,0,0,3.0
312,59,music,1,0,0,0,1.0
312,93,music,1,0,0,0,1.0
312,404,comedy,0,0,0,0,0.0
312,102,education,1,1,0,0,3.0
312,249,cooking,1,0,0,0,1.0
312,436,education,1,0,0,0,1.0
312,141,music,1,0,0,1,4.0
312,82,gaming,0,0,0,0,0.0
312,200,education,1,1,0,0,3.0
312,272,education,1,0,0,0,1.0
312,473,gaming,1,0,0,0,1.0
313,78,music,1,0,0,0,1.0
313,357,cooking,1,0,0,0,1.0
313,289,gaming,1,1,0,0,3.0
313,476,education,1,0,0,0,1.0
313,181,cooking,0,0,0,0,0.0
313,17,cooking,1,0,0,0,1.0
313,60,education,1,1,0,0,3.0
313,86,music,1,0,0,1,4.0
313,19,education,0,0,0,0,0.0
313,153,cooking,1,0,0,0,1.0
313,418,dance,1,0,0,0,1.0
313,294,education,1,0,0,1,4.0
314,441,cooking,1,0,0,1,4.0
314,34,comedy,0,0,0,0,0.0
314,94,sports,1,0,0,0,1.0
314,177,travel,1,0,0,0,1.0
314,257,sports,1,1,0,0,3.0
314,360,gaming,0,0,0,0,0.0
314,471,sports,1,1,0,0,3.0
314,310,sports,0,0,0,0,0.0
314,69,comedy,0,0,0,0,0.0
314,217,travel,1,0,0,0,1.0
314,189,sports,0,0,0,0,0.0
314,445,dance,0,0,0,0,0.0
315,6,dance,1,0,0,0,1.0
315,366,gaming,1,0,0,0,1.0
315,323,music,1,1,0,0,3.0
315,356,gaming,0,0,0,0,0.0
315,3,gaming,1,0,0,0,1.0
315,256,music,1,1,0,0,3.0
315,149,gaming,1,0,0,0,1.0
315,388,gaming,1,1,0,0,3.0
315,151,gaming,0,0,0,0,0.0
315,265,gaming,0,0,0,0,0.0
316,277,comedy,0,0,0,0,0.0
316,30,comedy,1,0,0,0,1.0
316,332,gaming,1,0,0,0,1.0
316,355,comedy,0,0,0,0,0.0
316,261,gaming,1,0,0,1,4.0
316,6,travel,0,0,0,0,0.0
317,436,sports,1,0,0,0,1.0
317,321,music,1,0,0,0,1.0
317,257,education,1,0,0,0,1.0
317,454,sports,0,0,0,0,0.0
317,405,travel,1,0,0,0,1.0
317,370,dance,1,0,0,0,1.0
317,40,sports,1,1,0,0,3.0
317,306,gaming,1,0,0,0,1.0
318,268,comedy,0,0,0,0,0.0
318,459,music,1,0,0,0,1.0
318,208,gaming,0,0,0,0,0.0
318,61,music,1,0,0,0,1.0
318,466,sports,1,0,0,0,1.0
318,243,cooking,1,1,0,0,3.0
319,405,comedy,1,0,0,0,1.0
319,414,music,1,0,0,0,1.0
319,176,comedy,1,1,1,0,7.0
319,68,cooking,1,0,0,0,1.0
319,475,sports,1,1,0,0,3.0
319,233,comedy,1,0,0,0,1.0
320,410,music,1,0,0,0,1.0
320,67,gaming,1,0,0,0,1.0
320,112,music,0,0,0,0,0.0
320,471,cooking,1,0,0,0,1.0
320,474,comedy,1,0,0,0,1.0
320,170,comedy,1,0,0,0,1.0
320,1,comedy,1,1,0,0,3.0
320,437,cooking,0,0,0,0,0.0
320,136,travel,1,0,0,0,1.0
320,263,cooking,1,1,0,0,3.0
320,142,gaming,1,0,0,0,1.0
320,248,dance,1,0,0,0,1.0
321,431,sports,1,1,0,0,3.0
321,384,dance,0,0,0,0,0.0
321,324,education,1,1,1,0,7.0
321,262,sports,1,0,0,0,1.0
321,53,dance,1,0,0,0,1.0
321,158,comedy,1,0,0,0,1.0
322,351,travel,1,1,0,0,3.0
322,385,dance,1,0,0,1,4.0
322,292,dance,0,0,0,0,0.0
322,177,education,1,0,0,0,1.0
322,227,comedy,1,0,0,0,1.0
322,406,dance,1,0,0,0,1.0
322,47,cooking,1,0,0,0,1.0
322,436,travel,1,0,0,0,1.0
323,152,travel,1,0,0,0,1.0
323,290,travel,1,0,0,0,1.0
323,67,comedy,1,0,0,0,1.0
323,400,travel,1,0,0,0,1.0
323,307,dance,1,0,0,0,1.0
323,288,cooking,0,0,0,0,0.0
323,496,travel,1,1,0,0,3.0
323,113,gaming,1,1,0,1,6.0
323,440,sports,0,0,0,0,0.0
324,407,sports,1,0,0,0,1.0
324,498,dance,1,1,1,0,7.0
324,122,dance,1,0,0,0,1.0
324,368,cooking,1,0,0,0,1.0
324,71,travel,1,1,0,0,3.0
324,67,dance,1,1,0,0,3.0
324,166,cooking,1,1,0,0,3.0
324,345,gaming,1,0,0,0,1.0
324,470,sports,1,0,0,0,1.0
324,199,sports,1,1,0,0,3.0
324,426,education,0,0,0,0,0.0
324,118,comedy,1,0,0,0,1.0
325,58,gaming,1,1,1,0,7.0
325,175,dance,0,0,0,0,0.0
325,181,gaming,1,1,0,1,6.0
325,115,dance,1,0,0,0,1.0
325,59,education,1,0,0,0,1.0
325,311,cooking,1,1,0,0,3.0
325,45,education,1,0,0,0,1.0
325,9,education,1,0,0,0,1.0
325,377,cooking,1,0,0,0,1.0
325,205,travel,1,1,0,0,3.0
325,92,dance,1,1,0,0,3.0
325,203,cooking,0,0,0,0,0.0
326,371,dance,0,0,0,0,0.0
326,232,music,0,0,0,0,0.0
326,59,education,1,0,0,0,1.0
326,296,dance,1,0,0,0,1.0
326,468,cooking,1,0,0,0,1.0
326,13,dance,1,0,0,0,1.0
326,80,music,1,0,0,0,1.0
326,407,cooking,1,1,0,0,3.0
326,360,dance,0,0,0,0,0.0
326,163,cooking,1,0,0,0,1.0
326,103,dance,1,0,0,0,1.0
327,363,gaming,1,0,0,0,1.0
327,261,education,1,0,0,0,1.0
327,61,music,1,0,0,0,1.0
327,275,gaming,1,0,0,0,1.0
327,141,cooking,1,0,0,0,1.0
327,230,gaming,1,0,0,0,1.0
327,487,dance,1,0,0,0,1.0
327,437,cooking,1,1,0,1,6.0
327,483,dance,1,1,0,0,3.0
327,278,education,0,0,0,0,0.0
328,464,gaming,1,0,0,0,1.0
328,168,comedy,1,1,0,0,3.0
328,97,music,1,0,0,0,1.0
328,403,comedy,1,1,0,0,3.0
328,355,comedy,1,0,0,0,1.0
328,46,music,1,0,0,0,1.0
328,428,comedy,1,0,0,0,1.0
329,214,cooking,0,0,0,0,0.0
329,482,travel,0,0,0,0,0.0
329,233,music,1,0,0,0,1.0
329,112,gaming,1,1,1,0,7.0
329,388,education,1,1,0,0,3.0
329,172,music,1,0,0,0,1.0
330,347,travel,1,0,0,0,1.0
330,138,sports,1,0,0,0,1.0
330,336,cooking,1,0,0,0,1.0
330,191,education,1,0,0,0,1.0
330,469,gaming,1,0,0,0,1.0
330,285,gaming,1,0,0,0,1.0
330,387,cooking,1,0,0,0,1.0
330,8,travel,0,0,0,0,0.0
330,346,travel,1,0,0,0,1.0
330,186,sports,0,0,0,0,0.0
330,280,education,1,0,0,0,1.0
330,60,dance,1,0,0,0,1.0
330,468,travel,1,1,0,0,3.0
330,425,sports,0,0,0,0,0.0
330,293,sports,1,0,0,0,1.0
330,413,comedy,1,0,0,0,1.0
330,94,cooking,1,0,0,0,1.0
331,200,travel,1,0,0,0,1.0
331,255,comedy,1,1,1,0,7.0
331,300,education,1,1,0,0,3.0
331,425,sports,1,0,0,0,1.0
331,381,gaming,0,0,0,0,0.0
331,441,music,1,0,0,0,1.0
331,282,music,0,0,0,0,0.0
331,335,sports,1,1,0,0,3.0
331,463,travel,1,0,0,0,1.0
332,459,gaming,0,0,0,0,0.0
332,103,comedy,1,0,0,0,1.0
332,282,dance,0,0,0,0,0.0
332,189,music,1,1,0,0,3.0
332,230,music,1,1,0,0,3.0
332,124,cooking,0,0,0,0,0.0
332,167,comedy,1,0,0,0,1.0
332,201,gaming,1,0,0,0,1.0
332,302,gaming,1,0,0,0,1.0
332,144,cooking,1,0,0,0,1.0
332,150,dance,1,0,0,0,1.0
333,241,travel,0,0,0,0,0.0
333,444,cooking,1,0,0,0,1.0
333,369,cooking,1,0,0,0,1.0
333,432,comedy,1,0,0,0,1.0
333,80,sports,1,0,0,0,1.0
333,203,music,1,0,0,0,1.0
333,232,music,1,0,0,0,1.0
333,117,travel,1,0,0,0,1.0
333,424,dance,1,0,0,0,1.0
334,26,cooking,1,0,0,0,1.0
334,221,education,1,0,0,0,1.0
334,381,gaming,0,0,0,0,0.0
334,141,education,0,0,0,0,0.0
334,7,education,1,1,0,0,3.0
334,269,education,1,0,0,0,1.0
334,407,education,0,0,0,0,0.0
334,434,gaming,1,1,0,0,3.0
334,105,music,1,0,0,0,1.0
334,275,sports,1,0,0,0,1.0
334,133,education,1,0,0,0,1.0
334,233,travel,1,0,0,0,1.0
334,199,sports,1,1,0,0,3.0
334,224,gaming,1,0,0,0,1.0
335,179,music,1,0,0,0,1.0
335,139,comedy,1,0,0,0,1.0
335,409,comedy,1,0,0,0,1.0
335,458,sports,1,0,0,0,1.0
335,26,comedy,1,1,0,0,3.0
336,470,dance,1,0,0,0,1.0
336,197,cooking,1,0,0,0,1.0
336,399,education,1,0,0,0,1.0
336,466,cooking,1,1,0,0,3.0
336,285,gaming,1,0,0,1,4.0
336,317,gaming,1,0,0,0,1.0
336,2,dance,1,0,0,0,1.0
336,253,dance,1,0,0,0,1.0
336,325,gaming,0,0,0,0,0.0
336,235,gaming,1,0,0,0,1.0
336,132,travel,1,1,0,1,6.0
337,483,education,1,0,0,0,1.0
337,338,education,1,0,0,0,1.0
337,9,education,1,1,0,0,3.0
337,209,dance,1,0,0,0,1.0
337,304,cooking,0,0,0,0,0.0
337,379,sports,1,0,0,1,4.0
338,453,gaming,1,1,0,0,3.0
338,42,comedy,0,0,0,0,0.0
338,410,dance,1,1,0,0,3.0
338,295,dance,1,0,0,0,1.0
338,373,dance,1,0,0,0,1.0
338,338,gaming,1,0,0,0,1.0
338,116,comedy,1,0,0,0,1.0
338,5,gaming,1,0,0,0,1.0
339,442,music,1,0,0,0,1.0
339,270,music,1,0,0,0,1.0
339,155,cooking,1,0,0,0,1.0
339,26,music,1,0,0,0,1.0
339,338,cooking,1,0,0,1,4.0
339,162,cooking,1,1,0,0,3.0
339,222,cooking,1,0,0,0,1.0
339,300,cooking,1,0,0,0,1.0
339,216,travel,1,0,0,0,1.0
340,42,comedy,1,1,0,0,3.0
340,309,education,1,1,0,0,3.0
340,497,comedy,1,0,0,1,4.0
340,163,education,1,0,0,0,1.0
340,328,education,1,0,0,0,1.0
340,304,comedy,1,0,0,0,1.0
340,463,cooking,1,0,0,0,1.0
340,316,dance,1,0,0,0,1.0
340,395,comedy,1,0,0,0,1.0
340,101,comedy,1,0,0,0,1.0
340,44,comedy,1,0,0,0,1.0
340,23,sports,1,0,0,0,1.0
340,280,sports,1,0,0,0,1.0
340,492,dance,1,0,0,0,1.0
341,61,education,0,0,0,0,0.0
341,376,gaming,1,0,0,0,1.0
341,130,travel,1,0,0,0,1.0
341,463,sports,1,1,0,0,3.0
341,160,travel,1,0,0,0,1.0
341,160,travel,1,1,0,0,3.0
341,319,travel,1,0,0,0,1.0
341,123,cooking,1,0,0,1,4.0
341,181,cooking,1,1,0,0,3.0
341,329,cooking,1,0,0,0,1.0
341,60,dance,1,0,0,0,1.0
341,31,comedy,1,0,0,0,1.0
341,484,education,1,0,0,0,1.0
341,185,cooking,0,0,0,0,0.0
341,423,cooking,1,0,0,0,1.0
341,441,cooking,1,1,0,0,3.0
342,233,travel,0,0,0,0,0.0
342,271,dance,1,0,0,0,1.0
342,236,education,0,0,0,0,0.0
342,225,comedy,1,1,0,0,3.0
342,28,education,1,1,0,0,3.0
342,490,dance,0,0,0,0,0.0
342,429,dance,0,0,0,0,0.0
343,434,music,1,0,0,0,1.0
343,106,comedy,1,0,0,0,1.0
343,498,travel,1,0,0,0,1.0
343,122,music,0,0,0,0,0.0
343,249,comedy,0,0,0,0,0.0
343,411,education,0,0,0,0,0.0
343,384,travel,0,0,0,0,0.0
343,200,gaming,0,0,0,0,0.0
343,492,comedy,1,0,0,0,1.0
343,124,gaming,1,0,0,0,1.0
343,322,travel,1,0,0,0,1.0
343,210,gaming,0,0,0,0,0.0
343,321,gaming,1,0,0,0,1.0
343,226,gaming,0,0,0,0,0.0
343,349,music,0,0,0,0,0.0
343,400,sports,1,0,0,0,1.0
344,118,cooking,1,0,0,0,1.0
344,109,comedy,1,1,0,0,3.0
344,330,education,0,0,0,0,0.0
344,298,cooking,1,0,0,0,1.0
344,103,cooking,1,0,0,0,1.0
344,257,travel,1,1,0,0,3.0
344,353,music,1,0,0,0,1.0
344,478,music,1,0,0,0,1.0
344,76,cooking,1,1,0,0,3.0
344,147,cooking,1,0,0,0,1.0
344,413,cooking,1,1,1,0,7.0
345,381,cooking,1,1,0,0,3.0
345,159,gaming,1,0,0,0,1.0
345,296,cooking,1,0,0,0,1.0
345,80,sports,1,0,0,0,1.0
345,26,cooking,1,0,0,0,1.0
345,157,travel,1,0,0,0,1.0
345,166,cooking,0,0,0,0,0.0
345,110,sports,1,0,0,0,1.0
345,177,cooking,1,0,0,0,1.0
346,459,music,1,0,0,0,1.0
346,6,gaming,1,0,0,0,1.0
346,377,dance,1,0,0,0,1.0
346,282,travel,1,0,0,0,1.0
346,236,sports,1,0,0,0,1.0
346,307,music,1,0,0,0,1.0
346,485,music,1,0,0,0,1.0
346,40,cooking,1,1,0,0,3.0
346,56,comedy,0,0,0,0,0.0
346,481,gaming,1,0,0,0,1.0
346,79,comedy,1,0,0,0,1.0
346,34,sports,1,0,0,0,1.0
346,134,music,1,0,0,0,1.0
347,22,travel,1,1,1,0,7.0
347,82,gaming,1,0,0,0,1.0
347,494,travel,1,0,0,0,1.0
347,115,gaming,1,0,0,0,1.0
347,200,travel,1,0,0,0,1.0
347,73,travel,1,0,0,0,1.0
347,194,travel,0,0,0,0,0.0
347,211,travel,0,0,0,0,0.0
347,307,cooking,1,1,0,0,3.0
348,156,dance,1,1,0,0,3.0
348,171,dance,0,0,0,0,0.0
348,283,cooking,1,0,0,0,1.0
348,254,gaming,1,1,0,0,3.0
348,154,dance,1,1,0,0,3.0
348,91,dance,1,0,0,0,1.0
348,44,education,1,0,0,0,1.0
348,318,music,0,0,0,0,0.0
348,157,gaming,1,1,0,0,3.0
348,486,sports,1,0,0,0,1.0
348,387,dance,1,0,0,0,1.0
349,207,education,1,0,0,0,1.0
349,133,travel,1,1,0,0,3.0
349,71,travel,1,1,0,0,3.0
349,401,dance,0,0,0,0,0.0
349,217,travel,0,0,0,0,0.0
349,394,sports,1,0,0,0,1.0
349,311,dance,1,0,0,0,1.0
349,62,education,1,0,0,1,4.0
350,251,comedy,1,1,0,0,3.0
350,236,cooking,1,0,0,0,1.0
350,433,sports,1,0,0,0,1.0
350,435,travel,0,0,0,0,0.0
350,304,comedy,1,1,0,0,3.0
350,127,comedy,1,1,0,0,3.0
350,130,comedy,1,0,0,0,1.0
350,469,cooking,1,0,0,0,1.0
350,253,sports,1,0,0,0,1.0
350,64,dance,1,0,0,0,1.0
350,152,sports,1,0,0,0,1.0
350,224,sports,1,0,0,0,1.0
351,377,sports,1,1,0,0,3.0
351,469,comedy,1,0,0,0,1.0
351,323,music,1,1,0,0,3.0
351,338,gaming,1,1,0,0,3.0
351,493,comedy,0,0,0,0,0.0
351,434,dance,1,1,0,0,3.0
351,9,travel,1,1,1,0,7.0
351,92,music,1,0,0,0,1.0
351,144,gaming,1,0,0,0,1.0
352,382,sports,1,1,0,0,3.0
352,417,music,1,0,0,0,1.0
352,13,music,1,1,0,0,3.0
352,268,dance,0,0,0,0,0.0
352,429,music,1,0,0,0,1.0
352,117,dance,1,0,0,0,1.0
352,395,music,1,0,0,0,1.0
352,409,music,1,0,0,0,1.0
352,101,dance,0,0,0,0,0.0
352,107,music,1,0,0,0,1.0
352,290,music,0,0,0,0,0.0
353,394,education,0,0,0,0,0.0
353,181,music,1,1,0,0,3.0
353,175,comedy,1,1,0,0,3.0
353,367,education,1,1,0,1,6.0
353,130,gaming,0,0,0,0,0.0
353,87,comedy,1,1,0,0,3.0
353,276,education,1,0,0,1,4.0
353,475,gaming,1,0,0,0,1.0
353,109,comedy,0,0,0,0,0.0
353,282,gaming,1,1,0,0,3.0
353,53,music,1,1,0,1,6.0
353,296,dance,1,0,0,0,1.0
353,293,gaming,1,1,0,0,3.0
354,17,travel,1,1,0,0,3.0
354,296,sports,1,0,0,0,1.0
354,391,travel,1,0,0,0,1.0
354,12,sports,1,1,0,0,3.0
354,498,gaming,1,1,0,0,3.0
354,439,gaming,0,0,0,0,0.0
354,376,travel,1,1,0,0,3.0
354,137,music,1,0,0,0,1.0
354,207,sports,0,0,0,0,0.0
354,264,music,0,0,0,0,0.0
354,66,music,1,0,0,0,1.0
355,56,comedy,1,0,0,0,1.0
355,241,sports,1,0,0,0,1.0
355,258,comedy,1,0,0,0,1.0
355,487,travel,1,1,0,0,3.0
355,362,cooking,0,0,0,0,0.0
355,25,education,1,0,0,0,1.0
355,282,dance,1,0,0,0,1.0
356,387,music,1,0,0,0,1.0
356,441,dance,1,0,0,0,1.0
356,450,gaming,1,1,0,0,3.0
356,379,cooking,0,0,0,0,0.0
356,199,music,0,0,0,0,0.0
356,364,cooking,1,0,0,0,1.0
356,168,gaming,1,1,1,0,7.0
356,310,cooking,1,1,0,0,3.0
356,484,gaming,1,0,0,0,1.0
356,417,education,0,0,0,0,0.0
356,216,education,1,1,0,0,3.0
356,440,cooking,1,0,0,0,1.0
356,488,cooking,0,0,0,0,0.0
356,53,cooking,0,0,0,0,0.0
357,318,travel,1,0,0,0,1.0
357,73,travel,1,1,0,0,3.0
357,158,travel,1,0,0,0,1.0
357,211,music,1,0,0,0,1.0
357,90,music,1,0,0,0,1.0
357,28,music,1,0,0,0,1.0
357,493,travel,1,0,0,0,1.0
357,376,travel,1,0,0,0,1.0
357,343,travel,1,1,0,0,3.0
357,118,travel,1,1,1,0,7.0
357,378,travel,1,1,0,0,3.0
357,348,music,1,0,0,0,1.0
357,290,travel,1,1,0,0,3.0
358,340,travel,1,0,0,0,1.0
358,479,music,1,0,0,0,1.0
358,173,gaming,0,0,0,0,0.0
358,134,education,1,0,0,0,1.0
358,434,gaming,1,0,0,0,1.0
358,115,education,0,0,0,0,0.0
358,213,gaming,1,0,0,0,1.0
358,3,travel,1,1,0,0,3.0
358,203,education,1,0,0,0,1.0
358,219,dance,1,0,0,0,1.0
358,291,gaming,1,0,0,0,1.0
359,187,education,1,0,0,0,1.0
359,41,education,0,0,0,0,0.0
359,139,education,1,0,0,0,1.0
359,38,education,0,0,0,0,0.0
360,4,cooking,1,1,0,0,3.0
360,51,cooking,1,0,0,0,1.0
360,49,comedy,1,0,0,0,1.0
360,441,gaming,1,0,0,0,1.0
360,339,travel,1,1,0,0,3.0
360,443,cooking,1,1,0,0,3.0
360,367,cooking,1,0,0,0,1.0
360,116,cooking,1,0,0,0,1.0
361,266,dance,1,0,0,0,1.0
361,459,comedy,1,0,0,0,1.0
361,27,gaming,1,0,0,0,1.0
361,358,gaming,1,1,0,0,3.0
361,417,sports,1,0,0,1,4.0
361,249,comedy,1,0,0,0,1.0
361,266,music,1,0,0,0,1.0
361,404,cooking,1,0,0,0,1.0
361,370,comedy,1,0,0,0,1.0
361,76,comedy,1,0,0,0,1.0
361,434,cooking,0,0,0,0,0.0
361,473,music,1,0,0,0,1.0
361,210,music,1,1,0,0,3.0
362,320,cooking,1,1,0,0,3.0
362,187,cooking,0,0,0,0,0.0
362,220,education,0,0,0,0,0.0
362,417,cooking,1,0,0,0,1.0
362,376,cooking,0,0,0,0,0.0
362,461,cooking,1,1,0,0,3.0
362,107,cooking,1,1,0,1,6.0
362,437,dance,1,0,0,0,1.0
362,291,dance,1,0,0,0,1.0
362,406,cooking,0,0,0,0,0.0
363,198,education,1,0,0,0,1.0
363,376,education,1,0,0,0,1.0
363,322,education,0,0,0,0,0.0
363,199,education,0,0,0,0,0.0
363,399,dance,1,0,0,0,1.0
363,46,education,1,0,0,0,1.0
363,475,education,1,0,0,0,1.0
363,171,education,1,1,0,0,3.0
363,67,dance,1,1,0,0,3.0
363,238,comedy,1,0,0,0,1.0
363,144,music,1,1,0,0,3.0
364,329,comedy,1,0,0,0,1.0
364,97,comedy,1,0,0,0,1.0
364,277,cooking,1,1,0,0,3.0
364,476,dance,1,0,0,0,1.0
364,441,comedy,1,0,0,0,1.0
364,75,music,1,0,0,0,1.0
364,194,dance,1,1,0,0,3.0
364,198,comedy,1,0,0,0,1.0
364,9,music,1,1,0,1,6.0
364,436,comedy,1,1,0,0,3.0
364,296,music,1,1,0,0,3.0
364,69,comedy,0,0,0,0,0.0
364,496,cooking,1,0,0,0,1.0
364,427,comedy,1,0,0,0,1.0
364,146,comedy,1,0,0,0,1.0
364,128,comedy,1,0,0,0,1.0
364,250,cooking,1,0,0,1,4.0
365,140,comedy,1,0,0,0,1.0
365,218,gaming,0,0,0,0,0.0
365,23,gaming,1,0,0,0,1.0
365,242,education,1,0,0,0,1.0
365,259,cooking,0,0,0,0,0.0
365,127,dance,1,0,0,0,1.0
365,265,cooking,1,0,0,0,1.0
365,204,sports,1,0,0,0,1.0
365,97,gaming,0,0,0,0,0.0
365,28,gaming,1,0,0,0,1.0
365,109,gaming,1,0,0,0,1.0
365,494,travel,1,0,0,0,1.0
365,245,cooking,0,0,0,0,0.0
365,230,gaming,1,1,0,0,3.0
365,23,education,0,0,0,0,0.0
365,225,cooking,1,1,0,0,3.0
366,302,dance,1,0,0,0,1.0
366,459,travel,0,0,0,0,0.0
366,335,cooking,1,0,0,0,1.0
366,293,gaming,1,0,0,0,1.0
366,427,cooking,1,0,0,0,1.0
366,443,dance,1,0,0,0,1.0
366,136,travel,1,0,0,1,4.0
366,287,travel,1,1,0,0,3.0
366,300,dance,0,0,0,0,0.0
366,416,cooking,1,0,0,0,1.0
367,335,dance,1,1,1,0,7.0
367,353,education,1,0,0,0,1.0
367,389,education,1,0,0,0,1.0
367,430,comedy,1,1,0,0,3.0
367,255,cooking,1,0,0,0,1.0
367,241,education,1,0,0,0,1.0
367,21,gaming,1,0,0,0,1.0
368,148,cooking,1,0,0,0,1.0
368,92,sports,1,0,0,0,1.0
368,137,gaming,1,0,0,0,1.0
368,390,gaming,1,0,0,0,1.0
368,361,travel,0,0,0,0,0.0
368,187,gaming,0,0,0,0,0.0
368,1,dance,1,0,0,0,1.0
368,286,comedy,1,0,0,0,1.0
369,387,comedy,1,0,0,0,1.0
369,291,education,1,0,0,0,1.0
369,304,gaming,1,0,0,0,1.0
369,281,education,1,0,0,0,1.0
369,337,sports,1,0,0,0,1.0
369,131,gaming,1,0,0,0,1.0
369,247,dance,1,0,0,0,1.0
369,178,cooking,1,1,0,1,6.0
369,291,comedy,1,0,0,0,1.0
369,373,gaming,0,0,0,0,0.0
370,441,travel,1,0,0,0,1.0
370,295,cooking,1,1,0,0,3.0
370,259,cooking,1,1,0,0,3.0
370,194,sports,1,1,0,0,3.0
370,140,travel,0,0,0,0,0.0
370,174,music,1,0,0,0,1.0
370,116,sports,1,0,0,0,1.0
370,129,travel,1,0,0,0,1.0
370,329,music,1,1,0,0,3.0
370,102,dance,1,0,0,0,1.0
370,158,gaming,1,0,0,0,1.0
370,242,sports,1,1,0,0,3.0
370,168,sports,1,1,0,0,3.0
370,266,sports,0,0,0,0,0.0
370,277,music,1,0,0,0,1.0
370,297,gaming,1,0,0,0,1.0
370,395,sports,0,0,0,0,0.0
371,9,dance,1,0,0,0,1.0
371,157,dance,0,0,0,0,0.0
371,489,dance,1,1,0,0,3.0
371,274,cooking,1,0,0,0,1.0
371,495,music,1,1,0,0,3.0
371,126,music,1,0,0,0,1.0
371,284,cooking,1,0,0,0,1.0
371,69,music,1,0,0,0,1.0
371,58,dance,0,0,0,0,0.0
372,204,dance,1,0,0,0,1.0
372,241,dance,1,0,0,0,1.0
372,91,gaming,1,1,0,0,3.0
372,285,dance,1,1,0,0,3.0
372,198,sports,1,1,0,0,3.0
372,20,sports,1,0,0,0,1.0
372,434,music,1,0,0,0,1.0
372,149,sports,0,0,0,0,0.0
372,46,education,1,1,0,0,3.0
372,258,sports,1,1,0,1,6.0
372,230,music,1,0,0,0,1.0
373,96,cooking,1,0,0,0,1.0
373,89,cooking,0,0,0,0,0.0
373,413,comedy,0,0,0,0,0.0
373,392,dance,1,0,0,0,1.0
373,229,comedy,1,0,0,0,1.0
373,173,comedy,1,0,0,0,1.0
373,425,comedy,1,0,0,0,1.0
373,27,comedy,0,0,0,0,0.0
373,364,dance,1,0,0,0,1.0
373,326,cooking,1,0,0,0,1.0
373,405,cooking,1,0,0,0,1.0
373,432,gaming,1,0,0,0,1.0
373,103,comedy,1,1,0,0,3.0
373,335,comedy,1,1,0,0,3.0
373,264,dance,0,0,0,0,0.0
374,303,comedy,1,1,0,0,3.0
374,11,music,1,0,0,0,1.0
374,19,sports,0,0,0,0,0.0
374,272,travel,0,0,0,0,0.0
374,164,music,0,0,0,0,0.0
374,307,dance,0,0,0,0,0.0
374,352,gaming,1,0,0,0,1.0
374,46,gaming,1,0,0,0,1.0
375,383,travel,1,1,0,0,3.0
375,343,music,1,0,0,0,1.0
375,196,travel,1,0,0,0,1.0
375,173,travel,1,1,1,0,7.0
375,305,cooking,1,0,0,0,1.0
375,185,dance,0,0,0,0,0.0
375,409,cooking,1,1,0,0,3.0
375,376,comedy,1,0,0,0,1.0
375,76,cooking,1,0,0,0,1.0
375,232,cooking,1,0,0,0,1.0
375,299,travel,1,0,0,0,1.0
375,103,travel,0,0,0,0,0.0
376,104,education,1,0,0,0,1.0
376,370,travel,0,0,0,0,0.0
376,115,dance,0,0,0,0,0.0
376,411,education,0,0,0,0,0.0
376,386,cooking,1,0,0,0,1.0
376,408,dance,1,1,0,0,3.0
376,244,dance,0,0,0,0,0.0
376,31,dance,1,1,0,0,3.0
376,492,dance,1,1,0,0,3.0
376,261,cooking,1,1,1,0,7.0
377,6,dance,1,0,0,0,1.0
377,489,travel,1,0,0,0,1.0
377,257,dance,1,0,0,0,1.0
377,494,sports,0,0,0,0,0.0
377,104,dance,1,1,0,0,3.0
377,182,cooking,1,1,0,1,6.0
377,151,travel,1,1,0,0,3.0
377,181,music,1,0,0,0,1.0
377,36,sports,0,0,0,0,0.0
378,19,education,1,0,0,0,1.0
378,243,education,1,0,0,0,1.0
378,234,sports,1,0,0,0,1.0
378,43,education,1,1,0,0,3.0
378,51,education,1,0,0,0,1.0
378,254,education,1,0,0,0,1.0
378,123,cooking,1,1,1,0,7.0
378,185,cooking,1,0,0,0,1.0
378,406,education,0,0,0,0,0.0
378,459,education,1,1,0,0,3.0
378,144,education,1,0,0,0,1.0
378,294,education,1,1,0,1,6.0
378,120,gaming,0,0,0,0,0.0
378,84,comedy,1,0,0,0,1.0
379,124,cooking,1,0,0,0,1.0
379,442,cooking,1,1,0,0,3.0
379,418,cooking,0,0,0,0,0.0
379,224,dance,1,1,1,0,7.0
379,311,gaming,1,1,1,0,7.0
379,109,cooking,1,0,0,0,1.0
379,343,cooking,0,0,0,0,0.0
379,196,cooking,1,0,0,0,1.0
379,136,education,0,0,0,0,0.0
379,488,sports,1,0,0,0,1.0
379,303,cooking,0,0,0,0,0.0
380,355,cooking,1,1,0,0,3.0
380,216,comedy,1,0,0,0,1.0
380,310,music,0,0,0,0,0.0
380,284,music,1,0,0,0,1.0
380,337,travel,1,0,0,0,1.0
380,473,travel,1,1,0,0,3.0
380,19,music,1,0,0,0,1.0
380,471,comedy,1,0,0,0,1.0
380,461,comedy,1,0,0,0,1.0
380,127,comedy,0,0,0,0,0.0
380,30,music,1,1,0,0,3.0
380,182,cooking,0,0,0,0,0.0
381,239,gaming,1,0,0,0,1.0
381,12,comedy,1,0,0,0,1.0
381,117,gaming,1,0,0,0,1.0
381,366,dance,1,0,0,0,1.0
381,453,gaming,1,0,0,0,1.0
381,66,comedy,1,1,1,0,7.0
381,50,gaming,1,0,0,0,1.0
381,298,gaming,1,1,0,0,3.0
381,444,travel,1,0,0,0,1.0
381,51,gaming,1,0,0,1,4.0
381,196,gaming,1,1,0,0,3.0
381,275,travel,1,0,0,0,1.0
381,9,travel,0,0,0,0,0.0
382,322,travel,1,0,0,0,1.0
382,428,travel,1,0,0,0,1.0
382,92,gaming,1,0,0,0,1.0
382,10,dance,1,1,0,0,3.0
382,398,dance,1,0,0,0,1.0
382,350,sports,1,1,0,0,3.0
382,98,dance,0,0,0,0,0.0
382,348,gaming,1,0,0,0,1.0
382,191,sports,1,0,0,0,1.0
382,101,gaming,1,0,0,0,1.0
383,464,sports,0,0,0,0,0.0
383,422,music,1,0,0,0,1.0
383,121,music,1,0,0,0,1.0
383,66,sports,0,0,0,0,0.0
383,115,sports,1,1,0,0,3.0
383,161,comedy,1,0,0,0,1.0
383,132,sports,1,0,0,0,1.0
383,146,travel,1,0,0,0,1.0
383,384,dance,1,0,0,0,1.0
383,12,travel,1,0,0,0,1.0
383,273,sports,1,0,0,0,1.0
383,172,cooking,1,1,0,0,3.0
383,40,cooking,1,0,0,0,1.0
384,163,music,1,0,0,0,1.0
384,62,sports,1,0,0,0,1.0
384,15,sports,1,0,0,0,1.0
384,479,sports,0,0,0,0,0.0
384,134,gaming,1,1,0,0,3.0
384,73,gaming,1,0,0,0,1.0
384,140,gaming,1,1,0,0,3.0
384,302,sports,1,0,0,0,1.0
384,388,sports,1,0,0,0,1.0
384,248,music,1,0,0,0,1.0
384,411,music,1,0,0,0,1.0
385,320,travel,1,0,0,0,1.0
385,163,dance,1,0,0,0,1.0
385,164,cooking,1,0,0,0,1.0
385,320,cooking,1,0,0,0,1.0
385,490,comedy,1,0,0,0,1.0
385,322,music,1,0,0,0,1.0
385,491,dance,1,1,1,0,7.0
385,133,dance,1,1,0,0,3.0
385,437,dance,0,0,0,0,0.0
385,224,music,1,0,0,0,1.0
385,333,cooking,1,0,0,0,1.0
386,180,gaming,1,1,0,0,3.0
386,252,cooking,0,0,0,0,0.0
386,353,cooking,0,0,0,0,0.0
386,13,dance,1,1,0,0,3.0
386,318,sports,1,0,0,0,1.0
386,316,sports,0,0,0,0,0.0
387,48,cooking,1,0,0,0,1.0
387,384,cooking,1,1,0,0,3.0
387,192,gaming,1,0,0,0,1.0
387,311,sports,1,0,0,0,1.0
387,255,travel,0,0,0,0,0.0
387,416,travel,0,0,0,0,0.0
387,97,travel,1,0,0,0,1.0
387,455,dance,1,1,0,0,3.0
387,4,dance,1,1,0,0,3.0
387,278,dance,1,0,0,0,1.0
388,69,cooking,1,0,0,0,1.0
388,176,comedy,1,0,0,0,1.0
388,26,travel,0,0,0,0,0.0
388,178,music,1,1,0,0,3.0
388,103,cooking,1,1,0,1,6.0
388,433,travel,1,1,0,0,3.0
388,113,cooking,0,0,0,0,0.0
388,246,travel,1,1,0,0,3.0
388,205,music,1,1,0,0,3.0
388,296,comedy,1,0,0,0,1.0
388,122,cooking,1,0,0,0,1.0
388,493,music,1,0,0,0,1.0
388,301,cooking,1,0,0,0,1.0
389,481,sports,1,0,0,0,1.0
389,450,sports,1,0,0,0,1.0
389,14,dance,1,1,0,0,3.0
389,184,gaming,1,0,0,0,1.0
389,92,dance,1,1,0,0,3.0
389,476,music,1,1,0,0,3.0
389,242,gaming,1,0,0,0,1.0
389,281,sports,1,1,0,0,3.0
389,226,gaming,1,1,0,0,3.0
389,361,sports,1,0,0,1,4.0
389,84,education,0,0,0,0,0.0
389,275,music,0,0,0,0,0.0
390,78,music,1,0,0,0,1.0
390,345,music,1,0,0,0,1.0
390,432,music,0,0,0,0,0.0
390,192,cooking,0,0,0,0,0.0
390,179,music,0,0,0,0,0.0
390,321,travel,0,0,0,0,0.0
390,460,sports,1,0,0,1,4.0
390,476,travel,1,0,0,0,1.0
390,159,music,1,0,0,0,1.0
390,379,cooking,1,0,0,0,1.0
390,444,cooking,1,1,0,0,3.0
391,120,dance,1,0,0,0,1.0
391,168,sports,1,0,0,0,1.0
391,256,cooking,1,0,0,0,1.0
391,85,music,1,0,0,0,1.0
391,314,gaming,1,0,0,0,1.0
391,275,comedy,1,0,0,0,1.0
391,475,comedy,1,0,0,0,1.0
391,305,music,1,0,0,1,4.0
392,55,comedy,1,1,0,0,3.0
392,35,gaming,1,0,0,0,1.0
392,72,gaming,0,0,0,0,0.0
392,227,cooking,1,1,0,0,3.0
392,146,dance,1,0,0,0,1.0
392,421,dance,1,0,0,0,1.0
392,6,dance,0,0,0,0,0.0
392,12,music,1,1,0,0,3.0
392,278,dance,1,0,0,0,1.0
393,221,education,0,0,0,0,0.0
393,129,sports,1,0,0,0,1.0
393,117,travel,1,1,0,0,3.0
393,309,education,1,0,0,1,4.0
393,206,sports,1,1,0,0,3.0
393,215,music,1,0,0,0,1.0
393,488,education,1,1,0,0,3.0
394,166,travel,1,0,0,0,1.0
394,42,travel,1,0,0,0,1.0
394,393,music,1,0,0,0,1.0
394,288,dance,0,0,0,0,0.0
394,422,travel,1,0,0,0,1.0
394,188,music,1,0,0,1,4.0
394,88,dance,0,0,0,0,0.0
394,7,gaming,1,1,0,0,3.0
394,195,sports,1,1,1,0,7.0
394,88,travel,1,1,0,0,3.0
394,106,music,1,0,0,0,1.0
395,411,travel,1,0,0,0,1.0
395,270,travel,1,0,0,0,1.0
395,148,travel,1,0,0,0,1.0
395,66,travel,1,0,0,0,1.0
395,84,cooking,1,1,1,0,7.0
395,129,gaming,1,0,0,0,1.0
395,159,sports,1,0,0,0,1.0
395,17,dance,1,1,0,0,3.0
395,14,travel,1,0,0,0,1.0
395,431,cooking,1,0,0,0,1.0
395,348,travel,1,0,0,0,1.0
395,285,travel,0,0,0,0,0.0
395,151,travel,0,0,0,0,0.0
396,258,education,0,0,0,0,0.0
396,12,education,1,1,0,0,3.0
396,74,music,1,0,0,0,1.0
396,240,dance,1,0,0,0,1.0
396,194,comedy,1,0,0,0,1.0
396,254,education,1,0,0,0,1.0
396,133,dance,1,0,0,0,1.0
396,428,education,1,0,0,0,1.0
396,332,dance,1,0,0,0,1.0
396,493,gaming,1,0,0,0,1.0
396,440,education,0,0,0,0,0.0
396,341,comedy,1,1,0,0,3.0
397,281,education,1,0,0,0,1.0
397,498,gaming,0,0,0,0,0.0
397,166,education,1,0,0,0,1.0
397,348,education,0,0,0,0,0.0
397,434,comedy,1,0,0,0,1.0
397,296,comedy,1,0,0,0,1.0
397,54,comedy,1,0,0,0,1.0
397,258,comedy,1,0,0,0,1.0
397,396,dance,1,0,0,0,1.0
397,425,comedy,0,0,0,0,0.0
398,465,gaming,0,0,0,0,0.0
398,144,cooking,0,0,0,0,0.0
398,488,gaming,0,0,0,0,0.0
398,149,music,1,0,0,0,1.0
398,211,gaming,1,0,0,1,4.0
398,231,gaming,1,1,0,0,3.0
398,385,sports,1,0,0,0,1.0
398,151,music,0,0,0,0,0.0
398,13,music,1,0,0,0,1.0
399,433,dance,0,0,0,0,0.0
399,99,dance,1,0,0,0,1.0
399,437,dance,1,0,0,0,1.0
399,419,dance,1,0,0,0,1.0
399,73,sports,0,0,0,0,0.0
399,163,music,1,0,0,0,1.0
399,372,music,1,1,0,0,3.0
399,55,dance,1,0,0,0,1.0
399,435,music,1,0,0,0,1.0
399,369,cooking,1,0,0,0,1.0
399,455,dance,1,0,0,0,1.0
399,74,music,1,0,0,0,1.0
399,128,dance,1,0,0,0,1.0
399,94,music,0,0,0,0,0.0
399,394,dance,1,0,0,1,4.0
399,38,dance,1,0,0,0,1.0
399,122,sports,1,1,0,1,6.0
400,34,travel,1,0,0,0,1.0
400,105,sports,1,0,0,0,1.0
400,176,sports,1,0,0,0,1.0
400,369,sports,1,0,0,0,1.0
400,279,travel,1,0,0,0,1.0
400,418,gaming,1,0,0,0,1.0
400,356,sports,1,0,0,0,1.0
400,127,music,1,0,0,0,1.0
400,3,travel,1,0,0,0,1.0
400,250,sports,1,0,0,0,1.0
400,106,sports,0,0,0,0,0.0
401,233,travel,1,0,0,1,4.0
401,162,cooking,0,0,0,0,0.0
401,237,cooking,1,0,0,0,1.0
401,407,dance,1,0,0,0,1.0
401,189,sports,1,0,0,0,1.0
401,401,cooking,1,0,0,0,1.0
401,80,cooking,0,0,0,0,0.0
401,7,music,1,0,0,0,1.0
401,248,music,1,0,0,0,1.0
401,410,cooking,1,0,0,0,1.0
401,24,sports,1,0,0,0,1.0
401,468,gaming,1,1,0,0,3.0
401,170,comedy,1,1,0,0,3.0
402,348,sports,1,1,0,0,3.0
402,86,education,1,0,0,0,1.0
402,364,sports,0,0,0,0,0.0
402,441,sports,0,0,0,0,0.0
402,374,sports,1,1,0,0,3.0
402,317,education,1,0,0,0,1.0
402,46,music,1,0,0,0,1.0
402,352,music,1,0,0,0,1.0
402,120,sports,1,1,0,0,3.0
402,296,music,0,0,0,0,0.0
402,449,sports,1,0,0,0,1.0
403,104,education,1,0,0,0,1.0
403,224,comedy,1,0,0,0,1.0
403,210,music,1,0,0,0,1.0
403,87,comedy,1,0,0,0,1.0
403,182,education,1,0,0,0,1.0
403,23,education,0,0,0,0,0.0
403,223,music,1,0,0,0,1.0
403,327,sports,1,0,0,0,1.0
404,91,cooking,1,1,1,0,7.0
404,189,music,1,0,0,0,1.0
404,264,travel,1,0,0,0,1.0
404,169,cooking,1,1,0,0,3.0
404,194,travel,1,0,0,0,1.0
404,270,dance,1,0,0,0,1.0
405,95,comedy,0,0,0,0,0.0
405,32,education,1,1,0,0,3.0
405,380,music,1,0,0,1,4.0
405,156,music,1,1,0,0,3.0
405,430,gaming,1,0,0,0,1.0
406,192,sports,1,0,0,0,1.0
406,62,travel,1,1,0,0,3.0
406,135,education,1,0,0,1,4.0
406,348,comedy,1,0,0,0,1.0
406,446,comedy,1,0,0,0,1.0
406,37,music,1,0,0,0,1.0
407,57,education,1,1,0,0,3.0
407,87,sports,1,1,0,0,3.0
407,216,cooking,1,0,0,0,1.0
407,330,dance,1,0,0,0,1.0
407,330,travel,1,1,0,0,3.0
407,409,sports,1,1,0,0,3.0
407,253,sports,1,0,0,0,1.0
407,433,travel,1,0,0,0,1.0
407,265,dance,1,0,0,0,1.0
407,255,sports,1,0,0,0,1.0
407,349,sports,1,1,0,0,3.0
408,356,cooking,1,0,0,0,1.0
408,214,dance,1,0,0,0,1.0
408,51,dance,0,0,0,0,0.0
408,32,sports,1,0,0,0,1.0
408,254,sports,0,0,0,0,0.0
408,434,dance,1,0,0,0,1.0
408,289,music,1,0,0,0,1.0
408,397,travel,1,0,0,0,1.0
408,184,dance,1,0,0,0,1.0
408,465,education,1,0,0,1,4.0
408,420,sports,1,1,0,0,3.0
408,187,comedy,1,1,0,0,3.0
409,23,education,1,0,0,0,1.0
409,146,dance,1,1,0,0,3.0
409,383,music,1,1,0,0,3.0
409,383,education,1,1,0,0,3.0
409,225,comedy,1,0,0,0,1.0
409,244,dance,1,0,0,0,1.0
409,53,gaming,1,1,0,0,3.0
409,38,dance,1,0,0,0,1.0
409,26,sports,1,1,0,0,3.0
409,478,cooking,1,1,0,0,3.0
409,102,sports,1,0,0,0,1.0
409,100,dance,1,0,0,0,1.0
409,79,gaming,1,0,0,0,1.0
410,55,gaming,1,1,0,0,3.0
410,104,education,1,0,0,0,1.0
410,168,gaming,1,1,0,0,3.0
410,135,education,1,0,0,0,1.0
410,45,gaming,1,0,0,0,1.0
410,448,dance,0,0,0,0,0.0
410,13,education,1,0,0,1,4.0
410,289,gaming,1,0,0,0,1.0
410,428,dance,1,0,0,0,1.0
410,396,gaming,0,0,0,0,0.0
411,471,travel,1,0,0,0,1.0
411,335,music,1,0,0,0,1.0
411,334,cooking,1,0,0,0,1.0
411,457,cooking,1,1,0,0,3.0
411,121,dance,1,1,0,0,3.0
411,344,travel,1,0,0,0,1.0
411,264,dance,1,0,0,0,1.0
411,133,travel,1,0,0,0,1.0
411,108,travel,1,1,0,0,3.0
411,60,cooking,1,0,0,0,1.0
412,372,sports,0,0,0,0,0.0
412,45,cooking,0,0,0,0,0.0
412,481,cooking,1,1,0,0,3.0
412,209,education,1,0,0,0,1.0
412,71,cooking,1,0,0,0,1.0
412,155,travel,0,0,0,0,0.0
412,100,music,0,0,0,0,0.0
412,487,cooking,1,0,0,0,1.0
412,220,education,1,1,0,0,3.0
412,401,music,1,0,0,0,1.0
412,418,dance,0,0,0,0,0.0
412,387,cooking,1,1,0,0,3.0
413,61,gaming,1,0,0,0,1.0
413,174,cooking,1,0,0,0,1.0
413,306,music,1,0,0,0,1.0
413,247,travel,0,0,0,0,0.0
413,396,gaming,1,0,0,0,1.0
413,95,travel,1,0,0,0,1.0
413,275,comedy,0,0,0,0,0.0
413,94,travel,1,0,0,1,4.0
413,247,travel,1,0,0,0,1.0
413,36,education,1,0,0,0,1.0
414,47,travel,1,0,0,0,1.0
414,174,dance,1,0,0,0,1.0
414,185,travel,1,0,0,0,1.0
414,199,sports,1,0,0,0,1.0
414,257,sports,1,0,0,0,1.0
414,11,travel,0,0,0,0,0.0
415,151,education,0,0,0,0,0.0
415,161,travel,1,0,0,0,1.0
415,423,cooking,0,0,0,0,0.0
415,61,education,0,0,0,0,0.0
415,105,music,0,0,0,0,0.0
415,283,travel,0,0,0,0,0.0
415,206,gaming,1,0,0,0,1.0
415,38,gaming,1,0,0,0,1.0
415,393,travel,1,0,0,0,1.0
415,249,travel,1,1,0,0,3.0
415,286,dance,0,0,0,0,0.0
416,375,music,1,0,0,0,1.0
416,189,sports,1,1,0,0,3.0
416,97,travel,0,0,0,0,0.0
416,446,sports,0,0,0,0,0.0
416,358,education,1,0,0,0,1.0
416,203,sports,1,1,0,0,3.0
416,14,gaming,1,0,0,0,1.0
416,418,comedy,1,0,0,0,1.0
416,172,sports,1,0,0,0,1.0
416,222,sports,1,0,0,0,1.0
416,54,education,1,0,0,0,1.0
416,139,comedy,1,0,0,0,1.0
416,418,gaming,1,1,0,0,3.0
417,457,music,1,1,0,0,3.0
417,189,comedy,1,0,0,0,1.0
417,320,sports,1,0,0,0,1.0
417,86,dance,1,0,0,0,1.0
417,378,dance,0,0,0,0,0.0
417,333,cooking,1,1,0,0,3.0
417,456,travel,1,0,0,0,1.0
417,295,dance,1,0,0,0,1.0
417,293,education,0,0,0,0,0.0
417,310,music,1,0,0,0,1.0
417,327,cooking,1,0,0,0,1.0
417,413,dance,1,0,0,0,1.0
418,47,cooking,1,0,0,0,1.0
418,225,sports,1,1,0,0,3.0
418,242,sports,1,1,0,0,3.0
418,28,comedy,1,0,0,0,1.0
418,394,dance,1,0,0,0,1.0
418,295,dance,1,0,0,0,1.0
418,408,gaming,1,0,0,0,1.0
418,1,gaming,1,0,0,0,1.0
418,355,comedy,1,0,0,0,1.0
418,305,comedy,1,1,0,0,3.0
418,305,comedy,0,0,0,0,0.0
418,63,dance,1,0,0,0,1.0
419,69,comedy,1,0,0,0,1.0
419,255,cooking,1,1,0,0,3.0
419,199,travel,1,0,0,0,1.0
419,376,gaming,1,1,0,0,3.0
419,340,travel,1,1,1,0,7.0
419,414,dance,0,0,0,0,0.0
419,323,dance,0,0,0,0,0.0
419,429,music,1,0,0,0,1.0
420,92,dance,1,0,0,0,1.0
420,132,dance,1,0,0,0,1.0
420,263,music,1,0,0,1,4.0
420,174,cooking,1,1,0,0,3.0
420,40,music,1,0,0,0,1.0
420,443,sports,0,0,0,0,0.0
420,445,dance,1,0,0,0,1.0
420,399,dance,1,0,0,0,1.0
420,250,cooking,1,1,0,0,3.0
420,478,dance,1,1,0,0,3.0
420,277,music,1,0,0,0,1.0
420,364,dance,1,0,0,0,1.0
421,193,travel,1,1,1,0,7.0
421,107,sports,0,0,0,0,0.0
421,299,gaming,1,0,0,0,1.0
421,352,cooking,1,0,0,0,1.0
421,128,comedy,1,0,0,0,1.0
421,102,sports,0,0,0,0,0.0
421,333,travel,1,0,0,0,1.0
421,435,comedy,1,1,1,0,7.0
421,81,gaming,1,0,0,0,1.0
422,392,dance,0,0,0,0,0.0
422,351,dance,1,1,0,0,3.0
422,444,cooking,1,0,0,0,1.0
422,225,dance,0,0,0,0,0.0
422,11,gaming,1,0,0,0,1.0
422,103,sports,1,0,0,0,1.0
422,451,dance,0,0,0,0,0.0
422,61,sports,1,0,0,0,1.0
422,46,dance,1,0,0,0,1.0
423,380,comedy,1,0,0,0,1.0
423,46,gaming,0,0,0,0,0.0
423,486,comedy,1,0,0,0,1.0
423,368,travel,1,0,0,0,1.0
423,299,gaming,1,0,0,0,1.0
423,366,comedy,1,0,0,0,1.0
423,323,comedy,0,0,0,0,0.0
424,371,comedy,1,0,0,0,1.0
424,14,travel,0,0,0,0,0.0
424,337,sports,1,0,0,0,1.0
424,304,music,0,0,0,0,0.0
424,431,dance,1,1,0,0,3.0
424,468,comedy,1,0,0,0,1.0
424,390,gaming,0,0,0,0,0.0
424,446,gaming,0,0,0,0,0.0
424,252,gaming,1,0,0,0,1.0
424,8,sports,1,0,0,0,1.0
424,255,comedy,0,0,0,0,0.0
424,266,cooking,1,0,0,0,1.0
425,335,cooking,0,0,0,0,0.0
425,189,education,1,0,0,0,1.0
425,27,cooking,1,0,0,0,1.0
425,344,gaming,1,0,0,0,1.0
425,109,gaming,0,0,0,0,0.0
425,45,music,1,1,0,0,3.0
425,340,education,1,0,0,0,1.0
425,424,music,1,1,0,0,3.0
425,308,gaming,0,0,0,0,0.0
426,202,education,1,1,0,0,3.0
426,240,travel,0,0,0,0,0.0
426,475,travel,1,0,0,0,1.0
426,106,travel,1,0,0,0,1.0
426,138,education,1,1,0,0,3.0
426,156,gaming,1,0,0,0,1.0
426,174,gaming,1,1,0,0,3.0
426,6,dance,1,0,0,0,1.0
426,148,travel,1,1,0,0,3.0
426,443,education,1,0,0,0,1.0
426,300,gaming,1,0,0,0,1.0
427,435,travel,1,0,0,0,1.0
427,163,music,1,0,0,0,1.0
427,193,travel,1,0,0,0,1.0
427,338,music,1,1,0,0,3.0
427,231,music,1,1,0,0,3.0
427,220,music,1,1,0,0,3.0
427,226,comedy,0,0,0,0,0.0
427,185,travel,0,0,0,0,0.0
427,445,comedy,1,0,0,0,1.0
427,341,music,1,0,0,0,1.0
427,414,music,1,0,0,0,1.0
427,106,travel,1,0,0,0,1.0
428,415,gaming,1,0,0,0,1.0
428,366,cooking,1,0,0,1,4.0
428,369,dance,0,0,0,0,0.0
428,131,dance,1,1,0,0,3.0
428,4,gaming,0,0,0,0,0.0
428,208,gaming,1,1,0,0,3.0
428,256,sports,1,0,0,0,1.0
428,154,gaming,1,1,0,0,3.0
428,20,travel,1,1,0,0,3.0
428,498,gaming,1,1,0,0,3.0
428,78,comedy,1,0,0,0,1.0
428,155,gaming,1,1,0,0,3.0
429,314,sports,0,0,0,0,0.0
429,62,education,1,0,0,0,1.0
429,423,dance,1,0,0,0,1.0
429,25,music,1,0,0,0,1.0
429,321,travel,1,0,0,0,1.0
429,305,comedy,1,1,0,0,3.0
429,461,gaming,1,0,0,1,4.0
429,412,dance,1,1,0,0,3.0
429,324,gaming,1,0,0,0,1.0
429,166,travel,1,0,0,0,1.0
429,28,sports,0,0,0,0,0.0
429,154,sports,1,0,0,0,1.0
429,310,travel,1,0,0,1,4.0
429,479,gaming,1,1,0,0,3.0
430,443,music,1,0,0,0,1.0
430,489,sports,1,0,0,0,1.0
430,427,music,1,1,0,0,3.0
430,422,gaming,1,0,0,0,1.0
430,169,sports,0,0,0,0,0.0
430,45,music,1,1,0,0,3.0
430,405,music,0,0,0,0,0.0
430,414,sports,1,0,0,0,1.0
430,26,travel,1,0,0,0,1.0
430,392,sports,1,0,0,0,1.0
430,400,sports,1,0,0,0,1.0
431,448,dance,0,0,0,0,0.0
431,266,sports,1,0,0,0,1.0
431,105,travel,1,0,0,0,1.0
431,200,travel,1,1,0,0,3.0
431,433,cooking,1,1,0,0,3.0
431,250,education,1,0,0,0,1.0
431,458,sports,1,1,0,0,3.0
431,349,music,1,0,0,0,1.0
431,324,music,1,1,0,0,3.0
431,26,education,1,0,0,0,1.0
431,228,travel,1,1,0,0,3.0
431,374,travel,1,0,0,0,1.0
431,110,music,1,1,0,0,3.0
431,182,dance,1,0,0,0,1.0
431,226,sports,1,0,0,0,1.0
431,110,sports,0,0,0,0,0.0
431,126,travel,1,0,0,0,1.0
431,265,travel,1,0,0,0,1.0
432,279,dance,1,0,0,0,1.0
432,437,gaming,1,0,0,0,1.0
432,304,comedy,0,0,0,0,0.0
432,27,comedy,1,0,0,0,1.0
432,246,travel,1,0,0,0,1.0
432,309,education,1,0,0,0,1.0
432,276,gaming,1,1,0,0,3.0
432,295,music,0,0,0,0,0.0
432,370,travel,0,0,0,0,0.0
433,13,comedy,1,0,0,0,1.0
433,273,cooking,1,1,0,0,3.0
433,127,comedy,0,0,0,0,0.0
433,79,music,1,0,0,0,1.0
433,451,sports,1,1,0,0,3.0
433,298,gaming,1,0,0,0,1.0
433,309,music,1,1,0,0,3.0
433,36,gaming,1,1,0,0,3.0
433,464,music,1,0,0,0,1.0
433,428,gaming,1,0,0,0,1.0
433,266,dance,1,0,0,0,1.0
433,428,dance,1,0,0,1,4.0
433,469,education,0,0,0,0,0.0
434,188,music,0,0,0,0,0.0
434,173,education,1,0,0,0,1.0
434,395,education,1,0,0,0,1.0
435,265,dance,1,0,0,0,1.0
435,195,comedy,0,0,0,0,0.0
435,6,sports,0,0,0,0,0.0
435,457,sports,1,0,0,0,1.0
435,122,travel,0,0,0,0,0.0
435,103,cooking,1,0,0,1,4.0
435,372,travel,1,0,0,0,1.0
435,203,sports,1,0,0,0,1.0
435,376,education,0,0,0,0,0.0
435,173,sports,1,0,0,0,1.0
435,458,sports,1,1,0,0,3.0
436,305,travel,1,0,0,0,1.0
436,233,sports,1,1,1,0,7.0
436,493,sports,1,0,0,0,1.0
436,71,cooking,1,0,0,0,1.0
436,166,music,1,1,1,0,7.0
436,163,music,1,0,0,0,1.0
436,314,travel,1,1,0,0,3.0
436,68,travel,1,0,0,0,1.0
436,174,cooking,1,0,0,0,1.0
437,442,travel,0,0,0,0,0.0
437,336,music,0,0,0,0,0.0
437,123,travel,1,0,0,0,1.0
437,268,cooking,1,0,0,0,1.0
437,64,comedy,1,0,0,0,1.0
437,455,cooking,1,0,0,0,1.0
437,21,comedy,1,0,0,0,1.0
437,4,cooking,1,1,0,0,3.0
437,80,comedy,1,0,0,1,4.0
437,157,travel,1,0,0,0,1.0
437,54,comedy,0,0,0,0,0.0
437,97,cooking,0,0,0,0,0.0
438,44,education,1,0,0,1,4.0
438,495,dance,1,0,0,0,1.0
438,189,music,1,1,0,0,3.0
438,248,music,1,1,0,0,3.0
438,333,sports,1,0,0,1,4.0
438,163,dance,0,0,0,0,0.0
438,433,education,1,0,0,0,1.0
439,391,gaming,1,0,0,0,1.0
439,173,sports,1,1,0,0,3.0
439,339,comedy,1,0,0,0,1.0
439,28,comedy,1,0,0,0,1.0
439,337,dance,0,0,0,0,0.0
439,317,cooking,1,0,0,0,1.0
439,164,education,0,0,0,0,0.0
439,284,sports,1,0,0,0,1.0
439,95,education,1,1,0,0,3.0
439,25,sports,1,1,0,0,3.0
439,426,sports,1,0,0,0,1.0
440,229,travel,1,0,0,0,1.0
440,174,travel,1,1,0,0,3.0
440,36,comedy,1,0,0,0,1.0
440,83,gaming,1,1,0,0,3.0
440,417,comedy,1,0,0,0,1.0
440,82,travel,1,0,0,0,1.0
440,87,travel,1,0,0,0,1.0
440,238,comedy,1,0,0,0,1.0
441,419,dance,1,1,0,0,3.0
441,293,sports,0,0,0,0,0.0
441,394,sports,0,0,0,0,0.0
441,110,sports,1,0,0,0,1.0
441,237,comedy,1,0,0,1,4.0
441,166,comedy,0,0,0,0,0.0
441,95,sports,1,1,0,0,3.0
441,274,dance,1,1,0,0,3.0
441,76,dance,1,1,0,0,3.0
441,298,dance,0,0,0,0,0.0
441,391,travel,1,0,0,0,1.0
442,103,cooking,1,0,0,0,1.0
442,231,cooking,1,0,0,0,1.0
442,111,cooking,1,0,0,0,1.0
442,316,music,1,1,0,1,6.0
442,458,gaming,1,0,0,0,1.0
442,67,gaming,1,0,0,0,1.0
442,420,cooking,1,0,0,0,1.0
442,137,education,1,0,0,0,1.0
443,287,travel,1,1,0,0,3.0
443,489,sports,1,0,0,0,1.0
443,43,dance,1,0,0,0,1.0
443,27,sports,1,0,0,0,1.0
443,7,travel,1,1,0,0,3.0
443,111,sports,1,0,0,0,1.0
444,248,education,1,1,0,0,3.0
444,478,education,0,0,0,0,0.0
444,80,comedy,0,0,0,0,0.0
444,32,dance,1,0,0,0,1.0
444,154,sports,1,0,0,0,1.0
444,445,education,1,0,0,0,1.0
444,456,dance,1,0,0,0,1.0
444,61,sports,1,0,0,0,1.0
444,228,gaming,1,0,0,0,1.0
444,281,dance,1,0,0,0,1.0
445,239,dance,1,1,0,0,3.0
445,252,travel,1,0,0,0,1.0
445,71,travel,1,0,0,0,1.0
445,348,sports,1,1,0,0,3.0
445,248,dance,1,1,0,0,3.0
445,94,comedy,1,0,0,0,1.0
445,434,gaming,1,0,0,0,1.0
446,381,cooking,1,0,0,0,1.0
446,231,dance,1,0,0,0,1.0
446,12,comedy,1,0,0,0,1.0
446,175,travel,1,0,0,1,4.0
446,10,education,0,0,0,0,0.0
446,204,music,0,0,0,0,0.0
446,269,dance,1,0,0,0,1.0
446,372,dance,0,0,0,0,0.0
447,347,music,0,0,0,0,0.0
447,286,comedy,1,0,0,0,1.0
447,405,music,1,0,0,0,1.0
447,161,education,1,1,0,0,3.0
447,464,education,0,0,0,0,0.0
447,294,cooking,0,0,0,0,0.0
447,342,music,1,1,0,0,3.0
447,496,education,1,0,0,0,1.0
447,359,gaming,1,0,0,0,1.0
447,188,gaming,1,0,0,0,1.0
447,170,education,1,0,0,0,1.0
448,277,sports,1,0,0,0,1.0
448,463,education,1,0,0,0,1.0
448,207,dance,1,1,0,0,3.0
448,379,gaming,1,0,0,0,1.0
448,247,travel,0,0,0,0,0.0
448,335,sports,1,0,0,1,4.0
448,218,education,1,1,0,0,3.0
448,69,travel,1,0,0,0,1.0
448,338,sports,1,0,0,0,1.0
448,95,dance,0,0,0,0,0.0
448,7,comedy,1,0,0,0,1.0
448,328,travel,1,1,0,0,3.0
448,101,travel,1,0,0,0,1.0
448,29,education,1,1,0,0,3.0
448,497,education,1,0,0,0,1.0
449,40,cooking,0,0,0,0,0.0
449,172,sports,0,0,0,0,0.0
449,127,cooking,1,0,0,0,1.0
449,257,gaming,1,0,0,0,1.0
449,253,comedy,1,1,0,0,3.0
449,176,gaming,1,1,0,0,3.0
449,234,gaming,0,0,0,0,0.0
449,65,gaming,1,0,0,0,1.0
449,439,gaming,1,0,0,0,1.0
449,276,music,1,0,0,0,1.0
449,252,comedy,0,0,0,0,0.0
449,327,dance,1,0,0,1,4.0
450,449,travel,1,1,0,1,6.0
450,342,sports,1,0,0,0,1.0
450,72,sports,1,0,0,0,1.0
450,477,music,1,0,0,0,1.0
450,186,travel,1,0,0,0,1.0
450,360,sports,1,0,0,0,1.0
450,455,travel,1,0,0,0,1.0
450,49,music,1,1,0,0,3.0
450,182,comedy,1,0,0,0,1.0
450,346,sports,0,0,0,0,0.0
450,131,sports,1,1,0,0,3.0
451,266,comedy,1,1,0,0,3.0
451,122,dance,1,0,0,0,1.0
451,442,comedy,1,1,0,0,3.0
451,474,cooking,1,0,0,0,1.0
451,425,education,1,1,0,0,3.0
451,89,music,0,0,0,0,0.0
451,236,dance,1,1,0,0,3.0
451,50,sports,1,0,0,0,1.0
451,115,dance,1,0,0,0,1.0
451,269,cooking,1,1,0,0,3.0
451,294,cooking,1,0,0,0,1.0
452,408,comedy,1,1,0,0,3.0
452,226,gaming,1,0,0,0,1.0
452,310,dance,1,0,0,0,1.0
452,375,gaming,1,1,0,0,3.0
452,75,comedy,1,0,0,0,1.0
452,216,music,1,1,0,1,6.0
453,382,music,1,0,0,0,1.0
453,149,cooking,1,1,0,0,3.0
453,238,cooking,1,1,0,0,3.0
453,384,music,1,0,0,0,1.0
453,131,cooking,0,0,0,0,0.0
453,13,sports,1,1,0,0,3.0
453,72,music,1,0,0,0,1.0
453,216,sports,1,1,0,0,3.0
454,4,music,1,1,1,0,7.0
454,317,music,1,1,0,0,3.0
454,445,sports,1,0,0,1,4.0
454,0,gaming,0,0,0,0,0.0
454,217,sports,0,0,0,0,0.0
454,99,music,1,0,0,0,1.0
454,156,music,1,1,0,0,3.0
455,333,music,1,0,0,0,1.0
455,317,travel,0,0,0,0,0.0
455,104,comedy,0,0,0,0,0.0
455,140,education,0,0,0,0,0.0
455,381,travel,1,1,0,0,3.0
455,381,music,1,0,0,0,1.0
456,118,music,0,0,0,0,0.0
456,345,comedy,1,0,0,0,1.0
456,24,comedy,1,1,0,0,3.0
456,370,music,0,0,0,0,0.0
456,44,dance,1,1,0,0,3.0
456,266,comedy,1,0,0,0,1.0
456,284,comedy,1,1,0,0,3.0
456,2,comedy,1,1,0,0,3.0
456,422,music,1,0,0,0,1.0
456,317,comedy,1,0,0,0,1.0
456,483,travel,1,0,0,0,1.0
456,358,sports,1,0,0,0,1.0
456,9,comedy,1,0,0,0,1.0
456,300,comedy,0,0,0,0,0.0
456,211,comedy,1,0,0,0,1.0
457,472,sports,0,0,0,0,0.0
457,329,comedy,1,0,0,0,1.0
457,19,education,1,0,0,0,1.0
457,34,sports,1,1,0,0,3.0
457,312,sports,0,0,0,0,0.0
457,44,cooking,1,0,0,0,1.0
457,422,sports,1,0,0,0,1.0
457,58,sports,1,0,0,0,1.0
457,298,sports,0,0,0,0,0.0
457,221,music,0,0,0,0,0.0
457,454,sports,1,0,0,0,1.0
457,186,sports,0,0,0,0,0.0
457,492,cooking,0,0,0,0,0.0
457,173,sports,1,1,0,0,3.0
458,332,travel,1,1,0,0,3.0
458,459,dance,0,0,0,0,0.0
458,19,comedy,1,1,0,0,3.0
458,401,cooking,0,0,0,0,0.0
458,98,comedy,1,0,0,0,1.0
458,493,gaming,1,1,0,0,3.0
458,360,gaming,1,0,0,0,1.0
458,473,education,1,0,0,0,1.0
459,277,gaming,1,1,0,0,3.0
459,484,music,1,0,0,0,1.0
459,159,dance,1,0,0,0,1.0
459,166,dance,1,0,0,0,1.0
459,219,education,1,1,0,1,6.0
459,278,education,1,0,0,0,1.0
459,130,education,1,1,0,0,3.0
459,313,travel,1,0,0,1,4.0
459,0,gaming,1,1,0,0,3.0
459,216,travel,0,0,0,0,0.0
459,139,education,1,0,0,0,1.0
460,62,education,1,0,0,0,1.0
460,170,dance,1,1,0,0,3.0
460,175,comedy,1,0,0,0,1.0
460,77,travel,1,0,0,0,1.0
460,154,travel,0,0,0,0,0.0
460,299,music,1,0,0,0,1.0
460,386,music,0,0,0,0,0.0
460,26,travel,0,0,0,0,0.0
460,294,cooking,1,0,0,0,1.0
460,412,dance,1,0,0,1,4.0
460,247,travel,1,0,0,0,1.0
460,367,education,1,0,0,0,1.0
461,312,travel,0,0,0,0,0.0
461,291,education,1,0,0,0,1.0
461,193,sports,1,1,0,1,6.0
461,459,education,0,0,0,0,0.0
461,254,education,1,0,0,0,1.0
461,498,sports,1,1,0,1,6.0
461,110,music,1,1,0,0,3.0
461,10,music,1,0,0,0,1.0
461,233,education,1,1,0,0,3.0
462,91,dance,1,0,0,0,1.0
462,47,dance,0,0,0,0,0.0
462,42,education,1,0,0,0,1.0
462,249,cooking,0,0,0,0,0.0
462,141,gaming,1,0,0,1,4.0
463,134,cooking,1,0,0,0,1.0
463,310,cooking,1,0,0,0,1.0
463,200,cooking,1,1,0,0,3.0
463,180,education,1,0,0,0,1.0
463,310,dance,1,0,0,0,1.0
463,387,cooking,1,1,0,0,3.0
463,464,comedy,1,0,0,0,1.0
463,100,dance,1,0,0,0,1.0
463,170,education,1,0,0,0,1.0
463,67,education,1,0,0,0,1.0
463,186,gaming,1,0,0,0,1.0
463,16,dance,1,0,0,0,1.0
464,168,education,1,0,0,0,1.0
464,363,education,1,0,0,0,1.0
464,140,comedy,1,0,0,0,1.0
464,91,education,1,1,0,0,3.0
464,96,gaming,1,0,0,0,1.0
464,124,education,1,0,0,0,1.0
464,343,travel,1,0,0,0,1.0
464,322,gaming,0,0,0,0,0.0
464,436,education,1,0,0,0,1.0
464,12,education,1,0,0,0,1.0
464,352,education,1,0,0,1,4.0
464,60,education,1,0,0,0,1.0
464,465,education,1,1,0,0,3.0
465,472,cooking,1,0,0,0,1.0
465,76,education,1,1,0,0,3.0
465,330,comedy,1,1,0,0,3.0
465,32,education,1,0,0,0,1.0
465,151,comedy,1,0,0,0,1.0
465,168,comedy,1,1,0,0,3.0
465,462,education,1,0,0,0,1.0
465,133,cooking,1,1,0,0,3.0
465,469,cooking,0,0,0,0,0.0
465,470,cooking,1,0,0,0,1.0
466,411,sports,1,1,1,0,7.0
466,260,sports,1,1,0,0,3.0
466,291,music,1,0,0,0,1.0
466,21,sports,1,0,0,0,1.0
466,418,music,1,0,0,0,1.0
466,378,sports,1,0,0,0,1.0
466,275,sports,1,0,0,0,1.0
466,98,sports,1,0,0,0,1.0
466,381,comedy,0,0,0,0,0.0
466,327,sports,1,0,0,0,1.0
466,285,comedy,1,0,0,0,1.0
466,272,comedy,1,0,0,0,1.0
466,119,gaming,1,1,0,0,3.0
466,235,cooking,1,0,0,1,4.0
466,139,sports,0,0,0,0,0.0
467,83,dance,1,0,0,0,1.0
467,96,travel,0,0,0,0,0.0
467,301,music,0,0,0,0,0.0
467,289,sports,1,0,0,0,1.0
467,304,education,1,1,0,0,3.0
467,351,music,1,0,0,0,1.0
467,173,music,1,0,0,0,1.0
467,237,travel,0,0,0,0,0.0
467,220,education,1,0,0,0,1.0
467,442,education,1,0,0,0,1.0
467,408,education,1,0,0,0,1.0
467,459,dance,1,1,0,0,3.0
467,188,education,1,0,0,0,1.0
467,34,cooking,1,1,0,0,3.0
467,289,education,1,1,0,0,3.0
467,108,education,0,0,0,0,0.0
468,13,education,1,0,0,0,1.0
468,478,gaming,1,1,0,0,3.0
468,174,cooking,0,0,0,0,0.0
468,67,gaming,1,1,0,0,3.0
468,279,comedy,1,0,0,0,1.0
468,146,education,1,0,0,0,1.0
468,79,gaming,1,1,0,0,3.0
468,422,sports,1,1,0,0,3.0
468,226,gaming,1,1,0,0,3.0
469,270,gaming,1,0,0,0,1.0
469,388,comedy,1,0,0,0,1.0
469,236,travel,0,0,0,0,0.0
469,97,gaming,0,0,0,0,0.0
469,52,travel,1,0,0,0,1.0
469,388,comedy,1,1,0,0,3.0
469,276,cooking,1,1,1,0,7.0
469,135,travel,1,0,0,0,1.0
469,60,comedy,1,0,0,0,1.0
469,440,music,1,0,0,0,1.0
469,399,gaming,1,1,0,0,3.0
469,471,gaming,0,0,0,0,0.0
470,404,gaming,1,1,1,0,7.0
470,104,comedy,0,0,0,0,0.0
470,125,cooking,1,0,0,0,1.0
470,166,education,1,1,1,0,7.0
470,369,comedy,1,0,0,0,1.0
470,228,gaming,0,0,0,0,0.0
470,385,sports,1,0,0,0,1.0
470,470,sports,0,0,0,0,0.0
470,425,comedy,0,0,0,0,0.0
470,350,travel,1,0,0,0,1.0
471,160,gaming,1,1,0,0,3.0
471,313,travel,1,0,0,0,1.0
471,217,cooking,0,0,0,0,0.0
471,39,education,1,0,0,0,1.0
471,156,gaming,0,0,0,0,0.0
471,200,travel,0,0,0,0,0.0
471,112,travel,0,0,0,0,0.0
471,472,gaming,1,0,0,0,1.0
471,15,sports,1,0,0,0,1.0
471,177,education,1,0,0,0,1.0
471,117,sports,1,0,0,0,1.0
471,280,sports,1,0,0,0,1.0
471,329,travel,1,0,0,0,1.0
471,399,sports,1,0,0,0,1.0
471,201,sports,1,0,0,0,1.0
472,51,comedy,0,0,0,0,0.0
472,247,education,1,1,0,0,3.0
472,92,education,0,0,0,0,0.0
472,12,sports,1,0,0,0,1.0
472,405,sports,1,1,1,0,7.0
472,357,sports,1,0,0,0,1.0
472,255,dance,0,0,0,0,0.0
472,301,gaming,1,0,0,0,1.0
472,6,sports,1,0,0,0,1.0
472,299,sports,1,0,0,0,1.0
472,402,gaming,0,0,0,0,0.0
473,417,cooking,1,0,0,0,1.0
473,498,dance,1,0,0,0,1.0
473,445,education,0,0,0,0,0.0
473,281,cooking,1,0,0,0,1.0
473,147,education,0,0,0,0,0.0
473,386,cooking,1,0,0,0,1.0
473,427,cooking,1,0,0,0,1.0
473,281,dance,0,0,0,0,0.0
474,302,comedy,1,0,0,0,1.0
474,43,gaming,1,1,0,0,3.0
474,370,sports,1,0,0,0,1.0
474,42,music,0,0,0,0,0.0
474,219,music,0,0,0,0,0.0
474,261,sports,0,0,0,0,0.0
474,301,sports,0,0,0,0,0.0
474,383,sports,1,0,0,0,1.0
474,315,comedy,1,0,0,0,1.0
474,237,music,0,0,0,0,0.0
474,423,music,1,1,0,0,3.0
474,318,sports,1,0,0,0,1.0
475,169,sports,1,0,0,0,1.0
475,104,cooking,1,1,0,0,3.0
475,476,education,1,0,0,0,1.0
475,373,sports,1,1,0,0,3.0
475,99,education,0,0,0,0,0.0
475,395,sports,0,0,0,0,0.0
475,6,sports,1,0,0,0,1.0
475,290,dance,1,0,0,0,1.0
475,350,sports,1,0,0,0,1.0
475,392,cooking,1,0,0,0,1.0
476,216,cooking,1,1,0,0,3.0
476,385,education,1,1,0,0,3.0
476,192,gaming,0,0,0,0,0.0
476,314,gaming,0,0,0,0,0.0
476,461,gaming,1,1,0,0,3.0
476,5,gaming,1,0,0,0,1.0
476,133,education,1,0,0,1,4.0
476,397,sports,0,0,0,0,0.0
476,243,education,1,1,0,0,3.0
476,192,gaming,1,0,0,0,1.0
476,266,cooking,1,0,0,0,1.0
476,8,sports,1,1,0,0,3.0
476,124,gaming,1,0,0,0,1.0
477,62,sports,1,0,0,0,1.0
477,206,education,1,1,0,0,3.0
477,327,sports,1,0,0,0,1.0
477,35,sports,0,0,0,0,0.0
477,270,education,1,0,0,0,1.0
477,169,comedy,1,0,0,0,1.0
477,17,dance,1,0,0,0,1.0
477,178,sports,1,0,0,0,1.0
477,202,dance,1,0,0,0,1.0
477,214,education,1,0,0,0,1.0
477,118,dance,1,0,0,0,1.0
478,51,music,1,0,0,0,1.0
478,75,gaming,0,0,0,0,0.0
478,454,music,0,0,0,0,0.0
478,26,gaming,0,0,0,0,0.0
478,301,education,1,0,0,0,1.0
478,449,music,1,0,0,0,1.0
478,273,music,1,1,0,0,3.0
478,93,dance,1,0,0,0,1.0
478,46,gaming,0,0,0,0,0.0
478,229,music,1,0,0,0,1.0
478,479,music,1,0,0,0,1.0
479,368,travel,0,0,0,0,0.0
479,290,education,1,1,0,0,3.0
479,289,comedy,1,0,0,0,1.0
479,484,music,1,0,0,0,1.0
479,489,travel,1,0,0,0,1.0
479,394,travel,0,0,0,0,0.0
479,427,travel,1,1,0,0,3.0
479,483,sports,1,1,0,0,3.0
479,106,travel,1,0,0,0,1.0
479,394,dance,1,1,0,1,6.0
480,433,cooking,1,1,0,0,3.0
480,314,cooking,1,0,0,0,1.0
480,331,travel,1,0,0,0,1.0
480,252,travel,1,0,0,0,1.0
480,68,gaming,1,0,0,0,1.0
480,228,travel,1,0,0,0,1.0
481,467,travel,0,0,0,0,0.0
481,167,cooking,0,0,0,0,0.0
481,458,cooking,1,0,0,0,1.0
481,298,cooking,1,1,0,0,3.0
481,318,education,1,0,0,0,1.0
481,144,education,1,1,0,0,3.0
481,472,cooking,1,0,0,1,4.0
481,114,cooking,1,0,0,1,4.0
481,365,dance,1,1,0,0,3.0
481,350,cooking,1,0,0,0,1.0
482,233,travel,0,0,0,0,0.0
482,316,music,1,0,0,0,1.0
482,37,travel,1,0,0,0,1.0
482,200,cooking,1,1,0,0,3.0
482,181,sports,1,0,0,0,1.0
482,271,education,1,0,0,0,1.0
482,4,sports,0,0,0,0,0.0
482,72,music,1,0,0,0,1.0
482,381,comedy,1,0,0,0,1.0
482,427,sports,1,0,0,0,1.0
483,414,gaming,1,0,0,0,1.0
483,233,sports,1,0,0,0,1.0
483,134,comedy,1,0,0,0,1.0
483,9,music,1,0,0,0,1.0
483,494,music,0,0,0,0,0.0
483,414,music,1,0,0,0,1.0
483,248,travel,1,0,0,0,1.0
483,412,music,1,0,0,0,1.0
483,430,sports,0,0,0,0,0.0
483,217,music,1,0,0,0,1.0
483,72,comedy,1,0,0,0,1.0
483,157,sports,1,1,0,0,3.0
483,104,education,1,0,0,1,4.0
483,304,education,1,1,0,0,3.0
484,342,travel,1,0,0,0,1.0
484,282,sports,1,1,0,0,3.0
484,13,comedy,1,0,0,0,1.0
484,462,cooking,0,0,0,0,0.0
484,216,sports,1,0,0,0,1.0
484,88,comedy,1,0,0,0,1.0
484,269,cooking,1,0,0,0,1.0
484,33,cooking,1,0,0,0,1.0
484,79,dance,1,1,0,0,3.0
484,112,travel,1,0,0,0,1.0
485,465,comedy,1,0,0,0,1.0
485,495,education,1,0,0,0,1.0
485,376,music,1,0,0,0,1.0
485,321,travel,1,0,0,0,1.0
485,405,travel,0,0,0,0,0.0
485,123,education,0,0,0,0,0.0
485,446,music,1,1,0,0,3.0
486,217,comedy,1,0,0,0,1.0
486,376,cooking,1,1,0,0,3.0
486,5,gaming,1,1,0,0,3.0
486,64,travel,1,0,0,0,1.0
486,250,gaming,1,0,0,1,4.0
486,109,education,1,0,0,0,1.0
486,437,music,1,0,0,0,1.0
486,5,music,1,0,0,0,1.0
487,483,travel,0,0,0,0,0.0
487,269,music,1,1,0,0,3.0
487,466,education,1,0,0,0,1.0
487,198,travel,1,0,0,0,1.0
487,117,travel,1,1,0,0,3.0
488,234,music,1,0,0,1,4.0
488,436,dance,1,0,0,0,1.0
488,145,dance,0,0,0,0,0.0
488,130,dance,1,0,0,0,1.0
488,411,dance,0,0,0,0,0.0
488,25,cooking,1,1,0,0,3.0
488,327,sports,1,0,0,0,1.0
488,277,gaming,0,0,0,0,0.0
488,136,dance,1,1,0,0,3.0
488,239,sports,1,0,0,0,1.0
488,264,dance,0,0,0,0,0.0
488,123,dance,1,1,0,0,3.0
488,361,education,1,0,0,0,1.0
488,300,dance,1,1,0,0,3.0
488,272,dance,1,0,0,0,1.0
489,476,comedy,1,1,0,0,3.0
489,394,sports,0,0,0,0,0.0
489,231,education,1,1,0,0,3.0
489,370,education,1,0,0,0,1.0
489,423,sports,1,0,0,1,4.0
489,130,comedy,1,0,0,0,1.0
489,325,cooking,1,0,0,0,1.0
489,226,education,0,0,0,0,0.0
489,415,travel,1,0,0,0,1.0
489,232,education,1,1,0,0,3.0
489,440,education,0,0,0,0,0.0
490,441,gaming,1,0,0,0,1.0
490,182,education,1,1,0,0,3.0
490,182,sports,1,0,0,0,1.0
490,325,dance,1,0,0,0,1.0
490,376,music,1,0,0,0,1.0
491,461,gaming,1,0,0,0,1.0
491,83,dance,1,0,0,0,1.0
491,241,sports,0,0,0,0,0.0
491,431,education,1,1,0,0,3.0
491,65,travel,0,0,0,0,0.0
491,364,education,0,0,0,0,0.0
491,25,education,1,0,0,0,1.0
491,29,education,1,0,0,0,1.0
491,151,education,1,0,0,0,1.0
491,422,education,0,0,0,0,0.0
491,70,education,0,0,0,0,0.0
491,102,education,0,0,0,0,0.0
491,139,education,1,0,0,0,1.0
491,355,music,1,0,0,0,1.0
491,265,education,1,0,0,1,4.0
491,83,travel,1,0,0,0,1.0
491,246,gaming,1,1,0,1,6.0
492,246,cooking,1,0,0,0,1.0
492,432,sports,1,1,0,0,3.0
492,498,sports,1,0,0,0,1.0
492,347,music,1,0,0,0,1.0
492,347,cooking,0,0,0,0,0.0
492,281,cooking,1,0,0,0,1.0
492,156,travel,1,0,0,0,1.0
492,366,music,0,0,0,0,0.0
492,440,cooking,1,1,0,0,3.0
493,394,sports,1,0,0,0,1.0
493,57,sports,1,0,0,0,1.0
493,205,gaming,1,1,0,0,3.0
493,364,gaming,0,0,0,0,0.0
493,436,sports,1,1,0,0,3.0
493,213,music,1,0,0,0,1.0
493,219,gaming,0,0,0,0,0.0
493,65,education,1,0,0,0,1.0
494,110,music,1,1,0,0,3.0
494,86,music,1,0,0,0,1.0
494,362,dance,0,0,0,0,0.0
494,276,music,1,1,0,0,3.0
494,149,music,1,0,0,0,1.0
494,479,sports,1,0,0,0,1.0
494,27,music,1,0,0,0,1.0
494,47,education,1,0,0,0,1.0
494,416,dance,0,0,0,0,0.0
494,18,dance,1,1,0,0,3.0
494,378,dance,1,0,0,0,1.0
494,203,music,1,0,0,0,1.0
495,438,cooking,1,0,0,0,1.0
495,129,dance,0,0,0,0,0.0
495,79,cooking,1,1,0,0,3.0
495,17,comedy,1,0,0,0,1.0
495,380,dance,0,0,0,0,0.0
495,36,comedy,1,0,0,0,1.0
495,54,travel,1,0,0,0,1.0
495,429,travel,1,0,0,0,1.0
495,273,cooking,1,0,0,0,1.0
495,206,sports,1,1,0,0,3.0
495,418,cooking,1,0,0,0,1.0
495,305,cooking,1,0,0,0,1.0
495,277,cooking,1,0,0,0,1.0
496,272,cooking,1,1,0,0,3.0
496,133,education,0,0,0,0,0.0
496,309,education,1,0,0,0,1.0
496,410,cooking,1,0,0,0,1.0
496,326,travel,0,0,0,0,0.0
496,398,education,1,0,0,0,1.0
496,249,gaming,1,1,0,0,3.0
496,304,education,1,1,0,0,3.0
496,37,gaming,1,0,0,0,1.0
496,212,comedy,1,0,0,0,1.0
496,278,education,1,0,0,0,1.0
496,72,sports,1,0,0,0,1.0
497,363,comedy,1,0,0,1,4.0
497,397,music,1,0,0,0,1.0
497,353,dance,1,0,0,0,1.0
497,33,cooking,1,1,0,0,3.0
497,366,dance,1,0,0,0,1.0
497,283,comedy,1,1,0,0,3.0
497,140,comedy,0,0,0,0,0.0
497,190,cooking,1,1,0,0,3.0
497,60,cooking,0,0,0,0,0.0
497,242,music,1,0,0,0,1.0
498,415,dance,0,0,0,0,0.0
498,378,dance,1,0,0,0,1.0
498,295,cooking,1,0,0,0,1.0
498,486,dance,1,0,0,0,1.0
498,78,comedy,1,0,0,0,1.0
498,216,comedy,1,0,0,0,1.0
498,465,dance,1,1,0,0,3.0
498,126,comedy,1,0,0,0,1.0
498,357,comedy,1,1,0,0,3.0
499,252,education,1,0,0,0,1.0
499,266,travel,1,0,0,0,1.0
499,171,music,1,0,0,0,1.0
499,22,music,1,1,0,0,3.0
499,365,travel,1,0,0,0,1.0
499,469,dance,1,0,0,1,4.0
499,402,sports,0,0,0,0,0.0
499,290,music,1,0,0,0,1.0
499,133,dance,1,0,0,0,1.0
499,18,education,1,0,0,0,1.0
499,433,cooking,1,0,0,1,4.0
499,67,cooking,1,1,0,0,3.0
500,436,dance,0,0,0,0,0.0
500,368,education,1,1,0,0,3.0
500,171,education,1,0,0,0,1.0
500,368,sports,1,1,0,1,6.0
500,288,music,1,1,0,1,6.0
500,4,cooking,1,0,0,0,1.0
500,447,travel,1,0,0,0,1.0
500,153,education,1,1,1,0,7.0
500,402,travel,1,1,0,0,3.0
500,0,comedy,1,0,0,0,1.0
500,19,comedy,1,0,0,0,1.0
501,455,music,1,0,0,0,1.0
501,434,music,0,0,0,0,0.0
501,128,music,0,0,0,0,0.0
501,280,sports,1,0,0,0,1.0
501,214,dance,1,0,0,0,1.0
501,96,dance,0,0,0,0,0.0
501,410,travel,0,0,0,0,0.0
501,325,travel,1,1,0,0,3.0
501,229,dance,0,0,0,0,0.0
501,400,music,0,0,0,0,0.0
501,102,music,0,0,0,0,0.0
501,89,dance,1,1,1,0,7.0
502,374,comedy,1,0,0,0,1.0
502,437,dance,0,0,0,0,0.0
502,271,comedy,1,0,0,0,1.0
502,277,comedy,1,0,0,0,1.0
502,266,comedy,0,0,0,0,0.0
502,212,education,1,1,0,0,3.0
502,95,gaming,1,0,0,0,1.0
502,387,dance,0,0,0,0,0.0
502,453,gaming,1,0,0,0,1.0
502,44,education,0,0,0,0,0.0
502,274,travel,0,0,0,0,0.0
502,444,dance,1,1,0,0,3.0
502,417,music,1,1,0,0,3.0
502,314,dance,1,0,0,0,1.0
503,236,travel,0,0,0,0,0.0
503,224,comedy,1,1,0,1,6.0
503,376,music,1,1,1,0,7.0
503,233,sports,1,0,0,0,1.0
503,478,comedy,1,0,0,0,1.0
503,44,dance,1,0,0,0,1.0
503,202,dance,1,0,0,0,1.0
503,96,music,1,0,0,0,1.0
503,457,music,1,1,0,0,3.0
503,477,gaming,1,0,0,0,1.0
503,353,dance,1,1,0,0,3.0
503,102,dance,1,1,0,0,3.0
503,205,dance,1,0,0,0,1.0
503,1,travel,1,1,0,0,3.0
504,117,comedy,1,0,0,0,1.0
504,226,comedy,1,0,0,0,1.0
504,365,music,1,0,0,0,1.0
504,302,sports,0,0,0,0,0.0
504,46,music,0,0,0,0,0.0
504,319,cooking,1,0,0,0,1.0
505,402,dance,1,0,0,0,1.0
505,123,dance,0,0,0,0,0.0
505,140,gaming,1,0,0,1,4.0
505,252,gaming,1,0,0,0,1.0
505,202,dance,1,0,0,0,1.0
505,249,travel,1,1,0,0,3.0
505,245,dance,1,1,0,0,3.0
506,403,music,1,1,0,0,3.0
506,114,music,1,0,0,0,1.0
506,494,cooking,1,0,0,0,1.0
506,431,education,1,0,0,0,1.0
506,287,dance,1,0,0,0,1.0
506,405,cooking,1,1,0,0,3.0
506,165,music,1,0,0,0,1.0
506,389,dance,0,0,0,0,0.0
506,499,sports,1,0,0,0,1.0
506,347,cooking,0,0,0,0,0.0
506,337,music,1,0,0,0,1.0
506,303,music,1,0,0,0,1.0
507,146,sports,1,1,0,0,3.0
507,398,dance,1,0,0,0,1.0
507,478,education,1,0,0,0,1.0
507,198,sports,1,0,0,0,1.0
507,250,sports,0,0,0,0,0.0
507,42,sports,1,0,0,0,1.0
507,483,education,1,0,0,0,1.0
507,36,travel,1,0,0,0,1.0
507,298,sports,1,0,0,0,1.0
507,136,education,1,1,0,0,3.0
507,79,sports,1,1,0,0,3.0
508,102,cooking,1,0,0,0,1.0
508,426,dance,0,0,0,0,0.0
508,438,sports,1,1,0,1,6.0
508,483,sports,1,0,0,0,1.0
508,94,music,1,0,0,0,1.0
508,468,sports,0,0,0,0,0.0
508,17,music,1,0,0,0,1.0
508,499,dance,1,0,0,0,1.0
508,493,music,1,0,0,0,1.0
508,77,gaming,1,0,0,0,1.0
509,311,music,1,0,0,0,1.0
509,42,education,1,1,0,0,3.0
509,229,education,1,0,0,0,1.0
509,291,comedy,0,0,0,0,0.0
509,262,travel,1,0,0,0,1.0
509,4,comedy,1,0,0,0,1.0
509,332,cooking,1,0,0,1,4.0
509,385,cooking,0,0,0,0,0.0
509,236,comedy,0,0,0,0,0.0
509,442,sports,1,0,0,0,1.0
509,333,comedy,0,0,0,0,0.0
510,127,sports,1,1,0,0,3.0
510,388,sports,1,1,0,0,3.0
510,380,education,1,0,0,0,1.0
510,218,gaming,1,0,0,0,1.0
510,89,education,1,0,0,0,1.0
510,59,comedy,1,0,0,1,4.0
510,198,education,0,0,0,0,0.0
510,429,sports,0,0,0,0,0.0
510,321,gaming,1,0,0,0,1.0
510,115,gaming,1,1,0,0,3.0
510,458,sports,1,0,0,0,1.0
511,369,sports,1,1,0,0,3.0
511,462,gaming,0,0,0,0,0.0
511,478,music,1,0,0,0,1.0
511,205,education,1,0,0,0,1.0
511,206,gaming,1,1,0,0,3.0
511,26,gaming,1,0,0,0,1.0
511,310,dance,1,0,0,0,1.0
511,223,music,1,0,0,0,1.0
511,210,cooking,1,1,0,0,3.0
512,260,cooking,1,1,0,1,6.0
512,174,gaming,0,0,0,0,0.0
512,409,education,1,0,0,0,1.0
512,157,education,1,0,0,0,1.0
512,139,music,0,0,0,0,0.0
512,175,education,0,0,0,0,0.0
512,483,comedy,1,0,0,0,1.0
512,365,travel,1,0,0,1,4.0
512,233,travel,1,0,0,0,1.0
512,130,travel,1,0,0,0,1.0
512,451,cooking,1,0,0,0,1.0
512,42,travel,1,0,0,0,1.0
512,203,music,1,0,0,0,1.0
512,314,music,1,1,0,0,3.0
513,52,dance,1,0,0,0,1.0
513,439,gaming,1,1,0,0,3.0
513,228,gaming,1,0,0,0,1.0
513,375,education,1,0,0,0,1.0
513,434,music,1,1,0,0,3.0
513,91,music,1,0,0,0,1.0
514,164,education,1,0,0,0,1.0
514,95,music,1,1,0,0,3.0
514,253,sports,1,0,0,0,1.0
514,394,education,1,0,0,0,1.0
514,189,education,1,0,0,0,1.0
514,370,education,0,0,0,0,0.0
514,331,music,0,0,0,0,0.0
514,250,music,1,1,0,0,3.0
514,274,dance,1,1,0,0,3.0
514,277,music,1,0,0,0,1.0
514,73,music,1,0,0,0,1.0
514,273,sports,1,0,0,0,1.0
514,10,comedy,1,1,0,0,3.0
514,249,education,1,1,0,0,3.0
514,337,gaming,1,0,0,0,1.0
514,92,gaming,1,0,0,0,1.0
515,287,music,1,0,0,0,1.0
515,306,sports,1,0,0,0,1.0
515,421,sports,1,1,0,0,3.0
515,205,sports,1,0,0,0,1.0
515,299,gaming,1,0,0,0,1.0
515,121,gaming,1,1,0,0,3.0
515,249,music,1,0,0,0,1.0
515,63,cooking,1,0,0,0,1.0
515,461,travel,1,0,0,0,1.0
515,485,gaming,1,0,0,0,1.0
515,485,travel,1,0,0,0,1.0
515,170,education,1,0,0,1,4.0
515,122,gaming,1,1,0,0,3.0
515,142,music,1,0,0,0,1.0
515,473,comedy,0,0,0,0,0.0
515,484,cooking,1,1,0,0,3.0
516,86,travel,1,0,0,0,1.0
516,368,music,1,1,0,1,6.0
516,265,cooking,1,0,0,0,1.0
516,397,gaming,1,1,0,0,3.0
516,276,cooking,1,1,0,0,3.0
516,212,travel,0,0,0,0,0.0
516,205,music,0,0,0,0,0.0
516,74,travel,1,1,0,0,3.0
516,148,travel,1,1,0,0,3.0
516,492,travel,0,0,0,0,0.0
516,123,cooking,1,0,0,1,4.0
516,29,music,1,0,0,0,1.0
517,86,dance,0,0,0,0,0.0
517,294,comedy,0,0,0,0,0.0
517,48,gaming,1,0,0,0,1.0
517,129,music,1,0,0,0,1.0
517,17,music,1,0,0,1,4.0
517,48,gaming,0,0,0,0,0.0
517,335,sports,1,1,0,0,3.0
517,379,gaming,1,0,0,0,1.0
517,170,dance,1,0,0,0,1.0
518,443,dance,0,0,0,0,0.0
518,19,music,1,1,0,0,3.0
518,184,travel,0,0,0,0,0.0
518,482,dance,1,0,0,0,1.0
518,297,dance,0,0,0,0,0.0
518,196,dance,0,0,0,0,0.0
518,427,cooking,0,0,0,0,0.0
518,380,cooking,1,0,0,0,1.0
518,377,music,1,0,0,0,1.0
519,158,dance,1,1,0,0,3.0
519,216,gaming,1,1,0,0,3.0
519,264,cooking,1,1,1,0,7.0
519,57,cooking,1,0,0,0,1.0
519,45,travel,0,0,0,0,0.0
519,222,travel,1,0,0,0,1.0
519,140,cooking,1,1,0,0,3.0
519,76,travel,1,1,0,0,3.0
520,67,dance,1,0,0,0,1.0
520,386,music,1,0,0,0,1.0
520,486,dance,1,0,0,0,1.0
520,104,education,1,0,0,0,1.0
520,221,education,0,0,0,0,0.0
520,150,music,0,0,0,0,0.0
520,21,education,1,0,0,0,1.0
520,334,music,1,0,0,0,1.0
520,57,dance,1,1,1,0,7.0
520,100,music,1,0,0,0,1.0
521,364,sports,1,1,0,0,3.0
521,72,gaming,0,0,0,0,0.0
521,39,gaming,1,0,0,0,1.0
521,489,gaming,1,0,0,1,4.0
521,368,gaming,1,0,0,0,1.0
521,98,gaming,1,1,0,0,3.0
521,82,sports,1,0,0,0,1.0
521,214,travel,1,0,0,0,1.0
521,492,sports,1,0,0,0,1.0
521,481,gaming,1,1,1,0,7.0
521,400,gaming,1,0,0,0,1.0
521,31,music,1,0,0,0,1.0
521,458,music,1,1,0,0,3.0
522,261,sports,1,0,0,0,1.0
522,47,comedy,1,1,0,0,3.0
522,371,travel,1,1,1,0,7.0
522,214,dance,1,0,0,0,1.0
522,72,sports,1,0,0,0,1.0
522,494,dance,1,1,0,1,6.0
522,276,travel,1,0,0,1,4.0
522,5,dance,1,0,0,0,1.0
522,465,sports,1,0,0,0,1.0
522,347,cooking,1,0,0,0,1.0
522,491,cooking,0,0,0,0,0.0
522,105,travel,1,1,0,0,3.0
522,485,comedy,1,0,0,0,1.0
523,284,sports,1,0,0,1,4.0
523,262,music,1,1,0,0,3.0
523,83,gaming,1,0,0,0,1.0
523,392,comedy,1,0,0,0,1.0
523,272,music,1,1,0,0,3.0
523,160,gaming,0,0,0,0,0.0
523,256,gaming,1,1,0,0,3.0
524,455,education,1,0,0,0,1.0
524,171,comedy,1,0,0,0,1.0
524,486,education,1,1,0,0,3.0
524,117,comedy,0,0,0,0,0.0
524,262,dance,0,0,0,0,0.0
524,391,gaming,1,1,0,0,3.0
524,445,dance,0,0,0,0,0.0
524,337,education,1,0,0,0,1.0
524,377,dance,1,0,0,0,1.0
524,114,travel,1,0,0,0,1.0
525,432,cooking,0,0,0,0,0.0
525,90,sports,1,0,0,0,1.0
525,30,gaming,1,1,0,0,3.0
525,483,dance,1,0,0,0,1.0
525,470,gaming,1,0,0,0,1.0
525,302,sports,0,0,0,0,0.0
525,127,sports,1,0,0,0,1.0
525,318,cooking,1,0,0,0,1.0
525,86,gaming,1,0,0,0,1.0
525,345,gaming,1,0,0,0,1.0
525,319,sports,1,1,1,0,7.0
526,191,sports,1,0,0,0,1.0
526,357,gaming,1,0,0,0,1.0
526,4,dance,1,0,0,0,1.0
526,349,travel,1,0,0,0,1.0
526,226,sports,1,0,0,0,1.0
526,462,gaming,1,0,0,0,1.0
526,66,music,0,0,0,0,0.0
526,13,gaming,1,1,0,0,3.0
526,55,travel,1,0,0,0,1.0
526,247,travel,1,0,0,0,1.0
526,156,travel,1,1,0,0,3.0
526,284,gaming,1,0,0,0,1.0
526,475,gaming,1,0,0,0,1.0
526,283,gaming,1,0,0,0,1.0
527,424,travel,1,1,0,0,3.0
527,367,comedy,1,0,0,0,1.0
527,219,cooking,1,0,0,0,1.0
527,306,comedy,1,0,0,0,1.0
527,156,gaming,1,0,0,0,1.0
527,378,cooking,0,0,0,0,0.0
527,329,travel,1,0,0,0,1.0
527,88,education,1,0,0,0,1.0
527,6,travel,0,0,0,0,0.0
528,384,travel,1,1,0,0,3.0
528,465,gaming,1,0,0,0,1.0
528,153,music,1,0,0,0,1.0
528,126,dance,1,0,0,0,1.0
528,101,comedy,1,0,0,0,1.0
528,339,comedy,0,0,0,0,0.0
528,170,travel,1,0,0,0,1.0
528,397,comedy,0,0,0,0,0.0
528,249,comedy,1,0,0,0,1.0
528,418,dance,0,0,0,0,0.0
528,253,music,1,1,0,0,3.0
528,495,sports,0,0,0,0,0.0
529,263,cooking,1,0,0,0,1.0
529,423,sports,1,0,0,0,1.0
529,122,cooking,1,1,0,0,3.0
529,429,cooking,1,0,0,0,1.0
529,391,cooking,1,1,0,0,3.0
529,100,travel,1,0,0,0,1.0
529,34,cooking,0,0,0,0,0.0
529,63,travel,1,0,0,0,1.0
529,252,comedy,1,0,0,0,1.0
529,362,comedy,1,0,0,0,1.0
529,20,comedy,1,1,0,0,3.0
530,342,education,0,0,0,0,0.0
530,31,cooking,1,0,0,0,1.0
530,214,cooking,1,0,0,0,1.0
530,21,travel,1,0,0,0,1.0
530,358,sports,0,0,0,0,0.0
530,147,cooking,1,0,0,0,1.0
530,422,music,1,0,0,0,1.0
530,408,dance,1,0,0,0,1.0
530,152,education,0,0,0,0,0.0
530,371,dance,1,0,0,0,1.0
530,241,cooking,1,0,0,0,1.0
530,237,cooking,0,0,0,0,0.0
530,73,music,1,1,1,0,7.0
531,310,comedy,1,1,0,0,3.0
531,366,comedy,1,0,0,0,1.0
531,285,comedy,1,0,0,0,1.0
531,230,comedy,1,1,0,0,3.0
531,8,comedy,1,1,0,0,3.0
531,260,comedy,1,0,0,0,1.0
531,63,comedy,1,1,0,0,3.0
531,71,comedy,1,0,0,1,4.0
531,318,travel,1,0,0,0,1.0
531,430,comedy,1,0,0,0,1.0
532,358,dance,1,1,0,1,6.0
532,345,education,1,1,0,0,3.0
532,51,cooking,1,1,0,0,3.0
532,320,dance,1,0,0,0,1.0
532,38,dance,1,1,0,0,3.0
532,185,sports,1,0,0,0,1.0
532,467,sports,1,0,0,0,1.0
532,140,comedy,1,0,0,0,1.0
532,458,travel,1,0,0,0,1.0
532,347,travel,1,0,0,0,1.0
532,357,dance,1,0,0,0,1.0
532,182,dance,1,0,0,0,1.0
532,276,dance,1,0,0,1,4.0
532,139,dance,1,1,0,0,3.0
532,372,education,1,0,0,0,1.0
533,172,cooking,1,0,0,0,1.0
533,247,comedy,1,0,0,0,1.0
533,440,music,1,1,0,0,3.0
533,22,cooking,1,0,0,0,1.0
533,103,cooking,1,1,0,0,3.0
533,309,education,1,0,0,0,1.0
533,187,gaming,1,0,0,0,1.0
533,139,gaming,0,0,0,0,0.0
533,71,gaming,1,0,0,1,4.0
533,378,dance,1,1,0,0,3.0
533,440,gaming,1,1,0,0,3.0
533,453,cooking,1,0,0,0,1.0
533,166,gaming,1,1,1,0,7.0
533,289,comedy,1,0,0,0,1.0
533,169,comedy,0,0,0,0,0.0
534,259,gaming,1,0,0,0,1.0
534,303,education,1,0,0,0,1.0
534,488,gaming,1,0,0,1,4.0
534,95,education,0,0,0,0,0.0
534,104,sports,1,0,0,0,1.0
534,448,sports,1,0,0,0,1.0
534,358,gaming,1,1,0,0,3.0
534,458,cooking,1,0,0,0,1.0
534,78,sports,1,0,0,0,1.0
534,288,dance,1,0,0,0,1.0
534,99,education,1,0,0,0,1.0
534,6,sports,1,1,0,0,3.0
534,136,gaming,1,0,0,0,1.0
535,378,travel,1,0,0,0,1.0
535,231,music,1,0,0,0,1.0
535,307,music,1,0,0,0,1.0
535,61,gaming,1,0,0,0,1.0
535,490,travel,1,0,0,0,1.0
535,220,gaming,1,1,1,0,7.0
535,50,travel,1,1,0,0,3.0
535,77,education,1,0,0,0,1.0
535,347,music,1,1,0,0,3.0
535,365,cooking,1,0,0,0,1.0
535,454,gaming,1,0,0,0,1.0
535,370,comedy,1,0,0,0,1.0
535,294,travel,1,0,0,0,1.0
536,263,music,1,0,0,0,1.0
536,235,music,1,0,0,0,1.0
536,266,comedy,0,0,0,0,0.0
536,381,education,0,0,0,0,0.0
536,236,cooking,1,1,0,0,3.0
536,421,education,1,0,0,0,1.0
536,294,gaming,1,0,0,0,1.0
536,172,gaming,1,0,0,0,1.0
536,415,comedy,1,1,0,0,3.0
536,212,cooking,1,0,0,0,1.0
536,390,gaming,1,0,0,0,1.0
536,294,cooking,0,0,0,0,0.0
536,49,music,1,0,0,0,1.0
536,274,education,1,0,0,0,1.0
536,317,comedy,0,0,0,0,0.0
536,388,dance,0,0,0,0,0.0
537,208,cooking,0,0,0,0,0.0
537,354,cooking,0,0,0,0,0.0
537,306,cooking,1,0,0,0,1.0
537,96,cooking,1,0,0,0,1.0
537,385,sports,1,0,0,0,1.0
537,140,cooking,1,0,0,0,1.0
537,44,travel,0,0,0,0,0.0
537,471,sports,1,0,0,0,1.0
537,58,cooking,1,0,0,0,1.0
537,409,comedy,1,1,0,0,3.0
538,158,sports,0,0,0,0,0.0
538,473,sports,1,0,0,0,1.0
538,79,music,1,1,0,0,3.0
538,145,music,1,0,0,0,1.0
538,231,music,1,0,0,0,1.0
538,12,music,1,1,1,0,7.0
538,315,gaming,0,0,0,0,0.0
538,329,music,1,0,0,0,1.0
539,217,education,1,1,1,0,7.0
539,316,comedy,1,1,0,0,3.0
539,42,education,1,0,0,0,1.0
539,262,education,1,0,0,0,1.0
539,43,education,1,0,0,0,1.0
539,463,comedy,1,1,0,0,3.0
539,287,education,1,0,0,0,1.0
539,221,education,1,1,1,0,7.0
539,253,gaming,1,1,0,0,3.0
539,312,education,1,1,1,0,7.0
539,327,music,1,0,0,0,1.0
539,3,comedy,1,0,0,0,1.0
539,76,education,1,0,0,0,1.0
539,411,education,1,1,0,0,3.0
539,178,education,1,1,0,0,3.0
539,382,music,1,0,0,0,1.0
540,264,gaming,1,0,0,0,1.0
540,241,cooking,1,0,0,0,1.0
540,470,gaming,1,0,0,0,1.0
540,11,education,0,0,0,0,0.0
540,83,music,1,1,0,0,3.0
540,30,gaming,1,1,0,0,3.0
540,232,gaming,0,0,0,0,0.0
540,115,music,1,0,0,0,1.0
540,454,cooking,1,0,0,0,1.0
540,119,gaming,1,0,0,0,1.0
541,372,comedy,1,1,0,0,3.0
541,304,comedy,1,0,0,1,4.0
541,202,comedy,0,0,0,0,0.0
541,133,cooking,1,0,0,0,1.0
541,168,music,1,1,0,0,3.0
541,329,sports,1,1,0,0,3.0
541,384,comedy,0,0,0,0,0.0
541,471,travel,0,0,0,0,0.0
541,496,comedy,1,0,0,0,1.0
541,17,comedy,1,0,0,0,1.0
541,8,sports,1,1,0,0,3.0
541,15,sports,1,0,0,0,1.0
542,290,comedy,1,1,0,0,3.0
542,241,gaming,1,0,0,0,1.0
542,240,travel,0,0,0,0,0.0
542,390,dance,1,0,0,0,1.0
542,267,gaming,0,0,0,0,0.0
542,130,sports,1,1,0,0,3.0
542,497,travel,1,0,0,0,1.0
542,71,comedy,0,0,0,0,0.0
542,146,gaming,1,0,0,1,4.0
542,413,music,0,0,0,0,0.0
542,436,dance,1,1,0,0,3.0
542,217,comedy,1,1,0,0,3.0
542,290,gaming,1,0,0,0,1.0
542,375,gaming,1,0,0,0,1.0
543,284,education,1,1,0,0,3.0
543,385,music,0,0,0,0,0.0
543,94,education,1,0,0,0,1.0
543,378,sports,1,1,1,0,7.0
543,158,education,1,0,0,0,1.0
543,5,education,1,0,0,0,1.0
544,481,gaming,1,0,0,0,1.0
544,225,education,1,0,0,0,1.0
544,146,comedy,1,0,0,0,1.0
544,208,cooking,1,0,0,0,1.0
544,22,education,1,0,0,0,1.0
544,474,cooking,1,1,0,0,3.0
545,0,education,0,0,0,0,0.0
545,107,gaming,1,0,0,0,1.0
545,202,sports,1,0,0,0,1.0
545,268,education,1,0,0,0,1.0
545,157,cooking,1,0,0,0,1.0
545,462,sports,1,1,0,0,3.0
545,101,comedy,1,0,0,1,4.0
545,309,sports,0,0,0,0,0.0
545,45,comedy,1,0,0,0,1.0
545,244,comedy,1,1,0,0,3.0
545,71,cooking,1,0,0,0,1.0
545,10,cooking,0,0,0,0,0.0
545,393,cooking,0,0,0,0,0.0
545,149,cooking,1,0,0,0,1.0
545,292,education,1,0,0,0,1.0
545,55,sports,1,0,0,0,1.0
546,208,sports,1,0,0,0,1.0
546,448,cooking,1,0,0,0,1.0
546,21,comedy,0,0,0,0,0.0
546,194,sports,1,0,0,0,1.0
546,327,gaming,1,0,0,0,1.0
546,393,cooking,1,0,0,0,1.0
546,332,education,1,0,0,0,1.0
546,254,travel,1,1,1,0,7.0
546,118,travel,1,0,0,0,1.0
546,374,sports,1,1,0,0,3.0
546,103,education,1,0,0,0,1.0
546,433,education,1,0,0,1,4.0
547,133,sports,1,0,0,0,1.0
547,462,comedy,1,1,0,0,3.0
547,254,gaming,1,1,0,0,3.0
547,374,comedy,1,1,0,0,3.0
547,55,sports,1,1,0,0,3.0
547,203,sports,1,0,0,0,1.0
547,184,travel,0,0,0,0,0.0
547,353,dance,0,0,0,0,0.0
547,285,comedy,1,1,0,0,3.0
547,385,travel,1,0,0,0,1.0
547,106,travel,1,0,0,0,1.0
548,149,dance,0,0,0,0,0.0
548,141,comedy,1,0,0,0,1.0
548,318,comedy,1,1,0,0,3.0
548,438,dance,1,0,0,0,1.0
548,78,dance,1,0,0,0,1.0
548,334,education,0,0,0,0,0.0
548,469,gaming,1,1,0,0,3.0
548,134,education,1,0,0,0,1.0
548,136,education,1,0,0,0,1.0
549,255,education,0,0,0,0,0.0
549,388,dance,1,0,0,0,1.0
549,262,education,1,0,0,0,1.0
549,496,sports,1,0,0,0,1.0
549,227,dance,1,0,0,0,1.0
549,81,sports,1,1,0,0,3.0
549,43,sports,1,0,0,0,1.0
549,432,sports,1,1,0,0,3.0
549,461,sports,1,0,0,0,1.0
549,129,education,1,0,0,0,1.0
549,229,education,1,1,1,0,7.0
549,32,education,1,1,0,0,3.0
549,20,sports,1,0,0,0,1.0
549,27,education,1,0,0,0,1.0
549,34,education,1,0,0,0,1.0
549,375,dance,1,0,0,0,1.0
549,375,dance,1,0,0,0,1.0
549,393,education,1,0,0,0,1.0
549,10,education,1,0,0,0,1.0
550,193,gaming,0,0,0,0,0.0
550,434,travel,1,1,0,0,3.0
550,136,music,1,0,0,0,1.0
550,255,cooking,1,1,0,0,3.0
550,21,gaming,1,0,0,0,1.0
550,121,music,1,0,0,0,1.0
550,247,music,0,0,0,0,0.0
550,217,music,1,1,0,0,3.0
550,376,music,1,0,0,0,1.0
550,269,cooking,1,0,0,0,1.0
550,285,travel,1,0,0,0,1.0
550,35,cooking,1,0,0,0,1.0
550,255,music,0,0,0,0,0.0
550,9,travel,0,0,0,0,0.0
550,123,cooking,1,1,0,0,3.0
550,444,music,1,0,0,0,1.0
550,133,music,1,0,0,0,1.0
551,39,music,1,0,0,0,1.0
551,34,music,1,0,0,0,1.0
551,329,gaming,1,1,1,0,7.0
551,343,dance,1,0,0,0,1.0
551,80,travel,1,1,0,1,6.0
551,481,music,1,0,0,0,1.0
551,135,education,1,0,0,1,4.0
551,194,comedy,1,0,0,0,1.0
552,488,cooking,1,0,0,0,1.0
552,157,gaming,1,0,0,0,1.0
552,170,gaming,1,1,0,0,3.0
552,54,cooking,0,0,0,0,0.0
552,499,travel,1,0,0,0,1.0
552,413,travel,1,1,0,0,3.0
552,111,cooking,0,0,0,0,0.0
552,359,sports,1,1,1,0,7.0
552,333,cooking,0,0,0,0,0.0
553,397,music,0,0,0,0,0.0
553,4,cooking,1,0,0,0,1.0
553,63,travel,0,0,0,0,0.0
553,120,gaming,1,0,0,0,1.0
553,205,dance,1,1,0,0,3.0
553,345,travel,1,1,0,0,3.0
554,413,travel,1,0,0,0,1.0
554,437,comedy,1,0,0,0,1.0
554,470,cooking,1,0,0,0,1.0
554,5,gaming,1,0,0,0,1.0
554,45,travel,0,0,0,0,0.0
554,77,cooking,1,0,0,0,1.0
554,78,music,1,1,1,0,7.0
554,400,travel,1,0,0,0,1.0
554,118,dance,1,0,0,0,1.0
554,256,travel,0,0,0,0,0.0
554,82,comedy,0,0,0,0,0.0
555,243,comedy,1,0,0,0,1.0
555,389,education,1,0,0,0,1.0
555,54,music,1,1,0,0,3.0
555,484,cooking,1,0,0,0,1.0
555,235,cooking,1,0,0,0,1.0
555,36,comedy,1,0,0,0,1.0
555,436,comedy,1,1,0,0,3.0
556,431,cooking,0,0,0,0,0.0
556,82,music,0,0,0,0,0.0
556,450,cooking,1,0,0,0,1.0
556,99,comedy,1,0,0,0,1.0
556,288,travel,1,0,0,0,1.0
556,203,comedy,1,0,0,0,1.0
556,312,music,1,0,0,0,1.0
556,337,sports,1,0,0,0,1.0
556,414,education,1,0,0,0,1.0
556,42,comedy,1,0,0,0,1.0
556,380,music,1,0,0,0,1.0
556,402,dance,0,0,0,0,0.0
556,416,comedy,1,0,0,0,1.0
556,44,music,1,0,0,0,1.0
556,97,comedy,1,0,0,0,1.0
556,380,music,1,1,0,0,3.0
556,106,education,0,0,0,0,0.0
557,226,sports,1,0,0,0,1.0
557,487,travel,1,0,0,0,1.0
557,295,comedy,1,0,0,0,1.0
557,436,travel,0,0,0,0,0.0
557,66,travel,1,1,0,0,3.0
557,82,travel,1,1,0,0,3.0
557,311,cooking,1,1,0,0,3.0
557,218,travel,1,1,0,0,3.0
557,158,travel,1,0,0,0,1.0
557,374,travel,1,0,0,1,4.0
557,457,music,1,0,0,0,1.0
557,326,travel,0,0,0,0,0.0
558,196,cooking,1,0,0,0,1.0
558,384,gaming,1,0,0,0,1.0
558,162,gaming,1,0,0,0,1.0
558,454,comedy,0,0,0,0,0.0
558,192,gaming,0,0,0,0,0.0
558,360,gaming,1,1,0,0,3.0
558,53,cooking,1,0,0,0,1.0
558,117,cooking,1,1,0,0,3.0
558,209,dance,1,0,0,1,4.0
558,352,travel,1,0,0,0,1.0
558,110,travel,0,0,0,0,0.0
558,18,gaming,1,1,0,0,3.0
558,179,gaming,1,0,0,0,1.0
559,77,dance,1,0,0,0,1.0
559,185,education,1,0,0,0,1.0
559,243,cooking,1,0,0,0,1.0
559,290,music,1,0,0,0,1.0
559,286,cooking,1,0,0,0,1.0
559,412,travel,1,0,0,0,1.0
559,221,education,1,1,0,0,3.0
559,102,sports,1,0,0,0,1.0
560,468,comedy,1,0,0,0,1.0
560,344,education,0,0,0,0,0.0
560,397,cooking,1,0,0,0,1.0
560,225,dance,1,0,0,0,1.0
560,464,cooking,1,0,0,0,1.0
560,270,comedy,1,0,0,0,1.0
560,142,cooking,1,1,0,1,6.0
560,117,gaming,1,0,0,0,1.0
560,54,education,1,1,1,0,7.0
560,257,cooking,1,1,0,0,3.0
560,234,cooking,1,0,0,0,1.0
561,420,gaming,1,1,0,0,3.0
561,491,comedy,1,0,0,0,1.0
561,380,travel,0,0,0,0,0.0
561,207,travel,1,0,0,0,1.0
561,486,music,1,1,0,0,3.0
561,271,travel,1,0,0,0,1.0
562,94,cooking,1,0,0,0,1.0
562,394,dance,0,0,0,0,0.0
562,437,dance,0,0,0,0,0.0
562,285,music,0,0,0,0,0.0
562,309,music,1,0,0,0,1.0
562,422,sports,1,1,0,0,3.0
562,177,dance,1,0,0,0,1.0
562,488,music,1,0,0,0,1.0
562,56,education,1,0,0,0,1.0
563,184,comedy,1,0,0,0,1.0
563,298,music,1,1,0,0,3.0
563,57,cooking,1,1,0,0,3.0
563,221,cooking,0,0,0,0,0.0
563,166,education,1,1,0,0,3.0
564,125,sports,1,1,0,0,3.0
564,66,cooking,0,0,0,0,0.0
564,331,cooking,1,0,0,0,1.0
564,134,cooking,1,0,0,0,1.0
564,292,music,1,1,0,0,3.0
564,154,comedy,1,0,0,0,1.0
564,239,sports,1,0,0,0,1.0
564,241,travel,1,0,0,0,1.0
564,82,cooking,0,0,0,0,0.0
564,328,cooking,1,0,0,0,1.0
564,216,cooking,0,0,0,0,0.0
564,199,cooking,1,0,0,0,1.0
565,289,travel,0,0,0,0,0.0
565,133,gaming,1,0,0,0,1.0
565,37,education,1,0,0,0,1.0
565,70,cooking,0,0,0,0,0.0
565,254,education,1,0,0,0,1.0
565,133,cooking,0,0,0,0,0.0
565,229,education,1,1,0,0,3.0
565,168,education,1,0,0,0,1.0
565,386,dance,1,1,0,0,3.0
565,486,gaming,0,0,0,0,0.0
566,435,gaming,1,0,0,0,1.0
566,241,gaming,1,1,0,0,3.0
566,415,travel,0,0,0,0,0.0
566,154,gaming,1,0,0,0,1.0
566,294,travel,0,0,0,0,0.0
566,286,gaming,0,0,0,0,0.0
566,73,education,1,0,0,0,1.0
566,299,gaming,1,0,0,0,1.0
566,177,gaming,0,0,0,0,0.0
566,116,comedy,1,1,0,0,3.0
566,226,cooking,1,1,0,0,3.0
566,85,travel,1,0,0,0,1.0
566,481,comedy,1,0,0,0,1.0
566,352,gaming,1,0,0,0,1.0
566,0,travel,1,1,0,0,3.0
566,438,music,1,0,0,0,1.0
566,94,travel,1,1,0,0,3.0
566,163,travel,1,1,0,0,3.0
567,68,music,1,1,0,0,3.0
567,148,dance,1,0,0,0,1.0
567,289,music,1,0,0,0,1.0
567,131,cooking,1,0,0,0,1.0
567,81,comedy,1,0,0,0,1.0
567,334,comedy,0,0,0,0,0.0
567,186,travel,0,0,0,0,0.0
567,78,cooking,1,1,0,0,3.0
567,312,sports,1,0,0,0,1.0
567,476,comedy,1,0,0,0,1.0
568,64,music,0,0,0,0,0.0
568,208,travel,1,0,0,1,4.0
568,42,dance,1,0,0,1,4.0
568,255,comedy,1,1,0,0,3.0
568,351,comedy,1,0,0,0,1.0
568,33,sports,0,0,0,0,0.0
568,498,cooking,1,0,0,0,1.0
568,236,sports,1,1,0,0,3.0
568,405,comedy,1,0,0,0,1.0
569,185,cooking,1,1,0,0,3.0
569,147,gaming,1,0,0,0,1.0
569,311,comedy,1,0,0,0,1.0
569,463,education,1,1,0,0,3.0
569,452,music,1,0,0,0,1.0
569,107,sports,1,0,0,0,1.0
569,274,gaming,1,0,0,0,1.0
569,428,gaming,1,0,0,0,1.0
569,452,gaming,1,0,0,0,1.0
569,315,travel,1,1,0,0,3.0
570,342,education,1,1,0,0,3.0
570,115,cooking,0,0,0,0,0.0
570,12,education,1,1,0,0,3.0
570,50,travel,1,0,0,0,1.0
570,120,gaming,0,0,0,0,0.0
570,393,education,1,0,0,0,1.0
570,90,education,0,0,0,0,0.0
570,452,music,1,0,0,0,1.0
570,19,education,0,0,0,0,0.0
570,63,education,0,0,0,0,0.0
570,224,education,1,1,0,0,3.0
570,115,cooking,1,0,0,0,1.0
571,234,cooking,1,0,0,0,1.0
571,235,travel,1,0,0,0,1.0
571,119,sports,1,1,0,0,3.0
571,496,travel,1,0,0,0,1.0
571,420,sports,1,0,0,0,1.0
571,359,cooking,1,1,0,0,3.0
571,265,travel,1,0,0,0,1.0
571,249,comedy,1,0,0,0,1.0
571,349,education,0,0,0,0,0.0
571,453,sports,1,0,0,0,1.0
572,225,gaming,1,0,0,0,1.0
572,189,music,1,0,0,1,4.0
572,223,travel,1,1,0,0,3.0
572,414,music,1,1,0,0,3.0
572,180,education,1,0,0,0,1.0
572,263,music,1,1,0,1,6.0
573,448,travel,0,0,0,0,0.0
573,84,music,1,1,0,0,3.0
573,229,dance,0,0,0,0,0.0
573,414,comedy,1,0,0,0,1.0
573,378,comedy,0,0,0,0,0.0
573,117,comedy,0,0,0,0,0.0
573,373,comedy,1,0,0,0,1.0
573,274,cooking,1,0,0,0,1.0
574,383,music,0,0,0,0,0.0
574,102,dance,1,1,0,0,3.0
574,379,sports,1,0,0,0,1.0
574,495,education,1,0,0,0,1.0
574,373,music,1,1,0,0,3.0
574,44,music,1,1,0,0,3.0
574,157,dance,1,0,0,0,1.0
574,170,sports,0,0,0,0,0.0
574,294,dance,0,0,0,0,0.0
574,361,cooking,1,0,0,0,1.0
574,44,travel,0,0,0,0,0.0
574,39,education,1,0,0,0,1.0
575,453,cooking,1,0,0,0,1.0
575,324,travel,0,0,0,0,0.0
575,272,music,0,0,0,0,0.0
575,160,comedy,0,0,0,0,0.0
575,328,cooking,0,0,0,0,0.0
575,21,cooking,1,1,0,0,3.0
575,464,travel,0,0,0,0,0.0
575,6,comedy,1,0,0,0,1.0
575,428,education,0,0,0,0,0.0
575,306,travel,1,1,0,0,3.0
575,450,sports,1,1,0,0,3.0
575,420,comedy,1,0,0,0,1.0
575,218,cooking,1,0,0,0,1.0
575,150,cooking,1,0,0,0,1.0
576,21,dance,1,0,0,0,1.0
576,331,dance,1,0,0,0,1.0
576,418,education,0,0,0,0,0.0
576,270,education,1,0,0,0,1.0
576,461,travel,1,0,0,0,1.0
576,205,travel,0,0,0,0,0.0
576,246,music,1,0,0,0,1.0
576,465,dance,0,0,0,0,0.0
576,145,dance,1,0,0,0,1.0
576,49,music,1,0,0,0,1.0
576,324,dance,1,0,0,0,1.0
577,99,dance,1,0,0,1,4.0
577,393,sports,1,0,0,0,1.0
577,8,travel,1,0,0,0,1.0
577,376,music,1,0,0,0,1.0
577,108,sports,1,0,0,0,1.0
577,320,music,1,0,0,0,1.0
577,188,music,1,0,0,0,1.0
577,314,sports,0,0,0,0,0.0
577,386,sports,1,0,0,0,1.0
577,22,gaming,1,1,0,0,3.0
577,44,sports,1,0,0,0,1.0
577,497,sports,1,1,0,0,3.0
577,370,sports,1,0,0,0,1.0
577,323,dance,0,0,0,0,0.0
578,156,dance,0,0,0,0,0.0
578,110,dance,1,0,0,0,1.0
578,401,sports,0,0,0,0,0.0
578,72,dance,1,1,1,0,7.0
578,228,dance,0,0,0,0,0.0
578,210,cooking,1,1,0,0,3.0
579,387,dance,1,0,0,0,1.0
579,297,sports,1,1,0,0,3.0
579,417,gaming,1,0,0,0,1.0
579,378,sports,1,0,0,0,1.0
579,6,sports,1,0,0,0,1.0
579,455,travel,1,0,0,0,1.0
579,330,comedy,1,0,0,1,4.0
579,19,sports,1,1,0,0,3.0
580,467,travel,1,1,0,0,3.0
580,360,education,1,0,0,0,1.0
580,465,dance,1,0,0,0,1.0
580,261,music,1,1,0,0,3.0
580,51,education,1,0,0,0,1.0
580,326,dance,0,0,0,0,0.0
581,316,dance,1,0,0,0,1.0
581,124,sports,1,0,0,0,1.0
581,118,travel,1,0,0,0,1.0
581,398,sports,1,0,0,0,1.0
581,316,dance,1,1,0,0,3.0
581,291,music,1,1,0,0,3.0
581,75,dance,1,0,0,0,1.0
581,178,dance,1,0,0,0,1.0
581,369,sports,1,1,0,0,3.0
581,142,dance,1,1,0,0,3.0
581,489,dance,1,0,0,0,1.0
581,322,sports,1,0,0,0,1.0
581,289,gaming,1,0,0,0,1.0
582,162,travel,1,1,0,0,3.0
582,216,gaming,0,0,0,0,0.0
582,267,gaming,1,0,0,0,1.0
582,143,travel,0,0,0,0,0.0
582,333,cooking,1,0,0,0,1.0
582,334,gaming,1,0,0,0,1.0
582,449,dance,1,0,0,0,1.0
582,354,cooking,1,1,0,0,3.0
582,188,sports,1,0,0,0,1.0
582,314,travel,0,0,0,0,0.0
582,138,dance,1,1,0,0,3.0
582,422,gaming,1,1,0,1,6.0
582,416,gaming,1,0,0,0,1.0
583,184,gaming,0,0,0,0,0.0
583,212,dance,0,0,0,0,0.0
583,303,dance,1,1,0,0,3.0
583,427,dance,1,0,0,0,1.0
583,257,comedy,1,0,0,0,1.0
583,402,dance,1,0,0,0,1.0
583,359,comedy,0,0,0,0,0.0
583,234,cooking,1,0,0,0,1.0
583,328,gaming,0,0,0,0,0.0
583,115,sports,1,0,0,0,1.0
584,339,sports,1,1,0,0,3.0
584,460,sports,1,0,0,0,1.0
584,280,education,1,0,0,0,1.0
584,445,dance,1,0,0,0,1.0
584,237,gaming,1,0,0,0,1.0
584,21,travel,1,0,0,0,1.0
584,329,sports,1,0,0,0,1.0
584,242,education,0,0,0,0,0.0
584,417,gaming,1,1,1,0,7.0
585,328,music,0,0,0,0,0.0
585,77,education,1,1,0,0,3.0
585,72,education,1,0,0,0,1.0
585,389,cooking,1,1,0,1,6.0
585,12,music,0,0,0,0,0.0
585,165,sports,1,1,0,0,3.0
586,445,gaming,1,0,0,0,1.0
586,479,education,1,0,0,0,1.0
586,88,gaming,1,0,0,0,1.0
586,26,dance,1,1,0,0,3.0
586,433,education,0,0,0,0,0.0
586,381,gaming,1,0,0,0,1.0
586,67,cooking,1,1,0,0,3.0
586,221,comedy,1,1,0,0,3.0
586,210,dance,1,0,0,0,1.0
587,417,music,1,0,0,0,1.0
587,100,sports,0,0,0,0,0.0
587,102,dance,1,0,0,0,1.0
587,118,sports,1,0,0,0,1.0
587,185,sports,1,0,0,0,1.0
587,65,sports,1,0,0,0,1.0
587,12,gaming,1,1,0,0,3.0
587,452,sports,0,0,0,0,0.0
587,264,comedy,1,0,0,0,1.0
587,294,comedy,1,1,0,0,3.0
587,84,comedy,1,0,0,0,1.0
587,393,sports,1,0,0,0,1.0
587,241,gaming,1,0,0,0,1.0
587,164,travel,1,0,0,0,1.0
588,219,education,1,1,0,1,6.0
588,71,music,1,0,0,0,1.0
588,471,music,0,0,0,0,0.0
588,189,education,1,0,0,0,1.0
588,124,music,1,0,0,0,1.0
588,469,cooking,1,0,0,0,1.0
588,77,education,1,0,0,0,1.0
588,467,travel,1,1,1,0,7.0
588,4,dance,0,0,0,0,0.0
588,313,education,1,0,0,0,1.0
588,158,cooking,1,0,0,0,1.0
588,85,education,1,1,0,0,3.0
589,316,gaming,1,1,0,0,3.0
589,233,cooking,1,1,0,0,3.0
589,248,cooking,1,1,0,0,3.0
589,254,cooking,1,0,0,0,1.0
589,411,cooking,1,0,0,0,1.0
589,452,music,0,0,0,0,0.0
589,324,education,1,0,0,0,1.0
589,5,education,0,0,0,0,0.0
589,492,gaming,1,0,0,0,1.0
589,115,cooking,1,0,0,0,1.0
589,420,cooking,1,0,0,0,1.0
589,450,cooking,1,0,0,0,1.0
589,425,gaming,1,1,0,0,3.0
589,346,education,1,0,0,0,1.0
589,115,sports,1,0,0,0,1.0
589,79,dance,1,0,0,0,1.0
589,335,gaming,0,0,0,0,0.0
589,443,comedy,1,0,0,0,1.0
589,275,education,0,0,0,0,0.0
590,175,travel,1,0,0,0,1.0
590,81,sports,1,1,0,0,3.0
590,235,gaming,0,0,0,0,0.0
590,293,music,0,0,0,0,0.0
590,416,gaming,1,0,0,0,1.0
590,148,gaming,1,0,0,1,4.0
590,23,dance,1,1,0,0,3.0
590,362,gaming,1,0,0,0,1.0
590,85,travel,1,1,0,0,3.0
590,416,gaming,1,0,0,0,1.0
590,349,sports,1,0,0,0,1.0
590,169,travel,1,0,0,0,1.0
590,283,travel,1,1,0,0,3.0
590,172,travel,1,0,0,0,1.0
591,130,cooking,0,0,0,0,0.0
591,200,cooking,0,0,0,0,0.0
591,35,cooking,1,0,0,0,1.0
591,353,cooking,0,0,0,0,0.0
591,211,dance,1,0,0,0,1.0
591,361,dance,0,0,0,0,0.0
591,92,travel,1,1,0,0,3.0
591,472,cooking,0,0,0,0,0.0
591,330,cooking,1,1,0,0,3.0
591,117,dance,1,0,0,0,1.0
591,400,cooking,1,0,0,0,1.0
591,468,music,1,0,0,0,1.0
592,437,music,1,1,0,0,3.0
592,269,sports,0,0,0,0,0.0
592,334,music,1,1,0,0,3.0
592,40,gaming,1,0,0,0,1.0
592,387,sports,1,0,0,0,1.0
592,451,music,0,0,0,0,0.0
592,46,gaming,1,0,0,0,1.0
593,46,cooking,1,0,0,0,1.0
593,462,dance,0,0,0,0,0.0
593,247,travel,1,1,0,0,3.0
593,463,cooking,1,0,0,1,4.0
593,386,cooking,0,0,0,0,0.0
593,278,dance,1,0,0,0,1.0
593,372,education,1,0,0,0,1.0
593,122,cooking,0,0,0,0,0.0
593,269,travel,1,0,0,0,1.0
593,198,music,1,0,0,0,1.0
593,363,cooking,1,1,0,0,3.0
593,87,education,1,0,0,0,1.0
593,182,education,1,1,1,0,7.0
593,479,cooking,1,0,0,0,1.0
593,117,gaming,1,0,0,0,1.0
593,363,cooking,1,1,0,0,3.0
593,254,music,1,0,0,0,1.0
593,152,cooking,1,0,0,0,1.0
594,430,education,1,1,0,0,3.0
594,14,dance,0,0,0,0,0.0
594,495,dance,1,0,0,0,1.0
594,163,education,1,1,0,0,3.0
594,83,comedy,1,0,0,0,1.0
594,431,gaming,1,1,0,0,3.0
594,403,gaming,0,0,0,0,0.0
594,73,education,0,0,0,0,0.0
594,55,comedy,1,0,0,0,1.0
594,411,gaming,1,0,0,0,1.0
594,296,gaming,1,0,0,0,1.0
594,40,education,1,1,1,0,7.0
594,263,dance,1,1,0,0,3.0
595,63,cooking,0,0,0,0,0.0
595,223,cooking,0,0,0,0,0.0
595,379,cooking,0,0,0,0,0.0
595,422,cooking,1,0,0,0,1.0
595,472,travel,1,0,0,0,1.0
595,36,comedy,1,1,1,0,7.0
595,449,comedy,0,0,0,0,0.0
595,22,education,1,0,0,0,1.0
595,28,cooking,1,0,0,1,4.0
596,80,cooking,1,0,0,0,1.0
596,473,comedy,0,0,0,0,0.0
596,423,sports,0,0,0,0,0.0
596,89,dance,1,0,0,0,1.0
596,321,cooking,1,0,0,0,1.0
596,260,cooking,1,0,0,0,1.0
596,302,comedy,1,0,0,0,1.0
596,335,dance,1,0,0,0,1.0
596,391,travel,1,0,0,0,1.0
596,183,dance,1,0,0,0,1.0
596,272,gaming,0,0,0,0,0.0
597,409,gaming,1,1,0,0,3.0
597,194,education,1,0,0,0,1.0
597,113,comedy,1,0,0,0,1.0
597,227,sports,1,0,0,0,1.0
597,242,travel,1,0,0,0,1.0
597,301,travel,1,1,0,0,3.0
597,388,music,1,0,0,0,1.0
597,171,gaming,1,1,0,1,6.0
597,6,comedy,1,0,0,0,1.0
597,182,travel,1,0,0,0,1.0
597,76,cooking,1,0,0,0,1.0
597,90,travel,1,0,0,0,1.0
597,489,travel,1,0,0,0,1.0
597,267,education,1,0,0,0,1.0
597,451,cooking,1,0,0,0,1.0
597,444,travel,1,0,0,0,1.0
597,285,travel,0,0,0,0,0.0
597,293,travel,1,0,0,0,1.0
597,278,cooking,0,0,0,0,0.0
597,368,comedy,1,0,0,0,1.0
598,449,comedy,1,0,0,0,1.0
598,52,education,1,0,0,0,1.0
598,490,cooking,1,0,0,0,1.0
598,31,comedy,1,1,0,0,3.0
598,421,music,1,0,0,0,1.0
598,13,music,1,1,0,0,3.0
598,426,gaming,0,0,0,0,0.0
599,108,gaming,1,0,0,0,1.0
599,183,travel,1,0,0,0,1.0
599,391,cooking,1,0,0,0,1.0
599,19,gaming,0,0,0,0,0.0
599,190,gaming,1,1,0,0,3.0
599,284,cooking,1,0,0,0,1.0
599,459,cooking,0,0,0,0,0.0
599,73,cooking,1,0,0,0,1.0
599,79,sports,1,0,0,0,1.0
599,121,cooking,1,0,0,0,1.0
599,273,gaming,1,1,0,0,3.0
599,180,education,1,0,0,0,1.0
599,21,gaming,0,0,0,0,0.0
599,47,gaming,1,1,0,0,3.0
599,190,cooking,1,1,0,0,3.0
600,388,gaming,1,0,0,1,4.0
600,293,education,1,1,0,0,3.0
600,389,gaming,1,0,0,0,1.0
600,124,gaming,1,0,0,0,1.0
600,268,gaming,0,0,0,0,0.0
600,302,gaming,0,0,0,0,0.0
600,243,education,1,1,0,0,3.0
600,32,cooking,1,1,0,0,3.0
600,202,education,1,1,0,0,3.0
600,85,music,1,0,0,0,1.0
600,413,gaming,1,0,0,0,1.0
600,345,music,0,0,0,0,0.0
600,295,education,1,0,0,0,1.0
600,365,gaming,1,0,0,0,1.0
600,388,gaming,1,0,0,0,1.0
601,251,sports,1,0,0,0,1.0
601,276,gaming,0,0,0,0,0.0
601,227,comedy,1,0,0,0,1.0
601,497,travel,0,0,0,0,0.0
601,96,gaming,1,0,0,0,1.0
601,24,dance,1,0,0,0,1.0
601,210,cooking,1,0,0,0,1.0
601,467,gaming,0,0,0,0,0.0
601,194,sports,1,0,0,0,1.0
601,410,gaming,1,0,0,0,1.0
602,429,education,1,0,0,1,4.0
602,300,music,0,0,0,0,0.0
602,485,sports,0,0,0,0,0.0
602,288,dance,1,1,0,0,3.0
602,384,dance,0,0,0,0,0.0
602,159,dance,1,0,0,0,1.0
602,393,education,1,0,0,0,1.0
602,441,education,1,0,0,0,1.0
602,28,comedy,1,1,0,0,3.0
602,396,education,1,0,0,0,1.0
602,376,comedy,1,1,0,0,3.0
602,372,education,1,1,0,0,3.0
603,308,dance,1,1,0,0,3.0
603,93,travel,1,1,0,0,3.0
603,89,gaming,1,0,0,0,1.0
603,292,cooking,1,1,1,0,7.0
603,45,comedy,1,0,0,0,1.0
603,464,travel,0,0,0,0,0.0
603,172,sports,1,0,0,0,1.0
603,323,education,0,0,0,0,0.0
603,335,cooking,1,0,0,0,1.0
603,335,dance,1,0,0,0,1.0
603,142,dance,1,1,0,0,3.0
603,425,travel,1,1,0,0,3.0
604,115,cooking,1,0,0,0,1.0
604,289,dance,1,0,0,0,1.0
604,60,dance,1,0,0,0,1.0
604,200,dance,0,0,0,0,0.0
604,487,education,1,1,0,0,3.0
604,318,education,1,0,0,0,1.0
604,90,education,1,0,0,0,1.0
604,457,cooking,1,0,0,0,1.0
604,243,cooking,1,0,0,0,1.0
604,167,cooking,1,0,0,0,1.0
604,448,education,1,1,0,0,3.0
605,156,dance,1,0,0,0,1.0
605,337,comedy,1,0,0,0,1.0
605,298,dance,1,1,0,0,3.0
605,297,comedy,1,0,0,0,1.0
605,260,dance,1,0,0,0,1.0
605,63,dance,0,0,0,0,0.0
605,332,travel,1,0,0,0,1.0
605,434,travel,1,0,0,0,1.0
605,231,travel,0,0,0,0,0.0
605,124,travel,1,1,0,0,3.0
605,8,travel,0,0,0,0,0.0
605,123,travel,0,0,0,0,0.0
605,300,comedy,0,0,0,0,0.0
605,314,comedy,1,0,0,0,1.0
606,320,education,1,0,0,0,1.0
606,71,music,1,1,0,0,3.0
606,397,comedy,1,0,0,0,1.0
606,101,music,1,0,0,0,1.0
606,53,travel,1,1,0,1,6.0
606,232,music,0,0,0,0,0.0
606,101,music,1,0,0,0,1.0
606,122,education,1,0,0,0,1.0
606,464,education,0,0,0,0,0.0
606,460,education,0,0,0,0,0.0
606,470,dance,1,0,0,0,1.0
606,372,music,1,1,0,1,6.0
607,176,education,1,0,0,0,1.0
607,326,education,1,0,0,0,1.0
607,163,sports,1,0,0,0,1.0
607,469,comedy,1,0,0,0,1.0
607,82,comedy,0,0,0,0,0.0
607,9,comedy,1,1,0,0,3.0
607,163,comedy,1,1,1,1,10.0
607,263,cooking,1,1,1,0,7.0
607,301,sports,1,0,0,0,1.0
607,472,comedy,1,0,0,0,1.0
607,348,education,1,0,0,0,1.0
607,231,cooking,0,0,0,0,0.0
607,185,music,0,0,0,0,0.0
608,22,sports,1,1,0,0,3.0
608,90,dance,1,0,0,0,1.0
608,368,music,1,0,0,0,1.0
608,277,cooking,1,0,0,0,1.0
608,254,comedy,0,0,0,0,0.0
608,205,music,1,0,0,0,1.0
608,221,dance,1,0,0,0,1.0
608,453,dance,0,0,0,0,0.0
609,433,cooking,0,0,0,0,0.0
609,479,gaming,0,0,0,0,0.0
609,135,travel,1,0,0,0,1.0
609,120,gaming,1,0,0,0,1.0
609,494,sports,1,0,0,0,1.0
609,411,gaming,1,1,0,0,3.0
609,377,cooking,1,0,0,0,1.0
610,38,cooking,0,0,0,0,0.0
610,428,travel,1,1,0,0,3.0
610,354,gaming,0,0,0,0,0.0
610,86,cooking,0,0,0,0,0.0
610,350,gaming,1,0,0,0,1.0
610,37,cooking,1,0,0,0,1.0
610,376,comedy,0,0,0,0,0.0
610,206,gaming,1,0,0,0,1.0
611,170,gaming,1,0,0,0,1.0
611,191,comedy,1,1,0,0,3.0
611,128,education,1,0,0,0,1.0
611,203,music,1,0,0,0,1.0
611,192,music,1,0,0,0,1.0
611,99,travel,1,1,0,0,3.0
611,138,music,1,0,0,0,1.0
611,136,music,1,0,0,0,1.0
611,243,cooking,0,0,0,0,0.0
611,53,comedy,0,0,0,0,0.0
611,65,comedy,1,0,0,0,1.0
612,73,sports,1,1,0,1,6.0
612,153,cooking,1,1,1,0,7.0
612,341,comedy,0,0,0,0,0.0
612,393,sports,1,0,0,0,1.0
612,82,dance,1,0,0,0,1.0
612,306,sports,1,0,0,0,1.0
612,392,sports,1,1,0,0,3.0
612,268,cooking,0,0,0,0,0.0
612,313,cooking,1,0,0,0,1.0
612,215,sports,1,1,0,0,3.0
612,259,sports,1,0,0,0,1.0
612,135,sports,1,0,0,0,1.0
612,243,sports,0,0,0,0,0.0
613,276,dance,1,0,0,0,1.0
613,460,education,1,1,1,0,7.0
613,332,dance,1,0,0,0,1.0
613,373,music,0,0,0,0,0.0
613,391,sports,1,1,1,1,10.0
613,220,education,1,0,0,0,1.0
613,51,dance,1,0,0,0,1.0
613,328,education,1,0,0,0,1.0
613,395,dance,1,0,0,0,1.0
613,210,gaming,1,1,1,0,7.0
614,372,sports,1,1,1,0,7.0
614,273,sports,1,1,0,0,3.0
614,8,dance,1,0,0,0,1.0
614,283,sports,1,1,1,0,7.0
614,232,sports,0,0,0,0,0.0
614,304,dance,1,0,0,0,1.0
614,205,sports,1,0,0,0,1.0
615,36,education,1,0,0,1,4.0
615,232,dance,1,1,1,0,7.0
615,285,dance,1,0,0,0,1.0
615,409,dance,1,0,0,0,1.0
615,146,comedy,1,0,0,0,1.0
615,211,sports,1,1,0,0,3.0
615,426,dance,1,0,0,0,1.0
615,252,dance,1,1,0,0,3.0
615,97,dance,1,0,0,0,1.0
615,470,dance,1,0,0,0,1.0
615,200,dance,1,0,0,0,1.0
615,235,dance,0,0,0,0,0.0
615,367,comedy,0,0,0,0,0.0
616,452,gaming,1,0,0,0,1.0
616,320,music,1,1,0,0,3.0
616,455,music,1,0,0,0,1.0
616,346,cooking,1,0,0,0,1.0
616,379,cooking,1,0,0,0,1.0
616,144,music,0,0,0,0,0.0
616,323,music,1,1,0,1,6.0
616,120,gaming,1,0,0,0,1.0
616,320,cooking,1,0,0,0,1.0
616,355,comedy,0,0,0,0,0.0
616,317,travel,1,0,0,0,1.0
616,466,comedy,1,0,0,0,1.0
617,272,sports,1,0,0,0,1.0
617,127,sports,1,1,0,0,3.0
617,376,education,1,0,0,0,1.0
617,181,travel,1,1,1,0,7.0
617,357,comedy,0,0,0,0,0.0
617,483,education,1,0,0,0,1.0
617,10,gaming,1,0,0,1,4.0
617,423,dance,1,1,0,0,3.0
617,360,travel,1,0,0,0,1.0
618,307,sports,1,1,0,0,3.0
618,359,comedy,1,0,0,0,1.0
618,288,sports,1,0,0,0,1.0
618,366,sports,1,0,0,0,1.0
618,99,music,1,0,0,0,1.0
618,24,comedy,1,1,0,0,3.0
618,342,dance,1,0,0,0,1.0
618,275,sports,0,0,0,0,0.0
618,345,music,1,0,0,0,1.0
618,416,travel,1,0,0,0,1.0
619,204,travel,1,0,0,1,4.0
619,106,gaming,1,1,1,0,7.0
619,333,sports,1,0,0,0,1.0
619,279,music,1,0,0,0,1.0
619,400,gaming,0,0,0,0,0.0
619,176,sports,1,1,0,0,3.0
619,31,sports,0,0,0,0,0.0
619,281,dance,1,1,0,0,3.0
619,350,sports,1,1,0,0,3.0
619,346,gaming,1,1,0,0,3.0
619,346,gaming,0,0,0,0,0.0
620,89,gaming,1,1,0,0,3.0
620,11,travel,0,0,0,0,0.0
620,404,travel,1,0,0,0,1.0
620,199,gaming,1,0,0,0,1.0
620,492,travel,0,0,0,0,0.0
620,274,dance,1,1,0,0,3.0
620,463,music,1,0,0,0,1.0
620,0,education,1,0,0,0,1.0
620,256,dance,1,0,0,0,1.0
620,98,travel,0,0,0,0,0.0
620,79,sports,1,0,0,0,1.0
620,245,gaming,1,0,0,0,1.0
621,254,dance,1,0,0,0,1.0
621,45,gaming,1,1,0,0,3.0
621,448,cooking,1,0,0,0,1.0
621,368,travel,0,0,0,0,0.0
621,230,dance,0,0,0,0,0.0
621,498,dance,1,1,0,0,3.0
621,450,dance,1,1,0,0,3.0
621,63,dance,1,1,0,0,3.0
621,456,comedy,1,0,0,0,1.0
621,45,dance,1,1,1,1,10.0
621,148,cooking,1,1,0,0,3.0
621,63,sports,1,0,0,0,1.0
621,439,dance,1,0,0,0,1.0
622,194,travel,1,0,0,0,1.0
622,126,gaming,1,1,0,0,3.0
622,175,music,1,0,0,0,1.0
622,161,music,1,0,0,1,4.0
622,40,music,1,0,0,0,1.0
622,264,music,0,0,0,0,0.0
622,348,music,1,0,0,0,1.0
622,472,gaming,1,1,0,1,6.0
622,54,music,1,1,0,0,3.0
622,374,music,1,1,0,0,3.0
622,317,travel,0,0,0,0,0.0
622,214,travel,1,1,0,0,3.0
622,240,music,1,0,0,0,1.0
623,273,travel,0,0,0,0,0.0
623,47,gaming,1,0,0,0,1.0
623,185,cooking,1,1,0,0,3.0
623,467,dance,1,0,0,0,1.0
623,437,travel,0,0,0,0,0.0
623,301,travel,1,1,0,0,3.0
623,368,travel,1,0,0,0,1.0
623,402,travel,1,0,0,0,1.0
623,70,dance,1,0,0,0,1.0
623,163,travel,1,0,0,0,1.0
623,496,cooking,1,0,0,0,1.0
624,199,sports,1,1,0,0,3.0
624,107,travel,1,0,0,1,4.0
624,274,travel,1,1,0,0,3.0
624,35,travel,1,0,0,0,1.0
624,406,sports,1,0,0,0,1.0
624,433,travel,1,0,0,0,1.0
624,307,cooking,1,0,0,0,1.0
624,37,travel,1,0,0,0,1.0
624,140,sports,1,1,0,0,3.0
624,97,sports,0,0,0,0,0.0
624,258,sports,1,0,0,0,1.0
624,343,travel,1,0,0,0,1.0
624,57,travel,1,0,0,0,1.0
625,185,sports,1,0,0,0,1.0
625,210,education,1,1,0,0,3.0
625,166,cooking,1,0,0,0,1.0
625,56,gaming,1,0,0,0,1.0
625,28,education,1,0,0,0,1.0
625,356,music,0,0,0,0,0.0
625,198,sports,0,0,0,0,0.0
625,141,music,0,0,0,0,0.0
625,336,travel,1,1,0,0,3.0
625,270,gaming,1,1,0,0,3.0
625,238,music,1,0,0,0,1.0
625,367,education,1,0,0,0,1.0
625,412,music,1,1,0,0,3.0
626,146,cooking,1,0,0,0,1.0
626,253,music,1,1,0,0,3.0
626,365,sports,1,0,0,0,1.0
626,316,comedy,1,0,0,0,1.0
626,1,cooking,1,1,0,0,3.0
626,374,music,0,0,0,0,0.0
626,365,cooking,1,1,0,0,3.0
626,166,cooking,0,0,0,0,0.0
626,375,dance,1,0,0,0,1.0
627,18,travel,1,0,0,0,1.0
627,440,education,1,1,0,0,3.0
627,436,sports,1,0,0,0,1.0
627,131,travel,1,0,0,0,1.0
627,347,sports,1,1,0,0,3.0
627,79,sports,1,1,0,0,3.0
628,99,gaming,1,0,0,0,1.0
628,343,music,1,0,0,0,1.0
628,33,gaming,0,0,0,0,0.0
628,185,music,1,0,0,0,1.0
628,106,gaming,1,1,0,0,3.0
628,230,dance,1,0,0,0,1.0
628,363,dance,1,0,0,0,1.0
628,187,cooking,1,1,0,1,6.0
628,18,dance,1,1,0,0,3.0
628,251,dance,1,0,0,0,1.0
629,182,cooking,0,0,0,0,0.0
629,145,dance,1,0,0,0,1.0
629,104,gaming,1,0,0,0,1.0
629,366,dance,1,1,0,0,3.0
629,164,comedy,0,0,0,0,0.0
629,213,gaming,0,0,0,0,0.0
629,256,cooking,1,1,0,0,3.0
629,408,gaming,1,1,0,0,3.0
629,477,cooking,1,0,0,0,1.0
629,266,cooking,0,0,0,0,0.0
629,290,music,0,0,0,0,0.0
629,435,gaming,1,0,0,0,1.0
629,210,dance,1,0,0,0,1.0
629,464,education,1,0,0,0,1.0
630,39,travel,1,0,0,0,1.0
630,492,music,1,1,0,0,3.0
630,133,dance,1,1,0,0,3.0
630,415,cooking,1,0,0,0,1.0
630,179,sports,1,1,0,0,3.0
630,122,music,1,0,0,1,4.0
630,441,gaming,0,0,0,0,0.0
630,158,comedy,1,0,0,0,1.0
631,393,music,1,1,0,0,3.0
631,348,sports,1,1,0,0,3.0
631,176,gaming,1,0,0,0,1.0
631,367,sports,1,0,0,0,1.0
631,71,sports,1,1,0,0,3.0
631,426,sports,1,0,0,0,1.0
631,139,travel,1,1,0,0,3.0
631,55,education,1,0,0,0,1.0
632,93,cooking,1,0,0,0,1.0
632,377,cooking,0,0,0,0,0.0
632,351,cooking,1,0,0,0,1.0
632,94,travel,1,0,0,0,1.0
632,301,cooking,0,0,0,0,0.0
632,383,music,1,0,0,0,1.0
632,166,cooking,1,1,1,0,7.0
633,148,gaming,1,0,0,0,1.0
633,60,sports,1,1,0,0,3.0
633,461,gaming,1,0,0,0,1.0
633,442,music,0,0,0,0,0.0
633,373,gaming,0,0,0,0,0.0
633,474,gaming,1,0,0,0,1.0
633,443,sports,0,0,0,0,0.0
633,477,gaming,0,0,0,0,0.0
633,271,gaming,0,0,0,0,0.0
633,376,music,1,0,0,0,1.0
633,145,music,1,0,0,0,1.0
633,481,music,1,0,0,0,1.0
633,296,music,1,0,0,0,1.0
634,479,education,1,0,0,0,1.0
634,326,education,1,0,0,0,1.0
634,282,education,1,0,0,0,1.0
634,269,education,1,0,0,0,1.0
634,162,sports,1,1,0,0,3.0
634,345,gaming,1,1,0,0,3.0
634,483,sports,0,0,0,0,0.0
634,241,education,1,0,0,0,1.0
634,67,education,0,0,0,0,0.0
634,86,education,1,0,0,0,1.0
635,437,travel,0,0,0,0,0.0
635,174,education,1,0,0,0,1.0
635,311,travel,1,0,0,0,1.0
635,176,education,1,0,0,0,1.0
635,215,travel,1,0,0,0,1.0
635,76,cooking,1,0,0,0,1.0
636,165,gaming,1,0,0,0,1.0
636,400,music,1,0,0,0,1.0
636,203,music,1,0,0,0,1.0
636,436,music,1,1,0,0,3.0
636,175,music,1,0,0,0,1.0
636,259,music,1,0,0,0,1.0
636,125,music,1,0,0,0,1.0
636,152,gaming,1,0,0,0,1.0
636,227,music,0,0,0,0,0.0
636,455,dance,1,0,0,0,1.0
636,239,music,1,0,0,0,1.0
637,215,dance,0,0,0,0,0.0
637,354,music,0,0,0,0,0.0
637,155,travel,0,0,0,0,0.0
637,293,travel,1,0,0,0,1.0
637,371,dance,1,0,0,0,1.0
637,258,gaming,1,0,0,0,1.0
637,445,music,1,0,0,0,1.0
637,485,music,0,0,0,0,0.0
637,297,music,0,0,0,0,0.0
637,414,dance,1,1,0,0,3.0
637,89,dance,0,0,0,0,0.0
637,357,travel,1,0,0,1,4.0
637,344,cooking,1,0,0,0,1.0
637,297,dance,0,0,0,0,0.0
637,362,comedy,1,0,0,0,1.0
637,216,music,0,0,0,0,0.0
638,411,dance,1,0,0,1,4.0
638,26,travel,1,1,0,0,3.0
638,298,cooking,1,0,0,0,1.0
638,155,cooking,0,0,0,0,0.0
638,261,education,0,0,0,0,0.0
638,324,dance,1,0,0,0,1.0
638,197,cooking,0,0,0,0,0.0
638,278,cooking,1,0,0,1,4.0
638,431,education,1,1,0,0,3.0
638,181,music,1,1,0,0,3.0
638,176,education,1,1,0,0,3.0
638,107,travel,1,0,0,0,1.0
638,91,music,0,0,0,0,0.0
638,218,cooking,1,0,0,0,1.0
639,112,cooking,0,0,0,0,0.0
639,440,travel,0,0,0,0,0.0
639,490,gaming,1,0,0,0,1.0
639,23,dance,1,0,0,0,1.0
639,52,comedy,1,1,0,0,3.0
639,359,travel,1,0,0,0,1.0
639,460,comedy,1,0,0,0,1.0
639,51,music,0,0,0,0,0.0
640,166,comedy,0,0,0,0,0.0
640,459,comedy,1,0,0,0,1.0
640,102,comedy,1,0,0,0,1.0
640,176,comedy,1,0,0,0,1.0
640,366,music,1,1,0,0,3.0
640,29,cooking,1,0,0,0,1.0
640,334,cooking,0,0,0,0,0.0
640,43,cooking,0,0,0,0,0.0
641,62,travel,0,0,0,0,0.0
641,116,comedy,1,0,0,0,1.0
641,164,travel,1,0,0,0,1.0
641,309,travel,0,0,0,0,0.0
641,350,travel,1,0,0,1,4.0
641,445,travel,1,1,0,0,3.0
641,264,comedy,0,0,0,0,0.0
641,296,dance,0,0,0,0,0.0
641,26,dance,1,1,0,0,3.0
641,190,travel,1,0,0,0,1.0
642,336,gaming,1,0,0,0,1.0
642,20,gaming,1,0,0,0,1.0
642,436,gaming,1,0,0,0,1.0
642,91,sports,0,0,0,0,0.0
642,314,sports,1,1,0,0,3.0
642,56,education,1,0,0,0,1.0
642,176,dance,0,0,0,0,0.0
642,454,education,1,0,0,0,1.0
642,224,sports,1,1,1,0,7.0
643,30,music,1,0,0,0,1.0
643,263,music,1,0,0,0,1.0
643,319,sports,1,0,0,0,1.0
643,98,gaming,1,0,0,0,1.0
643,304,sports,0,0,0,0,0.0
643,266,comedy,1,0,0,0,1.0
643,109,sports,1,1,0,0,3.0
643,2,sports,1,0,0,0,1.0
643,81,education,1,1,0,0,3.0
644,14,comedy,1,1,0,1,6.0
644,301,comedy,1,1,0,0,3.0
644,106,education,1,1,0,0,3.0
644,282,dance,0,0,0,0,0.0
644,226,education,1,0,0,0,1.0
644,270,dance,1,0,0,0,1.0
644,496,education,1,0,0,0,1.0
644,438,comedy,1,0,0,0,1.0
645,254,dance,1,1,1,0,7.0
645,130,cooking,1,1,1,0,7.0
645,446,cooking,1,0,0,0,1.0
645,48,cooking,1,1,0,0,3.0
645,498,sports,1,0,0,0,1.0
645,402,sports,1,1,0,0,3.0
645,294,cooking,0,0,0,0,0.0
645,271,cooking,1,0,0,0,1.0
645,1,cooking,0,0,0,0,0.0
645,169,dance,1,0,0,0,1.0
646,278,comedy,1,0,0,0,1.0
646,402,comedy,1,0,0,0,1.0
646,478,gaming,1,0,0,0,1.0
646,406,dance,1,0,0,0,1.0
646,447,gaming,1,0,0,0,1.0
646,383,education,1,0,0,1,4.0
646,392,dance,1,0,0,0,1.0
646,364,gaming,1,1,0,0,3.0
646,465,travel,0,0,0,0,0.0
646,208,gaming,1,0,0,0,1.0
646,335,comedy,1,0,0,0,1.0
646,158,comedy,1,0,0,0,1.0
646,283,comedy,1,0,0,0,1.0
647,240,sports,0,0,0,0,0.0
647,243,education,0,0,0,0,0.0
647,185,sports,1,1,0,0,3.0
647,119,gaming,1,1,0,0,3.0
647,115,travel,0,0,0,0,0.0
647,453,gaming,1,1,0,0,3.0
647,370,sports,1,0,0,0,1.0
647,81,education,1,0,0,0,1.0
648,448,dance,1,0,0,0,1.0
648,473,music,1,0,0,0,1.0
648,378,education,1,0,0,0,1.0
648,333,dance,1,0,0,0,1.0
648,9,cooking,1,1,0,0,3.0
648,148,gaming,1,1,0,0,3.0
648,1,education,1,1,0,0,3.0
648,197,comedy,1,0,0,0,1.0
648,179,comedy,1,0,0,0,1.0
648,431,sports,1,0,0,0,1.0
648,109,dance,1,1,0,0,3.0
648,278,music,1,1,0,0,3.0
648,182,music,1,0,0,0,1.0
648,221,comedy,1,1,0,0,3.0
648,107,music,1,0,0,0,1.0
648,286,music,1,0,0,0,1.0
648,220,comedy,1,1,0,0,3.0
649,7,travel,1,0,0,0,1.0
649,10,sports,0,0,0,0,0.0
649,270,music,1,0,0,0,1.0
649,65,dance,0,0,0,0,0.0
649,41,sports,0,0,0,0,0.0
649,461,dance,1,0,0,0,1.0
649,56,music,0,0,0,0,0.0
649,167,comedy,1,0,0,0,1.0
649,376,sports,0,0,0,0,0.0
649,173,dance,0,0,0,0,0.0
649,440,travel,1,0,0,0,1.0
649,116,comedy,1,0,0,0,1.0
649,300,comedy,1,0,0,0,1.0
650,308,gaming,1,0,0,0,1.0
650,493,education,1,0,0,0,1.0
650,280,travel,1,1,0,0,3.0
650,279,music,0,0,0,0,0.0
650,231,travel,1,1,0,0,3.0
650,336,travel,1,1,0,0,3.0
650,117,music,0,0,0,0,0.0
650,291,music,1,0,0,0,1.0
651,174,dance,1,0,0,0,1.0
651,490,cooking,1,0,0,0,1.0
651,157,dance,0,0,0,0,0.0
651,301,education,1,1,0,0,3.0
651,462,cooking,1,0,0,0,1.0
651,433,dance,1,0,0,1,4.0
651,495,gaming,0,0,0,0,0.0
651,272,education,1,1,0,0,3.0
651,348,education,1,0,0,0,1.0
651,344,dance,0,0,0,0,0.0
651,426,comedy,1,1,0,0,3.0
651,421,education,1,0,0,0,1.0
652,469,education,0,0,0,0,0.0
652,264,cooking,1,0,0,0,1.0
652,408,comedy,1,1,0,0,3.0
652,488,comedy,1,0,0,0,1.0
652,287,sports,1,0,0,0,1.0
652,465,gaming,1,0,0,0,1.0
652,437,education,1,0,0,0,1.0
652,404,comedy,0,0,0,0,0.0
653,476,music,1,1,0,0,3.0
653,213,sports,1,0,0,0,1.0
653,254,travel,1,0,0,0,1.0
653,156,dance,1,0,0,0,1.0
653,100,cooking,0,0,0,0,0.0
653,104,cooking,0,0,0,0,0.0
653,338,gaming,1,1,0,0,3.0
653,418,travel,1,0,0,0,1.0
653,63,dance,0,0,0,0,0.0
653,244,gaming,1,0,0,0,1.0
654,213,education,1,0,0,0,1.0
654,180,music,1,0,0,0,1.0
654,35,education,1,0,0,1,4.0
654,294,gaming,1,0,0,1,4.0
654,365,cooking,1,0,0,0,1.0
654,149,dance,0,0,0,0,0.0
654,146,dance,1,1,0,0,3.0
654,10,dance,1,0,0,0,1.0
654,282,education,1,0,0,0,1.0
654,104,dance,1,0,0,0,1.0
654,33,music,1,0,0,0,1.0
654,171,cooking,0,0,0,0,0.0
655,329,sports,1,1,0,0,3.0
655,82,sports,0,0,0,0,0.0
655,127,dance,1,0,0,0,1.0
655,411,dance,1,0,0,0,1.0
655,92,gaming,1,0,0,0,1.0
656,195,sports,1,1,0,0,3.0
656,219,sports,1,1,0,0,3.0
656,50,sports,1,0,0,0,1.0
656,277,sports,0,0,0,0,0.0
656,443,sports,0,0,0,0,0.0
656,43,education,1,1,0,0,3.0
656,235,dance,1,1,0,0,3.0
656,313,music,1,1,0,0,3.0
656,321,travel,1,0,0,0,1.0
656,288,education,0,0,0,0,0.0
656,318,gaming,0,0,0,0,0.0
657,481,sports,1,0,0,0,1.0
657,19,travel,1,1,0,0,3.0
657,489,sports,1,1,0,0,3.0
657,382,cooking,1,1,0,0,3.0
657,241,cooking,1,0,0,0,1.0
657,264,sports,1,0,0,0,1.0
657,281,sports,1,0,0,0,1.0
657,60,sports,0,0,0,0,0.0
657,451,sports,1,0,0,0,1.0
658,136,music,1,0,0,0,1.0
658,261,cooking,1,0,0,0,1.0
658,76,sports,1,1,0,0,3.0
658,105,music,1,0,0,0,1.0
658,132,music,0,0,0,0,0.0
658,97,music,1,1,0,0,3.0
658,499,dance,1,0,0,0,1.0
658,493,music,1,0,0,0,1.0
658,339,dance,1,1,0,0,3.0
659,41,travel,1,0,0,0,1.0
659,352,comedy,1,1,0,0,3.0
659,1,cooking,1,1,0,0,3.0
659,107,cooking,0,0,0,0,0.0
659,279,comedy,1,1,0,0,3.0
659,3,comedy,0,0,0,0,0.0
659,71,education,0,0,0,0,0.0
659,289,comedy,1,0,0,0,1.0
659,267,travel,1,0,0,0,1.0
659,88,travel,1,1,0,0,3.0
659,350,travel,1,0,0,0,1.0
659,146,travel,0,0,0,0,0.0
660,397,travel,1,0,0,0,1.0
660,424,travel,1,0,0,1,4.0
660,335,dance,0,0,0,0,0.0
660,486,cooking,0,0,0,0,0.0
660,235,travel,1,1,0,0,3.0
660,170,sports,1,0,0,0,1.0
660,398,dance,0,0,0,0,0.0
660,276,dance,1,1,0,0,3.0
661,230,comedy,1,0,0,0,1.0
661,290,comedy,1,1,0,0,3.0
661,304,comedy,1,0,0,0,1.0
661,2,travel,0,0,0,0,0.0
661,436,sports,1,0,0,0,1.0
661,221,comedy,1,0,0,0,1.0
661,413,comedy,1,0,0,0,1.0
661,236,education,1,0,0,0,1.0
661,407,gaming,0,0,0,0,0.0
662,453,music,1,1,0,0,3.0
662,156,education,1,1,0,0,3.0
662,460,gaming,1,0,0,1,4.0
662,285,education,1,0,0,0,1.0
662,75,music,1,0,0,0,1.0
662,180,gaming,1,0,0,0,1.0
662,484,music,1,0,0,0,1.0
662,390,gaming,1,0,0,0,1.0
662,181,dance,1,0,0,0,1.0
662,47,gaming,1,0,0,0,1.0
662,207,gaming,1,1,0,0,3.0
662,202,travel,1,0,0,0,1.0
663,357,education,1,0,0,0,1.0
663,462,music,1,1,0,0,3.0
663,329,education,1,1,0,0,3.0
663,339,travel,1,1,0,0,3.0
663,207,music,1,0,0,0,1.0
663,131,education,1,0,0,1,4.0
663,74,music,0,0,0,0,0.0
663,268,music,1,1,0,0,3.0
664,144,comedy,0,0,0,0,0.0
664,96,comedy,0,0,0,0,0.0
664,252,education,1,1,0,0,3.0
664,17,gaming,0,0,0,0,0.0
664,372,cooking,1,0,0,0,1.0
664,428,dance,1,1,0,0,3.0
664,40,cooking,1,1,0,0,3.0
664,120,dance,1,1,0,0,3.0
664,411,cooking,1,1,0,0,3.0
665,444,sports,1,1,0,0,3.0
665,122,sports,1,0,0,0,1.0
665,300,sports,1,0,0,0,1.0
665,103,sports,1,1,0,0,3.0
665,495,education,1,1,0,0,3.0
665,274,sports,1,0,0,0,1.0
665,408,sports,0,0,0,0,0.0
665,432,sports,1,0,0,0,1.0
665,409,cooking,0,0,0,0,0.0
665,354,sports,1,1,0,0,3.0
665,194,sports,1,1,0,0,3.0
665,112,sports,1,0,0,0,1.0
665,315,comedy,1,0,0,0,1.0
666,151,gaming,0,0,0,0,0.0
666,373,gaming,1,0,0,0,1.0
666,153,gaming,1,0,0,0,1.0
666,485,comedy,1,1,0,0,3.0
666,445,travel,1,0,0,0,1.0
666,467,travel,1,0,0,1,4.0
666,325,travel,1,0,0,0,1.0
666,154,travel,1,1,0,0,3.0
666,458,travel,1,0,0,1,4.0
666,110,travel,1,0,0,0,1.0
666,420,travel,1,0,0,0,1.0
666,22,gaming,1,0,0,0,1.0
666,52,dance,1,1,0,0,3.0
666,22,travel,1,0,0,0,1.0
666,163,dance,1,0,0,0,1.0
666,198,travel,0,0,0,0,0.0
667,18,education,0,0,0,0,0.0
667,319,education,1,0,0,0,1.0
667,84,comedy,1,1,0,0,3.0
667,9,cooking,1,1,0,0,3.0
667,472,education,1,0,0,0,1.0
667,398,cooking,0,0,0,0,0.0
667,214,cooking,1,1,0,0,3.0
667,383,comedy,1,0,0,0,1.0
667,330,education,1,0,0,0,1.0
667,436,music,1,1,0,0,3.0
667,436,education,1,0,0,0,1.0
667,317,education,0,0,0,0,0.0
668,162,gaming,1,0,0,0,1.0
668,193,gaming,1,0,0,0,1.0
668,36,gaming,1,0,0,0,1.0
668,449,travel,1,1,0,0,3.0
668,65,cooking,1,0,0,0,1.0
668,3,music,1,0,0,0,1.0
668,350,gaming,0,0,0,0,0.0
668,358,gaming,1,0,0,0,1.0
668,418,dance,1,0,0,0,1.0
668,197,gaming,1,0,0,0,1.0
669,476,cooking,1,0,0,0,1.0
669,375,travel,1,0,0,0,1.0
669,370,cooking,0,0,0,0,0.0
669,120,travel,1,0,0,0,1.0
669,321,cooking,1,1,1,0,7.0
669,201,travel,1,1,0,0,3.0
669,280,cooking,1,0,0,0,1.0
669,73,education,1,1,0,0,3.0
669,14,education,1,0,0,0,1.0
669,296,travel,1,0,0,0,1.0
670,381,cooking,1,0,0,0,1.0
670,442,cooking,1,0,0,0,1.0
670,189,cooking,1,0,0,0,1.0
670,108,cooking,1,0,0,0,1.0
670,278,cooking,1,0,0,0,1.0
670,314,dance,1,0,0,0,1.0
670,258,cooking,1,0,0,0,1.0
670,135,cooking,1,0,0,0,1.0
670,344,cooking,1,1,0,0,3.0
670,51,cooking,1,0,0,0,1.0
670,166,gaming,1,1,0,0,3.0
671,183,education,1,0,0,0,1.0
671,366,cooking,1,0,0,0,1.0
671,27,comedy,1,0,0,0,1.0
671,149,cooking,0,0,0,0,0.0
671,317,dance,1,0,0,0,1.0
671,123,education,1,0,0,0,1.0
671,144,gaming,1,0,0,0,1.0
671,204,dance,1,0,0,0,1.0
671,326,dance,1,0,0,0,1.0
671,132,music,1,0,0,0,1.0
671,286,dance,1,0,0,0,1.0
672,478,cooking,1,1,0,0,3.0
672,352,education,1,0,0,0,1.0
672,242,cooking,1,1,0,0,3.0
672,39,education,1,0,0,0,1.0
672,335,education,1,1,0,0,3.0
672,53,cooking,0,0,0,0,0.0
673,249,dance,1,0,0,0,1.0
673,29,comedy,0,0,0,0,0.0
673,199,sports,1,1,0,0,3.0
673,75,gaming,1,0,0,0,1.0
673,372,music,1,0,0,0,1.0
673,181,sports,1,0,0,0,1.0
673,446,sports,1,0,0,0,1.0
673,369,sports,1,0,0,0,1.0
673,20,comedy,1,0,0,0,1.0
673,276,sports,1,0,0,0,1.0
674,46,cooking,1,1,0,0,3.0
674,159,gaming,1,0,0,0,1.0
674,466,gaming,1,0,0,0,1.0
674,155,dance,1,0,0,0,1.0
674,348,gaming,1,1,0,0,3.0
674,337,sports,1,1,0,0,3.0
674,249,education,1,0,0,0,1.0
674,465,education,0,0,0,0,0.0
674,275,travel,1,0,0,0,1.0
674,80,dance,1,1,0,0,3.0
674,255,dance,1,0,0,0,1.0
674,140,gaming,1,1,0,0,3.0
675,0,music,1,0,0,0,1.0
675,323,education,1,0,0,0,1.0
675,122,education,1,0,0,0,1.0
675,42,comedy,1,1,0,0,3.0
675,288,education,1,0,0,0,1.0
675,232,cooking,0,0,0,0,0.0
675,320,comedy,1,0,0,0,1.0
675,30,music,0,0,0,0,0.0
675,145,travel,1,1,0,0,3.0
675,458,music,1,1,0,0,3.0
675,221,travel,0,0,0,0,0.0
676,467,education,1,0,0,0,1.0
676,339,comedy,1,0,0,0,1.0
676,195,gaming,0,0,0,0,0.0
676,98,dance,1,0,0,0,1.0
676,479,music,1,0,0,1,4.0
676,11,education,1,0,0,0,1.0
676,282,education,1,0,0,0,1.0
676,76,comedy,1,0,0,0,1.0
676,424,dance,1,0,0,0,1.0
676,56,education,1,0,0,0,1.0
676,452,music,0,0,0,0,0.0
676,269,education,1,0,0,0,1.0
677,448,education,1,1,0,0,3.0
677,115,travel,1,0,0,0,1.0
677,214,travel,1,0,0,0,1.0
677,64,education,1,0,0,0,1.0
677,463,cooking,1,0,0,1,4.0
677,293,travel,1,0,0,0,1.0
677,270,dance,1,0,0,0,1.0
677,255,education,1,0,0,0,1.0
678,210,education,1,0,0,0,1.0
678,249,education,1,0,0,0,1.0
678,234,cooking,1,1,0,1,6.0
678,173,travel,1,0,0,0,1.0
678,70,music,1,1,0,0,3.0
678,166,dance,1,0,0,0,1.0
678,444,cooking,0,0,0,0,0.0
679,440,education,0,0,0,0,0.0
679,401,cooking,1,0,0,0,1.0
679,380,cooking,0,0,0,0,0.0
679,99,sports,0,0,0,0,0.0
679,372,sports,1,0,0,0,1.0
679,47,dance,1,0,0,0,1.0
679,268,dance,1,1,0,0,3.0
679,267,cooking,1,0,0,0,1.0
679,477,gaming,1,1,0,0,3.0
679,123,comedy,1,1,0,0,3.0
679,381,gaming,1,1,0,0,3.0
679,245,gaming,1,1,0,0,3.0
680,157,gaming,1,0,0,0,1.0
680,90,sports,1,0,0,0,1.0
680,474,sports,1,0,0,0,1.0
680,465,gaming,1,0,0,0,1.0
680,218,sports,1,0,0,0,1.0
680,242,travel,1,0,0,0,1.0
680,69,sports,1,0,0,0,1.0
680,408,dance,1,0,0,0,1.0
681,24,cooking,1,0,0,0,1.0
681,237,education,1,1,0,0,3.0
681,5,education,1,1,0,0,3.0
681,348,cooking,1,0,0,0,1.0
681,30,travel,0,0,0,0,0.0
681,430,sports,1,0,0,0,1.0
681,285,dance,0,0,0,0,0.0
681,166,travel,1,0,0,1,4.0
681,458,dance,1,0,0,0,1.0
682,453,music,1,1,0,0,3.0
682,145,sports,1,1,0,0,3.0
682,44,education,1,0,0,0,1.0
682,262,sports,0,0,0,0,0.0
682,470,sports,1,0,0,0,1.0
682,429,music,0,0,0,0,0.0
682,139,sports,1,0,0,0,1.0
682,354,education,1,1,0,0,3.0
682,42,education,1,0,0,0,1.0
682,57,sports,1,0,0,0,1.0
683,5,education,0,0,0,0,0.0
683,314,travel,1,1,0,0,3.0
683,0,music,1,1,0,0,3.0
683,390,sports,1,1,0,0,3.0
683,450,music,1,1,0,0,3.0
683,329,education,1,0,0,0,1.0
683,64,travel,0,0,0,0,0.0
683,199,gaming,1,0,0,0,1.0
683,420,gaming,1,1,0,0,3.0
683,78,music,1,0,0,0,1.0
683,431,education,1,0,0,0,1.0
683,74,sports,1,0,0,0,1.0
683,467,travel,1,0,0,0,1.0
684,364,sports,1,1,1,0,7.0
684,319,travel,1,0,0,0,1.0
684,344,comedy,1,0,0,0,1.0
684,481,comedy,1,0,0,0,1.0
684,345,comedy,0,0,0,0,0.0
684,424,sports,1,0,0,0,1.0
684,459,travel,0,0,0,0,0.0
684,228,music,1,0,0,0,1.0
684,106,comedy,1,0,0,0,1.0
684,286,cooking,1,0,0,0,1.0
684,167,dance,0,0,0,0,0.0
685,91,cooking,0,0,0,0,0.0
685,55,education,1,1,0,0,3.0
685,225,cooking,1,0,0,0,1.0
685,180,cooking,1,0,0,0,1.0
685,13,dance,1,0,0,1,4.0
685,134,gaming,1,1,0,0,3.0
685,323,gaming,0,0,0,0,0.0
685,77,cooking,1,0,0,0,1.0
685,42,sports,1,0,0,0,1.0
686,258,gaming,1,0,0,0,1.0
686,28,cooking,0,0,0,0,0.0
686,233,travel,1,1,0,0,3.0
686,183,comedy,1,1,0,0,3.0
686,384,sports,1,0,0,0,1.0
686,478,dance,1,1,0,1,6.0
686,212,travel,1,0,0,0,1.0
686,153,sports,0,0,0,0,0.0
686,322,education,1,0,0,0,1.0
686,124,travel,1,0,0,0,1.0
687,298,education,1,1,0,0,3.0
687,48,comedy,1,0,0,0,1.0
687,331,dance,1,0,0,0,1.0
687,432,music,1,0,0,0,1.0
687,141,sports,1,0,0,0,1.0
688,201,music,1,0,0,0,1.0
688,169,travel,1,1,1,0,7.0
688,439,gaming,1,0,0,0,1.0
688,232,gaming,1,0,0,0,1.0
688,447,gaming,1,0,0,0,1.0
688,369,sports,1,0,0,0,1.0
688,175,gaming,0,0,0,0,0.0
688,354,comedy,1,1,0,0,3.0
688,183,cooking,1,0,0,0,1.0
688,493,gaming,1,0,0,0,1.0
689,237,music,1,0,0,0,1.0
689,499,music,1,1,0,0,3.0
689,246,gaming,1,0,0,1,4.0
689,488,education,1,0,0,0,1.0
689,6,comedy,0,0,0,0,0.0
689,279,dance,1,0,0,0,1.0
689,283,dance,1,0,0,0,1.0
690,77,travel,1,0,0,0,1.0
690,249,travel,1,1,0,0,3.0
690,316,travel,1,0,0,0,1.0
690,433,dance,1,0,0,0,1.0
690,66,dance,0,0,0,0,0.0
690,384,sports,1,1,0,0,3.0
690,249,dance,1,0,0,0,1.0
690,152,education,1,0,0,0,1.0
690,429,education,1,0,0,0,1.0
690,190,comedy,1,0,0,1,4.0
691,292,education,1,0,0,0,1.0
691,232,dance,1,0,0,0,1.0
691,115,cooking,1,0,0,0,1.0
691,472,cooking,1,0,0,0,1.0
691,387,music,1,0,0,0,1.0
691,214,comedy,1,0,0,0,1.0
691,314,cooking,1,1,0,0,3.0
691,378,music,0,0,0,0,0.0
691,459,cooking,0,0,0,0,0.0
691,190,dance,1,0,0,0,1.0
691,448,music,0,0,0,0,0.0
691,415,sports,1,0,0,0,1.0
692,474,education,1,0,0,0,1.0
692,498,travel,1,0,0,0,1.0
692,112,travel,1,0,0,0,1.0
692,451,cooking,1,0,0,0,1.0
692,23,travel,0,0,0,0,0.0
692,480,dance,1,0,0,0,1.0
692,381,cooking,1,0,0,0,1.0
692,278,comedy,1,1,0,0,3.0
692,237,education,1,1,0,0,3.0
693,417,dance,1,0,0,0,1.0
693,354,dance,1,0,0,0,1.0
693,149,dance,1,0,0,0,1.0
693,39,dance,1,1,0,0,3.0
693,38,travel,1,0,0,0,1.0
693,156,dance,1,0,0,0,1.0
693,415,gaming,1,0,0,0,1.0
693,366,dance,1,1,0,0,3.0
693,194,music,1,0,0,0,1.0
693,189,travel,0,0,0,0,0.0
693,171,dance,1,0,0,0,1.0
693,339,dance,1,0,0,0,1.0
693,228,gaming,0,0,0,0,0.0
693,185,dance,1,0,0,0,1.0
693,96,dance,0,0,0,0,0.0
693,456,dance,1,1,0,0,3.0
693,22,dance,1,0,0,0,1.0
693,280,dance,0,0,0,0,0.0
694,337,dance,1,0,0,0,1.0
694,254,travel,1,0,0,0,1.0
694,147,dance,1,0,0,0,1.0
694,183,dance,1,0,0,0,1.0
694,269,dance,1,0,0,0,1.0
694,17,cooking,1,0,0,0,1.0
694,147,education,1,0,0,0,1.0
694,53,comedy,1,0,0,0,1.0
694,39,dance,1,0,0,0,1.0
694,285,dance,0,0,0,0,0.0
694,102,comedy,1,0,0,0,1.0
695,4,comedy,0,0,0,0,0.0
695,286,music,0,0,0,0,0.0
695,489,gaming,1,0,0,0,1.0
695,280,travel,0,0,0,0,0.0
695,28,comedy,1,0,0,0,1.0
695,177,gaming,1,0,0,1,4.0
695,52,comedy,0,0,0,0,0.0
695,460,music,1,0,0,1,4.0
695,354,education,1,0,0,0,1.0
695,146,comedy,1,0,0,0,1.0
695,186,comedy,1,1,0,0,3.0
696,276,travel,1,0,0,0,1.0
696,113,education,1,0,0,1,4.0
696,453,dance,1,0,0,0,1.0
696,293,education,1,0,0,0,1.0
696,176,music,1,0,0,0,1.0
696,349,music,1,0,0,0,1.0
696,310,music,0,0,0,0,0.0
696,372,comedy,0,0,0,0,0.0
696,329,music,1,0,0,0,1.0
696,119,dance,1,0,0,0,1.0
696,336,music,0,0,0,0,0.0
696,51,education,1,0,0,0,1.0
696,145,education,1,0,0,0,1.0
697,488,travel,1,1,0,0,3.0
697,179,comedy,0,0,0,0,0.0
697,76,comedy,0,0,0,0,0.0
697,158,gaming,1,0,0,0,1.0
697,407,comedy,1,0,0,0,1.0
697,495,travel,0,0,0,0,0.0
697,339,gaming,0,0,0,0,0.0
697,153,comedy,1,1,0,1,6.0
697,282,education,1,0,0,0,1.0
697,12,gaming,1,0,0,0,1.0
697,363,gaming,0,0,0,0,0.0
697,152,comedy,0,0,0,0,0.0
697,383,comedy,1,0,0,0,1.0
698,45,music,1,0,0,1,4.0
698,163,music,1,0,0,0,1.0
698,304,education,1,1,0,0,3.0
698,205,cooking,1,1,0,0,3.0
698,14,travel,1,1,1,0,7.0
698,105,cooking,0,0,0,0,0.0
698,472,dance,1,0,0,0,1.0
698,443,travel,1,0,0,0,1.0
698,153,gaming,1,0,0,0,1.0
698,17,travel,1,0,0,0,1.0
698,453,cooking,1,0,0,0,1.0
698,376,dance,1,0,0,0,1.0
698,477,music,0,0,0,0,0.0
698,336,music,1,0,0,0,1.0
699,409,music,1,0,0,0,1.0
699,316,comedy,1,0,0,1,4.0
699,173,education,0,0,0,0,0.0
699,99,gaming,0,0,0,0,0.0
699,273,comedy,1,1,0,0,3.0
699,461,comedy,0,0,0,0,0.0
699,483,music,1,0,0,0,1.0
699,277,comedy,0,0,0,0,0.0
699,329,cooking,1,1,0,0,3.0
700,228,gaming,1,1,0,0,3.0
700,278,gaming,1,1,1,0,7.0
700,30,dance,1,0,0,0,1.0
700,441,travel,1,0,0,0,1.0
700,37,travel,0,0,0,0,0.0
700,9,sports,1,0,0,0,1.0
700,370,travel,1,0,0,0,1.0
700,177,gaming,1,0,0,0,1.0
700,358,comedy,1,0,0,0,1.0
701,283,sports,1,0,0,0,1.0
701,117,dance,0,0,0,0,0.0
701,131,sports,1,0,0,0,1.0
701,376,travel,1,0,0,0,1.0
701,279,travel,1,0,0,0,1.0
701,80,music,1,0,0,0,1.0
701,190,sports,1,1,0,0,3.0
701,105,comedy,1,1,1,0,7.0
701,60,cooking,1,1,0,0,3.0
701,316,sports,1,1,0,0,3.0
701,367,cooking,1,1,1,0,7.0
701,242,gaming,0,0,0,0,0.0
701,257,music,1,0,0,0,1.0
701,236,music,1,0,0,0,1.0
701,158,gaming,0,0,0,0,0.0
702,186,education,1,0,0,0,1.0
702,386,travel,1,0,0,0,1.0
702,458,gaming,1,0,0,0,1.0
702,327,dance,1,0,0,0,1.0
702,351,cooking,1,0,0,0,1.0
702,26,gaming,1,0,0,0,1.0
703,373,education,1,1,0,0,3.0
703,111,education,0,0,0,0,0.0
703,223,gaming,1,0,0,0,1.0
703,51,comedy,1,0,0,0,1.0
703,383,education,1,0,0,0,1.0
703,149,comedy,1,0,0,0,1.0
703,265,travel,0,0,0,0,0.0
703,398,travel,0,0,0,0,0.0
703,282,travel,1,0,0,0,1.0
703,473,education,0,0,0,0,0.0
703,315,comedy,1,1,0,0,3.0
703,181,travel,1,0,0,1,4.0
703,335,music,1,1,0,0,3.0
703,246,comedy,1,1,0,0,3.0
704,113,music,1,0,0,0,1.0
704,344,cooking,1,0,0,0,1.0
704,423,music,1,1,0,0,3.0
704,88,cooking,1,0,0,0,1.0
704,447,music,1,1,0,0,3.0
704,387,cooking,1,0,0,0,1.0
704,236,cooking,1,0,0,0,1.0
704,429,cooking,1,1,0,0,3.0
704,246,education,0,0,0,0,0.0
704,422,music,0,0,0,0,0.0
705,372,dance,1,1,0,1,6.0
705,158,gaming,1,1,0,0,3.0
705,75,gaming,0,0,0,0,0.0
705,64,gaming,1,0,0,0,1.0
705,20,comedy,1,0,0,0,1.0
705,465,gaming,1,1,1,0,7.0
705,395,cooking,1,0,0,0,1.0
705,397,education,1,0,0,0,1.0
705,252,dance,0,0,0,0,0.0
706,139,sports,0,0,0,0,0.0
706,430,cooking,1,0,0,0,1.0
706,99,comedy,1,0,0,1,4.0
706,403,cooking,1,0,0,0,1.0
706,340,education,1,0,0,0,1.0
706,26,education,1,0,0,0,1.0
706,97,comedy,1,0,0,0,1.0
706,385,dance,1,0,0,0,1.0
706,222,dance,1,0,0,0,1.0
707,92,cooking,1,1,0,0,3.0
707,126,gaming,1,0,0,0,1.0
707,234,dance,1,0,0,0,1.0
707,241,education,1,0,0,0,1.0
707,353,education,1,0,0,0,1.0
707,212,travel,1,0,0,0,1.0
707,356,education,0,0,0,0,0.0
707,170,education,1,1,0,0,3.0
707,331,travel,0,0,0,0,0.0
707,143,music,1,0,0,0,1.0
707,283,education,1,0,0,0,1.0
707,365,education,1,1,0,0,3.0
707,401,travel,1,1,0,0,3.0
708,288,education,1,1,0,0,3.0
708,472,comedy,1,1,0,0,3.0
708,64,education,1,1,0,0,3.0
708,498,cooking,1,0,0,1,4.0
708,360,travel,1,0,0,0,1.0
708,396,travel,1,0,0,0,1.0
708,308,cooking,1,0,0,0,1.0
708,225,travel,1,1,0,0,3.0
708,100,cooking,1,1,0,1,6.0
708,486,travel,1,0,0,0,1.0
708,274,cooking,1,0,0,1,4.0
708,349,education,0,0,0,0,0.0
709,370,education,1,1,0,0,3.0
709,358,music,1,0,0,0,1.0
709,133,travel,1,1,0,0,3.0
709,167,music,1,0,0,0,1.0
709,292,education,1,0,0,0,1.0
709,475,education,1,0,0,0,1.0
709,178,travel,1,0,0,0,1.0
709,210,education,1,0,0,0,1.0
709,76,travel,0,0,0,0,0.0
709,320,music,1,1,0,0,3.0
710,51,education,0,0,0,0,0.0
710,6,education,1,0,0,0,1.0
710,350,sports,1,0,0,0,1.0
710,146,sports,1,0,0,0,1.0
710,201,gaming,0,0,0,0,0.0
710,305,gaming,1,0,0,0,1.0
710,149,travel,1,0,0,0,1.0
710,6,education,1,0,0,0,1.0
710,386,cooking,1,0,0,0,1.0
710,380,travel,1,0,0,0,1.0
710,192,cooking,1,1,0,1,6.0
710,20,education,1,0,0,0,1.0
710,320,education,1,0,0,0,1.0
710,252,education,1,0,0,0,1.0
710,126,education,1,1,0,0,3.0
710,419,dance,1,0,0,0,1.0
710,63,gaming,1,0,0,0,1.0
711,91,travel,1,1,0,0,3.0
711,464,gaming,1,1,0,1,6.0
711,20,dance,1,0,0,0,1.0
711,459,cooking,1,0,0,0,1.0
711,57,dance,1,1,0,0,3.0
711,44,comedy,1,1,0,0,3.0
711,148,travel,0,0,0,0,0.0
711,107,comedy,1,0,0,0,1.0
711,53,cooking,1,0,0,0,1.0
712,194,education,1,0,0,0,1.0
712,98,education,0,0,0,0,0.0
712,116,education,1,0,0,0,1.0
712,288,dance,1,1,0,0,3.0
712,379,cooking,1,0,0,0,1.0
712,220,comedy,1,0,0,0,1.0
712,350,education,1,0,0,0,1.0
712,144,sports,1,1,0,0,3.0
712,128,education,1,0,0,0,1.0
712,255,education,1,1,1,0,7.0
712,446,education,1,1,1,0,7.0
712,194,education,1,1,0,0,3.0
712,427,cooking,1,0,0,0,1.0
712,498,travel,1,1,0,0,3.0
712,54,education,1,1,0,0,3.0
713,361,cooking,0,0,0,0,0.0
713,426,cooking,1,1,0,0,3.0
713,427,gaming,1,0,0,0,1.0
713,315,cooking,0,0,0,0,0.0
713,101,cooking,1,0,0,0,1.0
713,259,dance,0,0,0,0,0.0
714,114,comedy,1,0,0,0,1.0
714,396,dance,1,0,0,0,1.0
714,130,dance,1,0,0,0,1.0
714,129,comedy,1,0,0,0,1.0
714,381,cooking,1,0,0,0,1.0
714,77,dance,1,0,0,0,1.0
715,214,dance,1,1,0,0,3.0
715,41,education,1,0,0,0,1.0
715,21,cooking,1,1,0,0,3.0
715,310,cooking,1,0,0,0,1.0
715,234,education,1,0,0,0,1.0
715,145,education,1,0,0,0,1.0
715,452,cooking,1,0,0,0,1.0
715,266,cooking,1,0,0,0,1.0
715,153,education,1,0,0,0,1.0
715,252,comedy,1,0,0,0,1.0
716,419,gaming,1,0,0,0,1.0
716,296,comedy,1,0,0,0,1.0
716,402,comedy,1,0,0,0,1.0
716,200,comedy,1,0,0,0,1.0
716,460,gaming,1,0,0,0,1.0
716,272,cooking,1,0,0,0,1.0
716,45,education,1,1,0,0,3.0
716,164,comedy,1,0,0,0,1.0
716,410,education,1,0,0,0,1.0
716,7,dance,1,0,0,0,1.0
716,351,education,1,1,0,1,6.0
716,139,gaming,1,0,0,1,4.0
717,191,gaming,1,1,0,0,3.0
717,111,gaming,0,0,0,0,0.0
717,288,gaming,0,0,0,0,0.0
717,176,music,1,0,0,0,1.0
717,382,gaming,1,0,0,0,1.0
717,130,cooking,1,1,0,0,3.0
717,495,music,1,1,0,0,3.0
718,253,sports,1,1,1,0,7.0
718,44,music,0,0,0,0,0.0
718,174,music,1,0,0,0,1.0
718,469,gaming,1,0,0,0,1.0
718,193,music,1,1,0,0,3.0
718,367,music,1,0,0,0,1.0
718,371,sports,1,0,0,0,1.0
719,336,travel,1,0,0,0,1.0
719,238,cooking,1,1,0,0,3.0
719,270,music,1,0,0,0,1.0
719,169,education,1,0,0,0,1.0
719,354,music,1,0,0,0,1.0
719,370,travel,1,0,0,0,1.0
719,364,education,1,0,0,0,1.0
719,392,music,0,0,0,0,0.0
719,59,education,1,1,0,0,3.0
719,356,travel,1,0,0,0,1.0
719,93,education,1,1,0,0,3.0
719,443,education,1,1,0,0,3.0
720,53,music,0,0,0,0,0.0
720,188,travel,1,0,0,0,1.0
720,284,music,1,1,0,0,3.0
720,53,music,1,1,0,0,3.0
720,183,cooking,1,0,0,0,1.0
720,180,comedy,0,0,0,0,0.0
720,299,dance,1,0,0,0,1.0
720,297,comedy,1,0,0,0,1.0
720,37,cooking,1,0,0,0,1.0
721,85,gaming,1,0,0,0,1.0
721,488,comedy,1,1,0,0,3.0
721,401,education,1,1,0,0,3.0
721,9,sports,1,1,0,0,3.0
721,227,cooking,0,0,0,0,0.0
721,214,gaming,1,1,1,0,7.0
721,337,dance,1,0,0,0,1.0
721,237,comedy,0,0,0,0,0.0
721,415,cooking,1,1,1,0,7.0
721,374,education,1,0,0,0,1.0
721,229,gaming,1,0,0,0,1.0
722,212,education,1,0,0,0,1.0
722,482,education,1,1,0,0,3.0
722,243,education,1,1,0,0,3.0
722,193,travel,1,0,0,1,4.0
722,90,travel,1,0,0,0,1.0
722,255,dance,1,1,0,0,3.0
722,162,travel,1,0,0,0,1.0
722,340,travel,0,0,0,0,0.0
722,258,travel,0,0,0,0,0.0
722,29,travel,0,0,0,0,0.0
722,453,education,1,1,0,0,3.0
722,239,travel,1,1,0,0,3.0
722,412,dance,1,0,0,0,1.0
722,153,education,1,0,0,0,1.0
723,451,music,1,1,0,0,3.0
723,328,music,1,0,0,0,1.0
723,101,comedy,1,0,0,0,1.0
723,68,music,1,0,0,0,1.0
723,17,music,1,0,0,0,1.0
723,160,music,0,0,0,0,0.0
723,409,sports,0,0,0,0,0.0
723,469,education,1,0,0,0,1.0
723,80,sports,1,0,0,0,1.0
723,20,music,1,0,0,0,1.0
723,249,music,1,0,0,0,1.0
723,322,comedy,1,0,0,0,1.0
723,201,comedy,1,0,0,0,1.0
724,232,sports,1,1,0,0,3.0
724,206,sports,1,1,0,0,3.0
724,483,music,1,0,0,0,1.0
724,292,travel,0,0,0,0,0.0
724,213,travel,1,0,0,0,1.0
724,282,travel,1,0,0,0,1.0
724,158,education,1,0,0,0,1.0
724,441,dance,0,0,0,0,0.0
724,266,dance,0,0,0,0,0.0
724,480,cooking,0,0,0,0,0.0
724,131,dance,1,0,0,0,1.0
725,134,dance,1,0,0,0,1.0
725,260,gaming,0,0,0,0,0.0
725,465,gaming,1,0,0,0,1.0
725,219,travel,1,0,0,0,1.0
725,462,gaming,0,0,0,0,0.0
725,456,education,1,0,0,0,1.0
725,161,gaming,1,0,0,0,1.0
725,440,gaming,1,1,0,0,3.0
726,199,dance,1,0,0,0,1.0
726,411,sports,0,0,0,0,0.0
726,348,music,1,0,0,0,1.0
726,271,sports,0,0,0,0,0.0
726,40,sports,1,1,0,0,3.0
726,285,sports,1,0,0,0,1.0
727,443,education,1,1,0,0,3.0
727,447,education,0,0,0,0,0.0
727,64,education,0,0,0,0,0.0
727,345,music,1,0,0,0,1.0
727,378,education,1,0,0,0,1.0
727,498,gaming,1,0,0,0,1.0
727,146,gaming,1,1,0,0,3.0
727,35,travel,1,1,1,0,7.0
727,50,education,1,0,0,0,1.0
727,140,travel,1,0,0,0,1.0
727,265,gaming,0,0,0,0,0.0
727,128,cooking,1,0,0,0,1.0
727,14,gaming,1,0,0,0,1.0
728,214,travel,1,0,0,0,1.0
728,424,travel,1,0,0,0,1.0
728,185,travel,1,0,0,0,1.0
728,18,cooking,1,0,0,0,1.0
728,107,travel,0,0,0,0,0.0
728,27,dance,0,0,0,0,0.0
728,486,cooking,1,1,0,0,3.0
728,283,travel,0,0,0,0,0.0
728,260,travel,0,0,0,0,0.0
728,307,travel,1,0,0,0,1.0
729,489,education,1,1,0,0,3.0
729,245,sports,1,1,0,0,3.0
729,48,education,0,0,0,0,0.0
729,451,cooking,1,0,0,0,1.0
729,415,cooking,1,0,0,0,1.0
729,369,dance,1,0,0,0,1.0
729,358,travel,0,0,0,0,0.0
729,223,dance,1,1,0,0,3.0
729,310,travel,1,1,0,0,3.0
729,355,music,1,1,0,0,3.0
730,404,gaming,0,0,0,0,0.0
730,440,gaming,1,1,0,0,3.0
730,204,gaming,0,0,0,0,0.0
730,71,music,1,1,0,0,3.0
730,207,dance,1,1,1,0,7.0
730,279,gaming,1,0,0,0,1.0
730,155,music,1,0,0,1,4.0
730,87,cooking,1,0,0,0,1.0
730,143,gaming,1,0,0,0,1.0
730,404,dance,0,0,0,0,0.0
730,292,gaming,1,0,0,0,1.0
730,20,music,1,0,0,0,1.0
730,106,gaming,1,0,0,0,1.0
730,46,music,1,0,0,0,1.0
731,118,cooking,1,0,0,0,1.0
731,231,gaming,0,0,0,0,0.0
731,325,sports,1,1,0,0,3.0
731,371,music,1,0,0,0,1.0
731,51,gaming,1,0,0,0,1.0
731,479,music,1,0,0,0,1.0
731,149,cooking,0,0,0,0,0.0
731,497,comedy,1,1,0,0,3.0
732,80,sports,0,0,0,0,0.0
732,486,cooking,1,0,0,0,1.0
732,447,cooking,0,0,0,0,0.0
732,482,cooking,1,0,0,0,1.0
732,315,cooking,0,0,0,0,0.0
732,53,cooking,1,0,0,0,1.0
732,325,sports,1,0,0,0,1.0
732,333,music,1,0,0,0,1.0
732,370,gaming,1,1,0,0,3.0
732,84,cooking,1,0,0,0,1.0
732,304,music,1,0,0,0,1.0
732,336,gaming,1,0,0,0,1.0
732,305,gaming,1,0,0,0,1.0
732,461,cooking,1,0,0,0,1.0
733,100,dance,1,0,0,0,1.0
733,386,education,1,1,0,0,3.0
733,492,cooking,0,0,0,0,0.0
733,8,music,1,0,0,0,1.0
733,56,education,1,0,0,1,4.0
733,303,cooking,1,1,0,0,3.0
733,376,sports,1,0,0,0,1.0
733,47,education,1,0,0,0,1.0
733,323,comedy,1,0,0,0,1.0
733,246,education,1,1,0,0,3.0
733,375,dance,0,0,0,0,0.0
734,247,dance,0,0,0,0,0.0
734,435,cooking,1,1,0,0,3.0
734,468,dance,1,1,0,0,3.0
734,130,education,1,0,0,0,1.0
734,405,cooking,1,0,0,0,1.0
734,486,comedy,1,0,0,0,1.0
734,1,comedy,1,0,0,0,1.0
734,118,dance,1,0,0,0,1.0
734,5,comedy,1,0,0,0,1.0
734,455,education,1,0,0,0,1.0
734,97,music,1,0,0,0,1.0
734,297,comedy,0,0,0,0,0.0
735,278,sports,1,0,0,0,1.0
735,294,sports,0,0,0,0,0.0
735,273,travel,1,0,0,0,1.0
735,277,gaming,1,0,0,0,1.0
735,376,sports,1,0,0,0,1.0
735,119,sports,1,1,0,0,3.0
735,472,music,1,0,0,0,1.0
735,429,comedy,0,0,0,0,0.0
735,351,travel,1,1,0,0,3.0
735,369,gaming,1,0,0,0,1.0
735,216,sports,1,1,0,0,3.0
736,448,sports,1,1,0,0,3.0
736,124,sports,1,0,0,0,1.0
736,226,gaming,1,0,0,0,1.0
736,467,comedy,1,1,1,0,7.0
736,336,education,1,0,0,0,1.0
736,303,gaming,0,0,0,0,0.0
736,373,education,0,0,0,0,0.0
736,215,comedy,0,0,0,0,0.0
736,305,gaming,1,0,0,0,1.0
736,285,education,1,1,0,0,3.0
736,477,dance,1,1,0,0,3.0
737,16,education,1,0,0,0,1.0
737,351,dance,1,1,0,0,3.0
737,250,education,1,0,0,0,1.0
737,367,education,1,0,0,0,1.0
737,62,dance,0,0,0,0,0.0
737,3,dance,1,0,0,0,1.0
737,217,education,1,0,0,0,1.0
737,51,dance,1,0,0,0,1.0
737,231,dance,1,0,0,1,4.0
737,203,cooking,1,0,0,0,1.0
737,399,sports,1,0,0,0,1.0
737,219,education,1,1,0,0,3.0
737,63,cooking,0,0,0,0,0.0
737,438,education,1,0,0,0,1.0
738,336,education,1,1,0,0,3.0
738,305,gaming,1,0,0,0,1.0
738,493,gaming,1,1,0,0,3.0
738,336,gaming,1,0,0,0,1.0
738,26,gaming,1,1,0,0,3.0
738,156,sports,1,0,0,0,1.0
738,100,gaming,1,0,0,0,1.0
738,275,gaming,0,0,0,0,0.0
738,488,gaming,1,1,1,0,7.0
738,319,comedy,1,1,0,0,3.0
738,335,comedy,1,0,0,0,1.0
738,260,gaming,1,0,0,0,1.0
738,406,sports,1,1,0,0,3.0
738,465,gaming,0,0,0,0,0.0
738,370,education,1,0,0,0,1.0
738,412,sports,0,0,0,0,0.0
738,259,gaming,1,1,0,0,3.0
739,420,education,1,0,0,0,1.0
739,12,gaming,0,0,0,0,0.0
739,31,travel,1,0,0,0,1.0
739,444,music,1,1,0,0,3.0
739,291,music,0,0,0,0,0.0
739,477,music,0,0,0,0,0.0
739,369,cooking,0,0,0,0,0.0
739,125,music,0,0,0,0,0.0
740,438,music,1,0,0,0,1.0
740,234,gaming,1,1,0,0,3.0
740,221,comedy,1,0,0,0,1.0
740,79,cooking,1,0,0,0,1.0
740,326,music,0,0,0,0,0.0
740,1,cooking,1,0,0,0,1.0
740,455,cooking,1,0,0,0,1.0
740,55,cooking,1,1,0,0,3.0
741,316,cooking,1,1,0,0,3.0
741,419,cooking,1,0,0,0,1.0
741,470,gaming,0,0,0,0,0.0
741,8,dance,1,1,0,0,3.0
741,409,cooking,1,1,0,1,6.0
741,319,comedy,1,0,0,0,1.0
741,403,cooking,0,0,0,0,0.0
741,142,comedy,1,0,0,0,1.0
741,82,dance,0,0,0,0,0.0
741,185,cooking,1,1,0,0,3.0
742,396,gaming,1,0,0,0,1.0
742,429,dance,0,0,0,0,0.0
742,467,gaming,1,0,0,0,1.0
742,215,cooking,1,1,0,0,3.0
742,208,gaming,1,1,0,1,6.0
742,160,gaming,0,0,0,0,0.0
742,396,gaming,0,0,0,0,0.0
742,49,gaming,0,0,0,0,0.0
742,491,gaming,1,0,0,0,1.0
742,213,gaming,1,1,0,0,3.0
742,389,dance,1,0,0,0,1.0
742,314,gaming,1,0,0,0,1.0
743,484,music,1,1,0,0,3.0
743,109,music,0,0,0,0,0.0
743,407,cooking,1,0,0,0,1.0
743,50,cooking,0,0,0,0,0.0
743,280,dance,0,0,0,0,0.0
743,476,dance,0,0,0,0,0.0
743,35,comedy,1,0,0,0,1.0
743,18,dance,1,0,0,0,1.0
743,409,cooking,1,1,0,0,3.0
743,224,dance,1,1,0,0,3.0
743,156,comedy,1,0,0,0,1.0
743,264,cooking,1,1,0,0,3.0
743,241,dance,1,0,0,0,1.0
744,183,dance,1,0,0,0,1.0
744,110,travel,1,0,0,0,1.0
744,293,comedy,1,0,0,0,1.0
744,68,gaming,1,0,0,0,1.0
744,94,gaming,1,1,0,0,3.0
744,481,travel,0,0,0,0,0.0
744,335,cooking,1,0,0,0,1.0
744,376,gaming,1,0,0,0,1.0
744,279,sports,1,0,0,0,1.0
744,187,gaming,1,0,0,0,1.0
744,309,sports,1,0,0,0,1.0
744,19,comedy,0,0,0,0,0.0
744,237,travel,1,0,0,0,1.0
744,386,gaming,1,0,0,0,1.0
744,231,travel,1,0,0,0,1.0
744,321,dance,1,0,0,0,1.0
745,50,music,1,1,0,1,6.0
745,60,comedy,1,1,0,0,3.0
745,345,sports,1,1,0,0,3.0
745,362,comedy,1,1,0,0,3.0
745,387,dance,0,0,0,0,0.0
745,284,comedy,0,0,0,0,0.0
745,343,travel,1,0,0,0,1.0
745,49,comedy,1,0,0,0,1.0
745,339,sports,0,0,0,0,0.0
745,170,sports,0,0,0,0,0.0
746,317,cooking,1,0,0,0,1.0
746,419,gaming,1,0,0,0,1.0
746,483,cooking,1,1,0,0,3.0
746,417,gaming,1,1,0,0,3.0
746,226,education,1,0,0,0,1.0
746,337,gaming,0,0,0,0,0.0
746,113,dance,1,0,0,0,1.0
746,444,cooking,1,0,0,0,1.0
747,74,gaming,1,0,0,0,1.0
747,117,travel,1,0,0,0,1.0
747,332,sports,1,0,0,0,1.0
747,169,comedy,1,0,0,0,1.0
747,119,travel,1,0,0,0,1.0
747,46,sports,1,0,0,0,1.0
747,380,travel,1,0,0,0,1.0
747,346,sports,0,0,0,0,0.0
747,445,travel,0,0,0,0,0.0
747,401,music,1,0,0,0,1.0
747,494,travel,0,0,0,0,0.0
747,302,travel,1,0,0,0,1.0
748,347,music,0,0,0,0,0.0
748,461,sports,1,0,0,0,1.0
748,315,gaming,1,1,0,0,3.0
748,421,gaming,1,1,0,0,3.0
748,276,education,1,1,0,0,3.0
748,171,cooking,0,0,0,0,0.0
748,267,sports,1,0,0,0,1.0
748,149,music,1,0,0,0,1.0
748,399,music,1,0,0,0,1.0
748,373,music,1,0,0,0,1.0
748,494,sports,1,0,0,0,1.0
748,72,education,1,0,0,1,4.0
748,366,music,0,0,0,0,0.0
748,345,sports,1,1,0,0,3.0
749,481,music,1,1,0,0,3.0
749,467,sports,1,0,0,0,1.0
749,249,sports,0,0,0,0,0.0
749,23,cooking,1,1,0,0,3.0
749,416,music,1,0,0,0,1.0
749,446,cooking,0,0,0,0,0.0
749,463,music,1,0,0,0,1.0
749,329,sports,1,0,0,0,1.0
750,397,cooking,1,1,1,0,7.0
750,81,cooking,1,0,0,0,1.0
750,142,education,1,0,0,0,1.0
750,357,dance,1,0,0,0,1.0
750,446,cooking,0,0,0,0,0.0
751,347,travel,1,0,0,0,1.0
751,472,comedy,1,1,0,0,3.0
751,198,music,1,0,0,0,1.0
751,314,sports,1,0,0,0,1.0
751,228,music,1,0,0,0,1.0
751,488,music,1,0,0,1,4.0
751,296,education,1,0,0,1,4.0
751,391,dance,1,0,0,0,1.0
751,303,music,0,0,0,0,0.0
751,261,sports,1,0,0,0,1.0
752,386,travel,0,0,0,0,0.0
752,120,travel,1,1,0,0,3.0
752,244,cooking,1,0,0,0,1.0
752,488,education,1,1,0,0,3.0
752,461,cooking,1,0,0,1,4.0
752,286,cooking,0,0,0,0,0.0
752,257,cooking,1,0,0,0,1.0
752,164,cooking,1,0,0,0,1.0
752,85,cooking,0,0,0,0,0.0
752,467,music,0,0,0,0,0.0
752,297,cooking,0,0,0,0,0.0
752,219,cooking,1,0,0,0,1.0
752,16,education,1,1,0,0,3.0
752,157,cooking,0,0,0,0,0.0
752,422,comedy,1,0,0,0,1.0
752,113,cooking,0,0,0,0,0.0
752,415,travel,1,1,1,0,7.0
752,487,sports,1,1,0,0,3.0
752,363,education,1,1,0,0,3.0
753,354,music,1,1,0,0,3.0
753,265,music,1,0,0,0,1.0
753,263,education,1,1,0,0,3.0
753,146,music,1,1,0,0,3.0
753,333,travel,0,0,0,0,0.0
753,63,education,1,0,0,0,1.0
754,366,cooking,1,1,0,0,3.0
754,353,cooking,1,0,0,0,1.0
754,139,gaming,1,1,0,0,3.0
754,180,gaming,1,0,0,0,1.0
754,305,cooking,1,0,0,0,1.0
754,305,cooking,1,1,0,0,3.0
754,422,gaming,1,1,0,0,3.0
754,443,dance,1,0,0,0,1.0
754,400,dance,1,0,0,0,1.0
755,106,cooking,1,0,0,0,1.0
755,417,music,0,0,0,0,0.0
755,158,gaming,1,0,0,0,1.0
755,86,music,1,0,0,0,1.0
755,416,cooking,0,0,0,0,0.0
755,151,cooking,1,1,0,0,3.0
755,20,dance,1,1,0,0,3.0
755,281,music,1,0,0,0,1.0
755,387,cooking,1,0,0,0,1.0
755,342,music,1,0,0,0,1.0
755,421,music,1,0,0,0,1.0
755,43,dance,1,0,0,1,4.0
756,418,gaming,1,0,0,0,1.0
756,49,sports,1,1,0,0,3.0
756,438,comedy,1,0,0,0,1.0
757,496,comedy,1,0,0,0,1.0
757,63,education,1,0,0,0,1.0
757,300,cooking,1,0,0,0,1.0
757,175,education,0,0,0,0,0.0
757,110,sports,1,1,0,0,3.0
757,231,sports,1,1,0,0,3.0
757,104,travel,0,0,0,0,0.0
757,364,comedy,1,0,0,0,1.0
757,165,education,1,0,0,0,1.0
757,355,comedy,1,1,0,0,3.0
757,394,education,1,0,0,0,1.0
757,98,education,1,0,0,0,1.0
757,375,sports,0,0,0,0,0.0
757,299,education,1,0,0,0,1.0
757,465,education,1,1,0,0,3.0
758,222,dance,1,0,0,0,1.0
758,320,comedy,1,0,0,0,1.0
758,30,gaming,1,0,0,0,1.0
758,437,education,1,0,0,0,1.0
758,245,sports,0,0,0,0,0.0
758,421,dance,1,0,0,0,1.0
758,249,education,0,0,0,0,0.0
758,349,education,1,0,0,1,4.0
758,228,comedy,1,1,0,0,3.0
758,80,dance,1,0,0,0,1.0
758,426,sports,1,0,0,0,1.0
758,136,cooking,1,0,0,0,1.0
759,110,music,1,0,0,0,1.0
759,355,gaming,1,1,0,0,3.0
759,256,dance,1,1,0,0,3.0
759,327,gaming,1,1,0,0,3.0
759,475,comedy,1,0,0,1,4.0
759,436,travel,1,0,0,0,1.0
759,22,education,0,0,0,0,0.0
759,313,education,1,0,0,0,1.0
759,359,cooking,1,0,0,0,1.0
760,453,education,1,0,0,0,1.0
760,144,dance,0,0,0,0,0.0
760,395,travel,1,0,0,0,1.0
760,159,sports,1,0,0,0,1.0
760,39,comedy,0,0,0,0,0.0
760,160,comedy,1,0,0,0,1.0
760,418,cooking,1,0,0,0,1.0
760,75,comedy,1,1,0,0,3.0
760,431,travel,0,0,0,0,0.0
760,120,travel,1,1,0,0,3.0
760,212,comedy,1,0,0,1,4.0
760,313,comedy,1,0,0,0,1.0
760,443,music,1,0,0,0,1.0
760,190,education,1,0,0,0,1.0
760,288,comedy,1,0,0,0,1.0
760,168,travel,0,0,0,0,0.0
761,285,sports,1,1,0,0,3.0
761,58,gaming,1,0,0,0,1.0
761,317,cooking,1,0,0,0,1.0
761,460,sports,1,1,1,0,7.0
761,295,cooking,1,1,0,0,3.0
761,371,cooking,1,0,0,0,1.0
761,482,travel,0,0,0,0,0.0
761,94,gaming,1,0,0,0,1.0
761,267,cooking,1,1,0,0,3.0
761,119,gaming,1,0,0,0,1.0
761,201,travel,1,0,0,0,1.0
761,46,gaming,1,0,0,0,1.0
761,345,sports,1,0,0,0,1.0
761,104,sports,1,0,0,0,1.0
761,65,music,0,0,0,0,0.0
761,81,dance,1,0,0,0,1.0
762,13,comedy,1,0,0,0,1.0
762,141,music,1,1,0,0,3.0
762,69,music,1,1,0,0,3.0
762,141,sports,1,0,0,0,1.0
762,468,comedy,1,0,0,0,1.0
762,310,comedy,0,0,0,0,0.0
762,188,sports,1,0,0,0,1.0
762,147,gaming,1,0,0,0,1.0
762,97,comedy,1,1,0,1,6.0
762,107,cooking,1,0,0,0,1.0
762,141,sports,1,0,0,0,1.0
762,14,music,1,1,0,0,3.0
763,223,travel,1,0,0,0,1.0
763,221,travel,1,0,0,0,1.0
763,470,travel,1,0,0,0,1.0
763,416,travel,1,0,0,0,1.0
763,171,cooking,1,0,0,0,1.0
763,111,travel,1,0,0,0,1.0
763,108,travel,1,0,0,0,1.0
763,180,travel,1,0,0,0,1.0
763,89,cooking,1,0,0,0,1.0
764,231,cooking,1,0,0,0,1.0
764,345,cooking,1,0,0,0,1.0
764,236,dance,1,0,0,0,1.0
764,330,music,1,0,0,0,1.0
764,410,music,1,0,0,0,1.0
764,4,dance,1,0,0,0,1.0
764,214,cooking,1,0,0,0,1.0
764,381,education,1,0,0,0,1.0
764,92,dance,1,0,0,0,1.0
764,351,dance,1,0,0,0,1.0
764,226,comedy,1,0,0,0,1.0
764,297,dance,1,0,0,0,1.0
764,144,sports,1,0,0,0,1.0
764,228,gaming,1,0,0,0,1.0
764,248,gaming,1,0,0,0,1.0
764,94,gaming,1,0,0,0,1.0
764,199,sports,1,0,0,0,1.0
764,344,cooking,1,0,0,0,1.0
765,82,sports,1,1,1,0,7.0
765,306,cooking,0,0,0,0,0.0
765,254,sports,1,0,0,0,1.0
765,342,sports,1,0,0,0,1.0
765,183,sports,1,1,1,0,7.0
765,238,sports,1,1,0,0,3.0
765,245,sports,1,1,0,1,6.0
765,419,sports,1,1,0,0,3.0
766,31,sports,0,0,0,0,0.0
766,82,sports,1,0,0,0,1.0
766,377,education,1,0,0,0,1.0
766,460,sports,1,1,0,0,3.0
766,419,music,1,0,0,0,1.0
766,382,sports,1,0,0,0,1.0
766,467,dance,0,0,0,0,0.0
766,2,education,1,1,0,0,3.0
766,493,sports,1,1,0,0,3.0
766,211,sports,0,0,0,0,0.0
766,317,music,1,0,0,0,1.0
766,8,music,1,0,0,0,1.0
766,292,cooking,1,0,0,0,1.0
766,234,sports,1,1,0,0,3.0
767,444,comedy,0,0,0,0,0.0
767,44,gaming,1,1,0,0,3.0
767,424,sports,1,1,0,0,3.0
767,238,comedy,1,0,0,0,1.0
767,390,cooking,1,0,0,0,1.0
767,361,gaming,0,0,0,0,0.0
767,5,comedy,1,1,1,0,7.0
768,10,music,0,0,0,0,0.0
768,23,dance,1,0,0,0,1.0
768,279,gaming,0,0,0,0,0.0
768,157,cooking,1,0,0,0,1.0
768,263,cooking,0,0,0,0,0.0
768,188,sports,1,0,0,0,1.0
768,339,cooking,0,0,0,0,0.0
768,140,dance,0,0,0,0,0.0
768,25,sports,1,0,0,0,1.0
768,90,dance,1,0,0,0,1.0
768,59,cooking,1,1,0,0,3.0
768,59,travel,1,0,0,0,1.0
768,418,sports,1,0,0,0,1.0
768,405,dance,1,0,0,1,4.0
768,14,comedy,0,0,0,0,0.0
769,195,cooking,1,0,0,0,1.0
769,374,gaming,1,0,0,0,1.0
769,313,gaming,1,1,0,1,6.0
769,408,gaming,1,1,1,0,7.0
769,477,cooking,1,0,0,0,1.0
769,302,music,1,0,0,0,1.0
769,355,education,1,0,0,0,1.0
769,300,cooking,1,0,0,0,1.0
769,176,gaming,0,0,0,0,0.0
769,379,music,1,1,0,0,3.0
769,269,education,1,0,0,0,1.0
769,469,music,1,1,0,0,3.0
769,9,cooking,1,1,0,0,3.0
769,95,music,0,0,0,0,0.0
770,145,gaming,1,1,0,0,3.0
770,96,cooking,1,0,0,1,4.0
770,173,cooking,1,1,0,0,3.0
770,36,gaming,1,0,0,0,1.0
770,354,gaming,1,0,0,0,1.0
770,217,gaming,1,0,0,0,1.0
770,59,gaming,1,0,0,0,1.0
770,456,comedy,1,0,0,0,1.0
771,411,sports,1,0,0,0,1.0
771,201,gaming,1,0,0,0,1.0
771,458,gaming,0,0,0,0,0.0
771,102,dance,1,1,0,0,3.0
771,256,cooking,0,0,0,0,0.0
771,112,music,1,0,0,0,1.0
771,477,cooking,1,0,0,0,1.0
771,155,travel,1,0,0,0,1.0
771,392,gaming,1,1,0,0,3.0
771,24,gaming,1,0,0,0,1.0
771,370,gaming,0,0,0,0,0.0
771,276,travel,1,0,0,0,1.0
771,41,cooking,1,0,0,0,1.0
771,401,travel,1,0,0,0,1.0
771,25,travel,1,1,0,0,3.0
771,473,gaming,1,0,0,0,1.0
771,145,gaming,1,1,0,0,3.0
771,220,sports,1,0,0,0,1.0
772,216,gaming,1,1,0,0,3.0
772,353,music,1,0,0,0,1.0
772,93,sports,0,0,0,0,0.0
772,152,gaming,0,0,0,0,0.0
772,481,sports,1,0,0,0,1.0
772,144,gaming,0,0,0,0,0.0
772,16,dance,1,0,0,0,1.0
772,354,gaming,1,0,0,0,1.0
772,329,gaming,1,1,0,0,3.0
772,287,gaming,1,0,0,0,1.0
772,168,gaming,1,1,0,0,3.0
773,288,music,1,0,0,0,1.0
773,361,education,1,0,0,0,1.0
773,277,travel,1,1,1,0,7.0
773,243,comedy,1,0,0,0,1.0
773,96,education,1,0,0,0,1.0
773,408,education,1,0,0,1,4.0
773,483,comedy,1,0,0,0,1.0
773,357,education,1,0,0,0,1.0
773,222,education,1,0,0,1,4.0
773,142,gaming,1,0,0,0,1.0
773,36,gaming,1,1,0,0,3.0
773,437,travel,1,1,0,0,3.0
773,375,education,1,0,0,0,1.0
773,343,sports,1,1,0,0,3.0
773,221,travel,1,1,0,0,3.0
774,49,comedy,1,1,1,0,7.0
774,402,comedy,1,0,0,0,1.0
774,185,travel,1,0,0,0,1.0
774,191,dance,1,0,0,0,1.0
774,248,travel,1,1,0,1,6.0
774,274,cooking,1,1,0,0,3.0
774,297,comedy,1,1,0,0,3.0
774,373,comedy,1,1,0,0,3.0
774,68,cooking,1,0,0,0,1.0
774,197,dance,1,0,0,0,1.0
775,290,cooking,1,1,0,0,3.0
775,380,education,1,1,0,0,3.0
775,367,dance,1,0,0,0,1.0
775,157,cooking,1,0,0,0,1.0
775,147,sports,1,0,0,0,1.0
775,87,education,1,0,0,0,1.0
775,390,cooking,1,1,0,0,3.0
775,107,sports,1,0,0,0,1.0
775,16,education,1,0,0,0,1.0
775,17,cooking,1,0,0,0,1.0
775,486,cooking,1,0,0,0,1.0
775,132,cooking,1,0,0,0,1.0
776,173,travel,1,0,0,1,4.0
776,165,travel,1,0,0,0,1.0
776,490,cooking,0,0,0,0,0.0
776,56,cooking,1,1,0,0,3.0
776,412,cooking,1,0,0,0,1.0
776,141,gaming,1,0,0,0,1.0
776,240,gaming,1,0,0,0,1.0
776,150,travel,1,1,0,0,3.0
776,239,gaming,1,1,0,0,3.0
776,271,gaming,1,1,0,0,3.0
776,284,travel,1,0,0,0,1.0
776,465,gaming,1,1,1,0,7.0
777,424,music,1,1,0,0,3.0
777,90,music,1,1,0,0,3.0
777,347,music,1,0,0,0,1.0
777,97,cooking,1,0,0,0,1.0
777,344,cooking,1,0,0,0,1.0
777,243,education,1,1,0,0,3.0
777,447,cooking,1,0,0,0,1.0
777,213,cooking,1,0,0,0,1.0
777,485,music,1,0,0,0,1.0
778,438,music,1,0,0,0,1.0
778,162,sports,1,0,0,0,1.0
778,479,sports,1,1,0,0,3.0
778,91,gaming,1,1,0,0,3.0
778,495,sports,0,0,0,0,0.0
778,437,gaming,1,1,1,0,7.0
778,331,music,0,0,0,0,0.0
778,272,sports,1,0,0,0,1.0
778,19,gaming,1,1,0,0,3.0
778,55,gaming,0,0,0,0,0.0
778,411,sports,1,0,0,0,1.0
778,431,sports,0,0,0,0,0.0
779,199,sports,1,0,0,0,1.0
779,4,gaming,1,1,0,0,3.0
779,159,sports,1,0,0,0,1.0
779,20,music,0,0,0,0,0.0
779,20,dance,0,0,0,0,0.0
779,3,gaming,1,0,0,0,1.0
779,129,gaming,1,0,0,0,1.0
780,80,sports,1,0,0,0,1.0
780,190,music,1,1,1,0,7.0
780,349,education,1,1,0,0,3.0
780,384,cooking,1,0,0,0,1.0
780,185,sports,1,0,0,1,4.0
780,172,dance,1,0,0,0,1.0
780,355,sports,1,0,0,0,1.0
781,280,gaming,1,0,0,0,1.0
781,246,music,1,0,0,0,1.0
781,488,gaming,1,1,0,0,3.0
781,302,dance,1,1,0,0,3.0
781,323,travel,0,0,0,0,0.0
781,236,dance,1,0,0,1,4.0
781,409,dance,1,0,0,1,4.0
781,394,education,1,1,0,1,6.0
781,220,travel,1,1,0,0,3.0
781,316,sports,1,0,0,0,1.0
781,249,gaming,1,0,0,0,1.0
782,337,cooking,1,0,0,0,1.0
782,398,gaming,1,0,0,0,1.0
782,470,dance,1,0,0,0,1.0
782,66,education,1,0,0,0,1.0
782,447,gaming,1,1,0,0,3.0
782,368,cooking,1,1,0,0,3.0
782,463,gaming,1,1,0,0,3.0
782,467,comedy,1,1,0,0,3.0
782,434,gaming,1,0,0,0,1.0
782,286,comedy,1,0,0,0,1.0
782,235,comedy,0,0,0,0,0.0
783,207,dance,1,1,0,0,3.0
783,380,music,0,0,0,0,0.0
783,473,cooking,0,0,0,0,0.0
783,34,gaming,1,1,0,0,3.0
783,23,gaming,1,1,0,0,3.0
783,464,music,0,0,0,0,0.0
783,247,education,0,0,0,0,0.0
784,187,dance,0,0,0,0,0.0
784,422,travel,1,0,0,0,1.0
784,111,comedy,0,0,0,0,0.0
784,25,music,0,0,0,0,0.0
784,253,travel,1,0,0,0,1.0
784,438,comedy,1,0,0,0,1.0
784,282,travel,0,0,0,0,0.0
784,460,travel,1,1,0,0,3.0
784,285,cooking,1,0,0,0,1.0
784,227,gaming,1,0,0,0,1.0
784,353,education,1,1,0,0,3.0
785,167,cooking,0,0,0,0,0.0
785,238,dance,1,0,0,0,1.0
785,145,music,1,0,0,0,1.0
785,34,gaming,1,0,0,0,1.0
785,113,dance,1,0,0,0,1.0
785,312,dance,0,0,0,0,0.0
785,289,comedy,1,0,0,0,1.0
785,324,dance,1,0,0,0,1.0
785,235,cooking,1,0,0,0,1.0
785,295,sports,1,0,0,0,1.0
785,181,sports,0,0,0,0,0.0
785,210,cooking,0,0,0,0,0.0
785,123,travel,1,0,0,0,1.0
785,1,dance,1,0,0,0,1.0
785,229,comedy,0,0,0,0,0.0
786,282,music,1,1,0,0,3.0
786,364,travel,1,1,0,0,3.0
786,38,gaming,1,1,1,0,7.0
786,228,travel,1,1,0,0,3.0
786,205,music,1,0,0,0,1.0
786,103,gaming,1,0,0,0,1.0
786,79,travel,1,1,0,1,6.0
786,221,dance,1,0,0,0,1.0
786,2,education,1,1,0,1,6.0
787,48,travel,1,1,0,0,3.0
787,421,gaming,1,0,0,0,1.0
787,281,travel,1,0,0,0,1.0
787,272,gaming,0,0,0,0,0.0
787,380,music,1,0,0,0,1.0
787,353,gaming,1,1,0,0,3.0
787,398,gaming,1,1,0,1,6.0
787,214,gaming,1,1,0,0,3.0
787,397,travel,1,0,0,0,1.0
787,203,music,0,0,0,0,0.0
787,343,gaming,1,1,0,0,3.0
787,280,music,1,0,0,0,1.0
787,384,education,1,1,0,0,3.0
788,134,dance,0,0,0,0,0.0
788,431,music,1,0,0,0,1.0
788,329,dance,1,1,0,0,3.0
788,290,music,0,0,0,0,0.0
788,3,sports,1,1,0,0,3.0
788,433,cooking,1,0,0,0,1.0
788,340,music,1,1,0,0,3.0
788,339,gaming,1,1,0,0,3.0
788,243,cooking,1,0,0,0,1.0
788,498,travel,1,1,0,0,3.0
788,189,gaming,1,0,0,0,1.0
788,213,gaming,1,0,0,0,1.0
788,478,cooking,1,0,0,0,1.0
789,271,travel,1,1,0,0,3.0
789,2,dance,1,1,0,0,3.0
789,219,sports,1,0,0,0,1.0
789,96,dance,0,0,0,0,0.0
789,401,travel,1,0,0,0,1.0
789,459,dance,1,1,0,1,6.0
789,97,music,1,1,0,0,3.0
789,381,dance,0,0,0,0,0.0
789,97,sports,1,1,0,0,3.0
789,201,cooking,1,1,0,0,3.0
789,419,music,1,1,0,0,3.0
789,468,dance,1,0,0,0,1.0
790,377,travel,1,0,0,0,1.0
790,178,travel,1,0,0,0,1.0
790,147,travel,1,0,0,0,1.0
790,364,travel,1,0,0,0,1.0
790,8,comedy,1,0,0,0,1.0
790,370,travel,0,0,0,0,0.0
790,42,dance,1,1,0,0,3.0
790,259,travel,1,1,0,0,3.0
791,444,gaming,1,0,0,0,1.0
791,224,dance,1,1,0,0,3.0
791,437,dance,1,0,0,0,1.0
791,416,gaming,1,0,0,1,4.0
791,463,gaming,1,1,0,0,3.0
791,218,music,1,1,0,0,3.0
791,449,gaming,1,0,0,0,1.0
791,263,gaming,1,0,0,0,1.0
791,6,gaming,1,0,0,1,4.0
791,338,sports,1,0,0,0,1.0
792,288,music,1,0,0,0,1.0
792,221,travel,0,0,0,0,0.0
792,428,education,1,0,0,0,1.0
792,95,cooking,1,0,0,0,1.0
792,58,education,1,0,0,0,1.0
792,487,dance,1,0,0,0,1.0
792,340,sports,1,0,0,0,1.0
792,469,travel,1,1,1,0,7.0
792,170,education,1,1,0,0,3.0
792,229,travel,1,0,0,0,1.0
792,178,gaming,1,0,0,0,1.0
792,106,travel,0,0,0,0,0.0
792,374,travel,1,1,0,0,3.0
792,422,music,0,0,0,0,0.0
792,412,gaming,1,0,0,0,1.0
792,363,education,1,0,0,0,1.0
792,346,gaming,1,0,0,0,1.0
792,485,gaming,1,0,0,0,1.0
792,125,cooking,1,0,0,0,1.0
793,267,sports,1,0,0,0,1.0
793,81,sports,1,1,0,0,3.0
793,126,education,1,0,0,0,1.0
793,488,gaming,1,0,0,0,1.0
793,368,sports,1,1,1,0,7.0
793,202,education,1,0,0,0,1.0
793,267,sports,1,0,0,1,4.0
793,491,cooking,1,0,0,0,1.0
793,463,sports,1,0,0,0,1.0
793,116,music,1,1,0,0,3.0
793,441,sports,1,1,0,0,3.0
794,33,education,1,0,0,0,1.0
794,292,education,0,0,0,0,0.0
794,300,music,1,0,0,0,1.0
794,146,gaming,1,0,0,0,1.0
794,385,travel,1,0,0,0,1.0
794,93,gaming,1,0,0,0,1.0
794,41,education,1,1,0,0,3.0
794,249,sports,1,0,0,0,1.0
794,269,sports,1,0,0,0,1.0
794,131,travel,1,0,0,0,1.0
794,439,gaming,0,0,0,0,0.0
794,301,travel,1,0,0,0,1.0
794,64,sports,1,0,0,0,1.0
794,288,travel,1,1,0,0,3.0
794,116,gaming,1,0,0,0,1.0
794,226,sports,1,0,0,0,1.0
794,289,sports,1,0,0,0,1.0
795,365,dance,0,0,0,0,0.0
795,349,sports,1,0,0,0,1.0
795,315,comedy,1,1,0,0,3.0
795,134,cooking,1,0,0,0,1.0
795,341,music,0,0,0,0,0.0
795,315,music,1,1,0,0,3.0
795,188,gaming,1,0,0,0,1.0
795,460,cooking,1,0,0,0,1.0
795,242,sports,1,0,0,0,1.0
795,193,comedy,1,0,0,0,1.0
795,360,sports,1,0,0,0,1.0
796,332,music,1,0,0,0,1.0
796,31,music,1,0,0,0,1.0
796,102,music,1,0,0,0,1.0
796,153,travel,1,1,0,1,6.0
796,340,music,1,0,0,0,1.0
796,250,sports,0,0,0,0,0.0
796,365,dance,1,0,0,0,1.0
796,180,cooking,1,0,0,0,1.0
796,38,comedy,1,0,0,0,1.0
796,94,travel,1,1,0,0,3.0
796,221,music,0,0,0,0,0.0
796,477,cooking,1,0,0,0,1.0
797,235,comedy,1,0,0,0,1.0
797,188,education,1,1,0,0,3.0
797,101,sports,1,0,0,0,1.0
797,295,education,0,0,0,0,0.0
797,11,dance,1,0,0,0,1.0
797,312,music,0,0,0,0,0.0
797,183,sports,1,0,0,0,1.0
797,232,education,1,0,0,0,1.0
797,264,education,1,0,0,0,1.0
797,478,cooking,1,0,0,0,1.0
798,36,sports,1,1,0,0,3.0
798,447,gaming,1,1,0,0,3.0
798,367,education,0,0,0,0,0.0
798,368,cooking,1,0,0,0,1.0
798,210,music,1,0,0,0,1.0
798,102,sports,1,1,0,0,3.0
798,43,comedy,1,0,0,0,1.0
798,272,dance,1,0,0,0,1.0
798,325,comedy,0,0,0,0,0.0
798,363,music,1,1,0,0,3.0
798,111,comedy,1,1,0,0,3.0
798,7,travel,1,0,0,0,1.0
798,120,sports,1,0,0,0,1.0
798,21,sports,1,1,0,0,3.0
798,430,comedy,1,1,0,0,3.0
798,262,dance,1,0,0,0,1.0
798,208,cooking,1,0,0,0,1.0
798,440,gaming,1,0,0,0,1.0
799,423,gaming,1,0,0,0,1.0
799,153,gaming,0,0,0,0,0.0
799,388,music,1,0,0,0,1.0
799,350,education,1,0,0,0,1.0
799,121,education,1,0,0,0,1.0
799,218,comedy,1,0,0,0,1.0
799,204,gaming,1,1,0,0,3.0
799,142,music,1,0,0,0,1.0
799,334,gaming,1,1,0,0,3.0
799,12,travel,1,1,0,0,3.0
800,485,sports,0,0,0,0,0.0
800,493,comedy,0,0,0,0,0.0
800,354,comedy,1,1,0,0,3.0
800,68,travel,1,0,0,0,1.0
800,386,sports,1,1,1,0,7.0
800,290,dance,1,0,0,0,1.0
800,362,cooking,1,0,0,0,1.0
800,287,cooking,1,0,0,0,1.0
800,320,cooking,1,0,0,0,1.0
800,45,sports,1,0,0,0,1.0
800,360,gaming,0,0,0,0,0.0
800,162,cooking,1,1,0,0,3.0
800,96,sports,1,0,0,0,1.0
800,38,cooking,0,0,0,0,0.0
800,104,cooking,0,0,0,0,0.0
801,121,comedy,1,0,0,0,1.0
801,391,music,1,0,0,0,1.0
801,272,comedy,0,0,0,0,0.0
801,258,dance,1,0,0,0,1.0
801,242,sports,1,0,0,1,4.0
801,328,music,0,0,0,0,0.0
801,223,gaming,1,0,0,0,1.0
801,387,dance,1,0,0,0,1.0
802,362,music,1,0,0,0,1.0
802,219,music,1,0,0,0,1.0
802,441,comedy,0,0,0,0,0.0
802,345,music,1,1,0,0,3.0
802,91,music,1,0,0,0,1.0
802,38,cooking,0,0,0,0,0.0
802,207,education,1,0,0,0,1.0
802,345,sports,1,0,0,0,1.0
802,235,music,1,0,0,0,1.0
802,161,music,0,0,0,0,0.0
802,398,music,1,1,0,0,3.0
802,473,education,1,0,0,0,1.0
803,256,education,1,0,0,0,1.0
803,314,education,1,0,0,0,1.0
803,379,gaming,0,0,0,0,0.0
803,349,education,1,0,0,0,1.0
803,131,dance,1,0,0,0,1.0
803,112,cooking,0,0,0,0,0.0
803,87,gaming,0,0,0,0,0.0
803,463,gaming,1,1,0,0,3.0
803,331,sports,1,0,0,0,1.0
803,499,education,1,0,0,0,1.0
804,379,sports,1,1,1,0,7.0
804,410,gaming,1,1,0,0,3.0
804,219,sports,1,0,0,0,1.0
804,57,gaming,1,0,0,0,1.0
804,396,sports,1,0,0,0,1.0
804,494,sports,1,0,0,0,1.0
805,154,gaming,1,0,0,0,1.0
805,461,music,1,0,0,0,1.0
805,191,music,1,1,0,0,3.0
805,411,travel,0,0,0,0,0.0
805,9,education,0,0,0,0,0.0
805,480,travel,0,0,0,0,0.0
805,283,education,1,0,0,0,1.0
805,201,travel,1,0,0,0,1.0
805,454,dance,1,1,0,0,3.0
805,191,education,1,0,0,0,1.0
805,8,education,1,0,0,0,1.0
805,276,travel,1,0,0,0,1.0
805,309,education,1,1,0,0,3.0
805,308,education,0,0,0,0,0.0
806,250,sports,0,0,0,0,0.0
806,125,sports,0,0,0,0,0.0
806,165,sports,1,0,0,0,1.0
806,24,sports,1,1,0,0,3.0
806,481,education,1,0,0,0,1.0
806,408,cooking,1,1,0,0,3.0
806,386,sports,1,1,0,0,3.0
806,293,education,1,0,0,0,1.0
806,87,sports,1,0,0,0,1.0
806,428,travel,1,1,0,0,3.0
807,184,travel,1,0,0,0,1.0
807,52,gaming,1,0,0,0,1.0
807,114,travel,1,1,0,0,3.0
807,461,travel,1,0,0,0,1.0
807,277,travel,0,0,0,0,0.0
807,351,dance,1,0,0,1,4.0
807,495,travel,0,0,0,0,0.0
807,155,travel,1,0,0,0,1.0
807,266,dance,1,0,0,0,1.0
807,113,dance,0,0,0,0,0.0
807,262,travel,1,0,0,0,1.0
807,480,comedy,0,0,0,0,0.0
807,368,comedy,1,1,0,0,3.0
807,469,comedy,0,0,0,0,0.0
807,65,travel,1,1,0,0,3.0
807,367,travel,1,0,0,0,1.0
807,13,cooking,1,0,0,0,1.0
808,129,dance,1,1,1,0,7.0
808,1,gaming,1,1,0,0,3.0
808,41,cooking,0,0,0,0,0.0
808,27,gaming,1,1,0,0,3.0
808,293,music,1,0,0,0,1.0
808,126,travel,1,1,0,0,3.0
808,309,cooking,0,0,0,0,0.0
808,231,gaming,1,0,0,0,1.0
808,372,cooking,1,0,0,0,1.0
809,289,gaming,1,1,0,0,3.0
809,208,comedy,1,0,0,0,1.0
809,225,education,1,0,0,0,1.0
809,348,travel,1,0,0,0,1.0
809,456,dance,0,0,0,0,0.0
809,256,comedy,1,0,0,0,1.0
809,56,dance,1,0,0,0,1.0
809,381,comedy,1,1,0,0,3.0
809,25,comedy,1,1,0,0,3.0
809,171,music,1,0,0,0,1.0
810,67,cooking,1,0,0,0,1.0
810,405,travel,1,0,0,0,1.0
810,323,travel,1,1,0,0,3.0
810,96,cooking,1,0,0,0,1.0
810,483,travel,1,0,0,0,1.0
810,9,dance,1,0,0,0,1.0
810,9,travel,0,0,0,0,0.0
810,188,comedy,0,0,0,0,0.0
810,285,travel,1,1,1,0,7.0
811,31,travel,1,1,1,0,7.0
811,117,comedy,1,0,0,0,1.0
811,208,education,1,1,0,0,3.0
811,8,music,1,0,0,0,1.0
811,389,sports,0,0,0,0,0.0
811,231,education,1,1,1,0,7.0
811,133,music,1,0,0,0,1.0
811,455,travel,1,1,0,0,3.0
811,342,comedy,0,0,0,0,0.0
811,373,education,1,1,0,0,3.0
812,127,sports,1,1,0,0,3.0
812,119,music,1,0,0,0,1.0
812,183,travel,1,1,0,0,3.0
812,247,dance,1,0,0,0,1.0
812,11,music,0,0,0,0,0.0
812,74,education,0,0,0,0,0.0
812,200,sports,1,1,0,0,3.0
812,102,travel,1,0,0,0,1.0
813,185,comedy,1,1,0,0,3.0
813,402,gaming,1,1,0,0,3.0
813,43,comedy,1,0,0,0,1.0
813,353,sports,0,0,0,0,0.0
813,136,cooking,0,0,0,0,0.0
813,194,education,1,0,0,0,1.0
813,407,education,1,0,0,0,1.0
813,125,education,1,0,0,0,1.0
813,470,education,1,0,0,0,1.0
813,381,music,1,0,0,0,1.0
813,424,sports,0,0,0,0,0.0
814,52,travel,1,0,0,0,1.0
814,407,gaming,1,0,0,0,1.0
814,251,dance,1,0,0,0,1.0
814,96,comedy,1,0,0,0,1.0
814,378,travel,0,0,0,0,0.0
814,91,music,0,0,0,0,0.0
814,354,travel,1,1,0,0,3.0
814,146,travel,1,1,0,0,3.0
814,106,music,1,0,0,0,1.0
814,473,travel,0,0,0,0,0.0
814,3,travel,1,1,0,0,3.0
814,424,travel,1,0,0,0,1.0
814,177,education,1,0,0,0,1.0
814,3,travel,1,0,0,0,1.0
815,288,gaming,1,0,0,1,4.0
815,184,cooking,1,0,0,0,1.0
815,392,cooking,1,1,0,0,3.0
815,207,cooking,0,0,0,0,0.0
815,489,music,1,0,0,0,1.0
816,75,music,0,0,0,0,0.0
816,201,comedy,1,0,0,0,1.0
816,105,music,1,0,0,0,1.0
816,116,gaming,0,0,0,0,0.0
816,96,comedy,1,1,0,0,3.0
816,12,comedy,1,0,0,0,1.0
816,342,comedy,0,0,0,0,0.0
816,436,education,1,0,0,0,1.0
816,445,comedy,1,1,0,0,3.0
816,490,sports,0,0,0,0,0.0
816,425,music,0,0,0,0,0.0
816,366,education,1,0,0,0,1.0
816,338,sports,1,0,0,0,1.0
816,24,music,0,0,0,0,0.0
816,83,music,1,0,0,0,1.0
816,488,sports,1,0,0,0,1.0
816,10,comedy,1,0,0,0,1.0
817,70,cooking,1,0,0,0,1.0
817,57,travel,1,1,0,1,6.0
817,280,comedy,1,1,0,0,3.0
817,79,sports,1,1,0,0,3.0
817,410,music,1,0,0,0,1.0
817,367,travel,1,0,0,0,1.0
817,392,dance,1,0,0,0,1.0
817,322,cooking,1,0,0,0,1.0
817,331,travel,1,0,0,1,4.0
817,146,travel,0,0,0,0,0.0
817,110,sports,1,1,0,0,3.0
817,426,cooking,1,0,0,0,1.0
817,289,travel,0,0,0,0,0.0
817,217,music,1,1,0,0,3.0
817,252,dance,1,1,0,0,3.0
817,86,travel,1,0,0,0,1.0
818,194,cooking,0,0,0,0,0.0
818,222,travel,0,0,0,0,0.0
818,454,dance,1,0,0,0,1.0
818,254,cooking,1,0,0,0,1.0
818,412,dance,1,1,0,0,3.0
818,247,music,1,1,0,0,3.0
818,197,gaming,1,0,0,0,1.0
818,340,music,1,0,0,0,1.0
818,223,sports,1,0,0,0,1.0
818,495,education,1,0,0,0,1.0
819,212,sports,1,0,0,0,1.0
819,364,travel,1,1,0,0,3.0
819,56,travel,1,0,0,0,1.0
819,395,gaming,0,0,0,0,0.0
819,50,gaming,1,0,0,0,1.0
819,215,gaming,0,0,0,0,0.0
819,20,sports,1,1,0,0,3.0
819,394,gaming,0,0,0,0,0.0
819,440,education,1,1,1,0,7.0
819,56,travel,1,0,0,1,4.0
820,466,education,0,0,0,0,0.0
820,361,cooking,1,0,0,0,1.0
820,359,gaming,1,1,0,0,3.0
820,268,comedy,1,0,0,0,1.0
820,418,travel,1,1,0,0,3.0
820,313,travel,1,0,0,0,1.0
820,410,travel,1,1,0,0,3.0
820,77,travel,0,0,0,0,0.0
820,379,travel,0,0,0,0,0.0
820,232,travel,1,0,0,0,1.0
820,278,travel,1,0,0,0,1.0
821,293,dance,1,1,0,0,3.0
821,153,cooking,1,0,0,0,1.0
821,60,comedy,1,1,0,1,6.0
821,245,gaming,0,0,0,0,0.0
821,448,cooking,1,1,0,0,3.0
821,204,gaming,1,1,0,0,3.0
821,11,dance,1,0,0,0,1.0
821,220,education,1,0,0,0,1.0
821,238,gaming,1,0,0,0,1.0
821,160,gaming,1,0,0,0,1.0
821,439,cooking,1,0,0,0,1.0
821,423,cooking,0,0,0,0,0.0
821,404,cooking,1,0,0,0,1.0
821,57,cooking,0,0,0,0,0.0
821,437,dance,1,0,0,0,1.0
821,271,cooking,1,1,0,0,3.0
822,167,music,0,0,0,0,0.0
822,376,education,1,1,0,0,3.0
822,188,cooking,1,0,0,0,1.0
822,485,cooking,0,0,0,0,0.0
822,305,cooking,1,0,0,0,1.0
822,234,sports,1,0,0,1,4.0
822,451,dance,1,1,0,0,3.0
822,446,music,1,1,0,0,3.0
822,356,cooking,1,1,1,0,7.0
822,58,cooking,1,0,0,0,1.0
822,273,sports,1,0,0,0,1.0
822,406,cooking,1,0,0,1,4.0
823,348,travel,0,0,0,0,0.0
823,262,comedy,1,0,0,0,1.0
823,130,cooking,1,1,0,0,3.0
823,353,gaming,1,0,0,0,1.0
823,16,travel,1,0,0,0,1.0
823,326,cooking,0,0,0,0,0.0
823,61,cooking,0,0,0,0,0.0
823,496,dance,1,0,0,0,1.0
823,276,gaming,0,0,0,0,0.0
823,214,cooking,0,0,0,0,0.0
823,218,gaming,1,0,0,0,1.0
823,348,dance,1,1,0,0,3.0
824,419,education,1,0,0,0,1.0
824,262,travel,1,0,0,0,1.0
824,334,comedy,0,0,0,0,0.0
824,350,comedy,1,1,0,0,3.0
824,462,music,1,1,0,0,3.0
824,419,gaming,1,0,0,0,1.0
824,298,dance,1,0,0,0,1.0
824,201,gaming,1,1,0,0,3.0
824,151,travel,1,1,0,0,3.0
824,193,travel,1,1,0,0,3.0
824,248,dance,1,0,0,0,1.0
824,494,education,0,0,0,0,0.0
824,273,travel,0,0,0,0,0.0
824,381,education,0,0,0,0,0.0
824,192,comedy,1,0,0,0,1.0
824,1,sports,1,1,0,0,3.0
824,455,travel,1,1,0,0,3.0
825,203,music,1,0,0,0,1.0
825,153,comedy,0,0,0,0,0.0
825,224,comedy,1,1,0,0,3.0
825,498,comedy,1,0,0,0,1.0
825,54,music,1,0,0,0,1.0
825,492,music,0,0,0,0,0.0
825,196,sports,1,0,0,0,1.0
825,307,music,0,0,0,0,0.0
825,318,dance,1,0,0,0,1.0
825,71,comedy,1,1,0,0,3.0
825,375,sports,1,1,0,0,3.0
825,18,sports,1,0,0,0,1.0
825,387,comedy,1,0,0,0,1.0
825,225,gaming,1,1,0,0,3.0
826,80,education,0,0,0,0,0.0
826,32,education,0,0,0,0,0.0
826,100,dance,1,0,0,0,1.0
826,288,dance,1,0,0,0,1.0
826,298,comedy,1,0,0,0,1.0
826,31,dance,1,0,0,1,4.0
826,170,travel,1,0,0,0,1.0
826,407,sports,1,0,0,0,1.0
826,58,education,1,0,0,0,1.0
827,383,cooking,1,0,0,0,1.0
827,383,sports,1,0,0,0,1.0
827,376,sports,1,0,0,0,1.0
827,494,travel,1,0,0,0,1.0
827,132,sports,1,0,0,0,1.0
827,336,gaming,1,1,0,0,3.0
827,251,sports,1,0,0,0,1.0
827,35,travel,1,0,0,0,1.0
828,75,cooking,1,0,0,0,1.0
828,359,education,0,0,0,0,0.0
828,376,music,1,0,0,0,1.0
828,327,cooking,1,0,0,0,1.0
828,351,education,1,1,0,0,3.0
828,229,dance,1,1,0,0,3.0
828,305,education,1,0,0,0,1.0
829,303,comedy,0,0,0,0,0.0
829,482,sports,0,0,0,0,0.0
829,183,music,1,0,0,0,1.0
829,228,education,1,1,0,0,3.0
829,448,music,1,1,0,0,3.0
829,322,music,1,1,0,0,3.0
829,238,music,1,0,0,0,1.0
829,435,education,0,0,0,0,0.0
830,436,travel,1,1,0,0,3.0
830,488,sports,1,0,0,0,1.0
830,63,gaming,1,0,0,0,1.0
830,257,travel,1,0,0,0,1.0
830,237,gaming,1,0,0,0,1.0
830,67,travel,0,0,0,0,0.0
830,470,travel,1,1,0,0,3.0
830,281,comedy,1,0,0,0,1.0
830,327,dance,1,0,0,0,1.0
830,296,dance,1,1,1,1,10.0
831,276,comedy,1,0,0,0,1.0
831,440,gaming,0,0,0,0,0.0
831,257,cooking,1,1,0,0,3.0
831,171,gaming,1,0,0,0,1.0
831,399,dance,1,1,0,0,3.0
831,239,music,1,0,0,0,1.0
831,13,dance,1,0,0,0,1.0
831,227,comedy,1,1,0,0,3.0
832,137,music,1,1,0,0,3.0
832,11,travel,1,1,0,0,3.0
832,316,sports,1,0,0,0,1.0
832,141,travel,1,0,0,0,1.0
832,354,sports,1,0,0,0,1.0
832,391,gaming,1,1,0,0,3.0
832,357,music,1,0,0,0,1.0
832,83,cooking,1,1,0,0,3.0
832,287,gaming,1,0,0,0,1.0
832,62,music,1,1,0,0,3.0
832,83,cooking,1,0,0,1,4.0
832,265,gaming,1,0,0,0,1.0
832,119,music,1,0,0,0,1.0
832,42,cooking,1,1,0,0,3.0
833,321,dance,1,0,0,0,1.0
833,273,music,1,0,0,0,1.0
833,99,travel,1,0,0,0,1.0
833,158,travel,1,0,0,0,1.0
834,412,travel,0,0,0,0,0.0
834,115,sports,1,1,0,0,3.0
834,190,gaming,0,0,0,0,0.0
834,191,sports,1,0,0,0,1.0
834,372,music,1,0,0,0,1.0
834,67,sports,0,0,0,0,0.0
834,116,sports,0,0,0,0,0.0
834,110,dance,1,0,0,0,1.0
834,484,sports,1,0,0,0,1.0
834,295,music,1,1,0,0,3.0
834,186,travel,1,1,0,0,3.0
835,344,dance,1,1,1,0,7.0
835,266,education,1,0,0,0,1.0
835,236,gaming,1,0,0,0,1.0
835,412,education,0,0,0,0,0.0
835,164,travel,1,1,0,0,3.0
835,471,dance,1,0,0,0,1.0
835,459,dance,1,0,0,0,1.0
835,496,music,1,1,0,0,3.0
835,240,dance,0,0,0,0,0.0
835,101,music,1,0,0,0,1.0
835,153,gaming,1,0,0,0,1.0
835,321,dance,1,1,0,0,3.0
836,62,cooking,1,0,0,0,1.0
836,260,dance,1,1,0,0,3.0
836,205,dance,1,0,0,0,1.0
836,474,travel,1,0,0,0,1.0
836,248,cooking,1,0,0,1,4.0
836,32,education,1,1,0,0,3.0
836,197,cooking,1,1,0,0,3.0
836,259,comedy,1,0,0,0,1.0
836,107,education,1,0,0,0,1.0
837,434,music,1,0,0,0,1.0
837,481,cooking,1,0,0,0,1.0
837,302,education,1,0,0,0,1.0
837,383,music,1,0,0,0,1.0
837,126,cooking,1,0,0,0,1.0
837,22,education,1,0,0,0,1.0
837,187,dance,1,1,0,0,3.0
837,277,dance,1,0,0,0,1.0
837,146,education,1,0,0,0,1.0
838,252,cooking,1,0,0,0,1.0
838,308,comedy,1,0,0,0,1.0
838,44,education,0,0,0,0,0.0
838,49,comedy,1,0,0,0,1.0
838,390,cooking,1,0,0,1,4.0
838,40,education,1,0,0,0,1.0
838,94,cooking,0,0,0,0,0.0
838,466,comedy,1,0,0,0,1.0
838,94,cooking,1,0,0,0,1.0
838,170,comedy,1,0,0,0,1.0
838,406,comedy,1,0,0,0,1.0
838,237,cooking,1,0,0,0,1.0
839,91,dance,1,1,0,0,3.0
839,262,sports,1,1,0,0,3.0
839,129,comedy,0,0,0,0,0.0
839,216,travel,1,0,0,0,1.0
839,471,gaming,0,0,0,0,0.0
839,96,comedy,1,0,0,0,1.0
839,100,education,1,0,0,0,1.0
839,382,education,1,1,0,0,3.0
839,421,education,1,1,0,0,3.0
840,161,education,1,0,0,0,1.0
840,466,education,1,0,0,0,1.0
840,90,education,1,0,0,0,1.0
840,360,music,1,0,0,0,1.0
840,28,dance,1,0,0,0,1.0
840,426,dance,1,0,0,0,1.0
840,363,education,0,0,0,0,0.0
840,442,music,1,0,0,0,1.0
840,68,music,1,1,0,0,3.0
840,156,dance,1,1,0,0,3.0
840,154,education,1,0,0,0,1.0
840,127,music,1,0,0,0,1.0
840,9,travel,0,0,0,0,0.0
840,223,sports,1,1,0,0,3.0
840,40,music,1,0,0,0,1.0
840,56,music,0,0,0,0,0.0
840,371,education,1,0,0,1,4.0
840,56,dance,1,1,0,0,3.0
841,237,music,1,0,0,0,1.0
841,394,music,1,0,0,0,1.0
841,54,education,1,0,0,0,1.0
841,90,music,0,0,0,0,0.0
841,67,dance,1,0,0,0,1.0
841,172,comedy,1,0,0,0,1.0
841,42,dance,1,1,0,0,3.0
841,362,dance,1,0,0,0,1.0
841,191,music,1,0,0,0,1.0
841,189,music,1,0,0,0,1.0
841,477,dance,1,0,0,0,1.0
841,220,gaming,1,0,0,0,1.0
842,337,sports,1,0,0,0,1.0
842,215,sports,1,0,0,0,1.0
842,297,sports,1,0,0,0,1.0
842,183,dance,1,1,0,0,3.0
842,474,dance,1,1,0,0,3.0
842,69,dance,0,0,0,0,0.0
842,272,dance,1,0,0,0,1.0
842,194,travel,1,0,0,0,1.0
843,492,music,1,0,0,0,1.0
843,332,comedy,0,0,0,0,0.0
843,216,music,0,0,0,0,0.0
843,85,education,1,0,0,0,1.0
843,367,music,1,0,0,0,1.0
843,307,music,1,1,0,0,3.0
843,101,comedy,1,0,0,1,4.0
843,413,comedy,0,0,0,0,0.0
843,80,music,1,1,0,0,3.0
843,393,comedy,0,0,0,0,0.0
843,193,music,1,0,0,0,1.0
843,394,music,1,0,0,0,1.0
844,241,gaming,1,1,0,0,3.0
844,487,travel,0,0,0,0,0.0
844,40,travel,0,0,0,0,0.0
844,309,travel,1,0,0,0,1.0
844,136,travel,1,1,1,0,7.0
844,182,cooking,1,0,0,0,1.0
844,167,travel,1,0,0,1,4.0
844,272,travel,1,0,0,0,1.0
844,172,travel,0,0,0,0,0.0
844,223,travel,0,0,0,0,0.0
844,398,music,1,0,0,0,1.0
844,404,travel,1,0,0,0,1.0
844,1,travel,0,0,0,0,0.0
845,452,travel,1,1,0,0,3.0
845,145,travel,1,1,0,0,3.0
845,341,music,0,0,0,0,0.0
845,157,travel,1,0,0,0,1.0
845,82,travel,0,0,0,0,0.0
845,301,travel,1,0,0,0,1.0
845,322,cooking,0,0,0,0,0.0
845,111,cooking,1,0,0,0,1.0
845,365,music,1,0,0,0,1.0
845,79,gaming,0,0,0,0,0.0
845,63,travel,1,0,0,0,1.0
845,205,cooking,1,0,0,0,1.0
845,220,music,1,0,0,0,1.0
845,164,dance,1,0,0,0,1.0
845,492,cooking,0,0,0,0,0.0
845,110,education,1,1,0,0,3.0
845,57,travel,1,1,1,1,10.0
846,331,sports,1,1,0,0,3.0
846,46,dance,1,0,0,0,1.0
846,305,comedy,1,0,0,0,1.0
846,352,music,1,1,0,0,3.0
846,5,sports,0,0,0,0,0.0
846,121,sports,1,0,0,0,1.0
846,83,sports,1,0,0,0,1.0
846,2,music,1,0,0,0,1.0
846,92,dance,1,0,0,0,1.0
846,185,music,1,0,0,0,1.0
846,332,comedy,1,1,0,0,3.0
847,189,education,1,1,0,0,3.0
847,291,dance,0,0,0,0,0.0
847,415,education,1,0,0,0,1.0
847,409,education,1,0,0,0,1.0
847,332,education,1,0,0,0,1.0
847,250,gaming,1,0,0,0,1.0
847,184,music,1,0,0,0,1.0
847,30,education,1,0,0,0,1.0
847,345,dance,1,1,0,0,3.0
847,78,travel,1,0,0,0,1.0
847,21,education,1,0,0,0,1.0
847,496,dance,1,1,0,0,3.0
847,332,gaming,1,0,0,0,1.0
847,158,cooking,0,0,0,0,0.0
847,101,comedy,1,0,0,0,1.0
848,31,travel,1,0,0,0,1.0
848,248,music,1,0,0,0,1.0
848,47,education,1,0,0,0,1.0
848,255,comedy,1,0,0,0,1.0
848,30,gaming,1,0,0,0,1.0
848,131,education,1,0,0,0,1.0
848,490,sports,1,1,0,0,3.0
848,327,dance,1,1,0,0,3.0
848,355,education,1,0,0,0,1.0
848,8,education,1,0,0,0,1.0
848,307,gaming,1,0,0,0,1.0
848,231,education,1,0,0,0,1.0
848,494,gaming,1,0,0,0,1.0
848,289,sports,1,0,0,0,1.0
849,244,cooking,1,1,0,0,3.0
849,492,education,1,0,0,0,1.0
849,155,education,1,0,0,0,1.0
849,391,dance,1,0,0,0,1.0
849,134,music,1,0,0,0,1.0
849,183,music,1,1,0,0,3.0
849,180,sports,1,1,0,0,3.0
849,149,music,1,0,0,0,1.0
849,30,education,1,0,0,0,1.0
849,342,education,1,0,0,0,1.0
849,184,gaming,0,0,0,0,0.0
849,444,music,1,1,1,0,7.0
849,442,education,1,1,0,0,3.0
849,9,education,1,1,1,1,10.0
850,133,cooking,0,0,0,0,0.0
850,316,sports,1,0,0,0,1.0
850,449,cooking,1,0,0,0,1.0
850,422,travel,1,0,0,0,1.0
850,423,cooking,1,0,0,0,1.0
850,228,cooking,1,1,0,0,3.0
850,293,travel,1,0,0,0,1.0
850,292,travel,1,0,0,0,1.0
851,300,education,1,0,0,0,1.0
851,3,comedy,1,0,0,0,1.0
851,114,dance,1,1,1,0,7.0
851,152,sports,0,0,0,0,0.0
851,220,cooking,1,1,0,0,3.0
851,272,cooking,0,0,0,0,0.0
851,30,cooking,1,1,0,0,3.0
851,149,cooking,0,0,0,0,0.0
851,10,comedy,1,1,0,0,3.0
852,103,gaming,1,0,0,0,1.0
852,409,gaming,1,1,0,0,3.0
852,336,comedy,0,0,0,0,0.0
852,52,education,1,0,0,0,1.0
852,477,comedy,1,0,0,0,1.0
852,211,travel,1,0,0,0,1.0
852,248,travel,1,0,0,0,1.0
852,161,education,1,1,0,0,3.0
852,79,travel,0,0,0,0,0.0
852,429,travel,0,0,0,0,0.0
853,103,comedy,1,0,0,0,1.0
853,181,travel,1,0,0,0,1.0
853,402,travel,1,0,0,0,1.0
853,204,comedy,0,0,0,0,0.0
853,321,education,1,0,0,0,1.0
853,321,comedy,0,0,0,0,0.0
853,419,music,1,0,0,0,1.0
854,471,comedy,1,0,0,0,1.0
854,278,comedy,1,0,0,0,1.0
854,387,gaming,0,0,0,0,0.0
854,207,gaming,1,0,0,0,1.0
854,492,cooking,1,0,0,0,1.0
854,284,education,0,0,0,0,0.0
854,298,education,0,0,0,0,0.0
854,474,education,1,1,0,0,3.0
854,235,gaming,1,1,0,0,3.0
854,482,dance,1,0,0,0,1.0
854,425,cooking,1,0,0,0,1.0
854,54,cooking,1,1,0,0,3.0
855,226,dance,1,1,0,0,3.0
855,288,music,1,0,0,0,1.0
855,443,dance,1,0,0,0,1.0
855,340,music,1,0,0,0,1.0
855,404,music,1,0,0,0,1.0
855,156,dance,1,0,0,0,1.0
855,413,travel,1,1,0,0,3.0
855,423,education,1,0,0,0,1.0
855,384,music,1,0,0,0,1.0
856,148,sports,1,1,0,0,3.0
856,375,sports,1,1,0,0,3.0
856,161,sports,1,0,0,0,1.0
856,84,dance,1,0,0,0,1.0
856,271,sports,1,1,1,0,7.0
856,404,cooking,1,1,0,0,3.0
856,254,sports,1,1,0,0,3.0
856,159,music,1,0,0,0,1.0
856,70,sports,1,1,1,0,7.0
856,189,sports,1,0,0,0,1.0
856,85,music,1,1,0,0,3.0
856,465,sports,1,0,0,0,1.0
856,423,dance,1,0,0,0,1.0
856,25,music,1,1,0,0,3.0
857,375,comedy,1,0,0,0,1.0
857,408,travel,1,1,0,0,3.0
857,231,travel,1,1,0,0,3.0
857,480,education,1,0,0,0,1.0
857,409,gaming,0,0,0,0,0.0
857,447,travel,1,0,0,0,1.0
857,222,education,0,0,0,0,0.0
857,359,education,1,0,0,0,1.0
857,180,cooking,1,1,0,0,3.0
857,70,cooking,1,0,0,0,1.0
857,392,travel,0,0,0,0,0.0
857,131,education,0,0,0,0,0.0
857,403,sports,0,0,0,0,0.0
858,223,travel,1,0,0,0,1.0
858,186,cooking,0,0,0,0,0.0
858,405,cooking,1,0,0,0,1.0
858,127,comedy,0,0,0,0,0.0
858,34,cooking,1,0,0,0,1.0
858,450,travel,1,0,0,0,1.0
858,212,dance,1,0,0,0,1.0
858,82,music,0,0,0,0,0.0
858,256,music,1,1,0,0,3.0
858,397,dance,1,0,0,0,1.0
858,203,comedy,1,0,0,0,1.0
858,260,travel,1,0,0,0,1.0
858,23,dance,0,0,0,0,0.0
858,316,cooking,1,0,0,0,1.0
859,278,education,1,0,0,0,1.0
859,207,travel,1,1,0,0,3.0
859,490,gaming,1,0,0,0,1.0
859,106,cooking,1,1,0,0,3.0
859,61,comedy,1,0,0,0,1.0
859,76,dance,1,1,1,0,7.0
859,165,education,1,1,0,0,3.0
859,324,education,1,1,0,0,3.0
859,423,comedy,1,0,0,0,1.0
859,132,travel,1,0,0,0,1.0
859,384,dance,1,0,0,0,1.0
860,40,cooking,1,0,0,0,1.0
860,466,cooking,0,0,0,0,0.0
860,62,cooking,1,0,0,0,1.0
860,254,music,1,0,0,0,1.0
860,46,dance,1,1,0,0,3.0
860,309,dance,0,0,0,0,0.0
860,168,dance,1,0,0,0,1.0
861,154,music,1,0,0,0,1.0
861,486,sports,1,1,0,0,3.0
861,185,gaming,1,0,0,0,1.0
861,44,gaming,1,0,0,0,1.0
861,188,sports,1,1,0,0,3.0
861,105,sports,1,1,1,0,7.0
861,89,music,1,0,0,0,1.0
861,491,travel,1,0,0,0,1.0
861,163,cooking,1,0,0,0,1.0
861,391,education,0,0,0,0,0.0
861,146,music,1,1,0,0,3.0
861,494,sports,0,0,0,0,0.0
861,268,comedy,1,0,0,0,1.0
861,321,gaming,1,0,0,1,4.0
861,304,sports,1,0,0,0,1.0
862,135,gaming,0,0,0,0,0.0
862,15,dance,1,0,0,0,1.0
862,59,education,1,1,0,0,3.0
862,43,dance,1,0,0,0,1.0
862,339,dance,1,0,0,0,1.0
862,473,travel,1,1,0,0,3.0
862,471,gaming,1,1,0,0,3.0
862,161,education,1,0,0,0,1.0
862,485,gaming,0,0,0,0,0.0
862,427,dance,1,0,0,0,1.0
862,455,sports,1,1,0,0,3.0
863,45,music,0,0,0,0,0.0
863,196,music,1,1,1,0,7.0
863,467,music,0,0,0,0,0.0
863,61,gaming,1,0,0,0,1.0
863,304,travel,1,1,0,0,3.0
863,54,gaming,0,0,0,0,0.0
863,56,sports,1,0,0,0,1.0
863,318,music,1,0,0,0,1.0
863,25,music,0,0,0,0,0.0
863,5,gaming,1,0,0,0,1.0
863,163,sports,1,1,0,0,3.0
863,17,gaming,1,0,0,0,1.0
863,204,gaming,1,0,0,0,1.0
863,83,gaming,0,0,0,0,0.0
863,107,travel,1,1,0,0,3.0
863,488,gaming,1,0,0,0,1.0
864,165,gaming,0,0,0,0,0.0
864,352,gaming,1,0,0,0,1.0
864,330,music,1,1,0,0,3.0
864,230,comedy,1,0,0,1,4.0
864,445,gaming,1,1,0,0,3.0
864,353,cooking,1,1,0,0,3.0
864,197,travel,1,1,0,0,3.0
864,135,cooking,1,1,0,0,3.0
864,431,travel,1,0,0,0,1.0
864,326,gaming,1,0,0,0,1.0
864,252,cooking,1,1,0,0,3.0
864,493,gaming,0,0,0,0,0.0
865,379,dance,1,0,0,0,1.0
865,343,dance,1,1,1,0,7.0
865,470,music,1,1,1,0,7.0
865,276,gaming,1,0,0,0,1.0
865,139,gaming,1,0,0,0,1.0
865,86,music,1,1,0,0,3.0
865,289,dance,0,0,0,0,0.0
865,358,dance,1,1,1,0,7.0
865,466,music,0,0,0,0,0.0
865,462,music,1,0,0,0,1.0
865,13,dance,1,1,0,0,3.0
865,145,gaming,1,1,0,0,3.0
865,390,sports,1,1,0,0,3.0
865,376,education,0,0,0,0,0.0
866,451,travel,1,0,0,1,4.0
866,173,gaming,1,0,0,1,4.0
866,160,comedy,1,0,0,0,1.0
866,250,music,1,1,1,0,7.0
866,150,travel,1,0,0,0,1.0
866,475,comedy,1,0,0,0,1.0
866,93,travel,1,0,0,0,1.0
866,363,travel,1,0,0,0,1.0
866,426,travel,1,0,0,0,1.0
867,380,cooking,1,1,0,0,3.0
867,27,travel,1,0,0,0,1.0
867,252,music,1,0,0,0,1.0
867,66,music,1,0,0,0,1.0
867,336,sports,1,0,0,0,1.0
867,388,comedy,1,1,0,0,3.0
867,233,music,0,0,0,0,0.0
867,232,gaming,0,0,0,0,0.0
867,21,travel,0,0,0,0,0.0
867,474,comedy,1,0,0,0,1.0
867,286,sports,0,0,0,0,0.0
867,460,music,1,0,0,0,1.0
867,123,cooking,1,1,0,0,3.0
867,19,cooking,1,0,0,0,1.0
867,149,cooking,1,1,0,0,3.0
867,422,travel,1,0,0,0,1.0
868,380,dance,1,0,0,0,1.0
868,373,comedy,1,1,0,0,3.0
868,390,music,1,0,0,0,1.0
868,486,dance,1,0,0,0,1.0
868,491,music,0,0,0,0,0.0
868,23,gaming,1,0,0,0,1.0
868,148,music,1,1,0,1,6.0
868,363,comedy,1,0,0,0,1.0
868,113,gaming,1,1,0,0,3.0
868,406,comedy,1,1,0,0,3.0
868,288,gaming,1,0,0,0,1.0
868,293,music,0,0,0,0,0.0
868,279,comedy,1,0,0,0,1.0
869,250,cooking,0,0,0,0,0.0
869,104,sports,1,0,0,0,1.0
869,307,education,1,0,0,0,1.0
869,132,education,1,0,0,0,1.0
869,158,cooking,1,0,0,0,1.0
869,242,dance,1,0,0,0,1.0
869,271,gaming,1,0,0,0,1.0
869,437,dance,1,1,0,0,3.0
869,43,music,0,0,0,0,0.0
869,461,travel,0,0,0,0,0.0
869,336,gaming,1,0,0,0,1.0
870,223,travel,1,0,0,0,1.0
870,486,sports,1,0,0,0,1.0
870,112,travel,1,1,0,0,3.0
870,478,sports,1,0,0,0,1.0
870,300,travel,1,1,0,0,3.0
870,458,travel,1,0,0,0,1.0
870,86,education,1,1,0,0,3.0
870,276,education,0,0,0,0,0.0
870,133,education,0,0,0,0,0.0
870,72,dance,1,0,0,0,1.0
871,171,travel,1,1,0,0,3.0
871,252,cooking,1,0,0,0,1.0
871,295,comedy,1,0,0,0,1.0
871,186,gaming,1,0,0,0,1.0
871,375,travel,1,1,1,0,7.0
871,280,sports,0,0,0,0,0.0
871,159,sports,0,0,0,0,0.0
871,0,dance,0,0,0,0,0.0
872,363,gaming,1,0,0,0,1.0
872,145,travel,1,0,0,0,1.0
872,282,dance,1,0,0,0,1.0
872,263,music,1,1,1,0,7.0
872,398,education,1,1,0,0,3.0
872,276,education,1,0,0,0,1.0
872,233,education,0,0,0,0,0.0
872,325,education,1,0,0,0,1.0
872,299,dance,1,0,0,0,1.0
872,181,travel,0,0,0,0,0.0
873,454,sports,0,0,0,0,0.0
873,350,music,0,0,0,0,0.0
873,496,dance,1,0,0,0,1.0
873,36,travel,1,1,0,0,3.0
873,93,travel,1,0,0,0,1.0
873,269,travel,1,0,0,0,1.0
873,124,comedy,0,0,0,0,0.0
873,115,travel,1,0,0,0,1.0
873,231,travel,0,0,0,0,0.0
874,212,cooking,1,0,0,0,1.0
874,241,gaming,0,0,0,0,0.0
874,239,cooking,1,0,0,0,1.0
874,85,travel,1,0,0,0,1.0
874,442,music,1,0,0,0,1.0
874,28,gaming,1,0,0,0,1.0
874,430,education,0,0,0,0,0.0
874,219,gaming,1,0,0,0,1.0
874,412,music,0,0,0,0,0.0
874,414,education,1,1,0,0,3.0
874,437,cooking,0,0,0,0,0.0
874,363,gaming,0,0,0,0,0.0
875,494,education,1,1,0,0,3.0
875,241,sports,1,1,1,0,7.0
875,284,travel,1,0,0,1,4.0
875,114,education,0,0,0,0,0.0
875,179,comedy,1,0,0,1,4.0
875,159,travel,1,0,0,0,1.0
875,484,travel,0,0,0,0,0.0
875,14,education,0,0,0,0,0.0
875,158,sports,1,1,0,0,3.0
875,278,education,1,1,0,0,3.0
875,82,education,1,0,0,0,1.0
875,61,education,1,1,1,0,7.0
876,154,travel,1,0,0,0,1.0
876,62,sports,1,1,1,0,7.0
876,220,travel,1,0,0,0,1.0
876,99,sports,1,0,0,0,1.0
876,441,sports,1,1,0,0,3.0
876,391,sports,1,1,0,0,3.0
877,314,travel,1,0,0,0,1.0
877,262,sports,1,1,0,0,3.0
877,200,travel,0,0,0,0,0.0
877,17,travel,1,1,1,1,10.0
877,242,travel,1,0,0,0,1.0
877,458,music,1,0,0,0,1.0
877,129,dance,1,1,0,0,3.0
877,76,travel,1,0,0,0,1.0
877,75,gaming,1,1,0,0,3.0
878,408,sports,1,0,0,0,1.0
878,197,sports,1,0,0,0,1.0
878,384,gaming,1,0,0,0,1.0
878,141,sports,1,0,0,0,1.0
878,492,sports,1,1,0,0,3.0
878,424,sports,1,0,0,1,4.0
878,426,travel,1,0,0,0,1.0
878,317,sports,1,1,0,0,3.0
878,78,gaming,1,1,0,0,3.0
879,183,sports,1,1,0,0,3.0
879,201,travel,1,1,0,0,3.0
879,193,sports,1,0,0,0,1.0
879,376,sports,1,1,0,0,3.0
879,274,comedy,1,1,0,0,3.0
879,184,travel,1,1,0,0,3.0
879,340,comedy,1,0,0,0,1.0
879,498,education,1,0,0,0,1.0
879,246,dance,1,1,0,0,3.0
880,253,comedy,0,0,0,0,0.0
880,448,music,1,1,0,0,3.0
880,2,sports,1,1,0,0,3.0
880,463,music,1,0,0,0,1.0
880,455,music,1,1,0,0,3.0
880,112,cooking,1,0,0,0,1.0
880,163,dance,0,0,0,0,0.0
880,443,cooking,0,0,0,0,0.0
881,399,cooking,1,1,0,0,3.0
881,248,music,1,1,0,0,3.0
881,115,music,0,0,0,0,0.0
881,431,travel,1,0,0,0,1.0
881,162,travel,1,0,0,0,1.0
881,123,sports,0,0,0,0,0.0
881,290,music,1,1,0,0,3.0
881,49,music,1,0,0,0,1.0
881,3,music,1,1,0,0,3.0
881,246,education,1,0,0,0,1.0
881,194,music,1,1,0,0,3.0
881,284,education,1,0,0,1,4.0
882,147,education,1,0,0,0,1.0
882,371,dance,0,0,0,0,0.0
882,499,education,1,0,0,0,1.0
882,120,education,0,0,0,0,0.0
882,198,music,0,0,0,0,0.0
882,312,sports,1,1,0,0,3.0
882,452,travel,1,0,0,0,1.0
882,442,gaming,0,0,0,0,0.0
882,193,sports,1,0,0,0,1.0
882,57,gaming,1,0,0,0,1.0
882,187,gaming,1,0,0,1,4.0
882,179,cooking,1,1,0,0,3.0
882,493,gaming,1,0,0,0,1.0
882,13,gaming,1,0,0,0,1.0
882,74,gaming,1,1,0,0,3.0
882,269,dance,1,0,0,0,1.0
883,462,cooking,1,0,0,0,1.0
883,260,comedy,1,1,1,0,7.0
883,72,comedy,1,0,0,0,1.0
883,487,travel,1,0,0,0,1.0
883,202,sports,0,0,0,0,0.0
883,307,sports,1,0,0,0,1.0
883,440,travel,1,1,0,0,3.0
883,300,gaming,1,0,0,0,1.0
883,3,sports,0,0,0,0,0.0
884,193,gaming,1,0,0,0,1.0
884,102,cooking,1,0,0,0,1.0
884,408,music,1,0,0,0,1.0
884,405,music,1,1,0,1,6.0
884,393,music,0,0,0,0,0.0
884,300,music,1,0,0,0,1.0
884,28,gaming,1,0,0,0,1.0
884,391,travel,1,0,0,0,1.0
884,331,education,1,0,0,0,1.0
884,32,education,1,1,1,1,10.0
884,194,cooking,0,0,0,0,0.0
885,57,education,1,1,0,0,3.0
885,281,comedy,1,1,0,0,3.0
885,209,travel,0,0,0,0,0.0
885,121,dance,1,1,0,0,3.0
885,121,gaming,1,0,0,0,1.0
885,18,dance,1,0,0,0,1.0
885,131,education,1,1,0,0,3.0
885,345,gaming,1,0,0,0,1.0
885,457,comedy,1,1,0,0,3.0
885,344,comedy,1,0,0,0,1.0
886,78,sports,0,0,0,0,0.0
886,185,sports,1,0,0,0,1.0
886,303,sports,1,1,0,0,3.0
886,367,gaming,1,0,0,0,1.0
886,494,gaming,1,0,0,0,1.0
886,13,dance,1,0,0,0,1.0
887,150,travel,1,0,0,0,1.0
887,414,cooking,1,0,0,0,1.0
887,15,sports,0,0,0,0,0.0
887,28,cooking,1,0,0,0,1.0
887,15,travel,1,1,0,0,3.0
887,33,travel,1,1,0,0,3.0
887,183,dance,1,1,0,0,3.0
887,61,dance,0,0,0,0,0.0
887,361,travel,0,0,0,0,0.0
887,372,sports,1,0,0,0,1.0
887,94,travel,1,0,0,0,1.0
887,336,travel,0,0,0,0,0.0
887,227,dance,1,0,0,0,1.0
887,140,dance,1,0,0,0,1.0
887,394,sports,1,0,0,0,1.0
888,375,sports,1,1,0,0,3.0
888,36,gaming,1,1,0,0,3.0
888,203,cooking,1,0,0,0,1.0
888,200,travel,1,1,0,0,3.0
888,378,music,1,0,0,0,1.0
888,281,gaming,1,0,0,0,1.0
888,74,music,0,0,0,0,0.0
888,211,music,1,0,0,0,1.0
888,215,music,1,0,0,0,1.0
889,11,music,1,0,0,0,1.0
889,431,sports,1,1,0,0,3.0
889,40,gaming,1,0,0,0,1.0
889,92,sports,1,0,0,0,1.0
889,31,travel,1,0,0,0,1.0
889,174,sports,1,1,0,0,3.0
889,399,sports,1,0,0,0,1.0
889,278,dance,1,0,0,0,1.0
889,221,travel,1,0,0,0,1.0
889,113,gaming,1,0,0,0,1.0
890,317,dance,0,0,0,0,0.0
890,301,dance,1,0,0,0,1.0
890,447,sports,0,0,0,0,0.0
890,170,sports,1,0,0,0,1.0
890,478,dance,1,0,0,0,1.0
890,299,education,1,0,0,0,1.0
890,272,education,1,0,0,0,1.0
890,269,music,1,0,0,0,1.0
890,474,cooking,1,0,0,0,1.0
890,331,dance,1,1,0,0,3.0
891,314,comedy,0,0,0,0,0.0
891,387,gaming,0,0,0,0,0.0
891,299,comedy,1,0,0,0,1.0
891,250,music,1,0,0,1,4.0
891,40,travel,0,0,0,0,0.0
891,337,comedy,1,0,0,0,1.0
891,118,comedy,1,0,0,0,1.0
891,376,music,0,0,0,0,0.0
891,409,gaming,1,0,0,0,1.0
891,322,travel,1,0,0,0,1.0
891,436,travel,0,0,0,0,0.0
891,258,education,0,0,0,0,0.0
891,416,comedy,1,0,0,0,1.0
891,285,education,1,0,0,0,1.0
891,28,education,0,0,0,0,0.0
892,75,gaming,1,0,0,0,1.0
892,64,comedy,1,0,0,0,1.0
892,235,dance,1,0,0,0,1.0
892,33,music,1,1,0,0,3.0
892,183,music,1,0,0,0,1.0
892,196,gaming,1,0,0,0,1.0
892,242,comedy,0,0,0,0,0.0
892,280,dance,1,1,0,0,3.0
892,196,comedy,1,0,0,0,1.0
892,27,dance,1,0,0,0,1.0
892,414,comedy,1,0,0,0,1.0
892,36,dance,1,1,1,0,7.0
893,302,sports,0,0,0,0,0.0
893,451,sports,0,0,0,0,0.0
893,373,cooking,1,0,0,0,1.0
893,203,education,1,1,0,0,3.0
893,213,dance,1,0,0,1,4.0
893,41,travel,1,0,0,0,1.0
893,428,travel,1,0,0,0,1.0
893,297,dance,1,1,0,0,3.0
893,95,travel,0,0,0,0,0.0
893,241,dance,1,0,0,0,1.0
894,150,sports,1,0,0,1,4.0
894,412,dance,1,0,0,0,1.0
894,100,gaming,1,0,0,0,1.0
894,131,education,1,0,0,1,4.0
894,243,dance,1,0,0,0,1.0
894,70,gaming,1,0,0,0,1.0
894,382,dance,1,0,0,0,1.0
894,198,dance,0,0,0,0,0.0
894,236,comedy,1,1,0,0,3.0
894,272,sports,1,0,0,0,1.0
894,237,comedy,1,1,0,0,3.0
894,28,travel,1,0,0,0,1.0
894,312,comedy,1,0,0,0,1.0
894,96,dance,1,0,0,0,1.0
894,479,dance,0,0,0,0,0.0
895,39,travel,1,0,0,0,1.0
895,310,dance,1,0,0,0,1.0
895,399,travel,0,0,0,0,0.0
895,385,sports,0,0,0,0,0.0
895,303,gaming,0,0,0,0,0.0
895,347,dance,1,0,0,0,1.0
895,481,dance,1,0,0,0,1.0
895,255,dance,1,0,0,0,1.0
895,143,cooking,1,0,0,0,1.0
895,126,sports,1,0,0,0,1.0
895,176,music,1,1,0,0,3.0
895,272,music,1,0,0,0,1.0
895,495,sports,1,1,0,0,3.0
895,389,gaming,1,0,0,0,1.0
895,161,dance,1,0,0,0,1.0
896,249,sports,1,1,0,0,3.0
896,135,cooking,1,0,0,0,1.0
896,410,education,1,1,0,0,3.0
896,320,sports,1,1,0,0,3.0
896,255,dance,0,0,0,0,0.0
896,89,education,1,0,0,0,1.0
896,173,education,1,0,0,0,1.0
896,212,sports,1,0,0,0,1.0
896,333,music,1,0,0,0,1.0
897,369,travel,1,1,1,0,7.0
897,19,travel,1,0,0,0,1.0
897,81,travel,1,0,0,0,1.0
897,78,dance,1,1,0,0,3.0
897,279,gaming,1,1,0,0,3.0
897,428,dance,0,0,0,0,0.0
897,37,comedy,0,0,0,0,0.0
897,369,dance,1,0,0,1,4.0
897,431,dance,1,1,0,0,3.0
897,471,dance,1,0,0,0,1.0
897,128,dance,0,0,0,0,0.0
898,480,gaming,1,0,0,0,1.0
898,480,comedy,1,0,0,0,1.0
898,492,cooking,1,0,0,0,1.0
898,186,comedy,1,0,0,0,1.0
898,7,comedy,1,0,0,0,1.0
898,326,cooking,1,1,0,0,3.0
898,433,gaming,1,0,0,0,1.0
898,259,sports,1,1,0,0,3.0
898,72,education,1,0,0,0,1.0
898,345,comedy,1,0,0,0,1.0
898,55,music,1,0,0,0,1.0
898,81,comedy,1,1,0,0,3.0
898,80,music,1,0,0,0,1.0
899,171,travel,1,0,0,0,1.0
899,4,education,1,0,0,0,1.0
899,362,travel,1,1,0,0,3.0
899,423,gaming,0,0,0,0,0.0
899,499,cooking,1,1,0,0,3.0
899,455,gaming,1,0,0,0,1.0
899,322,cooking,1,0,0,0,1.0
899,374,gaming,1,0,0,0,1.0
899,497,comedy,1,0,0,0,1.0
900,358,dance,1,1,0,0,3.0
900,277,education,0,0,0,0,0.0
900,31,music,1,0,0,0,1.0
900,376,travel,1,0,0,0,1.0
900,390,music,1,0,0,0,1.0
900,380,music,0,0,0,0,0.0
900,376,music,0,0,0,0,0.0
900,37,travel,1,0,0,0,1.0
900,362,music,0,0,0,0,0.0
900,99,education,1,0,0,0,1.0
900,245,music,0,0,0,0,0.0
900,472,gaming,1,1,0,1,6.0
901,377,sports,1,1,0,0,3.0
901,291,cooking,1,0,0,0,1.0
901,310,dance,1,0,0,0,1.0
901,245,dance,1,0,0,0,1.0
901,461,comedy,1,1,0,0,3.0
901,495,gaming,0,0,0,0,0.0
901,15,music,1,1,0,0,3.0
901,393,comedy,1,0,0,0,1.0
901,359,comedy,1,0,0,0,1.0
902,429,education,1,1,0,0,3.0
902,345,gaming,0,0,0,0,0.0
902,384,comedy,1,0,0,0,1.0
902,471,sports,1,0,0,0,1.0
902,470,music,0,0,0,0,0.0
902,472,sports,1,1,0,0,3.0
902,377,sports,0,0,0,0,0.0
902,203,music,1,0,0,0,1.0
902,55,music,1,0,0,0,1.0
902,236,comedy,1,0,0,0,1.0
902,270,dance,1,0,0,0,1.0
903,331,comedy,1,0,0,0,1.0
903,185,music,1,1,0,0,3.0
903,285,comedy,1,0,0,0,1.0
903,133,comedy,1,1,0,1,6.0
903,128,comedy,1,0,0,0,1.0
903,154,gaming,1,0,0,0,1.0
903,279,music,1,0,0,1,4.0
903,232,education,0,0,0,0,0.0
903,286,music,0,0,0,0,0.0
903,84,music,1,0,0,0,1.0
903,361,comedy,1,0,0,0,1.0
903,16,education,0,0,0,0,0.0
904,52,music,1,0,0,0,1.0
904,73,travel,1,0,0,0,1.0
904,138,cooking,0,0,0,0,0.0
904,488,comedy,1,0,0,0,1.0
904,427,comedy,1,0,0,0,1.0
904,162,cooking,1,0,0,1,4.0
904,362,dance,1,0,0,0,1.0
904,463,music,0,0,0,0,0.0
904,133,cooking,1,0,0,0,1.0
904,16,travel,1,1,0,0,3.0
904,412,education,1,1,1,0,7.0
904,93,gaming,1,1,0,0,3.0
904,441,comedy,1,1,0,0,3.0
904,432,cooking,1,0,0,0,1.0
904,407,travel,0,0,0,0,0.0
905,145,dance,1,1,0,0,3.0
905,244,comedy,1,0,0,0,1.0
905,71,sports,1,1,0,0,3.0
905,494,travel,0,0,0,0,0.0
905,62,gaming,1,1,0,0,3.0
905,209,travel,1,1,0,1,6.0
905,342,dance,1,1,0,0,3.0
905,271,gaming,1,0,0,0,1.0
905,123,gaming,0,0,0,0,0.0
905,156,dance,1,0,0,0,1.0
905,99,travel,1,0,0,0,1.0
905,55,comedy,1,1,0,0,3.0
905,273,sports,0,0,0,0,0.0
905,153,sports,1,1,0,0,3.0
905,139,sports,1,1,0,0,3.0
905,373,dance,0,0,0,0,0.0
906,312,cooking,1,0,0,0,1.0
906,420,cooking,1,0,0,0,1.0
906,196,education,1,0,0,0,1.0
906,120,cooking,1,0,0,0,1.0
906,218,sports,1,0,0,0,1.0
906,306,dance,0,0,0,0,0.0
906,385,cooking,1,0,0,0,1.0
906,433,sports,1,1,0,0,3.0
906,462,comedy,1,1,0,0,3.0
906,158,comedy,1,0,0,0,1.0
907,383,travel,1,1,0,0,3.0
907,274,cooking,1,0,0,0,1.0
907,305,education,1,0,0,0,1.0
907,458,travel,1,0,0,0,1.0
907,365,travel,1,1,0,0,3.0
907,122,sports,1,0,0,0,1.0
907,235,sports,0,0,0,0,0.0
908,141,travel,0,0,0,0,0.0
908,100,gaming,1,0,0,0,1.0
908,107,cooking,1,0,0,0,1.0
908,376,gaming,1,1,0,0,3.0
908,58,dance,1,1,0,0,3.0
908,45,sports,1,0,0,0,1.0
908,365,travel,1,1,0,0,3.0
908,413,music,1,1,0,0,3.0
908,289,gaming,0,0,0,0,0.0
908,47,dance,1,0,0,0,1.0
908,438,gaming,1,0,0,1,4.0
908,435,gaming,1,0,0,0,1.0
909,8,education,0,0,0,0,0.0
909,177,sports,0,0,0,0,0.0
909,56,sports,1,0,0,0,1.0
909,405,travel,0,0,0,0,0.0
909,405,gaming,1,1,0,0,3.0
909,231,education,1,0,0,0,1.0
909,77,dance,1,0,0,0,1.0
909,475,travel,1,0,0,0,1.0
909,114,travel,1,0,0,1,4.0
909,242,sports,1,1,0,0,3.0
909,132,cooking,1,0,0,0,1.0
909,117,education,0,0,0,0,0.0
909,159,education,1,1,1,0,7.0
909,214,gaming,1,0,0,0,1.0
909,485,dance,1,0,0,0,1.0
910,250,music,0,0,0,0,0.0
910,182,travel,1,0,0,0,1.0
910,78,dance,1,0,0,0,1.0
910,402,comedy,1,0,0,0,1.0
910,385,sports,1,0,0,0,1.0
910,494,cooking,0,0,0,0,0.0
910,281,cooking,0,0,0,0,0.0
910,152,gaming,1,0,0,0,1.0
910,247,travel,0,0,0,0,0.0
911,148,gaming,1,0,0,0,1.0
911,456,cooking,0,0,0,0,0.0
911,224,dance,1,0,0,1,4.0
911,331,gaming,1,0,0,0,1.0
911,301,gaming,1,1,0,0,3.0
911,186,dance,0,0,0,0,0.0
911,82,comedy,1,0,0,0,1.0
911,255,gaming,0,0,0,0,0.0
912,347,gaming,1,1,0,0,3.0
912,315,sports,0,0,0,0,0.0
912,446,sports,1,0,0,0,1.0
912,329,gaming,1,0,0,0,1.0
912,126,gaming,1,1,0,0,3.0
912,353,comedy,1,0,0,0,1.0
912,357,comedy,1,1,0,0,3.0
912,42,cooking,1,1,0,0,3.0
912,479,gaming,1,1,0,0,3.0
913,268,music,1,0,0,0,1.0
913,336,travel,0,0,0,0,0.0
913,392,comedy,1,1,0,0,3.0
913,74,travel,1,0,0,0,1.0
913,490,travel,1,0,0,0,1.0
913,420,music,1,1,0,0,3.0
913,200,travel,1,0,0,0,1.0
914,243,sports,1,0,0,0,1.0
914,55,sports,1,0,0,0,1.0
914,220,sports,1,0,0,1,4.0
914,229,sports,0,0,0,0,0.0
914,255,sports,0,0,0,0,0.0
914,336,sports,1,1,0,0,3.0
914,436,sports,0,0,0,0,0.0
915,248,sports,0,0,0,0,0.0
915,142,sports,1,1,0,0,3.0
915,265,gaming,0,0,0,0,0.0
915,217,travel,1,0,0,0,1.0
915,29,dance,1,0,0,0,1.0
915,52,dance,1,0,0,0,1.0
915,408,gaming,1,0,0,1,4.0
915,12,dance,0,0,0,0,0.0
916,321,music,0,0,0,0,0.0
916,331,cooking,1,0,0,0,1.0
916,198,cooking,1,0,0,0,1.0
916,204,sports,1,0,0,1,4.0
916,289,sports,0,0,0,0,0.0
916,450,sports,1,0,0,0,1.0
916,72,education,1,0,0,0,1.0
916,57,music,1,0,0,1,4.0
917,233,music,1,0,0,0,1.0
917,241,travel,1,1,0,0,3.0
917,114,travel,0,0,0,0,0.0
917,273,music,1,1,0,0,3.0
917,175,comedy,1,0,0,0,1.0
917,393,education,1,0,0,0,1.0
917,136,music,1,1,0,0,3.0
918,285,travel,1,0,0,1,4.0
918,176,cooking,1,1,0,0,3.0
918,109,sports,1,1,1,0,7.0
918,112,cooking,1,0,0,0,1.0
918,446,comedy,1,1,0,0,3.0
918,46,dance,1,0,0,0,1.0
918,51,sports,0,0,0,0,0.0
918,45,education,1,0,0,0,1.0
918,186,education,1,0,0,0,1.0
918,333,cooking,1,1,0,0,3.0
919,139,cooking,0,0,0,0,0.0
919,312,cooking,0,0,0,0,0.0
919,203,sports,1,0,0,0,1.0
919,499,gaming,1,0,0,0,1.0
919,420,gaming,1,0,0,0,1.0
919,329,music,1,1,0,0,3.0
919,445,sports,1,0,0,0,1.0
919,236,music,1,0,0,0,1.0
919,442,cooking,1,0,0,0,1.0
920,400,dance,1,1,0,0,3.0
920,356,sports,1,0,0,0,1.0
920,462,comedy,0,0,0,0,0.0
920,197,gaming,0,0,0,0,0.0
920,89,education,1,0,0,0,1.0
920,136,dance,1,1,0,0,3.0
920,284,gaming,1,1,0,0,3.0
920,314,music,0,0,0,0,0.0
920,443,music,1,1,0,0,3.0
920,347,comedy,1,0,0,0,1.0
920,466,dance,1,0,0,0,1.0
920,27,dance,1,1,0,0,3.0
921,5,cooking,1,1,0,0,3.0
921,213,comedy,0,0,0,0,0.0
921,178,comedy,1,1,0,0,3.0
921,39,education,1,0,0,0,1.0
921,3,gaming,1,0,0,0,1.0
921,370,comedy,1,1,0,0,3.0
921,418,cooking,1,0,0,0,1.0
921,217,education,1,1,1,0,7.0
921,418,music,1,1,0,0,3.0
921,110,cooking,1,0,0,0,1.0
921,73,comedy,1,0,0,0,1.0
922,321,travel,1,0,0,0,1.0
922,422,travel,1,0,0,0,1.0
922,433,gaming,1,0,0,0,1.0
922,320,travel,1,0,0,0,1.0
922,384,music,1,0,0,0,1.0
922,431,travel,0,0,0,0,0.0
922,304,travel,1,0,0,0,1.0
922,19,dance,1,0,0,0,1.0
922,101,travel,1,0,0,0,1.0
922,142,travel,1,0,0,0,1.0
922,29,travel,1,1,0,0,3.0
922,292,travel,1,0,0,0,1.0
923,56,cooking,1,0,0,0,1.0
923,182,sports,1,0,0,0,1.0
923,88,dance,1,1,0,0,3.0
923,374,sports,1,1,0,0,3.0
923,401,comedy,1,0,0,0,1.0
923,146,comedy,0,0,0,0,0.0
923,377,travel,1,0,0,0,1.0
924,469,comedy,1,0,0,0,1.0
924,433,cooking,1,0,0,0,1.0
924,34,comedy,1,0,0,1,4.0
924,25,dance,1,0,0,0,1.0
924,293,travel,1,1,1,0,7.0
924,354,cooking,1,0,0,0,1.0
924,169,dance,1,0,0,0,1.0
924,261,cooking,1,0,0,0,1.0
924,365,education,0,0,0,0,0.0
924,456,education,0,0,0,0,0.0
924,262,education,1,1,0,0,3.0
924,334,dance,1,1,0,0,3.0
924,83,music,1,0,0,0,1.0
924,53,dance,0,0,0,0,0.0
925,134,education,1,1,1,0,7.0
925,316,travel,1,0,0,0,1.0
925,389,comedy,1,0,0,0,1.0
925,98,comedy,1,0,0,0,1.0
925,354,travel,1,1,0,0,3.0
925,399,gaming,1,0,0,0,1.0
925,327,gaming,1,0,0,0,1.0
925,144,gaming,1,1,0,0,3.0
925,405,comedy,0,0,0,0,0.0
925,418,education,1,0,0,0,1.0
926,83,comedy,1,1,0,0,3.0
926,414,comedy,1,0,0,0,1.0
926,463,gaming,0,0,0,0,0.0
926,328,cooking,1,0,0,0,1.0
926,34,travel,1,0,0,0,1.0
926,50,sports,1,1,0,0,3.0
926,167,cooking,1,0,0,0,1.0
926,311,travel,0,0,0,0,0.0
926,320,cooking,1,1,0,0,3.0
926,307,cooking,0,0,0,0,0.0
927,186,cooking,1,1,0,0,3.0
927,3,cooking,0,0,0,0,0.0
927,230,sports,0,0,0,0,0.0
927,282,sports,1,0,0,0,1.0
927,219,cooking,1,1,0,0,3.0
927,277,sports,0,0,0,0,0.0
927,342,education,1,0,0,0,1.0
927,35,cooking,1,0,0,0,1.0
928,273,gaming,0,0,0,0,0.0
928,339,gaming,0,0,0,0,0.0
928,471,music,1,1,0,0,3.0
928,200,sports,1,0,0,0,1.0
928,497,comedy,0,0,0,0,0.0
928,290,music,1,0,0,0,1.0
928,427,music,1,0,0,0,1.0
928,447,music,0,0,0,0,0.0
928,25,cooking,1,0,0,0,1.0
928,362,sports,1,1,0,0,3.0
928,268,music,1,0,0,0,1.0
929,139,sports,1,1,0,0,3.0
929,433,sports,1,0,0,0,1.0
929,206,sports,0,0,0,0,0.0
929,190,sports,1,0,0,0,1.0
929,325,sports,0,0,0,0,0.0
929,35,sports,0,0,0,0,0.0
929,406,sports,0,0,0,0,0.0
930,179,cooking,1,0,0,0,1.0
930,25,sports,1,0,0,0,1.0
930,456,gaming,1,0,0,0,1.0
930,122,sports,1,0,0,0,1.0
930,413,cooking,1,0,0,0,1.0
930,224,dance,1,1,0,0,3.0
930,9,sports,1,1,0,0,3.0
930,97,sports,1,0,0,1,4.0
930,114,cooking,1,0,0,0,1.0
930,346,dance,1,0,0,0,1.0
930,212,cooking,1,0,0,0,1.0
930,244,cooking,1,0,0,0,1.0
930,360,gaming,1,0,0,0,1.0
930,89,cooking,1,1,0,0,3.0
930,303,travel,0,0,0,0,0.0
930,24,travel,1,1,0,0,3.0
930,109,gaming,0,0,0,0,0.0
931,124,gaming,1,0,0,0,1.0
931,474,gaming,0,0,0,0,0.0
931,399,education,1,0,0,0,1.0
931,446,gaming,1,1,0,1,6.0
931,136,dance,1,0,0,0,1.0
931,200,travel,1,0,0,0,1.0
931,131,gaming,0,0,0,0,0.0
931,89,sports,1,1,0,0,3.0
931,247,music,1,0,0,0,1.0
931,164,gaming,1,0,0,0,1.0
931,333,education,1,0,0,0,1.0
931,297,gaming,1,0,0,0,1.0
931,380,education,1,1,0,0,3.0
931,387,gaming,1,1,0,0,3.0
931,251,dance,1,0,0,0,1.0
932,356,music,1,1,1,0,7.0
932,134,music,1,0,0,0,1.0
932,388,cooking,0,0,0,0,0.0
932,161,gaming,1,1,0,0,3.0
932,295,cooking,1,0,0,0,1.0
932,479,gaming,1,1,0,0,3.0
932,452,travel,1,1,0,1,6.0
932,391,travel,1,1,0,0,3.0
932,262,travel,0,0,0,0,0.0
932,467,travel,0,0,0,0,0.0
932,97,comedy,1,0,0,0,1.0
932,228,travel,1,0,0,0,1.0
932,191,comedy,1,0,0,0,1.0
933,17,education,1,1,0,0,3.0
933,101,travel,0,0,0,0,0.0
933,405,education,1,1,0,0,3.0
933,122,travel,0,0,0,0,0.0
933,394,education,1,1,1,0,7.0
933,324,sports,1,0,0,0,1.0
933,491,music,1,0,0,0,1.0
933,196,sports,1,0,0,0,1.0
933,485,music,1,0,0,0,1.0
933,94,dance,1,0,0,0,1.0
934,454,music,1,0,0,0,1.0
934,231,travel,1,0,0,0,1.0
934,142,gaming,1,1,0,0,3.0
934,49,music,1,1,0,0,3.0
934,253,sports,0,0,0,0,0.0
934,282,music,0,0,0,0,0.0
934,242,comedy,1,1,0,0,3.0
934,85,comedy,1,0,0,0,1.0
934,26,gaming,1,0,0,0,1.0
934,67,travel,1,0,0,0,1.0
934,361,travel,1,0,0,1,4.0
935,132,gaming,1,1,0,0,3.0
935,269,gaming,1,1,0,0,3.0
935,346,cooking,0,0,0,0,0.0
935,362,sports,1,1,0,0,3.0
935,414,gaming,1,0,0,0,1.0
935,294,cooking,1,0,0,0,1.0
935,74,cooking,1,1,0,1,6.0
935,224,gaming,1,0,0,1,4.0
935,54,dance,1,0,0,0,1.0
935,364,cooking,1,0,0,0,1.0
936,391,cooking,1,1,0,0,3.0
936,405,travel,1,0,0,0,1.0
936,482,dance,1,0,0,0,1.0
936,450,sports,1,0,0,0,1.0
936,302,comedy,0,0,0,0,0.0
936,158,sports,1,0,0,0,1.0
936,314,sports,1,1,1,0,7.0
936,159,travel,0,0,0,0,0.0
936,164,travel,1,0,0,0,1.0
937,374,music,1,0,0,0,1.0
937,258,cooking,0,0,0,0,0.0
937,416,sports,1,1,0,0,3.0
937,163,gaming,1,0,0,0,1.0
937,196,cooking,1,0,0,0,1.0
937,421,cooking,0,0,0,0,0.0
937,329,cooking,1,1,0,0,3.0
937,301,comedy,0,0,0,0,0.0
937,97,cooking,1,1,0,0,3.0
937,193,travel,1,0,0,0,1.0
937,416,comedy,1,0,0,0,1.0
937,39,comedy,1,0,0,0,1.0
938,309,gaming,1,1,0,0,3.0
938,191,comedy,0,0,0,0,0.0
938,83,travel,0,0,0,0,0.0
938,17,comedy,1,1,0,0,3.0
938,52,gaming,1,0,0,1,4.0
938,340,gaming,1,1,0,0,3.0
938,327,cooking,1,0,0,0,1.0
938,497,comedy,0,0,0,0,0.0
938,111,travel,1,1,0,0,3.0
939,239,sports,1,1,0,0,3.0
939,155,sports,1,0,0,1,4.0
939,149,music,1,1,0,0,3.0
939,335,education,0,0,0,0,0.0
939,365,sports,1,1,0,0,3.0
939,191,education,1,0,0,0,1.0
939,70,sports,1,0,0,0,1.0
940,44,dance,0,0,0,0,0.0
940,492,cooking,1,0,0,0,1.0
940,460,cooking,1,1,0,0,3.0
940,74,sports,1,1,0,0,3.0
940,302,education,0,0,0,0,0.0
940,163,travel,1,1,0,0,3.0
940,371,music,1,0,0,0,1.0
940,108,music,1,0,0,0,1.0
940,137,gaming,1,0,0,0,1.0
940,343,sports,1,1,0,0,3.0
940,454,sports,1,0,0,0,1.0
940,365,sports,1,0,0,0,1.0
941,322,sports,1,0,0,0,1.0
941,62,cooking,1,0,0,0,1.0
941,184,dance,1,1,0,0,3.0
941,355,cooking,1,0,0,0,1.0
941,135,travel,1,0,0,0,1.0
941,179,gaming,1,0,0,0,1.0
941,137,travel,0,0,0,0,0.0
941,316,comedy,1,0,0,0,1.0
941,250,sports,0,0,0,0,0.0
941,324,comedy,1,1,0,0,3.0
941,85,gaming,1,0,0,0,1.0
942,173,gaming,0,0,0,0,0.0
942,154,gaming,1,0,0,0,1.0
942,482,gaming,0,0,0,0,0.0
942,126,gaming,1,0,0,0,1.0
942,321,sports,0,0,0,0,0.0
942,325,dance,1,0,0,0,1.0
942,331,gaming,1,0,0,0,1.0
942,459,gaming,1,0,0,0,1.0
942,383,gaming,1,0,0,0,1.0
942,377,dance,1,0,0,0,1.0
942,258,travel,1,1,0,0,3.0
943,12,travel,1,0,0,0,1.0
943,355,education,0,0,0,0,0.0
943,418,music,1,0,0,0,1.0
943,142,travel,1,0,0,0,1.0
943,157,travel,1,0,0,0,1.0
943,338,cooking,1,1,0,0,3.0
943,272,education,0,0,0,0,0.0
943,368,travel,1,0,0,1,4.0
943,386,travel,1,0,0,0,1.0
943,348,travel,1,0,0,0,1.0
944,440,dance,1,0,0,0,1.0
944,326,gaming,0,0,0,0,0.0
944,78,gaming,0,0,0,0,0.0
944,277,gaming,1,1,1,1,10.0
944,459,gaming,1,0,0,0,1.0
944,223,dance,1,0,0,0,1.0
944,10,dance,0,0,0,0,0.0
944,154,comedy,1,1,0,0,3.0
944,458,education,1,1,0,0,3.0
944,187,education,1,0,0,0,1.0
944,197,dance,1,1,0,0,3.0
944,150,travel,1,1,0,0,3.0
944,328,gaming,1,0,0,0,1.0
945,297,sports,1,0,0,0,1.0
945,427,travel,1,0,0,0,1.0
945,294,dance,1,0,0,0,1.0
945,75,sports,1,0,0,0,1.0
945,491,dance,1,0,0,0,1.0
945,108,cooking,1,0,0,0,1.0
945,39,cooking,1,1,0,0,3.0
945,344,travel,1,0,0,0,1.0
945,33,cooking,1,0,0,0,1.0
945,59,travel,1,0,0,0,1.0
945,195,dance,1,0,0,0,1.0
945,105,travel,1,1,0,0,3.0
945,45,cooking,1,1,0,0,3.0
945,349,sports,1,1,0,0,3.0
945,153,cooking,1,1,1,0,7.0
945,316,sports,1,1,0,0,3.0
945,175,travel,1,0,0,0,1.0
945,100,travel,1,0,0,0,1.0
946,108,dance,1,1,0,0,3.0
946,72,sports,1,1,0,0,3.0
946,465,cooking,0,0,0,0,0.0
946,247,sports,0,0,0,0,0.0
946,209,cooking,0,0,0,0,0.0
946,442,music,1,1,0,0,3.0
946,267,dance,1,0,0,1,4.0
946,131,sports,1,1,0,0,3.0
946,200,cooking,1,1,0,1,6.0
946,315,sports,1,0,0,0,1.0
946,482,dance,1,0,0,0,1.0
946,66,dance,1,1,0,0,3.0
946,84,dance,1,1,1,0,7.0
946,205,cooking,0,0,0,0,0.0
946,11,education,1,0,0,1,4.0
946,343,dance,1,0,0,0,1.0
946,271,sports,0,0,0,0,0.0
946,223,dance,1,0,0,0,1.0
947,240,education,1,1,0,0,3.0
947,357,music,0,0,0,0,0.0
947,450,sports,0,0,0,0,0.0
947,265,education,1,0,0,0,1.0
947,52,comedy,1,0,0,0,1.0
947,220,sports,1,0,0,0,1.0
947,21,education,0,0,0,0,0.0
947,271,dance,0,0,0,0,0.0
947,247,sports,1,0,0,0,1.0
947,493,dance,1,0,0,0,1.0
948,181,sports,1,0,0,0,1.0
948,424,dance,0,0,0,0,0.0
948,135,comedy,1,0,0,0,1.0
948,247,sports,1,0,0,0,1.0
948,247,comedy,1,1,0,0,3.0
948,403,dance,1,0,0,0,1.0
948,309,comedy,0,0,0,0,0.0
948,133,education,1,0,0,0,1.0
948,193,gaming,0,0,0,0,0.0
948,424,gaming,1,0,0,0,1.0
948,50,dance,1,1,0,0,3.0
948,245,sports,1,0,0,0,1.0
948,454,dance,1,0,0,0,1.0
948,256,dance,1,1,0,0,3.0
948,483,gaming,1,1,0,0,3.0
948,434,dance,1,1,0,0,3.0
948,198,gaming,1,0,0,0,1.0
948,236,music,0,0,0,0,0.0
949,434,dance,0,0,0,0,0.0
949,203,dance,1,0,0,0,1.0
949,39,sports,1,0,0,0,1.0
949,329,travel,1,0,0,0,1.0
949,224,travel,1,0,0,0,1.0
949,411,sports,1,0,0,0,1.0
950,15,sports,1,1,0,0,3.0
950,28,sports,1,0,0,0,1.0
950,282,cooking,1,0,0,0,1.0
950,70,sports,1,1,0,0,3.0
950,171,gaming,0,0,0,0,0.0
950,23,music,1,0,0,0,1.0
950,134,cooking,1,0,0,0,1.0
950,97,gaming,1,0,0,0,1.0
950,488,sports,1,0,0,0,1.0
950,364,travel,1,1,0,0,3.0
950,490,sports,1,1,0,0,3.0
950,360,gaming,1,0,0,0,1.0
950,320,education,1,0,0,0,1.0
950,233,cooking,1,0,0,0,1.0
951,223,dance,1,0,0,0,1.0
951,157,music,1,0,0,0,1.0
951,127,music,0,0,0,0,0.0
951,13,education,1,0,0,0,1.0
951,119,music,1,1,0,0,3.0
951,343,music,0,0,0,0,0.0
951,341,dance,0,0,0,0,0.0
951,220,music,1,0,0,0,1.0
951,335,music,1,0,0,0,1.0
951,241,music,0,0,0,0,0.0
952,257,music,1,0,0,0,1.0
952,50,music,1,0,0,0,1.0
952,345,cooking,1,0,0,0,1.0
952,45,gaming,1,0,0,0,1.0
952,362,gaming,0,0,0,0,0.0
952,71,music,1,0,0,0,1.0
952,490,education,0,0,0,0,0.0
952,305,music,1,0,0,0,1.0
952,8,gaming,1,0,0,0,1.0
952,14,comedy,1,0,0,0,1.0
952,243,education,1,0,0,0,1.0
952,200,education,0,0,0,0,0.0
952,286,education,0,0,0,0,0.0
952,325,cooking,1,1,0,0,3.0
952,138,music,1,0,0,0,1.0
953,410,education,0,0,0,0,0.0
953,402,sports,1,1,0,1,6.0
953,199,dance,1,1,0,0,3.0
953,144,cooking,1,1,0,0,3.0
953,151,comedy,0,0,0,0,0.0
953,472,cooking,1,1,0,0,3.0
953,382,education,1,1,0,1,6.0
953,307,education,1,0,0,0,1.0
953,421,cooking,1,0,0,1,4.0
954,143,comedy,1,0,0,0,1.0
954,175,comedy,1,0,0,0,1.0
954,285,education,1,0,0,0,1.0
954,275,cooking,1,0,0,1,4.0
954,345,education,0,0,0,0,0.0
954,90,comedy,1,1,0,0,3.0
954,394,comedy,1,0,0,0,1.0
954,192,education,1,0,0,0,1.0
954,186,cooking,1,0,0,0,1.0
955,360,comedy,1,1,0,0,3.0
955,381,travel,1,0,0,0,1.0
955,344,sports,1,0,0,0,1.0
955,50,travel,1,0,0,0,1.0
955,49,dance,1,1,0,0,3.0
955,326,dance,1,0,0,0,1.0
955,410,education,1,1,0,0,3.0
955,430,dance,0,0,0,0,0.0
955,282,dance,1,0,0,0,1.0
955,374,travel,0,0,0,0,0.0
956,149,comedy,1,1,0,0,3.0
956,231,gaming,0,0,0,0,0.0
956,307,cooking,1,0,0,0,1.0
956,234,cooking,1,0,0,0,1.0
956,280,gaming,0,0,0,0,0.0
956,170,cooking,0,0,0,0,0.0
956,472,cooking,0,0,0,0,0.0
956,330,cooking,1,0,0,0,1.0
957,336,comedy,1,1,0,0,3.0
957,305,comedy,0,0,0,0,0.0
957,462,comedy,1,0,0,0,1.0
957,161,comedy,0,0,0,0,0.0
957,377,dance,1,1,0,0,3.0
957,195,dance,1,0,0,0,1.0
957,268,dance,1,0,0,0,1.0
957,55,cooking,1,1,0,0,3.0
957,130,gaming,1,0,0,0,1.0
957,382,comedy,1,0,0,1,4.0
957,258,sports,1,0,0,0,1.0
957,281,comedy,1,1,0,0,3.0
957,91,travel,0,0,0,0,0.0
957,304,travel,0,0,0,0,0.0
957,498,education,1,0,0,0,1.0
957,144,sports,1,0,0,0,1.0
958,465,gaming,1,0,0,0,1.0
958,230,travel,1,1,0,0,3.0
958,69,gaming,0,0,0,0,0.0
958,151,travel,0,0,0,0,0.0
958,167,cooking,1,0,0,0,1.0
958,160,sports,0,0,0,0,0.0
958,29,travel,1,0,0,0,1.0
958,411,music,1,1,0,0,3.0
958,94,music,1,0,0,0,1.0
959,130,dance,1,0,0,0,1.0
959,298,dance,1,1,0,0,3.0
959,93,dance,1,0,0,0,1.0
959,377,cooking,1,1,0,0,3.0
959,294,sports,1,1,1,0,7.0
959,424,dance,1,1,0,0,3.0
959,204,music,1,0,0,0,1.0
959,49,dance,0,0,0,0,0.0
960,460,dance,1,0,0,0,1.0
960,224,travel,1,1,0,0,3.0
960,56,education,1,0,0,0,1.0
960,4,sports,1,0,0,0,1.0
960,397,travel,0,0,0,0,0.0
960,266,dance,1,0,0,0,1.0
960,410,travel,1,0,0,0,1.0
960,410,sports,1,0,0,0,1.0
960,452,travel,1,0,0,0,1.0
960,267,education,1,0,0,0,1.0
960,65,education,1,0,0,0,1.0
960,388,gaming,1,0,0,0,1.0
960,15,cooking,1,0,0,0,1.0
960,425,travel,1,0,0,0,1.0
960,392,cooking,1,1,1,0,7.0
960,132,sports,1,1,0,0,3.0
960,257,gaming,0,0,0,0,0.0
960,479,dance,1,0,0,0,1.0
960,43,travel,1,0,0,0,1.0
961,173,comedy,1,0,0,0,1.0
961,53,comedy,1,0,0,0,1.0
961,375,comedy,1,0,0,0,1.0
961,174,gaming,1,0,0,0,1.0
961,142,comedy,1,0,0,0,1.0
961,414,comedy,0,0,0,0,0.0
961,297,sports,1,0,0,0,1.0
961,292,sports,1,1,0,0,3.0
961,388,gaming,1,0,0,0,1.0
961,0,travel,1,0,0,0,1.0
961,391,sports,1,0,0,0,1.0
961,103,travel,0,0,0,0,0.0
961,257,travel,1,1,0,0,3.0
961,313,gaming,0,0,0,0,0.0
961,231,sports,1,1,0,0,3.0
962,463,gaming,0,0,0,0,0.0
962,169,music,1,0,0,0,1.0
962,402,music,1,1,0,0,3.0
962,19,cooking,1,0,0,1,4.0
962,222,music,0,0,0,0,0.0
962,331,travel,0,0,0,0,0.0
962,168,music,0,0,0,0,0.0
962,200,cooking,1,0,0,0,1.0
962,10,dance,1,0,0,0,1.0
963,465,sports,1,0,0,0,1.0
963,2,sports,0,0,0,0,0.0
963,376,gaming,1,1,0,0,3.0
963,423,cooking,1,0,0,0,1.0
963,285,music,1,0,0,0,1.0
963,257,cooking,1,0,0,0,1.0
963,362,music,1,0,0,0,1.0
963,245,education,1,0,0,0,1.0
963,483,cooking,1,0,0,0,1.0
963,469,sports,1,0,0,0,1.0
963,335,music,1,0,0,0,1.0
963,401,cooking,1,0,0,0,1.0
963,404,cooking,1,0,0,0,1.0
964,60,sports,1,0,0,0,1.0
964,151,gaming,1,1,0,0,3.0
964,62,sports,1,0,0,0,1.0
964,301,cooking,1,0,0,0,1.0
964,259,comedy,1,0,0,0,1.0
964,217,gaming,1,0,0,0,1.0
964,199,sports,1,0,0,0,1.0
964,496,sports,0,0,0,0,0.0
964,62,sports,1,0,0,0,1.0
965,387,comedy,1,0,0,0,1.0
965,289,sports,0,0,0,0,0.0
965,20,music,1,0,0,0,1.0
965,48,comedy,0,0,0,0,0.0
965,268,music,0,0,0,0,0.0
965,191,gaming,1,0,0,0,1.0
965,449,comedy,1,0,0,0,1.0
965,150,gaming,1,0,0,0,1.0
965,280,comedy,0,0,0,0,0.0
965,191,comedy,0,0,0,0,0.0
965,109,sports,1,1,0,0,3.0
965,443,comedy,1,1,0,0,3.0
965,8,music,1,0,0,0,1.0
966,475,gaming,1,0,0,1,4.0
966,409,gaming,1,0,0,0,1.0
966,190,education,1,0,0,0,1.0
966,35,education,1,0,0,0,1.0
966,275,cooking,1,0,0,0,1.0
966,85,dance,1,0,0,0,1.0
966,40,gaming,0,0,0,0,0.0
967,156,music,1,0,0,0,1.0
967,286,dance,1,0,0,0,1.0
967,204,travel,1,0,0,0,1.0
967,41,gaming,1,0,0,0,1.0
967,78,education,1,0,0,0,1.0
967,346,dance,1,0,0,0,1.0
967,284,travel,1,0,0,0,1.0
967,183,education,1,0,0,0,1.0
968,16,dance,1,0,0,0,1.0
968,112,education,1,0,0,0,1.0
968,310,gaming,1,0,0,0,1.0
968,50,sports,1,1,0,0,3.0
968,432,dance,1,0,0,0,1.0
968,166,comedy,1,0,0,0,1.0
968,150,cooking,0,0,0,0,0.0
968,298,sports,1,1,0,0,3.0
969,147,travel,1,0,0,0,1.0
969,58,sports,0,0,0,0,0.0
969,454,cooking,1,0,0,0,1.0
969,414,cooking,0,0,0,0,0.0
969,315,travel,1,0,0,0,1.0
969,50,travel,1,0,0,0,1.0
969,165,education,1,0,0,1,4.0
970,357,education,1,0,0,0,1.0
970,99,music,1,0,0,0,1.0
970,303,cooking,1,0,0,0,1.0
970,223,sports,1,0,0,0,1.0
970,484,gaming,1,0,0,0,1.0
970,167,education,0,0,0,0,0.0
970,338,music,1,0,0,0,1.0
970,142,cooking,0,0,0,0,0.0
970,476,education,1,0,0,0,1.0
970,0,music,1,0,0,0,1.0
971,199,music,1,0,0,0,1.0
971,371,travel,1,0,0,0,1.0
971,352,sports,1,0,0,0,1.0
971,312,sports,1,0,0,0,1.0
971,325,comedy,1,0,0,0,1.0
971,145,education,1,1,0,0,3.0
971,186,sports,0,0,0,0,0.0
971,366,sports,1,0,0,0,1.0
971,135,sports,1,0,0,0,1.0
971,334,sports,1,0,0,0,1.0
972,386,travel,0,0,0,0,0.0
972,1,education,1,0,0,0,1.0
972,107,comedy,0,0,0,0,0.0
972,478,dance,0,0,0,0,0.0
972,298,comedy,1,1,0,0,3.0
972,37,education,1,0,0,0,1.0
972,14,comedy,1,1,0,0,3.0
972,214,education,0,0,0,0,0.0
972,312,music,0,0,0,0,0.0
972,164,travel,1,1,0,0,3.0
972,105,comedy,1,0,0,0,1.0
972,355,comedy,1,0,0,0,1.0
972,260,education,1,0,0,0,1.0
972,233,education,1,0,0,0,1.0
972,231,education,1,0,0,0,1.0
973,316,travel,1,1,0,0,3.0
973,334,dance,0,0,0,0,0.0
973,433,sports,0,0,0,0,0.0
973,181,travel,1,0,0,0,1.0
973,355,dance,1,1,1,0,7.0
973,333,dance,1,0,0,0,1.0
973,218,sports,1,1,0,0,3.0
973,328,sports,1,0,0,0,1.0
973,262,sports,1,0,0,0,1.0
973,29,sports,1,0,0,0,1.0
973,182,sports,0,0,0,0,0.0
973,376,comedy,1,0,0,0,1.0
973,372,sports,1,0,0,0,1.0
974,181,music,1,0,0,0,1.0
974,203,education,1,0,0,0,1.0
974,348,music,1,0,0,0,1.0
974,121,music,0,0,0,0,0.0
974,268,comedy,1,0,0,0,1.0
974,236,music,1,0,0,0,1.0
974,108,music,1,1,0,0,3.0
974,9,music,1,0,0,1,4.0
974,64,education,1,0,0,1,4.0
974,483,comedy,1,1,0,0,3.0
975,127,education,1,0,0,0,1.0
975,380,education,1,1,1,0,7.0
975,201,travel,0,0,0,0,0.0
975,368,education,1,0,0,0,1.0
975,469,education,1,0,0,0,1.0
975,288,education,1,0,0,0,1.0
975,253,gaming,1,0,0,0,1.0
975,131,education,1,1,0,0,3.0
975,495,travel,1,0,0,0,1.0
975,272,gaming,1,1,0,0,3.0
975,282,education,1,1,0,0,3.0
975,166,gaming,0,0,0,0,0.0
975,320,education,1,1,0,0,3.0
975,488,education,0,0,0,0,0.0
976,479,dance,0,0,0,0,0.0
976,160,cooking,0,0,0,0,0.0
976,65,gaming,1,1,0,0,3.0
976,391,gaming,0,0,0,0,0.0
976,27,comedy,1,0,0,0,1.0
976,377,gaming,0,0,0,0,0.0
976,382,gaming,1,1,0,0,3.0
976,202,travel,1,0,0,0,1.0
976,308,gaming,0,0,0,0,0.0
976,427,cooking,1,1,0,0,3.0
976,120,gaming,1,1,0,0,3.0
976,48,cooking,0,0,0,0,0.0
976,31,gaming,1,1,0,0,3.0
976,123,gaming,0,0,0,0,0.0
976,437,travel,1,0,0,0,1.0
976,367,gaming,1,0,0,0,1.0
977,149,education,1,0,0,0,1.0
977,213,comedy,0,0,0,0,0.0
977,134,comedy,1,1,0,0,3.0
977,89,comedy,1,1,0,0,3.0
977,385,education,1,1,0,0,3.0
977,20,comedy,1,0,0,0,1.0
977,30,comedy,1,1,0,0,3.0
977,372,comedy,1,0,0,0,1.0
977,369,education,1,1,1,0,7.0
977,124,education,0,0,0,0,0.0
978,377,sports,1,0,0,0,1.0
978,393,comedy,1,1,0,1,6.0
978,182,education,0,0,0,0,0.0
978,254,education,1,1,0,0,3.0
978,482,music,1,0,0,0,1.0
978,308,music,1,1,0,0,3.0
978,105,comedy,0,0,0,0,0.0
978,471,comedy,1,1,0,0,3.0
978,455,gaming,1,1,0,0,3.0
978,36,comedy,1,0,0,0,1.0
978,303,education,1,0,0,0,1.0
978,145,education,1,0,0,0,1.0
979,97,music,1,1,0,0,3.0
979,387,gaming,1,0,0,0,1.0
979,349,music,1,0,0,0,1.0
979,36,gaming,1,1,0,0,3.0
979,29,dance,0,0,0,0,0.0
979,12,comedy,1,0,0,0,1.0
979,479,gaming,1,0,0,0,1.0
979,487,comedy,1,1,0,0,3.0
979,211,cooking,1,0,0,1,4.0
979,119,sports,1,0,0,0,1.0
979,430,comedy,1,1,0,0,3.0
979,274,music,1,1,0,0,3.0
980,314,comedy,1,0,0,0,1.0
980,305,comedy,1,1,0,0,3.0
980,80,travel,1,1,0,0,3.0
980,167,cooking,1,0,0,0,1.0
980,188,music,1,0,0,0,1.0
980,267,cooking,1,0,0,0,1.0
980,303,travel,1,0,0,0,1.0
980,288,cooking,1,1,0,0,3.0
980,495,cooking,0,0,0,0,0.0
980,495,cooking,1,1,0,1,6.0
981,54,music,1,0,0,0,1.0
981,117,music,1,0,0,0,1.0
981,446,music,1,1,0,0,3.0
981,271,dance,1,1,0,0,3.0
981,109,music,1,1,0,0,3.0
981,256,music,0,0,0,0,0.0
981,431,sports,1,0,0,0,1.0
981,239,music,1,0,0,0,1.0
981,56,sports,1,0,0,1,4.0
981,97,travel,0,0,0,0,0.0
981,136,music,0,0,0,0,0.0
981,37,sports,1,0,0,0,1.0
981,310,travel,1,1,0,0,3.0
981,116,cooking,1,1,0,0,3.0
982,212,sports,1,0,0,0,1.0
982,313,gaming,1,0,0,0,1.0
982,492,dance,1,0,0,1,4.0
982,239,gaming,1,1,0,0,3.0
982,60,gaming,1,1,0,0,3.0
982,382,gaming,1,1,0,0,3.0
982,265,sports,0,0,0,0,0.0
982,250,gaming,1,0,0,0,1.0
982,262,dance,1,0,0,0,1.0
982,328,gaming,1,1,0,0,3.0
982,71,gaming,1,0,0,0,1.0
982,110,dance,0,0,0,0,0.0
982,421,sports,1,0,0,0,1.0
982,335,dance,1,0,0,0,1.0
982,492,comedy,1,1,0,0,3.0
982,473,gaming,0,0,0,0,0.0
982,207,gaming,1,0,0,0,1.0
982,204,comedy,1,1,1,0,7.0
983,265,comedy,1,0,0,0,1.0
983,346,comedy,1,1,0,1,6.0
983,16,comedy,1,1,0,0,3.0
983,157,comedy,1,1,0,0,3.0
983,337,comedy,0,0,0,0,0.0
983,60,travel,1,1,1,0,7.0
983,351,comedy,1,0,0,0,1.0
983,153,travel,1,1,1,0,7.0
983,295,comedy,1,0,0,0,1.0
984,354,comedy,1,0,0,1,4.0
984,80,dance,1,1,0,0,3.0
984,193,dance,0,0,0,0,0.0
984,441,dance,1,0,0,0,1.0
984,477,dance,1,0,0,1,4.0
984,50,travel,1,1,0,0,3.0
984,119,education,1,1,0,0,3.0
984,490,dance,0,0,0,0,0.0
984,374,dance,1,1,0,0,3.0
984,184,cooking,0,0,0,0,0.0
984,237,dance,1,0,0,0,1.0
984,97,dance,1,1,0,0,3.0
985,290,cooking,1,0,0,0,1.0
985,145,cooking,1,0,0,0,1.0
985,340,cooking,1,0,0,0,1.0
985,437,cooking,1,1,0,0,3.0
985,375,cooking,0,0,0,0,0.0
985,191,cooking,1,0,0,0,1.0
985,323,cooking,1,0,0,0,1.0
985,220,comedy,1,0,0,1,4.0
985,63,music,0,0,0,0,0.0
985,201,cooking,1,0,0,0,1.0
985,461,cooking,0,0,0,0,0.0
985,490,education,1,0,0,0,1.0
985,193,sports,1,1,0,0,3.0
985,54,sports,1,0,0,0,1.0
986,384,music,1,0,0,0,1.0
986,246,cooking,1,0,0,0,1.0
986,280,cooking,1,0,0,1,4.0
986,196,gaming,1,0,0,0,1.0
986,239,gaming,1,0,0,0,1.0
986,196,gaming,1,1,1,0,7.0
986,180,sports,1,1,0,0,3.0
987,45,comedy,1,0,0,0,1.0
987,261,dance,1,0,0,0,1.0
987,4,music,1,1,0,0,3.0
987,31,dance,1,1,0,0,3.0
987,111,comedy,0,0,0,0,0.0
987,467,music,1,1,0,0,3.0
987,6,gaming,1,0,0,0,1.0
987,437,sports,0,0,0,0,0.0
987,313,sports,1,1,0,0,3.0
988,370,sports,1,1,0,0,3.0
988,13,comedy,1,0,0,0,1.0
988,209,comedy,1,0,0,0,1.0
988,442,comedy,0,0,0,0,0.0
988,310,comedy,1,0,0,0,1.0
988,123,cooking,1,0,0,0,1.0
988,171,comedy,1,0,0,0,1.0
988,257,comedy,1,0,0,0,1.0
988,81,travel,1,0,0,0,1.0
988,348,comedy,1,0,0,0,1.0
988,142,comedy,0,0,0,0,0.0
988,29,comedy,1,0,0,1,4.0
988,45,cooking,1,1,0,0,3.0
988,237,cooking,1,0,0,0,1.0
989,42,dance,1,1,0,0,3.0
989,442,gaming,1,1,0,0,3.0
989,189,music,1,1,0,0,3.0
989,237,dance,1,0,0,0,1.0
989,119,music,1,0,0,1,4.0
989,262,music,1,0,0,0,1.0
989,464,travel,0,0,0,0,0.0
989,416,music,1,1,0,0,3.0
989,440,dance,1,1,0,0,3.0
989,208,dance,1,0,0,0,1.0
989,46,sports,1,1,1,1,10.0
989,480,music,0,0,0,0,0.0
989,474,music,0,0,0,0,0.0
990,331,music,1,0,0,0,1.0
990,222,comedy,1,0,0,0,1.0
990,120,gaming,1,0,0,0,1.0
990,256,gaming,1,0,0,0,1.0
990,493,travel,1,1,0,0,3.0
990,283,travel,1,0,0,0,1.0
990,108,music,1,1,0,0,3.0
990,216,travel,1,0,0,0,1.0
990,49,gaming,1,1,0,0,3.0
990,247,music,1,0,0,0,1.0
990,473,gaming,1,0,0,0,1.0
991,103,music,1,1,0,0,3.0
991,190,cooking,1,0,0,0,1.0
991,68,education,1,1,0,1,6.0
991,164,sports,1,0,0,0,1.0
991,398,dance,1,0,0,0,1.0
991,344,sports,1,1,1,0,7.0
991,406,dance,1,0,0,0,1.0
991,123,comedy,0,0,0,0,0.0
991,206,education,1,0,0,0,1.0
991,397,music,1,0,0,0,1.0
991,447,education,1,0,0,0,1.0
991,71,sports,1,1,0,0,3.0
991,119,dance,1,0,0,0,1.0
992,26,travel,1,0,0,0,1.0
992,453,gaming,1,0,0,0,1.0
992,153,travel,1,1,0,0,3.0
992,225,travel,1,0,0,0,1.0
992,189,dance,1,0,0,0,1.0
992,281,sports,1,1,0,0,3.0
992,263,travel,0,0,0,0,0.0
992,27,sports,0,0,0,0,0.0
992,477,cooking,0,0,0,0,0.0
992,316,travel,1,0,0,0,1.0
992,310,cooking,1,0,0,0,1.0
992,44,dance,0,0,0,0,0.0
993,103,music,1,1,0,1,6.0
993,294,sports,1,0,0,0,1.0
993,186,music,1,0,0,0,1.0
993,195,music,1,0,0,0,1.0
993,16,music,1,1,0,0,3.0
993,457,travel,1,0,0,0,1.0
993,402,music,1,0,0,0,1.0
993,64,travel,1,0,0,0,1.0
993,357,travel,0,0,0,0,0.0
993,9,travel,0,0,0,0,0.0
993,414,travel,1,0,0,0,1.0
994,249,education,1,0,0,0,1.0
994,98,music,1,0,0,0,1.0
994,479,gaming,1,0,0,0,1.0
994,486,sports,1,0,0,0,1.0
994,60,cooking,1,1,0,0,3.0
994,375,dance,1,0,0,0,1.0
994,106,dance,1,0,0,0,1.0
994,63,education,1,1,0,0,3.0
994,266,sports,1,1,0,0,3.0
994,309,education,1,0,0,0,1.0
994,204,dance,1,0,0,0,1.0
994,25,music,1,1,0,0,3.0
995,141,music,1,0,0,0,1.0
995,18,dance,1,0,0,0,1.0
995,80,music,1,1,0,1,6.0
995,378,dance,1,0,0,0,1.0
995,27,music,0,0,0,0,0.0
995,286,dance,1,0,0,0,1.0
995,415,dance,0,0,0,0,0.0
995,34,travel,1,1,0,0,3.0
995,147,dance,0,0,0,0,0.0
995,104,dance,1,0,0,0,1.0
995,282,music,1,1,0,0,3.0
996,264,comedy,0,0,0,0,0.0
996,59,travel,1,0,0,0,1.0
996,351,cooking,1,0,0,0,1.0
996,446,cooking,1,0,0,0,1.0
996,36,education,1,0,0,1,4.0
996,18,comedy,1,1,0,0,3.0
996,418,comedy,0,0,0,0,0.0
996,72,comedy,1,0,0,0,1.0
997,144,cooking,1,0,0,0,1.0
997,368,sports,1,1,0,0,3.0
997,257,sports,1,0,0,0,1.0
997,186,comedy,1,0,0,0,1.0
997,341,dance,0,0,0,0,0.0
997,340,comedy,1,1,0,0,3.0
997,253,comedy,1,1,0,0,3.0
997,414,education,1,0,0,0,1.0
997,471,travel,1,0,0,0,1.0
997,471,gaming,1,1,0,0,3.0
997,403,comedy,0,0,0,0,0.0
997,49,sports,0,0,0,0,0.0
997,345,education,0,0,0,0,0.0
997,205,sports,1,0,0,0,1.0
998,186,music,1,1,0,0,3.0
998,303,travel,0,0,0,0,0.0
998,200,comedy,1,0,0,0,1.0
998,90,cooking,1,1,0,0,3.0
998,280,education,0,0,0,0,0.0
998,487,comedy,1,1,0,0,3.0
998,415,cooking,1,0,0,0,1.0
998,166,cooking,1,0,0,0,1.0
998,499,education,1,1,0,0,3.0
999,214,travel,1,0,0,0,1.0
999,293,education,1,0,0,0,1.0
999,318,comedy,0,0,0,0,0.0
999,19,travel,1,0,0,0,1.0
999,267,dance,1,0,0,0,1.0
999,415,comedy,1,0,0,0,1.0
999,366,cooking,0,0,0,0,0.0
999,413,music,1,0,0,0,1.0
999,406,travel,1,0,0,0,1.0
999,354,travel,0,0,0,0,0.0
999,3,cooking,1,0,0,0,1.0
999,341,travel,1,0,0,0,1.0
999,401,travel,1,0,0,0,1.0
1000,485,sports,1,0,0,0,1.0
1000,277,dance,1,0,0,0,1.0
1000,337,sports,0,0,0,0,0.0
1000,29,travel,1,0,0,0,1.0
1000,93,gaming,1,0,0,1,4.0
1000,395,sports,0,0,0,0,0.0
1000,146,dance,1,0,0,0,1.0
1000,367,sports,1,0,0,0,1.0
1000,464,comedy,0,0,0,0,0.0
1000,291,sports,0,0,0,0,0.0
1000,101,sports,1,0,0,0,1.0
1000,51,sports,1,0,0,0,1.0
1000,336,sports,1,0,0,0,1.0
1000,101,travel,0,0,0,0,0.0
1001,297,sports,1,1,0,0,3.0
1001,438,dance,1,1,1,0,7.0
1001,345,travel,1,0,0,0,1.0
1001,171,gaming,1,0,0,0,1.0
1001,155,music,1,1,0,0,3.0
1001,237,travel,0,0,0,0,0.0
1001,493,education,1,0,0,0,1.0
1002,78,comedy,1,0,0,0,1.0
1002,105,sports,1,1,0,0,3.0
1002,35,sports,1,0,0,0,1.0
1002,433,sports,1,0,0,0,1.0
1002,192,cooking,1,0,0,1,4.0
1002,495,cooking,1,0,0,0,1.0
1002,230,sports,1,1,1,0,7.0
1002,352,cooking,1,0,0,0,1.0
1002,365,sports,0,0,0,0,0.0
1002,360,music,1,1,0,0,3.0
1002,351,cooking,1,0,0,0,1.0
1003,412,dance,1,0,0,0,1.0
1003,481,cooking,0,0,0,0,0.0
1003,36,cooking,0,0,0,0,0.0
1003,283,gaming,1,1,0,0,3.0
1003,196,cooking,0,0,0,0,0.0
1003,339,gaming,1,0,0,0,1.0
1003,201,gaming,1,0,0,0,1.0
1003,202,gaming,1,0,0,0,1.0
1004,15,gaming,1,0,0,0,1.0
1004,20,gaming,1,1,0,0,3.0
1004,92,education,1,0,0,0,1.0
1004,114,music,1,0,0,0,1.0
1004,403,gaming,1,0,0,0,1.0
1004,207,gaming,0,0,0,0,0.0
1004,298,gaming,1,0,0,0,1.0
1004,314,education,1,0,0,0,1.0
1004,324,gaming,0,0,0,0,0.0
1004,446,gaming,1,1,0,0,3.0
1005,297,dance,1,0,0,0,1.0
1005,104,dance,0,0,0,0,0.0
1005,412,sports,1,0,0,0,1.0
1005,282,travel,0,0,0,0,0.0
1005,443,dance,1,0,0,0,1.0
1005,233,travel,1,0,0,0,1.0
1005,229,dance,1,1,0,0,3.0
1005,291,sports,1,0,0,0,1.0
1005,188,comedy,1,1,0,0,3.0
1005,357,travel,1,1,0,0,3.0
1005,188,dance,1,0,0,0,1.0
1005,176,dance,1,0,0,1,4.0
1006,6,music,0,0,0,0,0.0
1006,225,gaming,1,0,0,0,1.0
1006,175,music,0,0,0,0,0.0
1006,295,travel,1,0,0,0,1.0
1006,84,gaming,1,1,0,0,3.0
1006,115,dance,1,0,0,0,1.0
1006,401,music,0,0,0,0,0.0
1006,498,dance,1,0,0,0,1.0
1006,428,music,1,0,0,0,1.0
1007,29,sports,1,1,0,0,3.0
1007,318,sports,1,1,0,0,3.0
1007,406,travel,1,0,0,0,1.0
1007,116,travel,1,0,0,0,1.0
1007,338,travel,0,0,0,0,0.0
1007,17,sports,1,1,0,0,3.0
1007,105,travel,1,0,0,0,1.0
1007,294,cooking,1,0,0,0,1.0
1007,336,sports,1,0,0,1,4.0
1007,312,travel,1,1,0,0,3.0
1007,466,travel,1,1,0,0,3.0
1007,483,travel,1,1,0,0,3.0
1008,82,dance,1,0,0,0,1.0
1008,356,cooking,0,0,0,0,0.0
1008,65,travel,1,0,0,0,1.0
1008,320,dance,1,0,0,0,1.0
1008,294,dance,1,1,0,0,3.0
1008,114,dance,1,0,0,1,4.0
1008,419,music,0,0,0,0,0.0
1008,278,sports,1,0,0,0,1.0
1008,79,dance,1,0,0,0,1.0
1009,180,education,1,1,0,0,3.0
1009,398,cooking,0,0,0,0,0.0
1009,319,dance,1,1,0,0,3.0
1009,128,education,1,0,0,0,1.0
1009,249,dance,0,0,0,0,0.0
1009,218,cooking,1,0,0,0,1.0
1009,30,education,1,0,0,0,1.0
1009,481,comedy,1,0,0,0,1.0
1009,20,education,0,0,0,0,0.0
1009,298,music,1,0,0,0,1.0
1010,198,travel,1,0,0,0,1.0
1010,402,cooking,1,0,0,0,1.0
1010,476,cooking,1,0,0,0,1.0
1010,114,music,1,1,0,0,3.0
1010,465,travel,1,0,0,0,1.0
1010,413,gaming,1,0,0,0,1.0
1010,416,music,1,1,0,0,3.0
1010,376,travel,0,0,0,0,0.0
1010,444,travel,0,0,0,0,0.0
1010,73,travel,1,0,0,0,1.0
1011,236,comedy,1,0,0,0,1.0
1011,210,gaming,1,1,0,0,3.0
1011,479,comedy,1,0,0,0,1.0
1011,172,comedy,1,0,0,0,1.0
1011,379,cooking,1,0,0,0,1.0
1011,340,travel,1,1,0,0,3.0
1011,422,education,1,1,0,0,3.0
1011,116,comedy,1,1,0,0,3.0
1011,73,comedy,1,0,0,0,1.0
1011,5,dance,1,0,0,0,1.0
1012,254,music,1,1,0,0,3.0
1012,91,cooking,0,0,0,0,0.0
1012,360,travel,1,0,0,0,1.0
1012,73,cooking,0,0,0,0,0.0
1012,14,cooking,0,0,0,0,0.0
1012,62,education,1,0,0,0,1.0
1012,424,cooking,0,0,0,0,0.0
1012,463,cooking,1,0,0,0,1.0
1012,231,cooking,1,1,0,0,3.0
1012,304,cooking,1,0,0,0,1.0
1012,228,music,1,0,0,0,1.0
1012,395,music,1,0,0,1,4.0
1012,196,cooking,1,0,0,0,1.0
1013,410,gaming,1,0,0,0,1.0
1013,438,dance,1,0,0,0,1.0
1013,13,music,1,0,0,0,1.0
1013,10,travel,1,0,0,0,1.0
1013,134,music,1,0,0,0,1.0
1013,472,music,1,0,0,0,1.0
1013,22,cooking,1,1,0,0,3.0
1013,1,cooking,1,1,0,0,3.0
1013,340,travel,1,0,0,0,1.0
1013,19,dance,1,1,0,0,3.0
1014,96,dance,1,0,0,0,1.0
1014,307,gaming,1,0,0,0,1.0
1014,123,music,1,1,0,0,3.0
1014,154,dance,1,0,0,0,1.0
1014,299,education,1,0,0,0,1.0
1014,367,cooking,1,0,0,0,1.0
1014,310,music,1,0,0,0,1.0
1014,268,dance,1,1,0,0,3.0
1014,466,dance,1,0,0,0,1.0
1014,187,sports,0,0,0,0,0.0
1014,139,dance,0,0,0,0,0.0
1015,429,gaming,1,0,0,0,1.0
1015,275,gaming,1,0,0,0,1.0
1015,431,gaming,1,1,0,0,3.0
1015,33,gaming,1,0,0,0,1.0
1015,67,gaming,1,0,0,0,1.0
1015,38,dance,1,0,0,0,1.0
1015,105,gaming,1,0,0,0,1.0
1016,485,music,1,0,0,0,1.0
1016,164,dance,0,0,0,0,0.0
1016,305,cooking,1,0,0,0,1.0
1016,142,cooking,1,1,0,0,3.0
1016,429,dance,1,0,0,0,1.0
1016,465,travel,1,1,0,0,3.0
1016,449,education,1,0,0,0,1.0
1016,247,dance,1,1,0,0,3.0
1016,2,sports,1,0,0,0,1.0
1016,75,music,1,0,0,0,1.0
1016,73,education,1,0,0,0,1.0
1016,478,sports,0,0,0,0,0.0
1016,375,sports,1,0,0,0,1.0
1016,291,music,1,1,0,0,3.0
1017,338,comedy,1,0,0,0,1.0
1017,499,comedy,1,0,0,0,1.0
1017,489,education,1,0,0,0,1.0
1017,276,comedy,0,0,0,0,0.0
1017,460,travel,1,0,0,0,1.0
1017,152,comedy,1,0,0,0,1.0
1018,7,sports,1,0,0,0,1.0
1018,227,sports,1,1,0,0,3.0
1018,203,sports,1,0,0,0,1.0
1018,158,music,1,0,0,0,1.0
1018,31,dance,1,0,0,0,1.0
1018,264,sports,0,0,0,0,0.0
1018,50,dance,1,1,0,0,3.0
1018,33,gaming,1,0,0,0,1.0
1018,66,sports,1,0,0,0,1.0
1018,168,sports,1,1,1,0,7.0
1018,369,sports,1,0,0,0,1.0
1018,173,dance,1,0,0,0,1.0
1018,401,education,1,1,0,0,3.0
1018,324,sports,1,0,0,0,1.0
1018,267,dance,1,0,0,0,1.0
1018,34,sports,1,0,0,0,1.0
1018,425,gaming,1,0,0,0,1.0
1018,98,dance,0,0,0,0,0.0
1019,449,comedy,0,0,0,0,0.0
1019,488,gaming,0,0,0,0,0.0
1019,280,gaming,1,0,0,0,1.0
1019,328,gaming,0,0,0,0,0.0
1019,208,education,1,0,0,0,1.0
1019,210,music,1,0,0,0,1.0
1019,196,gaming,1,0,0,0,1.0
1019,236,comedy,1,1,0,0,3.0
1020,398,dance,1,0,0,0,1.0
1020,43,dance,0,0,0,0,0.0
1020,352,dance,1,0,0,0,1.0
1020,164,dance,1,0,0,0,1.0
1020,484,sports,1,0,0,0,1.0
1020,161,dance,0,0,0,0,0.0
1020,89,sports,1,0,0,0,1.0
1020,160,gaming,1,0,0,0,1.0
1020,48,dance,0,0,0,0,0.0
1020,151,gaming,1,0,0,0,1.0
1021,404,sports,1,0,0,0,1.0
1021,117,sports,1,0,0,0,1.0
1021,283,sports,1,0,0,0,1.0
1021,214,travel,1,0,0,0,1.0
1021,218,cooking,1,0,0,0,1.0
1021,459,education,1,0,0,0,1.0
1021,193,travel,1,1,0,0,3.0
1021,242,sports,1,0,0,0,1.0
1021,354,education,1,0,0,0,1.0
1022,78,gaming,1,1,0,0,3.0
1022,182,gaming,1,1,0,0,3.0
1022,4,gaming,1,0,0,0,1.0
1022,104,gaming,1,0,0,0,1.0
1022,367,travel,1,0,0,0,1.0
1022,373,gaming,1,0,0,1,4.0
1022,36,gaming,1,0,0,0,1.0
1022,137,gaming,1,0,0,0,1.0
1022,467,gaming,1,0,0,0,1.0
1023,4,music,1,0,0,0,1.0
1023,316,sports,1,0,0,0,1.0
1023,493,sports,1,0,0,0,1.0
1023,100,sports,1,0,0,0,1.0
1023,200,sports,0,0,0,0,0.0
1023,312,gaming,0,0,0,0,0.0
1023,219,travel,1,1,0,0,3.0
1023,325,sports,1,0,0,0,1.0
1023,79,travel,1,0,0,0,1.0
1023,217,travel,0,0,0,0,0.0
1024,353,education,1,0,0,0,1.0
1024,343,travel,1,1,0,0,3.0
1024,369,music,1,0,0,0,1.0
1024,248,music,1,0,0,0,1.0
1024,157,music,1,1,0,0,3.0
1024,387,music,1,0,0,0,1.0
1024,113,comedy,1,1,0,0,3.0
1024,404,education,1,0,0,0,1.0
1024,418,music,0,0,0,0,0.0
1024,22,music,1,1,0,0,3.0
1024,336,education,1,0,0,0,1.0
1024,151,travel,1,0,0,0,1.0
1024,321,education,1,1,0,0,3.0
1025,30,education,1,0,0,0,1.0
1025,99,education,0,0,0,0,0.0
1025,347,dance,1,0,0,0,1.0
1025,322,education,0,0,0,0,0.0
1025,154,education,0,0,0,0,0.0
1025,490,education,1,1,0,0,3.0
1025,487,education,1,0,0,0,1.0
1025,63,sports,1,0,0,0,1.0
1025,452,education,0,0,0,0,0.0
1025,397,comedy,1,0,0,0,1.0
1025,404,education,1,0,0,0,1.0
1025,130,education,0,0,0,0,0.0
1025,113,sports,1,0,0,0,1.0
1025,150,comedy,1,0,0,0,1.0
1025,53,dance,1,0,0,0,1.0
1026,84,education,1,0,0,0,1.0
1026,332,sports,1,0,0,0,1.0
1026,382,travel,1,0,0,0,1.0
1026,153,sports,0,0,0,0,0.0
1026,229,comedy,0,0,0,0,0.0
1026,93,cooking,1,0,0,0,1.0
1026,191,cooking,1,1,0,0,3.0
1026,100,cooking,0,0,0,0,0.0
1026,448,travel,1,1,0,0,3.0
1026,196,gaming,1,0,0,0,1.0
1026,55,sports,1,0,0,0,1.0
1026,332,comedy,1,0,0,0,1.0
1026,332,travel,1,0,0,0,1.0
1026,13,dance,0,0,0,0,0.0
1026,348,sports,1,0,0,0,1.0
1027,86,dance,1,0,0,0,1.0
1027,257,sports,1,0,0,0,1.0
1027,476,gaming,0,0,0,0,0.0
1027,20,cooking,0,0,0,0,0.0
1027,338,gaming,1,0,0,0,1.0
1027,478,dance,0,0,0,0,0.0
1027,305,cooking,0,0,0,0,0.0
1027,497,gaming,0,0,0,0,0.0
1027,291,gaming,0,0,0,0,0.0
1027,312,music,1,0,0,0,1.0
1027,464,music,1,1,1,0,7.0
1027,344,dance,1,0,0,0,1.0
1027,114,gaming,0,0,0,0,0.0
1028,349,gaming,1,1,0,0,3.0
1028,149,travel,1,1,0,0,3.0
1028,15,comedy,1,1,0,0,3.0
1028,293,music,1,0,0,0,1.0
1028,10,dance,0,0,0,0,0.0
1028,20,travel,1,1,0,0,3.0
1028,259,travel,1,0,0,0,1.0
1028,251,education,1,0,0,0,1.0
1028,216,gaming,1,1,0,0,3.0
1029,186,comedy,1,0,0,0,1.0
1029,56,music,0,0,0,0,0.0
1029,72,music,1,1,0,0,3.0
1029,41,cooking,0,0,0,0,0.0
1029,77,music,1,0,0,0,1.0
1029,75,travel,1,0,0,0,1.0
1029,469,dance,0,0,0,0,0.0
1029,492,comedy,1,0,0,1,4.0
1029,104,cooking,0,0,0,0,0.0
1030,6,gaming,1,0,0,0,1.0
1030,348,dance,1,1,0,0,3.0
1030,241,cooking,1,0,0,0,1.0
1030,331,dance,1,0,0,0,1.0
1030,8,dance,1,1,1,0,7.0
1030,495,sports,1,0,0,0,1.0
1030,156,gaming,1,0,0,0,1.0
1030,491,sports,1,0,0,0,1.0
1030,418,gaming,1,0,0,0,1.0
1030,423,cooking,0,0,0,0,0.0
1030,219,dance,1,1,0,0,3.0
1031,143,cooking,0,0,0,0,0.0
1031,79,education,0,0,0,0,0.0
1031,126,education,1,1,0,1,6.0
1031,326,dance,1,0,0,0,1.0
1031,299,sports,1,0,0,0,1.0
1031,476,sports,0,0,0,0,0.0
1031,423,education,1,0,0,0,1.0
1031,64,gaming,0,0,0,0,0.0
1031,96,dance,1,0,0,0,1.0
1031,332,dance,1,0,0,0,1.0
1031,370,cooking,0,0,0,0,0.0
1031,125,education,1,1,0,0,3.0
1031,55,education,1,0,0,0,1.0
1031,368,dance,1,1,1,0,7.0
1032,138,sports,1,1,0,0,3.0
1032,259,cooking,1,0,0,0,1.0
1032,462,comedy,1,0,0,0,1.0
1032,287,travel,0,0,0,0,0.0
1032,479,sports,0,0,0,0,0.0
1032,496,comedy,1,0,0,0,1.0
1032,239,travel,1,0,0,0,1.0
1032,311,comedy,1,0,0,0,1.0
1032,19,education,0,0,0,0,0.0
1033,446,music,0,0,0,0,0.0
1033,213,dance,1,0,0,0,1.0
1033,163,cooking,1,1,0,0,3.0
1033,239,education,0,0,0,0,0.0
1033,50,dance,0,0,0,0,0.0
1033,237,dance,0,0,0,0,0.0
1033,194,music,1,0,0,0,1.0
1033,331,dance,1,0,0,0,1.0
1033,91,education,1,0,0,0,1.0
1033,225,sports,1,1,1,0,7.0
1033,392,sports,1,0,0,0,1.0
1034,179,music,0,0,0,0,0.0
1034,484,education,1,0,0,0,1.0
1034,156,sports,0,0,0,0,0.0
1034,474,cooking,1,1,0,0,3.0
1034,134,education,1,0,0,0,1.0
1034,71,sports,1,1,0,0,3.0
1034,99,education,1,0,0,0,1.0
1034,123,education,1,0,0,0,1.0
1034,222,comedy,1,0,0,0,1.0
1034,261,comedy,0,0,0,0,0.0
1035,180,travel,1,0,0,0,1.0
1035,12,comedy,1,1,0,0,3.0
1035,218,cooking,1,0,0,0,1.0
1035,382,travel,1,0,0,0,1.0
1035,353,music,1,0,0,0,1.0
1035,494,comedy,1,0,0,0,1.0
1035,499,cooking,1,1,0,0,3.0
1036,486,education,1,0,0,0,1.0
1036,260,education,1,0,0,0,1.0
1036,254,travel,1,0,0,0,1.0
1036,257,cooking,1,0,0,0,1.0
1036,189,gaming,1,0,0,0,1.0
1036,309,gaming,1,0,0,0,1.0
1036,64,gaming,1,1,0,0,3.0
1036,233,education,1,0,0,0,1.0
1036,253,travel,1,0,0,0,1.0
1036,235,education,1,0,0,0,1.0
1036,193,education,1,1,0,0,3.0
1036,355,comedy,0,0,0,0,0.0
1037,99,sports,1,0,0,0,1.0
1037,302,sports,1,0,0,1,4.0
1037,214,dance,1,0,0,0,1.0
1037,120,dance,1,0,0,0,1.0
1037,150,travel,0,0,0,0,0.0
1037,108,comedy,1,0,0,0,1.0
1037,115,music,0,0,0,0,0.0
1037,140,comedy,1,0,0,0,1.0
1037,334,gaming,1,0,0,0,1.0
1037,4,sports,1,1,1,0,7.0
1038,371,education,1,1,0,0,3.0
1038,179,gaming,1,0,0,0,1.0
1038,418,cooking,0,0,0,0,0.0
1038,261,comedy,1,0,0,0,1.0
1038,183,gaming,1,0,0,0,1.0
1038,301,music,1,0,0,0,1.0
1038,64,travel,1,1,0,0,3.0
1038,395,cooking,0,0,0,0,0.0
1039,51,travel,0,0,0,0,0.0
1039,167,travel,1,0,0,1,4.0
1039,138,music,1,0,0,0,1.0
1039,34,sports,1,1,0,0,3.0
1039,271,cooking,1,0,0,0,1.0
1039,460,travel,1,0,0,0,1.0
1040,224,music,0,0,0,0,0.0
1040,244,gaming,1,0,0,0,1.0
1040,161,comedy,1,0,0,0,1.0
1040,125,gaming,1,0,0,0,1.0
1040,234,gaming,1,0,0,0,1.0
1040,382,gaming,1,0,0,0,1.0
1040,11,cooking,0,0,0,0,0.0
1040,146,gaming,1,0,0,0,1.0
1041,110,dance,1,0,0,0,1.0
1041,53,dance,0,0,0,0,0.0
1041,110,music,1,0,0,0,1.0
1041,260,travel,1,0,0,0,1.0
1041,426,dance,1,1,0,0,3.0
1041,374,cooking,1,0,0,0,1.0
1041,481,education,1,1,1,0,7.0
1041,52,music,1,0,0,0,1.0
1041,204,music,1,0,0,0,1.0
1041,46,comedy,1,0,0,0,1.0
1041,301,gaming,1,1,0,0,3.0
1041,130,dance,1,0,0,1,4.0
1041,83,sports,0,0,0,0,0.0
1041,473,dance,1,1,0,0,3.0
1041,309,travel,1,0,0,0,1.0
1041,384,gaming,1,1,1,1,10.0
1042,208,education,1,1,0,0,3.0
1042,40,comedy,1,0,0,0,1.0
1042,420,music,1,1,0,0,3.0
1042,133,sports,0,0,0,0,0.0
1042,224,sports,1,0,0,0,1.0
1042,203,music,0,0,0,0,0.0
1042,250,dance,1,0,0,0,1.0
1042,122,dance,1,0,0,0,1.0
1042,466,dance,1,0,0,0,1.0
1042,228,sports,1,0,0,0,1.0
1042,285,dance,1,1,0,0,3.0
1043,470,cooking,1,0,0,0,1.0
1043,268,education,1,0,0,0,1.0
1043,225,comedy,1,0,0,0,1.0
1043,380,travel,1,0,0,0,1.0
1043,328,cooking,1,1,0,0,3.0
1043,146,education,1,1,0,0,3.0
1043,122,travel,1,0,0,0,1.0
1043,139,music,1,0,0,0,1.0
1043,174,dance,0,0,0,0,0.0
1043,203,comedy,1,0,0,0,1.0
1043,287,music,0,0,0,0,0.0
1043,92,dance,1,0,0,1,4.0
1043,470,dance,1,1,1,0,7.0
1043,286,dance,1,1,1,0,7.0
1044,499,dance,0,0,0,0,0.0
1044,140,cooking,1,1,0,0,3.0
1044,195,cooking,0,0,0,0,0.0
1044,395,music,1,1,0,0,3.0
1044,76,cooking,0,0,0,0,0.0
1044,455,dance,1,0,0,0,1.0
1044,322,music,1,0,0,0,1.0
1044,11,dance,1,0,0,0,1.0
1044,431,comedy,1,0,0,0,1.0
1045,271,gaming,1,0,0,0,1.0
1045,231,gaming,1,0,0,0,1.0
1045,466,travel,1,1,0,0,3.0
1045,192,sports,1,0,0,0,1.0
1046,408,cooking,1,0,0,0,1.0
1046,179,cooking,0,0,0,0,0.0
1046,372,sports,0,0,0,0,0.0
1046,112,dance,1,0,0,0,1.0
1046,121,music,1,0,0,0,1.0
1046,219,dance,1,0,0,0,1.0
1046,318,cooking,1,0,0,0,1.0
1046,119,travel,1,1,0,0,3.0
1046,460,music,1,1,0,1,6.0
1046,86,gaming,1,0,0,0,1.0
1046,295,cooking,1,1,0,0,3.0
1046,192,cooking,0,0,0,0,0.0
1046,117,cooking,0,0,0,0,0.0
1046,488,travel,1,0,0,0,1.0
1046,362,cooking,1,1,1,0,7.0
1047,325,gaming,1,0,0,0,1.0
1047,460,gaming,0,0,0,0,0.0
1047,424,gaming,1,0,0,0,1.0
1047,27,gaming,1,0,0,0,1.0
1047,430,gaming,0,0,0,0,0.0
1047,33,education,0,0,0,0,0.0
1047,390,sports,1,0,0,0,1.0
1047,65,gaming,1,0,0,0,1.0
1047,344,cooking,1,0,0,0,1.0
1047,489,travel,1,0,0,0,1.0
1048,412,education,1,0,0,0,1.0
1048,219,education,1,0,0,0,1.0
1048,365,education,1,1,0,0,3.0
1048,111,travel,1,0,0,0,1.0
1048,75,education,1,0,0,0,1.0
1048,18,music,1,1,0,1,6.0
1048,61,travel,1,0,0,0,1.0
1048,36,travel,0,0,0,0,0.0
1048,101,travel,0,0,0,0,0.0
1048,196,education,1,0,0,0,1.0
1049,487,education,0,0,0,0,0.0
1049,116,comedy,1,0,0,0,1.0
1049,100,travel,1,1,1,1,10.0
1049,293,dance,1,1,0,0,3.0
1049,458,dance,0,0,0,0,0.0
1049,184,music,1,0,0,0,1.0
1049,5,dance,1,1,0,0,3.0
1049,499,gaming,1,1,0,0,3.0
1049,16,education,0,0,0,0,0.0
1049,478,comedy,1,1,1,0,7.0
1050,191,education,1,0,0,0,1.0
1050,18,education,1,1,0,0,3.0
1050,441,dance,1,0,0,0,1.0
1050,469,comedy,1,0,0,0,1.0
1050,478,comedy,1,0,0,0,1.0
1050,464,music,1,1,1,0,7.0
1050,116,music,1,0,0,0,1.0
1050,487,music,1,0,0,0,1.0
1051,46,music,0,0,0,0,0.0
1051,495,music,1,0,0,0,1.0
1051,369,sports,1,0,0,0,1.0
1051,129,music,1,0,0,0,1.0
1051,476,sports,1,0,0,0,1.0
1051,305,sports,1,0,0,0,1.0
1051,334,cooking,0,0,0,0,0.0
1051,460,dance,1,0,0,0,1.0
1051,497,cooking,0,0,0,0,0.0
1051,308,sports,1,1,0,0,3.0
1052,494,education,1,0,0,0,1.0
1052,29,comedy,1,0,0,0,1.0
1052,40,dance,1,0,0,0,1.0
1052,221,education,1,0,0,0,1.0
1052,275,dance,1,0,0,0,1.0
1052,449,comedy,1,1,1,0,7.0
1053,145,sports,0,0,0,0,0.0
1053,192,sports,1,1,0,0,3.0
1053,357,sports,1,0,0,0,1.0
1053,14,music,1,0,0,0,1.0
1053,135,gaming,1,0,0,0,1.0
1053,122,sports,1,0,0,0,1.0
1053,84,music,1,0,0,0,1.0
1053,60,sports,1,0,0,0,1.0
1053,18,music,1,0,0,0,1.0
1053,374,sports,1,0,0,0,1.0
1054,352,gaming,1,0,0,0,1.0
1054,84,gaming,1,0,0,0,1.0
1054,180,comedy,1,0,0,0,1.0
1054,22,music,1,0,0,0,1.0
1054,406,education,1,0,0,0,1.0
1054,200,music,1,0,0,0,1.0
1054,361,comedy,1,0,0,0,1.0
1054,229,music,1,0,0,0,1.0
1054,341,travel,0,0,0,0,0.0
1054,382,comedy,1,1,0,0,3.0
1054,176,comedy,1,0,0,1,4.0
1054,471,education,1,0,0,0,1.0
1055,357,travel,1,0,0,0,1.0
1055,171,travel,1,1,0,0,3.0
1055,21,education,1,0,0,0,1.0
1055,480,cooking,1,0,0,1,4.0
1055,411,cooking,1,1,0,0,3.0
1055,388,dance,1,0,0,0,1.0
1055,409,cooking,1,1,0,0,3.0
1056,254,education,1,0,0,0,1.0
1056,480,music,1,0,0,1,4.0
1056,118,travel,1,0,0,0,1.0
1056,45,education,1,1,0,0,3.0
1056,171,comedy,1,1,0,0,3.0
1056,498,travel,0,0,0,0,0.0
1056,387,education,0,0,0,0,0.0
1056,116,comedy,1,0,0,0,1.0
1056,420,travel,1,1,0,0,3.0
1056,396,travel,1,0,0,0,1.0
1056,192,cooking,1,0,0,0,1.0
1056,43,comedy,1,0,0,0,1.0
1057,461,music,1,0,0,1,4.0
1057,287,cooking,1,0,0,0,1.0
1057,2,education,1,0,0,0,1.0
1057,421,cooking,1,0,0,0,1.0
1057,123,dance,1,1,0,0,3.0
1057,191,dance,0,0,0,0,0.0
1057,288,cooking,0,0,0,0,0.0
1058,319,dance,1,0,0,0,1.0
1058,215,dance,1,1,0,0,3.0
1058,410,dance,1,0,0,0,1.0
1058,86,dance,1,0,0,0,1.0
1058,61,sports,1,0,0,0,1.0
1058,181,dance,1,1,1,0,7.0
1058,472,travel,1,0,0,0,1.0
1059,405,gaming,0,0,0,0,0.0
1059,197,sports,1,0,0,0,1.0
1059,319,gaming,1,0,0,0,1.0
1059,111,gaming,1,0,0,0,1.0
1059,22,gaming,1,0,0,0,1.0
1059,157,gaming,1,1,0,0,3.0
1059,13,education,1,0,0,1,4.0
1059,160,gaming,1,0,0,0,1.0
1060,455,gaming,1,0,0,0,1.0
1060,302,cooking,1,0,0,0,1.0
1060,403,cooking,1,0,0,0,1.0
1060,25,gaming,0,0,0,0,0.0
1060,275,education,1,0,0,0,1.0
1060,419,sports,1,0,0,0,1.0
1060,154,cooking,1,0,0,0,1.0
1060,317,music,1,0,0,0,1.0
1060,224,sports,1,0,0,0,1.0
1060,201,cooking,1,1,1,0,7.0
1060,222,education,1,1,0,0,3.0
1060,245,education,1,0,0,0,1.0
1060,447,gaming,1,0,0,0,1.0
1060,355,sports,1,0,0,0,1.0
1061,355,gaming,1,0,0,0,1.0
1061,369,education,1,0,0,0,1.0
1061,51,education,1,0,0,0,1.0
1061,213,gaming,1,0,0,0,1.0
1061,383,music,1,1,0,0,3.0
1061,131,gaming,1,0,0,0,1.0
1061,470,education,1,0,0,0,1.0
1061,290,cooking,1,0,0,0,1.0
1061,141,music,1,0,0,0,1.0
1061,132,gaming,1,0,0,0,1.0
1062,204,travel,1,0,0,0,1.0
1062,13,dance,1,1,0,0,3.0
1062,244,dance,1,0,0,0,1.0
1062,214,dance,1,0,0,0,1.0
1062,325,dance,1,0,0,0,1.0
1062,329,cooking,1,0,0,0,1.0
1063,28,music,1,0,0,0,1.0
1063,333,music,1,1,1,0,7.0
1063,438,comedy,0,0,0,0,0.0
1063,382,comedy,1,0,0,0,1.0
1063,129,comedy,1,0,0,0,1.0
1063,68,music,1,0,0,0,1.0
1063,214,music,1,0,0,0,1.0
1064,161,education,1,0,0,0,1.0
1064,34,dance,1,1,0,0,3.0
1064,170,music,1,1,0,0,3.0
1064,496,gaming,0,0,0,0,0.0
1064,294,dance,1,0,0,0,1.0
1064,3,comedy,0,0,0,0,0.0
1064,463,cooking,1,1,0,0,3.0
1064,13,music,1,0,0,1,4.0
1064,448,gaming,1,1,0,0,3.0
1064,498,education,1,0,0,0,1.0
1064,272,gaming,1,0,0,0,1.0
1064,364,travel,1,0,0,0,1.0
1064,229,dance,1,0,0,0,1.0
1065,303,gaming,1,0,0,0,1.0
1065,407,comedy,1,1,0,0,3.0
1065,49,comedy,1,1,0,0,3.0
1065,29,music,1,0,0,0,1.0
1065,439,travel,1,0,0,0,1.0
1065,42,travel,1,1,0,0,3.0
1065,18,dance,0,0,0,0,0.0
1065,139,gaming,0,0,0,0,0.0
1065,173,gaming,0,0,0,0,0.0
1065,405,sports,0,0,0,0,0.0
1065,230,gaming,1,0,0,1,4.0
1066,58,cooking,1,0,0,0,1.0
1066,216,music,0,0,0,0,0.0
1066,300,education,1,0,0,1,4.0
1066,199,education,1,0,0,0,1.0
1066,307,cooking,0,0,0,0,0.0
1066,182,cooking,1,0,0,0,1.0
1066,25,cooking,1,0,0,0,1.0
1066,152,cooking,0,0,0,0,0.0
1066,431,comedy,1,0,0,0,1.0
1066,473,travel,1,0,0,0,1.0
1066,311,education,0,0,0,0,0.0
1067,146,travel,1,0,0,0,1.0
1067,421,travel,1,0,0,0,1.0
1067,9,gaming,1,1,0,0,3.0
1067,224,comedy,1,0,0,0,1.0
1067,125,comedy,1,1,0,0,3.0
1067,294,travel,0,0,0,0,0.0
1067,487,comedy,0,0,0,0,0.0
1067,2,travel,1,1,0,0,3.0
1067,319,sports,1,1,0,0,3.0
1067,420,education,1,1,0,0,3.0
1067,250,education,1,0,0,0,1.0
1067,257,music,1,1,0,0,3.0
1067,166,gaming,1,1,0,0,3.0
1067,115,gaming,0,0,0,0,0.0
1067,48,music,1,1,0,0,3.0
1068,197,education,1,0,0,0,1.0
1068,472,music,0,0,0,0,0.0
1068,492,music,1,0,0,0,1.0
1068,401,education,1,1,0,0,3.0
1068,247,comedy,0,0,0,0,0.0
1068,13,sports,1,0,0,0,1.0
1068,233,education,1,0,0,0,1.0
1068,385,sports,1,0,0,1,4.0
1068,148,travel,1,0,0,1,4.0
1068,258,education,1,0,0,0,1.0
1068,266,education,0,0,0,0,0.0
1069,300,gaming,1,0,0,0,1.0
1069,141,comedy,1,1,0,0,3.0
1069,60,travel,0,0,0,0,0.0
1069,397,gaming,1,0,0,0,1.0
1069,321,travel,0,0,0,0,0.0
1069,203,gaming,1,0,0,0,1.0
1069,274,dance,1,1,0,0,3.0
1069,389,comedy,1,0,0,0,1.0
1069,420,gaming,1,0,0,0,1.0
1069,190,cooking,1,0,0,0,1.0
1069,188,travel,1,1,0,0,3.0
1069,115,gaming,1,0,0,0,1.0
1069,236,travel,1,0,0,0,1.0
1070,22,education,1,0,0,0,1.0
1070,158,gaming,1,0,0,0,1.0
1070,240,sports,1,0,0,0,1.0
1070,499,gaming,1,0,0,0,1.0
1070,75,gaming,1,0,0,0,1.0
1070,440,comedy,1,0,0,0,1.0
1070,221,sports,0,0,0,0,0.0
1070,81,travel,0,0,0,0,0.0
1070,59,travel,1,1,0,0,3.0
1070,403,sports,1,0,0,0,1.0
1070,329,gaming,0,0,0,0,0.0
1070,476,travel,1,1,0,0,3.0
1071,351,dance,1,0,0,0,1.0
1071,139,travel,0,0,0,0,0.0
1071,406,travel,1,0,0,0,1.0
1071,460,sports,1,1,0,0,3.0
1071,455,music,0,0,0,0,0.0
1071,53,music,1,1,0,1,6.0
1071,206,dance,1,1,0,0,3.0
1071,26,cooking,1,0,0,1,4.0
1071,53,dance,1,0,0,0,1.0
1071,273,comedy,1,0,0,0,1.0
1071,323,travel,1,1,0,0,3.0
1072,404,cooking,1,0,0,0,1.0
1072,42,travel,0,0,0,0,0.0
1072,220,gaming,1,1,0,0,3.0
1072,475,dance,1,0,0,0,1.0
1072,87,cooking,1,1,0,0,3.0
1072,385,cooking,0,0,0,0,0.0
1073,148,cooking,1,1,0,0,3.0
1073,370,education,1,0,0,0,1.0
1073,494,cooking,1,1,0,0,3.0
1073,269,cooking,1,0,0,0,1.0
1073,108,travel,1,0,0,0,1.0
1073,398,travel,1,0,0,0,1.0
1073,316,education,1,1,0,0,3.0
1073,346,comedy,1,0,0,0,1.0
1073,484,comedy,0,0,0,0,0.0
1073,153,travel,1,0,0,0,1.0
1073,439,sports,1,0,0,0,1.0
1073,86,comedy,1,1,0,0,3.0
1074,198,gaming,1,1,0,0,3.0
1074,50,education,1,1,0,0,3.0
1074,238,travel,1,0,0,0,1.0
1074,379,comedy,1,0,0,0,1.0
1074,442,music,0,0,0,0,0.0
1074,319,comedy,0,0,0,0,0.0
1074,161,comedy,1,0,0,1,4.0
1074,145,comedy,1,0,0,1,4.0
1074,161,education,1,0,0,0,1.0
1075,138,music,1,1,0,0,3.0
1075,398,education,1,1,0,0,3.0
1075,278,travel,1,1,0,0,3.0
1075,346,travel,1,1,0,0,3.0
1075,177,music,1,1,0,0,3.0
1075,89,cooking,1,0,0,0,1.0
1075,141,education,1,0,0,0,1.0
1075,426,comedy,1,0,0,0,1.0
1075,444,comedy,1,0,0,0,1.0
1075,346,comedy,1,0,0,0,1.0
1076,214,gaming,0,0,0,0,0.0
1076,228,sports,1,0,0,0,1.0
1076,36,gaming,1,1,0,0,3.0
1076,16,music,1,1,0,0,3.0
1076,198,sports,1,1,0,0,3.0
1076,161,gaming,0,0,0,0,0.0
1076,174,gaming,1,0,0,0,1.0
1077,273,dance,1,0,0,0,1.0
1077,23,music,1,0,0,0,1.0
1077,110,music,1,1,0,0,3.0
1077,403,music,1,0,0,0,1.0
1077,243,music,1,0,0,0,1.0
1077,38,gaming,0,0,0,0,0.0
1077,55,dance,1,1,0,0,3.0
1077,194,gaming,1,0,0,0,1.0
1077,10,music,1,1,0,0,3.0
1077,82,music,1,0,0,0,1.0
1077,149,travel,1,0,0,0,1.0
1077,106,music,0,0,0,0,0.0
1077,457,music,1,1,1,0,7.0
1077,408,music,0,0,0,0,0.0
1077,464,gaming,0,0,0,0,0.0
1077,447,dance,0,0,0,0,0.0
1078,253,sports,1,0,0,0,1.0
1078,419,education,1,0,0,1,4.0
1078,347,cooking,0,0,0,0,0.0
1078,41,travel,1,0,0,0,1.0
1078,360,cooking,1,0,0,0,1.0
1078,236,sports,1,1,0,0,3.0
1078,353,comedy,1,1,0,0,3.0
1079,237,music,0,0,0,0,0.0
1079,246,education,1,0,0,0,1.0
1079,13,dance,1,0,0,0,1.0
1079,131,travel,1,0,0,0,1.0
1079,408,music,1,0,0,0,1.0
1079,434,music,1,1,0,0,3.0
1079,11,travel,1,0,0,0,1.0
1079,393,sports,0,0,0,0,0.0
1079,215,gaming,1,0,0,0,1.0
1079,364,gaming,0,0,0,0,0.0
1080,375,travel,1,1,1,0,7.0
1080,142,cooking,1,0,0,0,1.0
1080,102,dance,1,0,0,0,1.0
1080,149,sports,0,0,0,0,0.0
1080,143,cooking,1,0,0,0,1.0
1080,394,music,1,0,0,0,1.0
1080,214,travel,1,0,0,0,1.0
1080,139,education,1,1,0,0,3.0
1080,281,dance,1,1,0,0,3.0
1080,312,dance,1,0,0,0,1.0
1080,367,music,1,0,0,0,1.0
1081,466,travel,0,0,0,0,0.0
1081,296,dance,1,0,0,0,1.0
1081,278,sports,1,0,0,0,1.0
1081,464,cooking,1,1,0,0,3.0
1081,9,gaming,1,0,0,0,1.0
1081,143,dance,1,0,0,0,1.0
1081,359,travel,1,1,0,1,6.0
1081,224,education,0,0,0,0,0.0
1081,6,sports,1,0,0,0,1.0
1081,438,sports,1,0,0,0,1.0
1081,60,gaming,0,0,0,0,0.0
1081,168,travel,1,0,0,0,1.0
1082,208,cooking,1,0,0,0,1.0
1082,234,sports,1,0,0,0,1.0
1082,61,dance,1,0,0,0,1.0
1082,326,education,1,0,0,0,1.0
1082,288,comedy,1,0,0,0,1.0
1082,433,sports,0,0,0,0,0.0
1082,216,dance,0,0,0,0,0.0
1082,205,dance,1,0,0,0,1.0
1083,177,travel,1,0,0,0,1.0
1083,230,cooking,1,0,0,0,1.0
1083,498,education,1,0,0,0,1.0
1083,29,cooking,1,1,0,0,3.0
1083,486,education,0,0,0,0,0.0
1083,379,travel,1,0,0,0,1.0
1083,4,travel,1,1,1,0,7.0
1083,257,education,1,0,0,0,1.0
1083,375,dance,1,0,0,0,1.0
1083,459,cooking,1,1,0,0,3.0
1083,195,travel,1,0,0,0,1.0
1084,394,sports,1,1,0,0,3.0
1084,128,sports,1,0,0,0,1.0
1084,240,sports,1,0,0,0,1.0
1084,424,cooking,1,1,0,0,3.0
1084,360,cooking,1,1,0,0,3.0
1084,375,dance,1,0,0,0,1.0
1084,435,cooking,1,1,0,0,3.0
1084,346,cooking,1,0,0,0,1.0
1084,189,dance,1,0,0,1,4.0
1084,261,dance,1,0,0,0,1.0
1084,25,dance,1,0,0,0,1.0
1084,316,cooking,0,0,0,0,0.0
1084,358,dance,1,0,0,0,1.0
1085,228,comedy,1,0,0,0,1.0
1085,112,comedy,1,1,0,0,3.0
1085,8,sports,1,0,0,0,1.0
1085,5,comedy,1,1,0,0,3.0
1085,439,sports,1,0,0,0,1.0
1085,234,music,1,0,0,0,1.0
1085,95,sports,1,1,0,0,3.0
1085,86,sports,1,0,0,1,4.0
1086,221,sports,1,0,0,0,1.0
1086,199,music,1,0,0,0,1.0
1086,457,education,1,1,0,0,3.0
1086,138,travel,1,1,0,0,3.0
1086,318,sports,1,0,0,1,4.0
1086,196,travel,1,0,0,0,1.0
1086,325,sports,1,1,1,0,7.0
1086,431,gaming,1,1,0,0,3.0
1086,208,sports,0,0,0,0,0.0
1086,449,travel,1,0,0,0,1.0
1086,431,gaming,1,1,0,0,3.0
1086,97,education,0,0,0,0,0.0
1086,227,gaming,1,1,0,0,3.0
1086,471,comedy,1,0,0,0,1.0
1087,274,cooking,1,0,0,0,1.0
1087,398,comedy,1,0,0,0,1.0
1087,495,cooking,1,1,0,0,3.0
1087,345,music,1,0,0,0,1.0
1087,335,music,1,0,0,0,1.0
1087,87,education,1,0,0,0,1.0
1087,186,music,1,0,0,0,1.0
1087,38,dance,0,0,0,0,0.0
1087,326,dance,1,0,0,0,1.0
1087,110,comedy,1,0,0,1,4.0
1088,406,sports,1,0,0,0,1.0
1088,427,comedy,1,1,0,0,3.0
1088,27,education,0,0,0,0,0.0
1088,95,dance,1,0,0,0,1.0
1088,201,sports,1,0,0,0,1.0
1088,407,comedy,1,1,0,0,3.0
1088,314,travel,1,0,0,0,1.0
1088,471,education,1,0,0,0,1.0
1088,371,travel,1,0,0,0,1.0
1088,229,sports,1,1,0,0,3.0
1089,133,education,1,0,0,1,4.0
1089,371,education,1,1,0,0,3.0
1089,199,sports,1,0,0,0,1.0
1089,353,sports,1,0,0,0,1.0
1089,203,gaming,1,0,0,0,1.0
1089,261,sports,1,0,0,0,1.0
1089,243,education,1,1,0,0,3.0
1089,379,travel,1,0,0,0,1.0
1089,198,sports,1,0,0,0,1.0
1090,54,music,1,1,0,0,3.0
1090,156,comedy,1,0,0,0,1.0
1090,116,comedy,0,0,0,0,0.0
1090,336,dance,1,0,0,0,1.0
1090,212,music,1,0,0,0,1.0
1090,81,cooking,1,0,0,0,1.0
1090,36,music,1,0,0,0,1.0
1090,297,music,0,0,0,0,0.0
1090,332,music,1,1,0,0,3.0
1091,407,gaming,1,0,0,0,1.0
1091,307,gaming,1,0,0,0,1.0
1091,59,sports,0,0,0,0,0.0
1091,283,gaming,1,1,0,0,3.0
1091,259,gaming,1,1,0,0,3.0
1091,111,gaming,1,0,0,0,1.0
1091,495,dance,1,1,0,0,3.0
1091,80,gaming,1,1,0,0,3.0
1091,23,travel,1,0,0,0,1.0
1091,419,comedy,1,0,0,0,1.0
1092,424,music,1,0,0,0,1.0
1092,460,sports,0,0,0,0,0.0
1092,326,sports,0,0,0,0,0.0
1092,334,sports,0,0,0,0,0.0
1092,480,travel,1,0,0,0,1.0
1092,181,travel,1,0,0,0,1.0
1092,162,sports,1,0,0,0,1.0
1092,90,music,1,0,0,0,1.0
1092,399,sports,0,0,0,0,0.0
1092,221,dance,1,0,0,0,1.0
1092,467,sports,1,1,0,0,3.0
1092,467,music,1,0,0,0,1.0
1093,358,travel,1,0,0,0,1.0
1093,115,dance,1,1,0,0,3.0
1093,168,dance,1,0,0,0,1.0
1093,270,dance,1,0,0,0,1.0
1093,109,travel,1,0,0,0,1.0
1093,108,travel,1,1,0,1,6.0
1093,358,travel,1,0,0,0,1.0
1093,177,dance,0,0,0,0,0.0
1093,12,travel,1,0,0,0,1.0
1093,271,travel,1,1,0,0,3.0
1093,486,comedy,1,0,0,1,4.0
1093,103,gaming,1,0,0,0,1.0
1093,210,comedy,1,0,0,0,1.0
1093,452,travel,1,0,0,0,1.0
1093,255,travel,0,0,0,0,0.0
1094,273,cooking,1,0,0,0,1.0
1094,8,education,1,1,0,0,3.0
1094,218,cooking,1,0,0,0,1.0
1094,99,sports,1,1,0,0,3.0
1094,308,travel,0,0,0,0,0.0
1094,463,dance,1,0,0,0,1.0
1094,224,education,0,0,0,0,0.0
1094,480,gaming,1,1,0,0,3.0
1094,172,education,1,0,0,0,1.0
1095,148,education,1,1,0,1,6.0
1095,458,comedy,1,0,0,0,1.0
1095,198,sports,0,0,0,0,0.0
1095,172,cooking,1,0,0,0,1.0
1095,334,sports,1,0,0,0,1.0
1095,279,sports,1,0,0,0,1.0
1095,377,sports,1,0,0,0,1.0
1095,287,comedy,1,0,0,0,1.0
1095,79,travel,0,0,0,0,0.0
1095,358,comedy,0,0,0,0,0.0
1095,162,education,1,0,0,0,1.0
1096,494,travel,1,0,0,0,1.0
1096,365,travel,1,0,0,0,1.0
1096,158,travel,1,0,0,0,1.0
1096,201,travel,0,0,0,0,0.0
1096,268,travel,1,0,0,0,1.0
1096,374,travel,1,0,0,0,1.0
1096,58,music,0,0,0,0,0.0
1096,413,travel,1,1,0,0,3.0
1096,16,travel,1,0,0,0,1.0
1096,424,travel,1,0,0,0,1.0
1096,43,travel,1,0,0,0,1.0
1096,387,travel,1,1,0,0,3.0
1097,320,cooking,1,0,0,0,1.0
1097,387,dance,1,0,0,0,1.0
1097,320,cooking,1,0,0,0,1.0
1097,213,cooking,1,0,0,0,1.0
1097,207,cooking,1,1,0,0,3.0
1097,116,cooking,1,0,0,1,4.0
1097,331,dance,1,0,0,0,1.0
1097,20,gaming,1,1,0,0,3.0
1097,203,cooking,0,0,0,0,0.0
1098,385,sports,0,0,0,0,0.0
1098,166,cooking,0,0,0,0,0.0
1098,279,gaming,1,1,0,0,3.0
1098,57,sports,0,0,0,0,0.0
1098,223,sports,0,0,0,0,0.0
1098,297,travel,0,0,0,0,0.0
1098,482,cooking,0,0,0,0,0.0
1098,131,education,1,0,0,0,1.0
1098,134,travel,1,0,0,0,1.0
1098,412,sports,1,1,0,0,3.0
1098,191,cooking,1,1,0,0,3.0
1098,312,travel,1,0,0,0,1.0
1098,340,travel,1,0,0,0,1.0
1098,13,travel,1,0,0,0,1.0
1099,112,education,0,0,0,0,0.0
1099,349,comedy,1,1,0,0,3.0
1099,465,comedy,1,1,0,0,3.0
1099,341,comedy,1,0,0,1,4.0
1099,125,education,1,0,0,0,1.0
1099,158,dance,1,1,0,0,3.0
1099,165,comedy,0,0,0,0,0.0
1099,65,comedy,1,0,0,0,1.0
1099,266,cooking,1,0,0,0,1.0
1099,282,dance,1,1,1,0,7.0
1099,249,gaming,1,0,0,0,1.0
1099,455,education,1,0,0,0,1.0
1099,290,cooking,0,0,0,0,0.0
1100,127,sports,1,1,0,0,3.0
1100,27,dance,1,0,0,0,1.0
1100,447,gaming,1,0,0,0,1.0
1100,197,sports,1,1,0,0,3.0
1100,418,cooking,0,0,0,0,0.0
1100,61,sports,0,0,0,0,0.0
1100,423,sports,1,0,0,0,1.0
1100,57,dance,1,0,0,0,1.0
1100,6,travel,1,0,0,0,1.0
1101,448,gaming,1,0,0,0,1.0
1101,373,music,1,0,0,0,1.0
1101,330,music,1,0,0,0,1.0
1101,492,gaming,1,1,0,0,3.0
1101,421,travel,1,1,1,0,7.0
1101,106,gaming,1,0,0,1,4.0
1101,98,gaming,0,0,0,0,0.0
1101,12,music,1,0,0,0,1.0
1101,445,gaming,0,0,0,0,0.0
1101,51,gaming,1,0,0,0,1.0
1101,18,music,0,0,0,0,0.0
1102,21,cooking,1,0,0,0,1.0
1102,112,cooking,0,0,0,0,0.0
1102,228,cooking,1,1,1,0,7.0
1102,487,cooking,1,0,0,1,4.0
1102,429,cooking,0,0,0,0,0.0
1102,263,comedy,1,0,0,0,1.0
1102,244,cooking,1,1,0,0,3.0
1102,442,dance,0,0,0,0,0.0
1102,235,dance,0,0,0,0,0.0
1102,140,cooking,0,0,0,0,0.0
1102,285,dance,1,0,0,0,1.0
1102,104,cooking,1,0,0,0,1.0
1102,94,sports,0,0,0,0,0.0
1103,120,music,0,0,0,0,0.0
1103,445,cooking,1,1,0,0,3.0
1103,368,music,1,0,0,1,4.0
1103,391,dance,1,0,0,0,1.0
1103,19,travel,1,0,0,0,1.0
1103,56,dance,1,0,0,0,1.0
1103,118,dance,1,1,0,0,3.0
1103,465,music,0,0,0,0,0.0
1103,73,cooking,1,1,0,0,3.0
1103,70,travel,1,1,0,0,3.0
1103,449,music,1,1,0,0,3.0
1104,261,education,0,0,0,0,0.0
1104,413,education,1,0,0,0,1.0
1104,138,travel,1,0,0,0,1.0
1104,309,cooking,1,0,0,0,1.0
1104,352,music,1,0,0,0,1.0
1104,427,travel,1,0,0,0,1.0
1104,331,music,0,0,0,0,0.0
1104,332,music,1,0,0,0,1.0
1104,268,education,1,0,0,0,1.0
1104,178,cooking,1,1,0,0,3.0
1104,410,comedy,0,0,0,0,0.0
1104,34,education,1,0,0,0,1.0
1104,462,education,1,0,0,0,1.0
1105,218,cooking,1,1,0,1,6.0
1105,212,dance,1,0,0,0,1.0
1105,190,travel,0,0,0,0,0.0
1105,212,cooking,1,0,0,0,1.0
1105,21,sports,1,0,0,0,1.0
1105,217,comedy,1,0,0,0,1.0
1105,144,comedy,1,0,0,0,1.0
1105,132,comedy,0,0,0,0,0.0
1105,63,sports,1,0,0,0,1.0
1105,54,cooking,0,0,0,0,0.0
1106,348,cooking,1,1,0,0,3.0
1106,290,education,1,0,0,0,1.0
1106,113,cooking,1,0,0,0,1.0
1106,104,gaming,0,0,0,0,0.0
1107,96,travel,1,0,0,0,1.0
1107,371,cooking,0,0,0,0,0.0
1107,120,travel,1,0,0,0,1.0
1107,208,music,1,1,0,0,3.0
1107,178,cooking,1,1,0,0,3.0
1107,443,cooking,1,0,0,0,1.0
1107,377,travel,1,1,0,0,3.0
1107,167,travel,1,0,0,0,1.0
1107,14,sports,1,1,0,0,3.0
1107,134,education,1,1,0,0,3.0
1108,157,education,0,0,0,0,0.0
1108,365,travel,1,0,0,0,1.0
1108,493,education,1,0,0,0,1.0
1108,481,cooking,1,0,0,0,1.0
1108,138,music,0,0,0,0,0.0
1108,264,education,1,0,0,0,1.0
1109,361,education,1,1,1,0,7.0
1109,359,cooking,1,0,0,0,1.0
1109,362,education,1,0,0,0,1.0
1109,138,sports,1,0,0,0,1.0
1109,364,education,1,0,0,1,4.0
1109,104,education,1,0,0,0,1.0
1109,265,education,0,0,0,0,0.0
1109,397,education,1,0,0,0,1.0
1109,27,dance,1,1,0,0,3.0
1109,109,education,1,0,0,0,1.0
1109,238,education,1,1,0,0,3.0
1109,257,dance,0,0,0,0,0.0
1109,75,cooking,1,1,1,0,7.0
1110,454,music,1,0,0,0,1.0
1110,319,music,1,0,0,0,1.0
1110,457,music,1,0,0,0,1.0
1110,380,cooking,1,1,0,0,3.0
1110,483,gaming,1,0,0,0,1.0
1110,123,gaming,1,1,0,0,3.0
1110,23,cooking,1,0,0,0,1.0
1110,240,travel,1,0,0,0,1.0
1110,10,music,0,0,0,0,0.0
1110,232,music,1,0,0,0,1.0
1110,10,gaming,1,0,0,0,1.0
1111,99,cooking,0,0,0,0,0.0
1111,355,cooking,0,0,0,0,0.0
1111,219,cooking,1,0,0,0,1.0
1111,122,music,1,1,0,1,6.0
1111,2,music,1,0,0,0,1.0
1111,97,sports,0,0,0,0,0.0
1111,320,music,1,0,0,0,1.0
1112,99,travel,1,0,0,0,1.0
1112,486,comedy,1,0,0,0,1.0
1112,196,sports,1,1,0,0,3.0
1112,295,music,1,0,0,1,4.0
1112,132,sports,1,0,0,0,1.0
1112,404,cooking,1,1,0,0,3.0
1112,199,sports,1,0,0,0,1.0
1112,200,sports,1,1,0,0,3.0
1112,442,music,0,0,0,0,0.0
1112,413,travel,1,0,0,0,1.0
1113,181,cooking,1,1,0,0,3.0
1113,216,dance,1,0,0,0,1.0
1113,187,education,0,0,0,0,0.0
1113,282,cooking,1,0,0,0,1.0
1113,136,cooking,1,1,0,0,3.0
1113,404,comedy,1,0,0,0,1.0
1113,115,dance,1,1,0,0,3.0
1113,320,cooking,0,0,0,0,0.0
1113,149,comedy,1,0,0,0,1.0
1113,296,music,1,0,0,0,1.0
1113,387,music,1,0,0,0,1.0
1113,394,cooking,0,0,0,0,0.0
1113,316,travel,1,1,0,0,3.0
1113,394,dance,1,0,0,0,1.0
1113,453,gaming,0,0,0,0,0.0
1113,497,gaming,1,0,0,0,1.0
1114,453,cooking,1,1,0,0,3.0
1114,415,gaming,0,0,0,0,0.0
1114,458,comedy,1,0,0,0,1.0
1114,131,dance,1,0,0,0,1.0
1114,154,cooking,1,0,0,0,1.0
1114,100,cooking,1,1,0,0,3.0
1114,121,cooking,1,0,0,0,1.0
1114,70,education,1,0,0,0,1.0
1114,250,dance,0,0,0,0,0.0
1114,163,gaming,1,1,0,0,3.0
1114,498,cooking,1,1,0,0,3.0
1114,82,sports,1,0,0,0,1.0
1114,417,dance,1,0,0,0,1.0
1114,228,dance,0,0,0,0,0.0
1114,326,gaming,1,1,1,0,7.0
1115,367,sports,1,1,1,0,7.0
1115,363,sports,1,0,0,0,1.0
1115,491,education,1,1,0,0,3.0
1115,188,cooking,1,0,0,0,1.0
1115,172,sports,1,1,1,0,7.0
1115,3,sports,1,0,0,0,1.0
1115,110,travel,1,0,0,0,1.0
1115,390,sports,1,0,0,0,1.0
1115,311,dance,1,0,0,0,1.0
1115,138,education,1,0,0,0,1.0
1115,72,travel,1,0,0,0,1.0
1116,317,comedy,0,0,0,0,0.0
1116,466,cooking,1,1,0,1,6.0
1116,181,cooking,1,0,0,0,1.0
1116,5,comedy,0,0,0,0,0.0
1116,330,gaming,1,1,0,0,3.0
1116,226,comedy,1,0,0,0,1.0
1116,57,comedy,1,1,1,0,7.0
1116,54,music,1,0,0,0,1.0
1116,261,comedy,1,0,0,0,1.0
1116,460,travel,1,0,0,0,1.0
1116,445,comedy,1,0,0,0,1.0
1116,431,cooking,1,1,0,0,3.0
1116,127,gaming,1,0,0,0,1.0
1117,484,music,1,0,0,0,1.0
1117,12,gaming,1,0,0,0,1.0
1117,259,comedy,0,0,0,0,0.0
1117,228,gaming,1,0,0,0,1.0
1117,493,travel,1,0,0,0,1.0
1117,365,sports,1,1,0,0,3.0
1117,304,travel,0,0,0,0,0.0
1117,183,music,1,0,0,0,1.0
1117,110,cooking,1,0,0,0,1.0
1118,123,sports,0,0,0,0,0.0
1118,265,comedy,1,0,0,0,1.0
1118,306,sports,1,1,0,0,3.0
1118,32,cooking,1,0,0,0,1.0
1118,187,cooking,1,0,0,0,1.0
1118,298,education,1,0,0,0,1.0
1118,146,sports,1,1,0,0,3.0
1118,379,cooking,1,0,0,0,1.0
1118,490,sports,0,0,0,0,0.0
1119,126,gaming,1,0,0,0,1.0
1119,497,gaming,0,0,0,0,0.0
1119,497,travel,1,0,0,0,1.0
1119,268,cooking,1,1,0,0,3.0
1119,36,travel,1,0,0,0,1.0
1119,406,music,1,0,0,0,1.0
1119,83,comedy,1,1,0,0,3.0
1119,84,cooking,1,1,0,0,3.0
1119,56,cooking,1,0,0,0,1.0
1119,342,gaming,1,0,0,0,1.0
1119,258,cooking,1,0,0,0,1.0
1119,80,music,1,1,0,0,3.0
1119,140,comedy,0,0,0,0,0.0
1119,268,gaming,1,0,0,0,1.0
1120,100,gaming,0,0,0,0,0.0
1120,168,cooking,0,0,0,0,0.0
1120,101,travel,1,1,0,0,3.0
1120,93,comedy,1,0,0,0,1.0
1120,495,gaming,1,0,0,1,4.0
1120,2,cooking,1,1,0,0,3.0
1120,296,education,1,1,0,0,3.0
1120,59,music,1,0,0,0,1.0
1120,226,music,0,0,0,0,0.0
1120,267,music,0,0,0,0,0.0
1120,78,cooking,1,0,0,0,1.0
1121,228,sports,1,1,0,0,3.0
1121,254,sports,1,0,0,0,1.0
1121,327,gaming,1,0,0,0,1.0
1121,42,gaming,1,0,0,0,1.0
1121,17,dance,1,0,0,0,1.0
1121,286,travel,1,1,0,0,3.0
1121,429,travel,1,1,0,0,3.0
1121,361,gaming,1,0,0,1,4.0
1121,444,sports,1,0,0,0,1.0
1121,36,sports,1,1,0,1,6.0
1121,14,education,1,0,0,0,1.0
1121,302,sports,0,0,0,0,0.0
1121,471,dance,1,0,0,0,1.0
1121,273,gaming,1,0,0,0,1.0
1122,199,comedy,1,0,0,0,1.0
1122,434,education,1,0,0,0,1.0
1122,341,cooking,1,0,0,0,1.0
1122,177,music,1,0,0,0,1.0
1122,59,cooking,1,0,0,0,1.0
1122,85,comedy,0,0,0,0,0.0
1122,203,music,1,0,0,0,1.0
1122,372,music,1,0,0,0,1.0
1122,157,education,1,0,0,0,1.0
1122,444,comedy,1,0,0,0,1.0
1122,422,cooking,0,0,0,0,0.0
1122,315,sports,0,0,0,0,0.0
1122,418,cooking,1,0,0,0,1.0
1123,434,cooking,1,0,0,0,1.0
1123,211,comedy,0,0,0,0,0.0
1123,430,music,1,1,0,0,3.0
1123,179,music,1,0,0,0,1.0
1123,150,music,1,0,0,0,1.0
1123,130,comedy,0,0,0,0,0.0
1123,473,comedy,1,1,0,0,3.0
1123,144,comedy,1,0,0,0,1.0
1123,387,comedy,0,0,0,0,0.0
1123,162,sports,1,0,0,0,1.0
1123,448,sports,1,0,0,0,1.0
1123,197,music,1,0,0,0,1.0
1124,343,education,1,0,0,0,1.0
1124,45,gaming,1,0,0,0,1.0
1124,325,gaming,1,0,0,0,1.0
1124,389,cooking,1,0,0,0,1.0
1124,328,cooking,1,0,0,1,4.0
1124,330,gaming,1,0,0,0,1.0
1124,229,education,1,0,0,0,1.0
1124,405,cooking,1,0,0,0,1.0
1124,67,education,0,0,0,0,0.0
1124,94,gaming,1,0,0,0,1.0
1124,51,sports,1,1,0,0,3.0
1124,85,cooking,1,0,0,0,1.0
1125,388,education,1,0,0,0,1.0
1125,91,gaming,1,0,0,0,1.0
1125,350,travel,1,0,0,0,1.0
1125,411,dance,1,0,0,1,4.0
1125,7,dance,1,0,0,0,1.0
1125,82,gaming,1,0,0,0,1.0
1125,335,dance,1,0,0,0,1.0
1126,188,comedy,1,0,0,0,1.0
1126,447,sports,1,0,0,0,1.0
1126,121,sports,1,0,0,0,1.0
1126,276,travel,1,0,0,0,1.0
1126,170,comedy,1,1,0,0,3.0
1126,110,dance,1,0,0,0,1.0
1126,7,education,1,0,0,0,1.0
1127,348,cooking,0,0,0,0,0.0
1127,412,comedy,1,0,0,0,1.0
1127,183,gaming,1,1,0,0,3.0
1127,86,dance,1,0,0,0,1.0
1127,195,cooking,1,0,0,0,1.0
1127,64,sports,1,1,0,0,3.0
1127,58,sports,1,0,0,0,1.0
1127,230,travel,1,0,0,0,1.0
1127,475,gaming,1,0,0,0,1.0
1128,111,gaming,0,0,0,0,0.0
1128,289,music,0,0,0,0,0.0
1128,111,music,1,0,0,1,4.0
1128,490,dance,1,0,0,0,1.0
1128,400,music,1,1,0,0,3.0
1128,160,music,1,1,0,0,3.0
1128,407,music,1,1,0,0,3.0
1128,451,travel,0,0,0,0,0.0
1128,63,music,1,1,0,0,3.0
1128,40,music,1,1,0,0,3.0
1128,87,gaming,1,1,0,0,3.0
1128,455,music,1,0,0,0,1.0
1128,161,music,0,0,0,0,0.0
1129,190,comedy,1,1,0,0,3.0
1129,202,sports,1,0,0,0,1.0
1129,14,cooking,1,0,0,0,1.0
1129,167,cooking,1,0,0,0,1.0
1129,310,education,1,0,0,0,1.0
1129,135,sports,1,1,0,0,3.0
1129,24,sports,1,0,0,0,1.0
1129,489,sports,0,0,0,0,0.0
1129,133,cooking,1,1,1,0,7.0
1129,191,cooking,1,0,0,0,1.0
1130,4,education,1,0,0,0,1.0
1130,210,education,1,0,0,0,1.0
1130,80,education,1,0,0,0,1.0
1130,190,comedy,1,0,0,0,1.0
1130,331,education,1,1,0,0,3.0
1130,292,comedy,1,0,0,0,1.0
1130,385,education,1,0,0,0,1.0
1130,154,sports,0,0,0,0,0.0
1130,126,dance,1,0,0,0,1.0
1130,155,education,1,1,0,0,3.0
1130,136,music,0,0,0,0,0.0
1130,441,education,1,1,0,0,3.0
1130,185,education,1,1,0,0,3.0
1130,228,education,1,0,0,0,1.0
1131,119,education,1,0,0,0,1.0
1131,448,education,1,0,0,0,1.0
1131,219,education,1,0,0,0,1.0
1131,373,dance,1,0,0,0,1.0
1131,326,sports,1,0,0,0,1.0
1131,8,sports,0,0,0,0,0.0
1131,370,gaming,1,0,0,0,1.0
1131,310,gaming,1,0,0,0,1.0
1131,183,gaming,0,0,0,0,0.0
1131,255,sports,1,1,0,0,3.0
1131,322,dance,1,0,0,0,1.0
1131,51,dance,1,0,0,0,1.0
1131,151,education,1,0,0,0,1.0
1131,143,dance,1,0,0,0,1.0
1131,383,dance,1,0,0,0,1.0
1131,61,education,1,1,0,0,3.0
1131,44,cooking,1,1,1,0,7.0
1131,200,gaming,1,0,0,0,1.0
1131,142,travel,0,0,0,0,0.0
1132,468,gaming,1,0,0,0,1.0
1132,250,music,1,0,0,0,1.0
1132,287,comedy,1,1,0,0,3.0
1132,292,cooking,1,1,0,0,3.0
1132,100,education,1,0,0,0,1.0
1132,469,dance,1,0,0,0,1.0
1132,23,dance,1,1,0,0,3.0
1132,158,music,1,0,0,0,1.0
1133,11,gaming,1,0,0,0,1.0
1133,5,sports,1,1,0,0,3.0
1133,14,gaming,1,1,0,0,3.0
1133,425,travel,1,0,0,0,1.0
1133,476,travel,1,1,0,0,3.0
1133,321,gaming,1,0,0,0,1.0
1133,422,travel,1,1,0,0,3.0
1133,254,travel,0,0,0,0,0.0
1133,315,gaming,1,1,0,0,3.0
1133,104,travel,0,0,0,0,0.0
1134,286,travel,1,0,0,0,1.0
1134,315,comedy,0,0,0,0,0.0
1134,367,cooking,1,1,0,0,3.0
1134,461,travel,1,1,0,1,6.0
1134,287,comedy,1,0,0,0,1.0
1134,313,cooking,1,0,0,0,1.0
1134,212,sports,1,0,0,0,1.0
1134,27,education,1,0,0,0,1.0
1134,149,cooking,1,1,0,0,3.0
1134,43,cooking,1,0,0,0,1.0
1134,432,music,1,0,0,0,1.0
1134,228,music,1,0,0,0,1.0
1135,414,gaming,1,1,0,0,3.0
1135,41,music,1,0,0,0,1.0
1135,111,gaming,1,1,0,0,3.0
1135,167,gaming,1,1,0,0,3.0
1135,242,sports,1,0,0,0,1.0
1135,453,gaming,1,0,0,0,1.0
1136,102,comedy,0,0,0,0,0.0
1136,145,cooking,1,1,0,0,3.0
1136,57,music,1,0,0,0,1.0
1136,168,gaming,1,0,0,0,1.0
1136,54,dance,1,0,0,0,1.0
1136,410,travel,1,0,0,0,1.0
1136,146,music,1,0,0,0,1.0
1136,398,gaming,1,0,0,0,1.0
1136,13,gaming,0,0,0,0,0.0
1136,303,travel,1,0,0,0,1.0
1136,250,comedy,1,0,0,0,1.0
1137,270,travel,1,0,0,0,1.0
1137,80,education,1,0,0,0,1.0
1137,446,dance,1,0,0,0,1.0
1137,64,music,1,0,0,0,1.0
1137,71,education,1,0,0,0,1.0
1137,357,sports,1,0,0,0,1.0
1137,288,education,0,0,0,0,0.0
1137,233,cooking,1,1,0,0,3.0
1137,163,music,0,0,0,0,0.0
1137,395,cooking,0,0,0,0,0.0
1137,79,gaming,1,1,1,0,7.0
1137,467,music,1,1,0,0,3.0
1137,193,education,1,1,0,0,3.0
1137,352,education,1,1,0,0,3.0
1137,340,travel,1,0,0,0,1.0
1137,246,music,1,0,0,0,1.0
1138,378,travel,1,0,0,0,1.0
1138,456,travel,0,0,0,0,0.0
1138,70,cooking,1,0,0,0,1.0
1138,439,travel,1,1,0,0,3.0
1138,444,cooking,1,0,0,0,1.0
1138,259,travel,1,0,0,0,1.0
1138,245,travel,0,0,0,0,0.0
1138,157,travel,1,0,0,0,1.0
1138,485,travel,1,1,0,0,3.0
1138,221,cooking,0,0,0,0,0.0
1138,154,comedy,1,1,0,0,3.0
1138,202,music,1,0,0,0,1.0
1139,459,sports,1,0,0,0,1.0
1139,330,cooking,1,0,0,0,1.0
1139,271,cooking,0,0,0,0,0.0
1139,337,gaming,0,0,0,0,0.0
1139,380,travel,0,0,0,0,0.0
1139,272,dance,1,0,0,0,1.0
1139,286,gaming,0,0,0,0,0.0
1139,8,cooking,1,0,0,0,1.0
1140,78,music,1,0,0,0,1.0
1140,228,comedy,0,0,0,0,0.0
1140,339,dance,1,1,1,0,7.0
1140,64,dance,1,0,0,0,1.0
1140,81,education,1,0,0,0,1.0
1140,449,cooking,1,1,1,1,10.0
1140,143,dance,1,0,0,0,1.0
1140,31,gaming,0,0,0,0,0.0
1140,4,cooking,0,0,0,0,0.0
1140,278,dance,1,0,0,0,1.0
1140,274,cooking,1,0,0,0,1.0
1140,258,dance,1,0,0,0,1.0
1140,381,cooking,1,0,0,0,1.0
1140,74,travel,1,1,0,0,3.0
1140,168,dance,1,1,0,0,3.0
1140,277,dance,1,1,0,0,3.0
1140,410,gaming,1,0,0,0,1.0
1141,187,comedy,1,1,1,0,7.0
1141,407,comedy,1,0,0,0,1.0
1141,240,comedy,1,1,0,0,3.0
1141,137,gaming,1,0,0,0,1.0
1141,232,comedy,0,0,0,0,0.0
1141,82,sports,1,0,0,0,1.0
1141,101,sports,0,0,0,0,0.0
1141,274,gaming,1,1,1,0,7.0
1141,230,gaming,1,0,0,0,1.0
1141,183,gaming,0,0,0,0,0.0
1141,331,sports,1,0,0,0,1.0
1141,56,sports,0,0,0,0,0.0
1142,490,education,1,0,0,0,1.0
1142,124,travel,1,1,1,0,7.0
1142,492,travel,1,0,0,0,1.0
1142,234,travel,1,1,0,0,3.0
1142,457,gaming,1,1,0,0,3.0
1142,428,education,1,0,0,0,1.0
1143,107,education,1,1,0,0,3.0
1143,290,dance,0,0,0,0,0.0
1143,185,dance,1,1,0,0,3.0
1143,32,cooking,1,1,0,0,3.0
1143,13,dance,1,1,0,0,3.0
1143,45,travel,1,1,0,0,3.0
1143,332,sports,1,0,0,0,1.0
1143,384,travel,1,0,0,0,1.0
1143,215,dance,1,0,0,0,1.0
1143,212,dance,0,0,0,0,0.0
1143,44,dance,1,0,0,0,1.0
1143,193,travel,0,0,0,0,0.0
1143,458,travel,1,0,0,0,1.0
1143,405,education,0,0,0,0,0.0
1144,93,travel,1,1,0,1,6.0
1144,108,comedy,1,1,0,0,3.0
1144,335,music,1,0,0,0,1.0
1144,3,music,1,0,0,0,1.0
1144,388,cooking,0,0,0,0,0.0
1144,130,music,1,0,0,0,1.0
1144,167,music,0,0,0,0,0.0
1144,24,music,1,0,0,1,4.0
1144,310,music,1,0,0,0,1.0
1144,3,gaming,1,0,0,0,1.0
1145,297,music,1,0,0,0,1.0
1145,491,dance,0,0,0,0,0.0
1145,99,travel,0,0,0,0,0.0
1145,183,travel,1,1,0,0,3.0
1145,107,dance,1,0,0,0,1.0
1145,229,music,1,1,0,0,3.0
1145,197,cooking,0,0,0,0,0.0
1145,121,music,1,0,0,0,1.0
1145,65,music,1,1,0,0,3.0
1145,381,travel,0,0,0,0,0.0
1145,24,dance,1,0,0,0,1.0
1145,207,music,0,0,0,0,0.0
1145,193,travel,0,0,0,0,0.0
1145,332,comedy,1,0,0,0,1.0
1146,463,sports,0,0,0,0,0.0
1146,233,comedy,1,0,0,0,1.0
1146,208,dance,1,0,0,0,1.0
1146,199,sports,1,0,0,0,1.0
1146,460,sports,0,0,0,0,0.0
1146,178,travel,1,1,1,0,7.0
1146,306,comedy,1,1,1,1,10.0
1146,0,sports,1,0,0,0,1.0
1146,371,sports,0,0,0,0,0.0
1146,87,cooking,1,0,0,0,1.0
1146,15,sports,1,0,0,0,1.0
1146,289,dance,1,0,0,0,1.0
1146,374,sports,1,0,0,0,1.0
1146,68,sports,1,0,0,0,1.0
1147,117,cooking,0,0,0,0,0.0
1147,270,music,1,0,0,0,1.0
1147,217,travel,1,0,0,0,1.0
1147,296,comedy,1,0,0,0,1.0
1147,280,comedy,1,0,0,0,1.0
1147,242,travel,1,1,1,0,7.0
1147,125,gaming,1,0,0,0,1.0
1147,432,gaming,1,0,0,0,1.0
1147,147,gaming,1,0,0,0,1.0
1147,410,education,1,0,0,0,1.0
1148,118,music,1,0,0,0,1.0
1148,254,music,1,0,0,0,1.0
1148,81,travel,1,1,0,0,3.0
1148,346,music,1,0,0,0,1.0
1148,156,music,0,0,0,0,0.0
1148,190,music,1,1,0,0,3.0
1148,44,education,1,0,0,0,1.0
1148,19,education,1,0,0,0,1.0
1149,26,dance,1,1,0,0,3.0
1149,430,education,1,1,0,0,3.0
1149,108,cooking,1,1,1,0,7.0
1149,97,cooking,1,1,1,0,7.0
1149,135,music,1,0,0,0,1.0
1149,262,travel,1,0,0,0,1.0
1149,425,cooking,1,0,0,0,1.0
1149,416,cooking,1,0,0,0,1.0
1149,382,travel,1,0,0,0,1.0
1149,61,cooking,0,0,0,0,0.0
1149,142,dance,1,1,0,0,3.0
1149,90,travel,1,0,0,0,1.0
1149,163,cooking,1,0,0,0,1.0
1150,450,music,1,0,0,0,1.0
1150,35,gaming,0,0,0,0,0.0
1150,180,gaming,1,0,0,0,1.0
1150,270,dance,1,0,0,0,1.0
1150,432,music,1,1,0,0,3.0
1150,84,gaming,1,1,0,0,3.0
1150,481,music,1,0,0,0,1.0
1150,14,education,1,1,0,0,3.0
1150,220,music,1,0,0,0,1.0
1150,458,gaming,0,0,0,0,0.0
1150,42,music,1,0,0,0,1.0
1150,96,music,1,1,0,0,3.0
1150,435,travel,1,0,0,0,1.0
1151,406,sports,1,0,0,0,1.0
1151,106,education,1,0,0,0,1.0
1151,415,gaming,1,0,0,0,1.0
1151,356,comedy,1,0,0,1,4.0
1151,51,education,1,0,0,0,1.0
1151,417,sports,0,0,0,0,0.0
1151,245,gaming,1,0,0,0,1.0
1151,11,education,0,0,0,0,0.0
1151,168,sports,1,1,0,0,3.0
1151,75,education,1,0,0,0,1.0
1151,421,dance,0,0,0,0,0.0
1151,148,dance,1,0,0,0,1.0
1151,457,sports,1,1,0,0,3.0
1151,187,sports,1,0,0,0,1.0
1151,493,sports,1,0,0,0,1.0
1152,247,comedy,1,0,0,0,1.0
1152,290,comedy,0,0,0,0,0.0
1152,122,comedy,1,1,0,1,6.0
1152,154,education,1,0,0,0,1.0
1152,136,comedy,1,0,0,0,1.0
1152,458,comedy,1,1,0,0,3.0
1152,64,comedy,0,0,0,0,0.0
1152,438,dance,1,0,0,0,1.0
1152,328,education,0,0,0,0,0.0
1152,124,education,1,1,0,0,3.0
1152,459,comedy,1,0,0,0,1.0
1152,474,cooking,1,1,0,0,3.0
1152,472,dance,1,0,0,0,1.0
1152,307,travel,1,0,0,0,1.0
1153,180,music,0,0,0,0,0.0
1153,159,sports,1,1,0,0,3.0
1153,279,comedy,1,1,0,0,3.0
1153,229,cooking,1,0,0,0,1.0
1153,0,cooking,0,0,0,0,0.0
1153,0,cooking,1,0,0,0,1.0
1153,21,music,1,0,0,0,1.0
1153,395,education,1,0,0,0,1.0
1153,237,sports,0,0,0,0,0.0
1153,310,comedy,1,0,0,0,1.0
1153,216,dance,1,0,0,0,1.0
1153,236,dance,1,0,0,0,1.0
1153,55,cooking,1,1,0,0,3.0
1153,307,dance,1,1,0,0,3.0
1154,425,gaming,0,0,0,0,0.0
1154,97,sports,1,0,0,0,1.0
1154,420,comedy,0,0,0,0,0.0
1154,171,education,1,0,0,0,1.0
1155,33,cooking,0,0,0,0,0.0
1155,439,comedy,1,0,0,0,1.0
1155,415,music,0,0,0,0,0.0
1155,32,education,1,0,0,0,1.0
1155,189,cooking,1,1,1,0,7.0
1155,483,music,1,0,0,0,1.0
1155,489,sports,1,0,0,0,1.0
1155,333,cooking,1,0,0,0,1.0
1156,430,gaming,1,0,0,0,1.0
1156,490,travel,1,0,0,0,1.0
1156,405,sports,0,0,0,0,0.0
1156,357,cooking,1,1,0,0,3.0
1156,131,music,1,0,0,0,1.0
1156,107,travel,0,0,0,0,0.0
1156,367,sports,1,1,1,1,10.0
1156,469,sports,1,0,0,0,1.0
1156,231,sports,1,0,0,0,1.0
1156,172,travel,1,0,0,0,1.0
1156,342,music,1,0,0,0,1.0
1157,178,travel,1,0,0,0,1.0
1157,416,education,1,0,0,0,1.0
1157,314,music,1,1,0,0,3.0
1157,37,education,1,0,0,0,1.0
1157,339,travel,1,1,1,0,7.0
1157,251,education,0,0,0,0,0.0
1157,188,cooking,1,0,0,0,1.0
1157,245,comedy,0,0,0,0,0.0
1157,119,education,0,0,0,0,0.0
1157,457,music,1,0,0,0,1.0
1157,235,music,1,0,0,0,1.0
1157,72,education,0,0,0,0,0.0
1157,491,education,1,1,0,0,3.0
1157,143,music,1,0,0,0,1.0
1158,219,dance,0,0,0,0,0.0
1158,16,dance,0,0,0,0,0.0
1158,302,travel,1,0,0,0,1.0
1158,166,gaming,1,0,0,0,1.0
1158,284,travel,1,0,0,0,1.0
1158,20,dance,1,1,0,0,3.0
1158,76,education,1,1,0,0,3.0
1158,145,travel,1,1,0,0,3.0
1158,68,gaming,1,0,0,0,1.0
1158,283,sports,1,1,0,0,3.0
1158,472,dance,1,0,0,0,1.0
1158,372,education,0,0,0,0,0.0
1158,178,dance,0,0,0,0,0.0
1158,241,cooking,1,0,0,0,1.0
1159,471,cooking,1,0,0,0,1.0
1159,43,comedy,1,0,0,0,1.0
1159,393,education,1,0,0,0,1.0
1159,129,education,0,0,0,0,0.0
1159,25,dance,1,0,0,0,1.0
1159,21,cooking,1,0,0,0,1.0
1159,499,music,1,0,0,0,1.0
1159,239,dance,1,1,0,0,3.0
1159,196,sports,1,1,0,0,3.0
1159,98,gaming,1,0,0,0,1.0
1159,437,education,1,0,0,0,1.0
1160,32,comedy,1,1,0,0,3.0
1160,30,cooking,1,0,0,1,4.0
1160,221,comedy,0,0,0,0,0.0
1160,188,comedy,1,0,0,0,1.0
1160,94,education,1,1,0,0,3.0
1161,398,travel,1,0,0,0,1.0
1161,344,gaming,0,0,0,0,0.0
1161,55,travel,1,0,0,0,1.0
1161,406,travel,0,0,0,0,0.0
1161,264,cooking,1,0,0,0,1.0
1161,78,gaming,1,1,1,0,7.0
1161,123,cooking,1,1,0,0,3.0
1161,487,travel,1,0,0,0,1.0
1161,272,music,0,0,0,0,0.0
1161,453,travel,0,0,0,0,0.0
1161,107,cooking,1,0,0,1,4.0
1161,209,travel,1,1,0,0,3.0
1161,355,travel,1,0,0,0,1.0
1161,229,sports,1,1,0,0,3.0
1162,189,music,1,0,0,0,1.0
1162,52,dance,1,0,0,0,1.0
1162,447,comedy,1,0,0,0,1.0
1162,214,music,0,0,0,0,0.0
1162,205,comedy,1,0,0,0,1.0
1162,14,education,1,0,0,0,1.0
1163,379,dance,1,0,0,0,1.0
1163,99,sports,1,1,0,0,3.0
1163,161,dance,1,0,0,0,1.0
1163,199,cooking,1,0,0,0,1.0
1163,494,dance,0,0,0,0,0.0
1163,180,sports,1,1,0,0,3.0
1163,147,sports,1,0,0,0,1.0
1163,108,music,1,0,0,0,1.0
1163,491,cooking,1,0,0,0,1.0
1163,253,dance,1,0,0,0,1.0
1163,152,travel,1,0,0,0,1.0
1164,165,music,0,0,0,0,0.0
1164,305,music,1,0,0,0,1.0
1164,246,dance,1,0,0,0,1.0
1164,466,travel,1,0,0,0,1.0
1164,175,education,1,0,0,0,1.0
1164,409,gaming,1,0,0,0,1.0
1164,308,gaming,1,0,0,0,1.0
1164,242,music,1,1,0,0,3.0
1164,376,music,1,0,0,0,1.0
1164,438,gaming,1,0,0,0,1.0
1164,449,music,1,1,0,0,3.0
1164,120,music,1,0,0,0,1.0
1164,136,dance,1,0,0,0,1.0
1165,393,comedy,1,0,0,0,1.0
1165,413,comedy,1,0,0,1,4.0
1165,276,travel,1,0,0,0,1.0
1165,68,cooking,1,0,0,0,1.0
1165,285,sports,1,0,0,0,1.0
1165,21,travel,1,0,0,0,1.0
1165,283,sports,1,0,0,0,1.0
1165,462,gaming,1,0,0,0,1.0
1165,457,travel,1,0,0,0,1.0
1166,60,education,1,0,0,0,1.0
1166,343,cooking,1,0,0,0,1.0
1166,421,sports,1,1,0,0,3.0
1166,408,education,0,0,0,0,0.0
1166,358,cooking,1,1,0,0,3.0
1166,200,cooking,1,0,0,0,1.0
1166,3,education,1,0,0,0,1.0
1166,136,travel,1,0,0,0,1.0
1166,215,education,1,0,0,0,1.0
1166,145,comedy,1,1,0,0,3.0
1167,244,comedy,1,1,1,0,7.0
1167,32,travel,1,1,0,0,3.0
1167,234,gaming,1,0,0,0,1.0
1167,156,education,0,0,0,0,0.0
1167,40,sports,1,0,0,0,1.0
1167,450,comedy,0,0,0,0,0.0
1167,384,comedy,1,1,0,0,3.0
1167,397,dance,1,1,0,0,3.0
1167,215,travel,0,0,0,0,0.0
1167,267,travel,1,1,0,0,3.0
1167,52,gaming,1,1,0,0,3.0
1167,363,travel,1,0,0,0,1.0
1168,28,cooking,0,0,0,0,0.0
1168,420,sports,1,1,0,0,3.0
1168,109,comedy,1,0,0,0,1.0
1168,438,comedy,1,0,0,0,1.0
1168,466,comedy,1,0,0,0,1.0
1168,50,cooking,1,1,0,0,3.0
1168,376,music,1,0,0,0,1.0
1168,266,comedy,1,0,0,0,1.0
1168,7,comedy,1,1,0,0,3.0
1169,352,travel,1,1,0,0,3.0
1169,100,comedy,1,1,1,0,7.0
1169,269,music,0,0,0,0,0.0
1169,163,dance,1,0,0,0,1.0
1169,313,travel,1,0,0,0,1.0
1169,40,sports,1,1,0,0,3.0
1169,190,dance,1,0,0,0,1.0
1169,313,travel,1,0,0,0,1.0
1169,267,music,1,0,0,0,1.0
1169,231,travel,0,0,0,0,0.0
1169,274,music,1,0,0,0,1.0
1169,322,music,1,0,0,0,1.0
1169,294,dance,1,0,0,0,1.0
1169,194,music,1,1,0,0,3.0
1170,165,travel,1,1,0,0,3.0
1170,477,comedy,0,0,0,0,0.0
1170,471,gaming,1,1,0,0,3.0
1170,39,sports,1,1,0,0,3.0
1170,79,gaming,1,0,0,0,1.0
1170,312,gaming,0,0,0,0,0.0
1170,411,gaming,1,0,0,0,1.0
1170,349,gaming,1,1,0,0,3.0
1170,173,travel,0,0,0,0,0.0
1170,195,cooking,1,0,0,0,1.0
1170,216,dance,1,0,0,0,1.0
1170,479,comedy,0,0,0,0,0.0
1171,7,comedy,1,0,0,0,1.0
1171,292,comedy,1,0,0,0,1.0
1171,191,dance,1,0,0,0,1.0
1171,44,sports,1,1,0,0,3.0
1171,202,comedy,1,0,0,0,1.0
1171,265,gaming,1,0,0,0,1.0
1171,315,comedy,1,0,0,0,1.0
1171,271,comedy,1,1,0,0,3.0
1171,64,cooking,1,1,0,0,3.0
1171,114,dance,1,0,0,0,1.0
1171,150,education,1,1,0,0,3.0
1171,280,dance,1,0,0,0,1.0
1171,379,dance,1,0,0,0,1.0
1171,127,dance,1,1,0,0,3.0
1172,388,dance,0,0,0,0,0.0
1172,222,dance,1,0,0,0,1.0
1172,88,dance,1,0,0,0,1.0
1172,50,education,1,0,0,0,1.0
1172,455,dance,0,0,0,0,0.0
1172,487,education,1,1,0,0,3.0
1172,230,dance,1,0,0,0,1.0
1172,314,education,1,0,0,0,1.0
1172,83,comedy,1,0,0,0,1.0
1172,234,cooking,1,1,0,0,3.0
1173,354,gaming,1,0,0,0,1.0
1173,479,comedy,0,0,0,0,0.0
1173,422,travel,1,0,0,0,1.0
1173,257,comedy,1,0,0,0,1.0
1173,214,travel,1,1,0,0,3.0
1173,449,education,0,0,0,0,0.0
1173,369,gaming,1,0,0,1,4.0
1173,210,cooking,1,1,0,0,3.0
1173,261,education,1,0,0,0,1.0
1173,114,cooking,1,0,0,0,1.0
1173,210,gaming,1,1,0,0,3.0
1173,434,gaming,1,1,0,0,3.0
1174,59,comedy,1,0,0,1,4.0
1174,322,travel,1,1,0,0,3.0
1174,157,comedy,0,0,0,0,0.0
1174,91,travel,0,0,0,0,0.0
1174,83,travel,1,0,0,0,1.0
1174,345,comedy,1,1,0,0,3.0
1174,472,comedy,1,0,0,0,1.0
1174,117,comedy,1,0,0,0,1.0
1175,241,cooking,1,0,0,0,1.0
1175,104,dance,0,0,0,0,0.0
1175,20,gaming,1,0,0,0,1.0
1175,26,dance,1,0,0,0,1.0
1175,8,gaming,1,0,0,0,1.0
1175,407,cooking,1,0,0,0,1.0
1175,158,comedy,1,0,0,0,1.0
1175,144,dance,1,0,0,0,1.0
1176,491,cooking,1,0,0,0,1.0
1176,370,travel,1,0,0,0,1.0
1176,319,sports,1,0,0,0,1.0
1176,117,sports,0,0,0,0,0.0
1176,389,dance,1,1,1,0,7.0
1176,337,music,1,1,0,0,3.0
1176,398,travel,1,0,0,0,1.0
1176,91,music,1,0,0,0,1.0
1176,375,comedy,1,0,0,0,1.0
1177,99,travel,0,0,0,0,0.0
1177,236,music,0,0,0,0,0.0
1177,495,gaming,1,0,0,0,1.0
1177,284,education,1,1,0,0,3.0
1177,265,music,1,1,0,0,3.0
1177,342,comedy,1,0,0,0,1.0
1177,384,music,1,0,0,0,1.0
1177,292,sports,1,1,0,0,3.0
1177,227,dance,1,0,0,0,1.0
1177,104,music,0,0,0,0,0.0
1177,240,gaming,0,0,0,0,0.0
1177,113,gaming,1,0,0,0,1.0
1177,499,travel,1,1,0,0,3.0
1177,384,travel,0,0,0,0,0.0
1177,238,education,1,1,0,0,3.0
1177,89,dance,1,0,0,0,1.0
1177,4,comedy,1,0,0,0,1.0
1177,234,travel,1,0,0,0,1.0
1178,396,comedy,1,0,0,0,1.0
1178,4,travel,0,0,0,0,0.0
1178,176,education,1,0,0,0,1.0
1178,351,sports,1,0,0,0,1.0
1178,384,sports,1,0,0,0,1.0
1178,434,sports,1,0,0,0,1.0
1178,283,travel,0,0,0,0,0.0
1178,167,cooking,1,0,0,0,1.0
1178,383,travel,1,0,0,0,1.0
1178,197,dance,1,0,0,0,1.0
1179,380,music,1,0,0,0,1.0
1179,408,dance,1,0,0,0,1.0
1179,200,music,1,0,0,0,1.0
1179,21,music,1,0,0,0,1.0
1179,118,gaming,1,0,0,0,1.0
1179,357,gaming,0,0,0,0,0.0
1179,136,dance,1,1,0,0,3.0
1180,248,sports,1,0,0,0,1.0
1180,338,travel,1,0,0,0,1.0
1180,9,sports,0,0,0,0,0.0
1180,430,gaming,1,0,0,0,1.0
1180,278,gaming,1,0,0,0,1.0
1180,4,gaming,1,1,0,0,3.0
1180,454,travel,1,0,0,0,1.0
1180,248,travel,1,0,0,0,1.0
1181,13,dance,0,0,0,0,0.0
1181,146,music,1,0,0,0,1.0
1181,69,travel,1,0,0,0,1.0
1181,308,sports,1,0,0,0,1.0
1181,326,comedy,1,0,0,0,1.0
1181,392,education,1,0,0,1,4.0
1181,96,travel,1,0,0,0,1.0
1181,328,travel,1,0,0,0,1.0
1181,156,cooking,1,0,0,0,1.0
1181,254,sports,1,1,0,0,3.0
1181,419,comedy,1,0,0,0,1.0
1182,96,comedy,1,0,0,0,1.0
1182,173,music,1,0,0,0,1.0
1182,285,dance,0,0,0,0,0.0
1182,435,comedy,0,0,0,0,0.0
1182,238,music,1,0,0,0,1.0
1182,378,comedy,1,0,0,0,1.0
1182,132,education,1,0,0,0,1.0
1182,307,sports,1,1,1,0,7.0
1182,488,comedy,1,0,0,0,1.0
1182,299,comedy,1,0,0,0,1.0
1183,307,comedy,1,1,0,0,3.0
1183,145,sports,1,0,0,0,1.0
1183,385,education,1,0,0,0,1.0
1183,317,travel,1,0,0,0,1.0
1183,81,gaming,0,0,0,0,0.0
1183,321,comedy,1,0,0,0,1.0
1183,342,education,1,0,0,0,1.0
1183,7,dance,1,0,0,0,1.0
1183,328,education,1,1,0,0,3.0
1183,356,music,1,0,0,0,1.0
1183,349,travel,1,0,0,0,1.0
1183,111,comedy,1,0,0,0,1.0
1183,280,dance,0,0,0,0,0.0
1183,39,dance,1,0,0,0,1.0
1183,97,travel,1,0,0,0,1.0
1183,499,education,1,1,0,0,3.0
1184,210,dance,1,0,0,0,1.0
1184,286,cooking,0,0,0,0,0.0
1184,458,education,1,0,0,0,1.0
1184,337,education,1,0,0,0,1.0
1184,97,cooking,0,0,0,0,0.0
1184,167,sports,1,0,0,0,1.0
1184,409,education,1,1,0,0,3.0
1184,188,dance,1,0,0,0,1.0
1185,15,dance,1,0,0,1,4.0
1185,435,sports,1,1,0,0,3.0
1185,406,dance,1,0,0,0,1.0
1185,34,sports,1,1,0,0,3.0
1185,292,music,1,0,0,0,1.0
1185,128,sports,1,0,0,0,1.0
1185,135,cooking,0,0,0,0,0.0
1185,111,music,1,0,0,0,1.0
1185,435,cooking,1,0,0,0,1.0
1185,211,education,1,1,0,0,3.0
1185,335,education,1,0,0,0,1.0
1185,421,music,1,0,0,0,1.0
1185,284,sports,0,0,0,0,0.0
1185,229,education,1,0,0,0,1.0
1185,387,music,1,0,0,0,1.0
1186,327,education,1,0,0,0,1.0
1186,21,music,0,0,0,0,0.0
1186,341,comedy,0,0,0,0,0.0
1186,322,travel,1,0,0,0,1.0
1186,221,music,1,0,0,0,1.0
1186,16,gaming,1,0,0,0,1.0
1186,295,music,1,0,0,0,1.0
1186,390,travel,1,0,0,0,1.0
1186,385,travel,1,0,0,0,1.0
1187,305,comedy,1,0,0,0,1.0
1187,277,cooking,0,0,0,0,0.0
1187,396,education,1,0,0,0,1.0
1187,200,travel,1,0,0,0,1.0
1187,473,comedy,0,0,0,0,0.0
1187,313,music,1,0,0,0,1.0
1187,244,education,1,0,0,0,1.0
1187,337,education,1,0,0,0,1.0
1187,296,music,1,0,0,0,1.0
1188,305,education,1,0,0,0,1.0
1188,108,music,1,1,1,0,7.0
1188,223,dance,1,0,0,0,1.0
1188,272,dance,0,0,0,0,0.0
1188,187,sports,1,0,0,0,1.0
1188,480,music,1,0,0,0,1.0
1188,486,cooking,1,0,0,0,1.0
1188,9,gaming,1,1,0,0,3.0
1188,498,travel,1,1,0,0,3.0
1188,442,music,1,1,0,0,3.0
1188,196,comedy,1,1,0,0,3.0
1188,98,sports,1,0,0,0,1.0
1188,176,gaming,1,0,0,0,1.0
1188,378,dance,1,0,0,0,1.0
1188,233,dance,1,1,0,0,3.0
1189,490,travel,1,0,0,0,1.0
1189,327,comedy,1,0,0,0,1.0
1189,234,cooking,1,1,0,0,3.0
1189,78,music,1,0,0,0,1.0
1190,78,gaming,1,0,0,0,1.0
1190,338,comedy,1,0,0,0,1.0
1190,159,education,1,0,0,0,1.0
1190,289,comedy,1,0,0,0,1.0
1190,202,travel,1,0,0,0,1.0
1191,149,cooking,1,1,0,0,3.0
1191,439,cooking,1,0,0,0,1.0
1191,91,comedy,0,0,0,0,0.0
1191,235,dance,1,0,0,0,1.0
1191,183,dance,1,0,0,0,1.0
1191,188,sports,1,0,0,0,1.0
1191,289,comedy,1,1,0,0,3.0
1191,426,comedy,1,1,0,0,3.0
1191,295,dance,1,1,0,0,3.0
1191,192,cooking,0,0,0,0,0.0
1191,282,sports,1,1,0,0,3.0
1191,254,dance,1,1,0,0,3.0
1191,499,comedy,1,0,0,0,1.0
1192,226,cooking,1,1,0,0,3.0
1192,485,dance,1,0,0,0,1.0
1192,460,gaming,1,0,0,0,1.0
1192,472,cooking,0,0,0,0,0.0
1192,408,gaming,0,0,0,0,0.0
1192,384,comedy,1,0,0,0,1.0
1192,84,music,1,1,0,0,3.0
1192,493,gaming,1,1,0,0,3.0
1192,301,music,1,1,0,0,3.0
1192,198,comedy,1,1,0,0,3.0
1193,383,gaming,1,0,0,0,1.0
1193,454,cooking,1,0,0,0,1.0
1193,33,music,0,0,0,0,0.0
1193,354,gaming,0,0,0,0,0.0
1193,11,cooking,1,0,0,0,1.0
1193,265,cooking,1,1,0,0,3.0
1193,409,cooking,0,0,0,0,0.0
1193,495,gaming,0,0,0,0,0.0
1193,454,gaming,1,1,0,0,3.0
1193,397,cooking,1,0,0,0,1.0
1193,490,gaming,1,0,0,0,1.0
1193,240,gaming,1,0,0,0,1.0
1193,276,gaming,1,1,0,0,3.0
1193,153,gaming,0,0,0,0,0.0
1194,222,travel,1,0,0,0,1.0
1194,449,gaming,1,0,0,0,1.0
1194,203,sports,1,0,0,0,1.0
1194,171,sports,1,1,0,0,3.0
1194,151,comedy,1,1,0,0,3.0
1194,159,dance,0,0,0,0,0.0
1194,115,sports,1,1,0,0,3.0
1194,301,comedy,0,0,0,0,0.0
1194,425,travel,1,0,0,0,1.0
1194,69,cooking,1,0,0,0,1.0
1194,13,sports,0,0,0,0,0.0
1194,127,dance,1,0,0,0,1.0
1194,23,sports,1,0,0,0,1.0
1194,8,gaming,0,0,0,0,0.0
1194,144,travel,0,0,0,0,0.0
1194,333,gaming,1,0,0,0,1.0
1195,140,education,1,1,0,0,3.0
1195,76,dance,0,0,0,0,0.0
1195,404,travel,1,0,0,0,1.0
1195,407,travel,1,0,0,0,1.0
1195,23,dance,1,0,0,0,1.0
1195,221,dance,1,0,0,0,1.0
1195,29,travel,1,0,0,0,1.0
1195,248,gaming,1,0,0,0,1.0
1195,276,gaming,1,1,0,0,3.0
1195,452,gaming,1,0,0,1,4.0
1195,86,travel,1,1,0,0,3.0
1195,156,gaming,1,1,0,0,3.0
1195,410,dance,1,0,0,0,1.0
1195,250,gaming,1,1,0,0,3.0
1196,104,education,1,0,0,0,1.0
1196,298,comedy,1,0,0,0,1.0
1196,310,dance,1,1,0,0,3.0
1196,475,comedy,1,0,0,0,1.0
1196,50,comedy,1,0,0,0,1.0
1196,47,comedy,1,1,0,0,3.0
1196,474,education,1,0,0,0,1.0
1196,359,comedy,1,0,0,1,4.0
1196,467,dance,1,1,0,0,3.0
1196,378,comedy,1,0,0,0,1.0
1197,285,music,1,1,0,0,3.0
1197,376,comedy,1,0,0,0,1.0
1197,104,music,1,1,0,0,3.0
1197,221,cooking,1,0,0,0,1.0
1197,370,comedy,0,0,0,0,0.0
1197,283,dance,1,1,0,0,3.0
1197,71,comedy,0,0,0,0,0.0
1197,370,sports,1,0,0,0,1.0
1197,402,dance,0,0,0,0,0.0
1197,216,gaming,0,0,0,0,0.0
1197,383,comedy,1,1,0,0,3.0
1197,283,dance,1,0,0,0,1.0
1197,331,gaming,1,0,0,0,1.0
1197,78,cooking,1,0,0,0,1.0
1197,352,cooking,1,1,0,0,3.0
1198,310,dance,1,1,0,0,3.0
1198,385,dance,0,0,0,0,0.0
1198,0,sports,1,1,1,0,7.0
1198,473,education,0,0,0,0,0.0
1198,69,comedy,1,0,0,0,1.0
1198,308,cooking,1,0,0,0,1.0
1198,292,dance,0,0,0,0,0.0
1198,73,travel,1,0,0,0,1.0
1198,424,comedy,0,0,0,0,0.0
1198,491,dance,1,0,0,0,1.0
1199,64,sports,1,0,0,0,1.0
1199,432,travel,1,0,0,0,1.0
1199,324,education,1,0,0,0,1.0
1199,462,comedy,1,0,0,0,1.0
1199,128,education,1,0,0,0,1.0
1199,69,music,1,0,0,0,1.0
1199,335,dance,1,0,0,0,1.0
1199,209,dance,1,0,0,0,1.0
1199,138,sports,1,0,0,0,1.0
1199,185,education,0,0,0,0,0.0
1199,475,sports,1,0,0,0,1.0
1199,320,dance,1,0,0,0,1.0
1199,5,dance,1,0,0,0,1.0
1200,157,comedy,1,0,0,0,1.0
1200,278,travel,1,0,0,0,1.0
1200,86,travel,1,0,0,0,1.0
1200,321,travel,0,0,0,0,0.0
1200,292,music,1,1,0,0,3.0
1200,145,travel,1,0,0,0,1.0
1200,314,music,0,0,0,0,0.0
1200,444,music,0,0,0,0,0.0
1200,465,comedy,1,0,0,0,1.0
1200,172,cooking,1,1,0,0,3.0
1201,281,comedy,0,0,0,0,0.0
1201,326,gaming,1,0,0,0,1.0
1201,273,education,0,0,0,0,0.0
1201,495,travel,1,0,0,0,1.0
1201,151,music,1,0,0,0,1.0
1201,360,comedy,0,0,0,0,0.0
1201,232,travel,0,0,0,0,0.0
1201,138,music,1,0,0,0,1.0
1201,340,gaming,1,0,0,0,1.0
1201,220,music,0,0,0,0,0.0
1201,76,travel,1,1,0,0,3.0
1201,253,comedy,1,0,0,0,1.0
1201,16,travel,1,0,0,0,1.0
1202,348,gaming,1,0,0,0,1.0
1202,22,travel,1,1,0,0,3.0
1202,387,comedy,1,0,0,0,1.0
1202,78,education,1,1,1,0,7.0
1202,374,comedy,1,0,0,0,1.0
1202,470,education,0,0,0,0,0.0
1202,3,travel,0,0,0,0,0.0
1202,103,sports,1,0,0,0,1.0
1202,221,gaming,1,1,0,0,3.0
1203,159,education,1,1,0,0,3.0
1203,10,dance,1,0,0,0,1.0
1203,237,gaming,0,0,0,0,0.0
1203,71,comedy,1,0,0,0,1.0
1203,287,gaming,0,0,0,0,0.0
1203,208,gaming,1,0,0,0,1.0
1203,455,dance,1,0,0,0,1.0
1203,381,sports,1,0,0,0,1.0
1203,425,dance,1,1,0,0,3.0
1203,457,gaming,1,0,0,0,1.0
1203,188,travel,1,0,0,0,1.0
1203,80,gaming,0,0,0,0,0.0
1203,403,gaming,0,0,0,0,0.0
1203,202,gaming,1,0,0,0,1.0
1204,51,music,1,0,0,0,1.0
1204,322,music,1,1,0,0,3.0
1204,334,comedy,1,1,0,0,3.0
1204,127,music,1,0,0,0,1.0
1204,318,comedy,1,1,0,0,3.0
1204,206,music,0,0,0,0,0.0
1204,431,travel,1,1,1,0,7.0
1204,454,travel,0,0,0,0,0.0
1204,499,comedy,0,0,0,0,0.0
1204,184,music,1,1,0,0,3.0
1204,433,education,1,1,0,0,3.0
1204,221,comedy,0,0,0,0,0.0
1204,79,travel,1,0,0,0,1.0
1204,359,music,0,0,0,0,0.0
1204,246,education,1,0,0,0,1.0
1205,114,travel,0,0,0,0,0.0
1205,30,dance,1,0,0,0,1.0
1205,51,comedy,1,0,0,0,1.0
1205,468,comedy,1,1,0,0,3.0
1205,369,comedy,1,0,0,1,4.0
1205,181,education,1,0,0,0,1.0
1205,63,gaming,1,0,0,0,1.0
1205,306,travel,1,0,0,0,1.0
1205,370,dance,1,0,0,0,1.0
1205,95,comedy,1,0,0,0,1.0
1205,211,dance,1,0,0,0,1.0
1205,248,comedy,1,0,0,0,1.0
1206,394,education,1,1,0,0,3.0
1206,278,music,1,1,0,0,3.0
1206,85,travel,1,0,0,0,1.0
1206,180,travel,1,0,0,0,1.0
1206,24,gaming,1,1,0,0,3.0
1206,300,travel,1,1,0,0,3.0
1206,250,comedy,1,0,0,0,1.0
1206,448,gaming,1,1,0,0,3.0
1206,246,gaming,1,0,0,0,1.0
1206,87,gaming,1,0,0,0,1.0
1206,252,dance,1,0,0,0,1.0
1206,369,dance,0,0,0,0,0.0
1206,15,gaming,1,1,0,0,3.0
1207,411,dance,1,0,0,0,1.0
1207,118,dance,1,1,0,1,6.0
1207,165,dance,1,0,0,0,1.0
1207,415,dance,1,1,0,0,3.0
1207,392,sports,1,1,0,0,3.0
1207,332,dance,1,0,0,1,4.0
1207,204,dance,0,0,0,0,0.0
1207,310,sports,0,0,0,0,0.0
1207,366,dance,1,0,0,0,1.0
1207,245,dance,0,0,0,0,0.0
1207,239,sports,1,0,0,0,1.0
1207,478,cooking,1,1,0,0,3.0
1207,141,music,1,0,0,1,4.0
1207,482,dance,0,0,0,0,0.0
1207,403,music,0,0,0,0,0.0
1207,348,dance,1,1,0,0,3.0
1208,186,music,1,1,0,0,3.0
1208,377,comedy,1,0,0,0,1.0
1208,40,music,1,0,0,1,4.0
1208,398,comedy,1,0,0,1,4.0
1208,39,gaming,1,0,0,0,1.0
1208,356,comedy,1,0,0,0,1.0
1208,386,travel,1,0,0,0,1.0
1208,23,music,0,0,0,0,0.0
1208,259,gaming,1,0,0,0,1.0
1208,224,comedy,1,0,0,0,1.0
1208,349,comedy,1,0,0,0,1.0
1208,107,cooking,1,0,0,0,1.0
1208,173,gaming,0,0,0,0,0.0
1209,95,music,1,1,0,0,3.0
1209,186,music,1,1,0,0,3.0
1209,485,gaming,0,0,0,0,0.0
1209,323,sports,1,1,0,0,3.0
1209,279,dance,0,0,0,0,0.0
1209,327,comedy,0,0,0,0,0.0
1209,227,music,1,0,0,0,1.0
1209,162,education,1,0,0,0,1.0
1209,209,comedy,1,0,0,0,1.0
1209,217,cooking,0,0,0,0,0.0
1209,298,education,0,0,0,0,0.0
1209,50,education,1,0,0,0,1.0
1210,4,gaming,1,0,0,0,1.0
1210,79,sports,1,1,0,0,3.0
1210,292,music,1,0,0,0,1.0
1210,218,sports,0,0,0,0,0.0
1210,173,dance,1,0,0,0,1.0
1210,272,music,1,0,0,0,1.0
1210,89,sports,0,0,0,0,0.0
1211,15,education,1,0,0,0,1.0
1211,104,education,0,0,0,0,0.0
1211,129,gaming,0,0,0,0,0.0
1211,445,education,1,0,0,0,1.0
1211,372,education,1,0,0,0,1.0
1211,491,dance,1,1,0,0,3.0
1211,61,education,0,0,0,0,0.0
1211,156,education,0,0,0,0,0.0
1212,193,gaming,1,0,0,0,1.0
1212,107,sports,1,0,0,0,1.0
1212,270,sports,1,1,0,0,3.0
1212,150,cooking,1,1,0,0,3.0
1212,356,education,0,0,0,0,0.0
1212,128,comedy,1,0,0,0,1.0
1212,376,music,0,0,0,0,0.0
1212,264,travel,1,1,0,0,3.0
1212,373,music,0,0,0,0,0.0
1212,236,gaming,0,0,0,0,0.0
1212,62,comedy,1,1,0,0,3.0
1213,100,gaming,1,0,0,0,1.0
1213,62,travel,1,0,0,0,1.0
1213,223,dance,1,0,0,0,1.0
1213,369,cooking,1,0,0,0,1.0
1213,47,cooking,1,1,0,0,3.0
1213,468,sports,1,1,0,0,3.0
1213,164,travel,0,0,0,0,0.0
1213,411,gaming,1,0,0,0,1.0
1214,467,gaming,0,0,0,0,0.0
1214,257,gaming,0,0,0,0,0.0
1214,489,sports,1,1,0,0,3.0
1214,217,sports,1,1,0,0,3.0
1214,47,cooking,1,0,0,0,1.0
1214,450,travel,1,0,0,0,1.0
1215,131,dance,1,1,1,0,7.0
1215,94,sports,1,0,0,0,1.0
1215,375,education,0,0,0,0,0.0
1215,425,cooking,1,1,0,0,3.0
1215,408,travel,0,0,0,0,0.0
1215,212,comedy,1,1,0,0,3.0
1215,114,sports,1,0,0,0,1.0
1215,209,cooking,0,0,0,0,0.0
1215,262,dance,1,0,0,0,1.0
1215,197,education,1,0,0,0,1.0
1215,443,cooking,1,1,0,0,3.0
1215,235,travel,1,0,0,0,1.0
1216,324,comedy,1,0,0,0,1.0
1216,86,travel,1,1,0,0,3.0
1216,307,education,0,0,0,0,0.0
1216,170,travel,1,1,0,0,3.0
1216,236,cooking,1,0,0,1,4.0
1216,45,sports,1,0,0,0,1.0
1216,415,music,1,1,0,0,3.0
1216,171,cooking,1,0,0,0,1.0
1216,80,sports,1,0,0,0,1.0
1216,460,cooking,1,0,0,0,1.0
1216,227,gaming,1,0,0,0,1.0
1216,167,sports,1,0,0,0,1.0
1216,364,sports,1,0,0,1,4.0
1216,264,music,1,1,0,0,3.0
1216,369,travel,0,0,0,0,0.0
1217,397,dance,1,0,0,0,1.0
1217,76,dance,1,0,0,0,1.0
1217,450,sports,1,0,0,0,1.0
1217,350,sports,1,0,0,1,4.0
1217,466,travel,1,0,0,0,1.0
1217,123,travel,1,0,0,0,1.0
1217,356,travel,1,0,0,0,1.0
1217,303,dance,1,0,0,0,1.0
1217,85,travel,1,0,0,0,1.0
1217,35,dance,1,1,0,0,3.0
1217,111,sports,1,0,0,0,1.0
1217,348,travel,1,1,0,0,3.0
1218,76,education,1,0,0,0,1.0
1218,252,cooking,1,0,0,0,1.0
1218,438,cooking,0,0,0,0,0.0
1218,103,cooking,1,0,0,0,1.0
1218,200,cooking,1,1,0,0,3.0
1218,391,education,1,0,0,0,1.0
1218,133,cooking,1,0,0,0,1.0
1218,330,education,0,0,0,0,0.0
1219,475,cooking,1,0,0,0,1.0
1219,261,comedy,1,0,0,0,1.0
1219,400,dance,0,0,0,0,0.0
1219,497,cooking,1,1,0,0,3.0
1219,347,comedy,1,1,0,0,3.0
1219,82,cooking,1,0,0,0,1.0
1219,311,cooking,1,1,1,0,7.0
1219,138,cooking,0,0,0,0,0.0
1219,124,gaming,1,0,0,0,1.0
1219,110,cooking,1,0,0,0,1.0
1219,304,cooking,0,0,0,0,0.0
1219,51,cooking,1,0,0,0,1.0
1219,70,sports,0,0,0,0,0.0
1219,41,sports,0,0,0,0,0.0
1219,108,comedy,1,0,0,0,1.0
1219,230,cooking,1,0,0,0,1.0
1220,256,education,1,0,0,0,1.0
1220,483,music,1,0,0,0,1.0
1220,195,dance,1,0,0,0,1.0
1220,157,music,1,1,0,0,3.0
1220,250,education,1,1,0,1,6.0
1220,130,education,1,0,0,0,1.0
1220,440,dance,1,1,0,0,3.0
1220,149,gaming,0,0,0,0,0.0
1220,372,education,1,1,0,0,3.0
1220,463,dance,1,0,0,0,1.0
1220,180,education,0,0,0,0,0.0
1220,57,sports,1,0,0,0,1.0
1221,79,education,1,1,0,0,3.0
1221,469,dance,1,0,0,0,1.0
1221,305,music,1,0,0,0,1.0
1221,355,education,0,0,0,0,0.0
1221,497,dance,1,0,0,0,1.0
1221,457,dance,1,0,0,0,1.0
1221,450,education,1,1,0,1,6.0
1221,293,dance,1,0,0,0,1.0
1221,66,dance,1,0,0,0,1.0
1221,114,travel,1,0,0,0,1.0
1221,479,sports,1,0,0,0,1.0
1221,286,cooking,1,0,0,0,1.0
1221,2,sports,1,1,0,0,3.0
1222,417,sports,0,0,0,0,0.0
1222,88,music,1,0,0,0,1.0
1222,14,dance,1,0,0,0,1.0
1222,245,comedy,0,0,0,0,0.0
1222,85,comedy,1,1,0,0,3.0
1222,451,sports,0,0,0,0,0.0
1222,410,comedy,1,1,0,0,3.0
1222,319,comedy,0,0,0,0,0.0
1222,315,comedy,1,0,0,0,1.0
1222,314,sports,1,0,0,0,1.0
1223,232,gaming,1,0,0,0,1.0
1223,62,gaming,1,1,0,0,3.0
1223,226,travel,1,0,0,0,1.0
1223,268,gaming,1,1,0,0,3.0
1223,151,dance,1,0,0,0,1.0
1223,381,comedy,1,0,0,0,1.0
1223,131,comedy,1,0,0,0,1.0
1223,295,comedy,1,0,0,0,1.0
1223,201,comedy,1,0,0,0,1.0
1224,25,sports,1,0,0,0,1.0
1224,20,gaming,1,1,0,0,3.0
1224,238,cooking,1,1,0,0,3.0
1224,83,cooking,1,0,0,0,1.0
1224,259,music,1,0,0,0,1.0
1224,194,music,1,1,0,0,3.0
1224,308,gaming,1,0,0,0,1.0
1224,332,gaming,1,0,0,0,1.0
1224,199,gaming,1,0,0,0,1.0
1224,336,gaming,1,1,0,0,3.0
1224,494,gaming,1,1,0,0,3.0
1224,437,cooking,1,0,0,0,1.0
1225,338,dance,0,0,0,0,0.0
1225,485,cooking,1,0,0,0,1.0
1225,279,dance,0,0,0,0,0.0
1225,427,dance,1,0,0,0,1.0
1225,260,music,1,0,0,0,1.0
1225,86,sports,1,0,0,0,1.0
1225,159,cooking,1,0,0,0,1.0
1225,209,travel,1,0,0,0,1.0
1225,482,music,1,0,0,0,1.0
1225,231,cooking,1,0,0,0,1.0
1226,396,dance,1,0,0,0,1.0
1226,83,travel,1,0,0,0,1.0
1226,227,sports,1,0,0,0,1.0
1226,19,dance,0,0,0,0,0.0
1226,66,cooking,0,0,0,0,0.0
1226,15,dance,1,0,0,0,1.0
1226,374,travel,1,1,0,0,3.0
1226,129,dance,1,0,0,0,1.0
1226,327,dance,1,0,0,0,1.0
1226,273,sports,1,1,0,0,3.0
1226,393,cooking,1,0,0,0,1.0
1226,417,travel,1,1,0,0,3.0
1226,128,sports,0,0,0,0,0.0
1226,275,travel,0,0,0,0,0.0
1226,71,travel,1,0,0,0,1.0
1226,452,dance,1,0,0,0,1.0
1226,55,sports,1,0,0,0,1.0
1227,455,travel,1,0,0,0,1.0
1227,313,cooking,1,0,0,0,1.0
1227,195,travel,1,1,0,0,3.0
1227,145,travel,1,0,0,0,1.0
1227,30,gaming,0,0,0,0,0.0
1227,113,travel,0,0,0,0,0.0
1227,473,comedy,1,1,0,0,3.0
1227,141,music,1,1,0,0,3.0
1228,391,sports,1,0,0,0,1.0
1228,431,cooking,1,1,0,0,3.0
1228,240,gaming,1,0,0,0,1.0
1228,36,gaming,1,0,0,0,1.0
1228,52,travel,1,1,0,0,3.0
1228,239,gaming,1,1,0,0,3.0
1228,178,gaming,1,0,0,0,1.0
1228,49,comedy,1,1,0,0,3.0
1228,128,education,1,0,0,0,1.0
1228,349,gaming,1,0,0,0,1.0
1228,422,dance,1,0,0,1,4.0
1228,3,gaming,1,0,0,0,1.0
1229,262,gaming,0,0,0,0,0.0
1229,217,music,1,0,0,0,1.0
1229,103,comedy,1,1,0,0,3.0
1229,223,travel,1,0,0,0,1.0
1229,431,comedy,0,0,0,0,0.0
1229,107,gaming,1,0,0,0,1.0
1229,292,comedy,1,0,0,0,1.0
1229,483,music,1,0,0,0,1.0
1229,148,music,1,0,0,0,1.0
1229,301,music,1,1,1,0,7.0
1229,178,comedy,1,1,0,0,3.0
1229,349,comedy,1,0,0,0,1.0
1230,21,gaming,1,1,0,0,3.0
1230,253,comedy,0,0,0,0,0.0
1230,66,comedy,1,1,0,0,3.0
1230,181,comedy,1,1,0,0,3.0
1230,310,comedy,1,0,0,1,4.0
1230,432,dance,1,0,0,0,1.0
1230,61,dance,1,0,0,0,1.0
1230,471,dance,1,0,0,0,1.0
1230,249,comedy,1,1,0,0,3.0
1230,298,comedy,1,1,0,1,6.0
1230,272,comedy,1,0,0,0,1.0
1230,497,comedy,1,0,0,0,1.0
1230,427,travel,1,1,0,0,3.0
1231,340,cooking,1,0,0,0,1.0
1231,54,cooking,1,0,0,0,1.0
1231,344,sports,1,0,0,0,1.0
1231,268,sports,1,1,0,0,3.0
1231,256,sports,1,0,0,0,1.0
1231,369,dance,1,1,0,0,3.0
1231,2,education,1,0,0,0,1.0
1231,41,gaming,1,0,0,0,1.0
1231,407,gaming,0,0,0,0,0.0
1231,444,sports,1,1,0,0,3.0
1231,261,cooking,1,0,0,0,1.0
1231,113,sports,1,1,0,0,3.0
1232,389,gaming,1,0,0,0,1.0
1232,269,music,1,1,0,0,3.0
1232,47,gaming,1,0,0,1,4.0
1232,29,music,1,0,0,0,1.0
1232,27,travel,1,0,0,1,4.0
1232,447,gaming,1,1,0,0,3.0
1232,125,comedy,1,0,0,0,1.0
1232,218,comedy,1,0,0,0,1.0
1233,441,music,1,0,0,0,1.0
1233,92,travel,0,0,0,0,0.0
1233,0,music,0,0,0,0,0.0
1233,356,travel,1,0,0,0,1.0
1233,21,gaming,0,0,0,0,0.0
1233,98,travel,1,0,0,0,1.0
1233,403,dance,1,0,0,0,1.0
1233,220,travel,1,0,0,0,1.0
1233,42,music,1,0,0,0,1.0
1233,462,dance,1,1,0,0,3.0
1234,69,travel,1,0,0,0,1.0
1234,467,cooking,1,0,0,0,1.0
1234,168,education,0,0,0,0,0.0
1234,218,travel,0,0,0,0,0.0
1234,12,education,0,0,0,0,0.0
1234,492,travel,1,1,1,0,7.0
1234,438,travel,1,0,0,0,1.0
1234,139,education,1,0,0,0,1.0
1234,176,dance,1,1,0,0,3.0
1234,356,travel,1,0,0,0,1.0
1234,79,travel,1,0,0,0,1.0
1235,354,sports,1,0,0,0,1.0
1235,77,sports,1,0,0,0,1.0
1235,199,sports,1,0,0,0,1.0
1235,445,sports,1,1,0,0,3.0
1235,83,travel,1,0,0,0,1.0
1235,144,gaming,1,0,0,0,1.0
1235,490,comedy,1,0,0,0,1.0
1235,497,travel,1,0,0,0,1.0
1235,191,comedy,1,1,0,0,3.0
1235,118,comedy,1,0,0,0,1.0
1235,223,travel,1,0,0,0,1.0
1236,358,comedy,1,0,0,0,1.0
1236,69,cooking,1,0,0,0,1.0
1236,110,travel,1,1,0,0,3.0
1236,335,education,1,0,0,0,1.0
1236,62,travel,1,1,0,0,3.0
1236,492,music,1,0,0,0,1.0
1236,129,cooking,0,0,0,0,0.0
1236,250,education,1,0,0,0,1.0
1236,322,travel,1,0,0,0,1.0
1236,74,music,0,0,0,0,0.0
1236,444,cooking,1,1,0,0,3.0
1236,99,travel,0,0,0,0,0.0
1237,278,dance,1,0,0,0,1.0
1237,175,dance,1,1,1,0,7.0
1237,321,dance,1,0,0,0,1.0
1237,111,education,1,1,0,0,3.0
1237,313,education,1,0,0,0,1.0
1237,293,comedy,0,0,0,0,0.0
1237,73,gaming,1,0,0,0,1.0
1237,96,education,1,1,0,0,3.0
1237,19,comedy,1,0,0,0,1.0
1237,411,gaming,1,0,0,0,1.0
1238,392,dance,0,0,0,0,0.0
1238,322,gaming,0,0,0,0,0.0
1238,88,dance,1,1,0,0,3.0
1238,319,gaming,1,0,0,0,1.0
1238,50,education,0,0,0,0,0.0
1238,102,gaming,1,0,0,0,1.0
1238,309,education,1,0,0,0,1.0
1238,196,education,1,1,0,0,3.0
1239,430,sports,1,1,1,0,7.0
1239,395,sports,1,0,0,0,1.0
1239,198,comedy,1,0,0,0,1.0
1239,33,sports,1,0,0,0,1.0
1239,390,comedy,1,0,0,0,1.0
1239,252,sports,0,0,0,0,0.0
1239,388,sports,0,0,0,0,0.0
1239,33,comedy,0,0,0,0,0.0
1240,268,gaming,1,0,0,0,1.0
1240,341,gaming,0,0,0,0,0.0
1240,168,gaming,1,0,0,0,1.0
1240,338,travel,0,0,0,0,0.0
1240,468,comedy,1,0,0,0,1.0
1240,398,education,0,0,0,0,0.0
1240,366,gaming,1,0,0,0,1.0
1240,435,comedy,0,0,0,0,0.0
1240,84,gaming,1,1,0,0,3.0
1240,128,comedy,1,0,0,1,4.0
1241,162,comedy,1,0,0,0,1.0
1241,309,comedy,1,0,0,0,1.0
1241,427,sports,0,0,0,0,0.0
1241,299,dance,1,1,0,0,3.0
1241,173,education,0,0,0,0,0.0
1241,469,comedy,1,0,0,0,1.0
1241,210,comedy,1,0,0,0,1.0
1241,460,comedy,0,0,0,0,0.0
1241,166,comedy,1,1,1,0,7.0
1242,184,sports,1,0,0,0,1.0
1242,178,music,1,0,0,0,1.0
1242,210,comedy,1,0,0,0,1.0
1242,108,comedy,1,1,0,0,3.0
1242,90,education,1,0,0,0,1.0
1242,19,sports,1,0,0,0,1.0
1242,482,dance,1,1,0,0,3.0
1242,310,sports,1,0,0,0,1.0
1242,143,music,1,0,0,0,1.0
1242,112,music,1,0,0,0,1.0
1243,249,music,1,0,0,0,1.0
1243,300,gaming,1,0,0,0,1.0
1243,225,music,0,0,0,0,0.0
1243,309,cooking,0,0,0,0,0.0
1243,35,dance,1,1,0,0,3.0
1243,201,travel,0,0,0,0,0.0
1243,119,gaming,1,0,0,0,1.0
1243,362,music,1,1,0,0,3.0
1244,323,travel,1,0,0,0,1.0
1244,426,travel,1,0,0,0,1.0
1244,239,music,1,0,0,0,1.0
1244,278,comedy,1,0,0,0,1.0
1244,199,travel,1,1,0,0,3.0
1244,289,music,1,0,0,0,1.0
1244,226,music,1,0,0,0,1.0
1244,140,dance,1,1,0,0,3.0
1244,373,travel,0,0,0,0,0.0
1244,79,music,1,0,0,0,1.0
1244,417,travel,1,0,0,0,1.0
1244,255,travel,1,1,0,0,3.0
1244,133,travel,0,0,0,0,0.0
1245,192,sports,0,0,0,0,0.0
1245,170,dance,1,1,0,0,3.0
1245,248,cooking,1,0,0,0,1.0
1245,357,music,1,0,0,0,1.0
1245,94,dance,1,0,0,0,1.0
1245,445,cooking,1,0,0,0,1.0
1245,290,cooking,1,0,0,0,1.0
1245,31,travel,1,0,0,0,1.0
1245,18,cooking,1,1,0,0,3.0
1245,238,sports,1,0,0,0,1.0
1245,419,travel,0,0,0,0,0.0
1245,69,dance,1,1,1,0,7.0
1245,176,travel,0,0,0,0,0.0
1245,369,music,0,0,0,0,0.0
1245,369,dance,1,1,0,0,3.0
1245,86,comedy,1,0,0,1,4.0
1245,168,music,0,0,0,0,0.0
1245,47,comedy,1,1,0,0,3.0
1246,168,sports,1,0,0,0,1.0
1246,28,sports,0,0,0,0,0.0
1246,28,music,1,0,0,0,1.0
1246,99,sports,1,1,0,0,3.0
1246,384,music,1,1,0,0,3.0
1246,372,travel,0,0,0,0,0.0
1246,69,music,1,0,0,0,1.0
1246,20,sports,1,1,1,0,7.0
1246,237,sports,1,1,0,0,3.0
1246,395,travel,0,0,0,0,0.0
1246,15,travel,1,0,0,0,1.0
1247,237,comedy,1,0,0,0,1.0
1247,406,travel,1,0,0,0,1.0
1247,499,education,1,0,0,0,1.0
1247,327,comedy,1,0,0,0,1.0
1247,178,cooking,1,1,0,0,3.0
1247,365,gaming,1,0,0,0,1.0
1247,423,gaming,1,1,1,0,7.0
1247,138,comedy,1,0,0,0,1.0
1247,159,education,1,0,0,0,1.0
1247,85,cooking,1,1,0,0,3.0
1247,155,comedy,1,0,0,0,1.0
1247,311,education,1,1,0,0,3.0
1247,116,sports,1,1,0,0,3.0
1248,474,dance,1,0,0,0,1.0
1248,170,comedy,1,0,0,0,1.0
1248,454,cooking,1,0,0,0,1.0
1248,126,dance,1,0,0,0,1.0
1248,54,dance,1,1,0,0,3.0
1248,392,dance,1,0,0,0,1.0
1248,28,travel,1,1,0,0,3.0
1248,271,gaming,1,0,0,0,1.0
1248,125,dance,1,0,0,0,1.0
1248,14,dance,0,0,0,0,0.0
1248,14,dance,1,0,0,0,1.0
1248,109,comedy,1,0,0,0,1.0
1248,44,dance,0,0,0,0,0.0
1249,127,comedy,0,0,0,0,0.0
1249,404,cooking,1,0,0,0,1.0
1249,469,cooking,1,0,0,0,1.0
1249,155,cooking,1,1,0,1,6.0
1249,126,dance,1,0,0,0,1.0
1249,428,comedy,0,0,0,0,0.0
1249,48,music,1,1,0,0,3.0
1249,322,cooking,1,0,0,0,1.0
1249,251,sports,1,0,0,1,4.0
1249,219,sports,1,0,0,0,1.0
1249,44,travel,1,0,0,0,1.0
1249,372,cooking,1,1,0,0,3.0
1250,87,gaming,0,0,0,0,0.0
1250,23,cooking,1,0,0,0,1.0
1250,259,comedy,1,0,0,0,1.0
1250,399,gaming,1,0,0,0,1.0
1250,68,music,1,1,0,0,3.0
1250,452,cooking,1,0,0,0,1.0
1250,213,cooking,1,1,1,0,7.0
1250,484,gaming,1,0,0,0,1.0
1250,473,music,0,0,0,0,0.0
1251,389,education,1,0,0,0,1.0
1251,345,dance,1,0,0,1,4.0
1251,365,dance,1,0,0,0,1.0
1251,192,education,1,0,0,0,1.0
1251,1,music,1,1,0,0,3.0
1251,455,music,0,0,0,0,0.0
1251,39,education,1,0,0,0,1.0
1251,86,music,1,1,0,0,3.0
1251,72,music,1,1,0,0,3.0
1251,318,sports,1,0,0,0,1.0
1251,407,music,1,1,0,0,3.0
1252,484,travel,1,0,0,0,1.0
1252,368,travel,1,0,0,0,1.0
1252,96,travel,1,0,0,0,1.0
1252,155,sports,0,0,0,0,0.0
1252,458,travel,1,0,0,0,1.0
1252,277,sports,1,0,0,0,1.0
1252,169,travel,0,0,0,0,0.0
1252,57,travel,1,1,0,0,3.0
1252,136,travel,0,0,0,0,0.0
1252,49,travel,1,0,0,0,1.0
1252,18,travel,1,0,0,0,1.0
1253,407,gaming,1,1,1,0,7.0
1253,319,cooking,1,0,0,0,1.0
1253,61,cooking,1,0,0,0,1.0
1253,252,education,1,1,0,0,3.0
1253,179,gaming,0,0,0,0,0.0
1253,438,gaming,1,1,0,0,3.0
1253,412,dance,1,1,0,0,3.0
1253,448,music,1,0,0,0,1.0
1254,496,comedy,1,0,0,0,1.0
1254,140,education,1,1,0,0,3.0
1254,33,dance,0,0,0,0,0.0
1254,227,gaming,1,0,0,0,1.0
1254,416,music,0,0,0,0,0.0
1254,22,music,0,0,0,0,0.0
1254,248,sports,1,1,0,0,3.0
1254,496,comedy,1,0,0,0,1.0
1254,46,comedy,1,0,0,1,4.0
1254,303,music,0,0,0,0,0.0
1255,4,sports,1,1,0,0,3.0
1255,325,dance,1,1,0,0,3.0
1255,374,travel,1,1,0,0,3.0
1255,236,music,0,0,0,0,0.0
1255,86,dance,0,0,0,0,0.0
1255,273,dance,1,0,0,0,1.0
1255,395,cooking,0,0,0,0,0.0
1255,69,dance,0,0,0,0,0.0
1255,25,travel,0,0,0,0,0.0
1255,206,music,1,0,0,0,1.0
1255,309,dance,0,0,0,0,0.0
1256,196,comedy,1,0,0,0,1.0
1256,390,education,1,0,0,0,1.0
1256,99,comedy,1,0,0,0,1.0
1256,175,gaming,1,1,0,0,3.0
1256,116,sports,1,1,0,0,3.0
1256,63,education,1,1,0,0,3.0
1256,364,dance,1,0,0,0,1.0
1256,343,dance,1,0,0,0,1.0
1256,311,music,0,0,0,0,0.0
1256,166,cooking,0,0,0,0,0.0
1256,77,education,1,0,0,0,1.0
1256,315,comedy,0,0,0,0,0.0
1256,104,sports,1,0,0,0,1.0
1256,356,comedy,1,0,0,0,1.0
1256,444,dance,1,1,0,0,3.0
1257,415,music,0,0,0,0,0.0
1257,28,dance,1,1,0,0,3.0
1257,23,music,1,0,0,0,1.0
1257,282,comedy,1,0,0,0,1.0
1257,327,travel,1,0,0,0,1.0
1257,3,comedy,1,0,0,0,1.0
1257,485,education,0,0,0,0,0.0
1257,72,travel,1,0,0,0,1.0
1257,234,travel,1,0,0,0,1.0
1257,150,gaming,0,0,0,0,0.0
1257,315,travel,1,0,0,0,1.0
1258,248,travel,1,1,0,0,3.0
1258,400,travel,1,0,0,0,1.0
1258,260,comedy,1,0,0,0,1.0
1258,356,music,1,1,0,0,3.0
1258,105,cooking,0,0,0,0,0.0
1258,411,gaming,1,0,0,0,1.0
1258,418,gaming,0,0,0,0,0.0
1258,370,comedy,1,0,0,0,1.0
1258,410,comedy,1,0,0,0,1.0
1258,259,travel,1,0,0,1,4.0
1258,485,sports,1,1,0,0,3.0
1258,260,cooking,1,0,0,0,1.0
1258,365,education,1,0,0,1,4.0
1258,35,education,1,0,0,1,4.0
1259,104,gaming,1,1,0,0,3.0
1259,178,cooking,1,0,0,0,1.0
1259,282,gaming,1,1,0,0,3.0
1259,78,education,1,0,0,0,1.0
1259,368,gaming,1,1,0,0,3.0
1259,478,gaming,0,0,0,0,0.0
1259,330,music,0,0,0,0,0.0
1259,368,education,1,0,0,0,1.0
1259,301,gaming,1,1,0,0,3.0
1259,428,education,1,1,0,0,3.0
1259,220,education,0,0,0,0,0.0
1260,300,cooking,1,0,0,0,1.0
1260,271,cooking,1,1,0,0,3.0
1260,2,cooking,0,0,0,0,0.0
1260,268,education,1,0,0,0,1.0
1260,24,travel,1,1,0,0,3.0
1260,126,education,1,0,0,0,1.0
1261,206,travel,1,0,0,0,1.0
1261,190,dance,1,0,0,0,1.0
1261,200,travel,1,1,0,0,3.0
1261,92,cooking,1,1,0,0,3.0
1261,215,travel,1,1,0,0,3.0
1261,387,cooking,1,0,0,0,1.0
1261,466,cooking,0,0,0,0,0.0
1261,201,music,1,0,0,0,1.0
1261,225,travel,0,0,0,0,0.0
1261,462,dance,1,0,0,0,1.0
1262,119,music,1,1,0,0,3.0
1262,183,comedy,1,0,0,0,1.0
1262,358,education,1,0,0,0,1.0
1262,236,travel,1,1,0,0,3.0
1262,381,comedy,1,0,0,0,1.0
1262,402,music,1,0,0,0,1.0
1262,403,travel,1,0,0,0,1.0
1262,217,music,0,0,0,0,0.0
1262,495,dance,1,1,0,0,3.0
1262,422,travel,0,0,0,0,0.0
1262,61,music,1,0,0,0,1.0
1263,370,music,0,0,0,0,0.0
1263,27,travel,0,0,0,0,0.0
1263,14,music,1,0,0,0,1.0
1263,130,dance,0,0,0,0,0.0
1263,421,sports,1,0,0,0,1.0
1263,205,cooking,0,0,0,0,0.0
1264,242,gaming,1,0,0,0,1.0
1264,19,gaming,1,0,0,0,1.0
1264,85,sports,1,1,0,0,3.0
1264,247,gaming,1,0,0,0,1.0
1264,65,gaming,1,0,0,0,1.0
1264,430,comedy,1,0,0,0,1.0
1264,65,cooking,1,0,0,0,1.0
1264,305,cooking,1,0,0,0,1.0
1264,255,gaming,1,1,1,0,7.0
1264,246,music,1,0,0,0,1.0
1265,75,cooking,1,0,0,0,1.0
1265,394,gaming,1,0,0,0,1.0
1265,5,gaming,1,0,0,0,1.0
1265,406,sports,1,0,0,0,1.0
1265,91,cooking,1,0,0,0,1.0
1265,188,gaming,1,0,0,0,1.0
1265,165,gaming,1,0,0,0,1.0
1265,267,gaming,1,1,1,0,7.0
1265,289,gaming,1,0,0,0,1.0
1265,141,gaming,1,0,0,0,1.0
1265,57,education,0,0,0,0,0.0
1266,372,education,0,0,0,0,0.0
1266,113,education,1,1,0,0,3.0
1266,150,education,1,1,0,0,3.0
1266,409,education,0,0,0,0,0.0
1266,337,comedy,1,1,0,0,3.0
1266,350,education,1,1,0,0,3.0
1266,17,education,1,0,0,0,1.0
1266,283,education,1,0,0,0,1.0
1266,16,dance,1,0,0,0,1.0
1267,54,travel,1,1,0,0,3.0
1267,347,comedy,1,0,0,0,1.0
1267,390,sports,0,0,0,0,0.0
1267,216,travel,1,0,0,0,1.0
1267,282,travel,1,0,0,0,1.0
1267,96,cooking,0,0,0,0,0.0
1267,353,sports,1,0,0,0,1.0
1267,310,sports,0,0,0,0,0.0
1268,72,comedy,1,0,0,0,1.0
1268,27,sports,1,0,0,0,1.0
1268,219,travel,0,0,0,0,0.0
1268,42,travel,1,0,0,0,1.0
1268,107,travel,1,1,1,0,7.0
1268,72,comedy,0,0,0,0,0.0
1268,211,travel,1,1,0,0,3.0
1268,356,sports,1,0,0,0,1.0
1269,202,gaming,1,1,0,0,3.0
1269,102,travel,1,0,0,1,4.0
1269,351,education,1,0,0,0,1.0
1269,234,sports,1,1,0,0,3.0
1269,151,gaming,1,0,0,0,1.0
1269,88,gaming,1,0,0,0,1.0
1269,485,travel,1,1,0,1,6.0
1269,151,music,1,0,0,0,1.0
1269,351,travel,1,0,0,0,1.0
1269,496,gaming,1,0,0,0,1.0
1269,250,education,0,0,0,0,0.0
1269,78,gaming,0,0,0,0,0.0
1269,11,travel,0,0,0,0,0.0
1270,281,comedy,1,1,0,0,3.0
1270,4,comedy,1,1,1,0,7.0
1270,13,music,0,0,0,0,0.0
1270,20,education,1,1,1,0,7.0
1270,158,travel,1,0,0,0,1.0
1270,433,education,0,0,0,0,0.0
1270,94,travel,0,0,0,0,0.0
1270,442,education,1,0,0,0,1.0
1270,319,gaming,1,0,0,0,1.0
1271,127,dance,1,0,0,0,1.0
1271,191,comedy,0,0,0,0,0.0
1271,345,comedy,0,0,0,0,0.0
1271,364,education,1,0,0,0,1.0
1271,177,cooking,1,0,0,0,1.0
1271,344,dance,1,0,0,0,1.0
1271,434,comedy,0,0,0,0,0.0
1271,424,dance,1,0,0,0,1.0
1271,74,education,1,0,0,0,1.0
1271,302,education,1,1,0,0,3.0
1271,338,comedy,1,0,0,0,1.0
1272,494,dance,1,0,0,0,1.0
1272,233,music,1,1,0,0,3.0
1272,384,dance,1,0,0,0,1.0
1272,149,sports,1,0,0,0,1.0
1272,335,sports,1,1,0,0,3.0
1272,490,cooking,0,0,0,0,0.0
1272,167,dance,1,0,0,0,1.0
1272,147,dance,1,0,0,1,4.0
1272,266,music,1,1,0,0,3.0
1273,222,travel,1,0,0,0,1.0
1273,237,travel,1,0,0,0,1.0
1273,380,sports,1,1,0,0,3.0
1273,70,education,0,0,0,0,0.0
1273,482,comedy,0,0,0,0,0.0
1273,195,travel,1,0,0,0,1.0
1273,427,dance,1,0,0,0,1.0
1273,495,gaming,1,0,0,0,1.0
1273,337,comedy,1,1,0,0,3.0
1273,228,sports,0,0,0,0,0.0
1273,156,education,1,0,0,0,1.0
1273,278,education,0,0,0,0,0.0
1273,462,sports,1,0,0,0,1.0
1274,399,sports,1,1,1,0,7.0
1274,98,comedy,0,0,0,0,0.0
1274,477,sports,1,1,0,0,3.0
1274,54,comedy,0,0,0,0,0.0
1274,420,comedy,1,0,0,0,1.0
1274,250,cooking,0,0,0,0,0.0
1274,336,sports,1,0,0,0,1.0
1274,233,sports,1,0,0,0,1.0
1274,392,comedy,0,0,0,0,0.0
1274,234,sports,1,0,0,1,4.0
1275,101,gaming,1,1,0,0,3.0
1275,266,education,0,0,0,0,0.0
1275,420,dance,1,0,0,0,1.0
1275,374,comedy,1,0,0,0,1.0
1275,18,education,1,1,0,0,3.0
1275,404,travel,1,0,0,0,1.0
1275,139,dance,0,0,0,0,0.0
1275,324,dance,1,1,0,0,3.0
1275,277,travel,0,0,0,0,0.0
1275,187,dance,1,1,0,0,3.0
1275,293,dance,1,0,0,0,1.0
1275,488,travel,1,0,0,0,1.0
1275,474,gaming,0,0,0,0,0.0
1275,385,music,1,0,0,0,1.0
1275,281,dance,0,0,0,0,0.0
1275,433,travel,1,0,0,0,1.0
1275,149,travel,1,0,0,0,1.0
1276,273,gaming,1,0,0,0,1.0
1276,246,travel,1,1,0,1,6.0
1276,318,gaming,1,1,0,0,3.0
1276,18,education,1,1,0,0,3.0
1276,402,travel,1,0,0,0,1.0
1276,221,travel,0,0,0,0,0.0
1276,385,travel,1,0,0,0,1.0
1276,445,cooking,0,0,0,0,0.0
1276,398,education,1,0,0,0,1.0
1276,498,comedy,1,0,0,0,1.0
1276,10,education,1,0,0,0,1.0
1277,362,cooking,1,1,0,0,3.0
1277,418,music,1,0,0,0,1.0
1277,68,education,1,0,0,0,1.0
1277,167,comedy,1,1,0,0,3.0
1277,497,travel,0,0,0,0,0.0
1277,0,travel,1,1,0,0,3.0
1277,436,dance,1,1,0,0,3.0
1277,479,cooking,1,0,0,0,1.0
1278,308,sports,1,1,0,0,3.0
1278,419,education,0,0,0,0,0.0
1278,269,travel,0,0,0,0,0.0
1278,341,travel,1,1,0,0,3.0
1278,372,comedy,1,0,0,0,1.0
1278,79,sports,1,0,0,0,1.0
1278,412,sports,0,0,0,0,0.0
1278,134,education,1,0,0,0,1.0
1278,393,sports,1,1,1,0,7.0
1278,211,education,1,0,0,0,1.0
1278,91,education,1,0,0,0,1.0
1278,413,comedy,1,0,0,0,1.0
1278,75,sports,0,0,0,0,0.0
1278,372,comedy,1,0,0,0,1.0
1278,101,travel,1,0,0,1,4.0
1278,425,comedy,1,0,0,0,1.0
1279,479,education,1,1,0,0,3.0
1279,206,music,1,0,0,0,1.0
1279,27,cooking,1,1,0,0,3.0
1279,394,travel,1,0,0,0,1.0
1279,180,comedy,1,0,0,0,1.0
1279,138,dance,0,0,0,0,0.0
1279,31,travel,1,0,0,0,1.0
1279,275,education,0,0,0,0,0.0
1279,308,gaming,1,1,0,0,3.0
1279,463,education,1,0,0,0,1.0
1279,478,music,1,0,0,0,1.0
1279,87,travel,1,0,0,0,1.0
1280,71,cooking,1,0,0,0,1.0
1280,345,cooking,1,0,0,0,1.0
1280,119,education,1,0,0,0,1.0
1280,161,education,1,1,0,0,3.0
1280,138,cooking,1,0,0,0,1.0
1280,324,cooking,1,0,0,0,1.0
1280,145,cooking,0,0,0,0,0.0
1280,350,gaming,1,0,0,0,1.0
1280,278,cooking,1,0,0,0,1.0
1280,426,cooking,1,0,0,0,1.0
1280,287,cooking,1,0,0,0,1.0
1280,302,education,1,0,0,0,1.0
1280,50,gaming,1,0,0,0,1.0
1281,317,travel,1,0,0,0,1.0
1281,51,travel,1,0,0,0,1.0
1281,436,education,1,0,0,0,1.0
1281,495,dance,1,1,0,0,3.0
1282,485,comedy,1,0,0,0,1.0
1282,279,education,0,0,0,0,0.0
1282,403,education,1,1,0,0,3.0
1282,123,music,1,0,0,0,1.0
1282,366,gaming,1,1,0,1,6.0
1282,352,gaming,0,0,0,0,0.0
1282,182,dance,1,0,0,0,1.0
1282,211,music,1,0,0,0,1.0
1283,325,cooking,1,0,0,0,1.0
1283,475,dance,1,0,0,0,1.0
1283,308,music,1,0,0,0,1.0
1283,452,education,1,0,0,0,1.0
1283,353,cooking,1,1,0,0,3.0
1283,116,dance,0,0,0,0,0.0
1283,52,dance,0,0,0,0,0.0
1283,335,gaming,1,1,0,0,3.0
1283,73,dance,1,0,0,0,1.0
1283,316,gaming,1,0,0,0,1.0
1283,406,dance,1,0,0,0,1.0
1283,458,education,1,1,0,1,6.0
1283,94,dance,1,0,0,0,1.0
1283,105,cooking,1,0,0,1,4.0
1283,412,music,1,1,0,0,3.0
1283,414,education,0,0,0,0,0.0
1283,21,education,1,0,0,1,4.0
1283,335,music,1,1,0,0,3.0
1284,383,cooking,0,0,0,0,0.0
1284,488,education,1,0,0,0,1.0
1284,161,education,1,1,0,0,3.0
1284,50,education,1,0,0,0,1.0
1284,433,dance,1,1,0,0,3.0
1284,0,dance,1,1,0,0,3.0
1284,163,dance,1,0,0,0,1.0
1284,324,cooking,1,0,0,0,1.0
1284,265,dance,0,0,0,0,0.0
1284,170,dance,1,0,0,0,1.0
1284,470,sports,1,0,0,0,1.0
1284,4,education,1,0,0,0,1.0
1284,253,dance,1,0,0,0,1.0
1284,66,dance,1,0,0,0,1.0
1284,79,comedy,1,0,0,0,1.0
1284,129,dance,1,0,0,0,1.0
1284,95,music,1,1,0,0,3.0
1284,34,dance,1,0,0,0,1.0
1285,254,education,1,1,0,0,3.0
1285,302,cooking,1,1,0,0,3.0
1285,206,education,1,1,1,0,7.0
1285,255,education,1,0,0,0,1.0
1285,80,education,0,0,0,0,0.0
1285,286,education,1,0,0,0,1.0
1285,372,dance,1,0,0,0,1.0
1285,220,education,0,0,0,0,0.0
1285,217,education,1,0,0,0,1.0
1286,383,gaming,1,1,0,0,3.0
1286,174,education,0,0,0,0,0.0
1286,465,travel,1,0,0,0,1.0
1286,141,gaming,1,0,0,0,1.0
1286,450,music,0,0,0,0,0.0
1286,344,gaming,1,0,0,0,1.0
1286,478,gaming,1,0,0,0,1.0
1286,229,education,1,1,0,0,3.0
1286,145,music,1,0,0,0,1.0
1286,222,music,1,0,0,0,1.0
1287,200,gaming,1,0,0,0,1.0
1287,345,dance,1,0,0,0,1.0
1287,9,cooking,1,0,0,0,1.0
1287,300,gaming,1,0,0,0,1.0
1287,467,cooking,1,0,0,0,1.0
1287,375,music,1,0,0,0,1.0
1287,280,travel,1,1,0,0,3.0
1287,471,cooking,1,1,0,0,3.0
1287,498,music,1,1,1,0,7.0
1287,455,music,1,1,0,0,3.0
1287,272,gaming,0,0,0,0,0.0
1288,257,comedy,1,1,0,0,3.0
1288,118,music,1,0,0,1,4.0
1288,321,education,1,0,0,0,1.0
1288,487,education,1,1,0,0,3.0
1288,227,education,1,0,0,0,1.0
1288,235,comedy,1,1,0,0,3.0
1288,15,music,1,1,0,0,3.0
1288,105,comedy,1,0,0,0,1.0
1288,425,travel,0,0,0,0,0.0
1288,490,music,1,0,0,0,1.0
1288,481,travel,1,1,0,1,6.0
1288,1,music,1,1,0,0,3.0
1288,370,education,0,0,0,0,0.0
1288,50,music,1,1,0,0,3.0
1289,359,education,1,0,0,0,1.0
1289,10,dance,0,0,0,0,0.0
1289,56,travel,1,1,0,0,3.0
1289,155,education,1,0,0,0,1.0
1289,384,dance,1,1,0,0,3.0
1289,231,dance,1,1,1,0,7.0
1289,189,sports,1,0,0,0,1.0
1289,352,sports,1,0,0,0,1.0
1289,485,travel,1,0,0,0,1.0
1289,233,dance,1,1,0,0,3.0
1289,315,dance,1,0,0,1,4.0
1289,414,travel,0,0,0,0,0.0
1289,199,gaming,0,0,0,0,0.0
1289,200,education,1,1,1,0,7.0
1290,399,education,1,0,0,0,1.0
1290,114,education,1,0,0,0,1.0
1290,87,gaming,1,0,0,0,1.0
1290,258,travel,1,0,0,0,1.0
1290,299,education,1,0,0,0,1.0
1290,284,dance,1,0,0,0,1.0
1290,448,education,0,0,0,0,0.0
1290,30,dance,1,0,0,1,4.0
1291,389,comedy,0,0,0,0,0.0
1291,426,dance,1,1,0,0,3.0
1291,0,comedy,0,0,0,0,0.0
1291,491,gaming,1,0,0,0,1.0
1291,421,comedy,1,0,0,0,1.0
1291,470,gaming,1,0,0,0,1.0
1291,480,comedy,1,0,0,0,1.0
1291,188,gaming,1,0,0,0,1.0
1291,406,cooking,1,1,0,0,3.0
1291,351,sports,1,0,0,0,1.0
1291,160,sports,1,1,0,0,3.0
1291,138,dance,1,0,0,0,1.0
1291,157,comedy,1,0,0,0,1.0
1291,151,sports,1,1,0,0,3.0
1291,179,sports,0,0,0,0,0.0
1292,10,sports,1,0,0,0,1.0
1292,287,gaming,1,0,0,0,1.0
1292,161,sports,1,0,0,0,1.0
1292,463,dance,1,1,0,1,6.0
1292,76,sports,0,0,0,0,0.0
1292,164,education,1,0,0,0,1.0
1292,32,education,1,0,0,0,1.0
1292,349,cooking,1,0,0,0,1.0
1292,64,gaming,1,0,0,0,1.0
1292,49,sports,1,1,0,0,3.0
1292,446,gaming,1,0,0,0,1.0
1292,372,sports,1,1,0,0,3.0
1292,143,dance,1,1,1,0,7.0
1293,485,music,0,0,0,0,0.0
1293,103,travel,1,1,0,0,3.0
1293,133,sports,1,1,0,0,3.0
1293,377,comedy,0,0,0,0,0.0
1293,67,sports,1,0,0,0,1.0
1293,341,dance,0,0,0,0,0.0
1293,257,travel,1,0,0,0,1.0
1293,396,dance,1,0,0,0,1.0
1293,435,education,1,0,0,0,1.0
1293,337,gaming,1,1,0,0,3.0
1294,309,education,1,0,0,0,1.0
1294,431,gaming,0,0,0,0,0.0
1294,95,music,0,0,0,0,0.0
1294,282,comedy,1,0,0,0,1.0
1294,231,education,1,0,0,0,1.0
1294,62,gaming,1,0,0,0,1.0
1294,350,comedy,1,0,0,0,1.0
1294,494,dance,1,0,0,0,1.0
1294,318,comedy,1,0,0,0,1.0
1294,361,gaming,1,0,0,0,1.0
1295,86,dance,1,0,0,0,1.0
1295,52,comedy,1,0,0,0,1.0
1295,119,comedy,1,1,0,0,3.0
1295,451,dance,1,0,0,0,1.0
1295,359,sports,0,0,0,0,0.0
1296,335,sports,1,0,0,1,4.0
1296,382,dance,1,0,0,0,1.0
1296,142,music,0,0,0,0,0.0
1296,213,travel,1,1,1,0,7.0
1296,265,travel,1,1,0,0,3.0
1296,362,sports,1,0,0,0,1.0
1296,485,travel,1,1,0,0,3.0
1296,282,sports,1,0,0,0,1.0
1296,150,travel,1,1,0,0,3.0
1296,217,cooking,1,0,0,0,1.0
1296,53,sports,1,1,0,0,3.0
1297,266,gaming,1,1,0,0,3.0
1297,184,education,1,0,0,0,1.0
1297,189,comedy,1,1,0,0,3.0
1297,123,cooking,1,0,0,0,1.0
1297,355,sports,1,0,0,0,1.0
1297,278,gaming,0,0,0,0,0.0
1297,149,sports,0,0,0,0,0.0
1297,413,education,1,0,0,0,1.0
1297,254,education,0,0,0,0,0.0
1297,331,gaming,1,0,0,0,1.0
1297,308,education,1,1,0,0,3.0
1297,392,music,1,1,0,0,3.0
1297,443,gaming,1,0,0,0,1.0
1298,276,comedy,1,1,0,0,3.0
1298,406,dance,1,1,0,1,6.0
1298,478,sports,1,0,0,0,1.0
1298,476,cooking,1,0,0,0,1.0
1298,0,dance,1,0,0,0,1.0
1298,294,travel,0,0,0,0,0.0
1298,35,sports,1,0,0,0,1.0
1298,167,music,1,1,0,0,3.0
1298,94,sports,1,0,0,0,1.0
1298,399,sports,1,0,0,0,1.0
1298,350,gaming,1,1,0,0,3.0
1298,18,cooking,1,0,0,0,1.0
1298,205,sports,0,0,0,0,0.0
1298,97,music,1,1,0,1,6.0
1299,463,travel,0,0,0,0,0.0
1299,264,comedy,1,0,0,0,1.0
1299,464,sports,1,1,0,0,3.0
1299,305,cooking,0,0,0,0,0.0
1299,361,music,1,0,0,0,1.0
1299,239,music,1,1,0,0,3.0
1299,292,cooking,1,1,0,0,3.0
1299,183,cooking,1,0,0,0,1.0
1299,25,cooking,0,0,0,0,0.0
1300,359,music,1,0,0,0,1.0
1300,416,music,0,0,0,0,0.0
1300,157,music,1,0,0,0,1.0
1300,294,music,1,1,0,0,3.0
1300,320,music,1,1,0,0,3.0
1300,34,travel,1,0,0,0,1.0
1301,111,education,0,0,0,0,0.0
1301,376,education,1,1,0,0,3.0
1301,90,travel,0,0,0,0,0.0
1301,352,education,0,0,0,0,0.0
1301,235,cooking,1,0,0,0,1.0
1301,50,travel,1,0,0,0,1.0
1301,312,gaming,0,0,0,0,0.0
1302,94,travel,1,0,0,0,1.0
1302,431,travel,1,0,0,0,1.0
1302,8,sports,1,0,0,0,1.0
1302,142,sports,1,0,0,0,1.0
1302,6,sports,1,0,0,0,1.0
1302,56,cooking,1,0,0,0,1.0
1302,444,dance,1,0,0,0,1.0
1302,264,gaming,1,0,0,0,1.0
1302,479,dance,1,1,0,0,3.0
1303,74,cooking,1,0,0,0,1.0
1303,313,comedy,1,0,0,0,1.0
1303,384,cooking,1,0,0,0,1.0
1303,58,sports,1,0,0,0,1.0
1303,173,sports,1,0,0,0,1.0
1303,337,education,0,0,0,0,0.0
1303,243,sports,1,0,0,0,1.0
1303,357,cooking,1,0,0,0,1.0
1303,297,travel,1,1,0,0,3.0
1303,152,travel,0,0,0,0,0.0
1303,462,comedy,1,0,0,0,1.0
1303,339,dance,1,0,0,0,1.0
1303,36,comedy,1,1,0,0,3.0
1304,316,dance,1,0,0,0,1.0
1304,283,gaming,1,0,0,0,1.0
1304,266,sports,1,0,0,0,1.0
1304,271,dance,1,0,0,0,1.0
1304,358,cooking,1,1,1,0,7.0
1304,487,dance,1,0,0,0,1.0
1304,402,education,1,0,0,0,1.0
1304,30,education,1,1,0,0,3.0
1304,296,sports,1,0,0,0,1.0
1305,265,sports,1,0,0,0,1.0
1305,195,dance,1,0,0,0,1.0
1305,447,comedy,1,1,0,0,3.0
1305,348,comedy,1,0,0,0,1.0
1305,462,travel,1,0,0,0,1.0
1305,439,sports,1,0,0,0,1.0
1305,157,comedy,1,1,0,0,3.0
1305,497,sports,1,0,0,0,1.0
1305,353,education,1,0,0,0,1.0
1305,225,sports,1,0,0,0,1.0
1305,452,dance,0,0,0,0,0.0
1305,378,gaming,1,1,0,0,3.0
1306,303,travel,1,0,0,0,1.0
1306,434,comedy,0,0,0,0,0.0
1306,488,music,1,0,0,0,1.0
1306,442,cooking,1,0,0,0,1.0
1306,58,cooking,1,0,0,0,1.0
1306,157,sports,1,0,0,0,1.0
1306,1,comedy,1,0,0,0,1.0
1306,21,travel,1,0,0,0,1.0
1306,348,music,1,0,0,0,1.0
1307,413,cooking,1,0,0,0,1.0
1307,24,music,1,1,0,0,3.0
1307,331,travel,1,0,0,0,1.0
1307,355,dance,1,1,0,0,3.0
1307,386,travel,1,0,0,0,1.0
1307,488,education,1,0,0,0,1.0
1308,354,cooking,0,0,0,0,0.0
1308,128,education,1,0,0,0,1.0
1308,315,gaming,1,0,0,0,1.0
1308,389,gaming,1,0,0,0,1.0
1308,453,gaming,1,0,0,0,1.0
1308,194,gaming,1,0,0,0,1.0
1308,44,music,1,0,0,0,1.0
1308,489,comedy,1,0,0,0,1.0
1308,488,gaming,1,1,0,0,3.0
1308,278,music,1,0,0,1,4.0
1309,424,dance,1,0,0,0,1.0
1309,488,dance,1,0,0,0,1.0
1309,118,education,1,1,0,0,3.0
1309,252,dance,0,0,0,0,0.0
1309,58,education,1,0,0,0,1.0
1309,406,education,1,1,0,0,3.0
1309,293,travel,1,0,0,0,1.0
1309,67,comedy,1,0,0,0,1.0
1309,202,education,1,0,0,1,4.0
1309,80,dance,1,0,0,0,1.0
1309,438,sports,1,0,0,0,1.0
1309,158,education,0,0,0,0,0.0
1309,243,dance,1,0,0,0,1.0
1309,348,dance,0,0,0,0,0.0
1310,60,dance,1,0,0,0,1.0
1310,456,education,1,1,0,0,3.0
1310,10,cooking,1,1,0,0,3.0
1310,396,education,1,0,0,1,4.0
1310,13,gaming,0,0,0,0,0.0
1310,419,comedy,1,1,0,0,3.0
1310,309,gaming,0,0,0,0,0.0
1310,325,cooking,1,0,0,0,1.0
1310,118,comedy,1,1,0,0,3.0
1310,142,gaming,0,0,0,0,0.0
1311,87,comedy,1,1,0,0,3.0
1311,499,comedy,1,0,0,0,1.0
1311,302,travel,1,0,0,0,1.0
1311,318,travel,1,0,0,0,1.0
1311,125,dance,1,0,0,0,1.0
1311,235,comedy,1,0,0,0,1.0
1311,443,dance,1,0,0,0,1.0
1311,339,travel,1,0,0,0,1.0
1311,253,education,0,0,0,0,0.0
1311,464,travel,1,0,0,0,1.0
1311,35,travel,1,0,0,0,1.0
1312,8,gaming,1,1,0,0,3.0
1312,264,travel,1,0,0,0,1.0
1312,309,travel,1,0,0,0,1.0
1312,243,travel,1,0,0,0,1.0
1312,118,education,0,0,0,0,0.0
1312,248,gaming,0,0,0,0,0.0
1312,273,travel,1,0,0,0,1.0
1312,427,travel,1,0,0,0,1.0
1312,417,dance,1,0,0,0,1.0
1312,109,education,1,1,1,0,7.0
1313,107,education,1,1,1,0,7.0
1313,246,education,1,1,0,0,3.0
1313,303,gaming,0,0,0,0,0.0
1313,154,music,0,0,0,0,0.0
1313,1,music,1,0,0,0,1.0
1313,232,sports,1,1,0,1,6.0
1313,452,gaming,1,0,0,0,1.0
1313,114,dance,0,0,0,0,0.0
1313,317,cooking,1,0,0,0,1.0
1314,290,comedy,1,0,0,0,1.0
1314,166,travel,1,1,0,0,3.0
1314,100,cooking,0,0,0,0,0.0
1314,470,gaming,1,0,0,0,1.0
1314,5,gaming,1,1,0,0,3.0
1314,159,travel,1,0,0,0,1.0
1314,303,travel,1,0,0,0,1.0
1314,89,gaming,1,0,0,0,1.0
1314,65,gaming,1,0,0,0,1.0
1314,351,cooking,1,0,0,1,4.0
1314,358,travel,1,0,0,0,1.0
1314,31,travel,1,0,0,0,1.0
1315,68,education,0,0,0,0,0.0
1315,157,sports,1,1,1,1,10.0
1315,311,comedy,1,0,0,0,1.0
1315,259,dance,1,1,0,0,3.0
1315,299,education,0,0,0,0,0.0
1315,242,cooking,1,1,0,0,3.0
1315,133,travel,1,0,0,0,1.0
1315,69,sports,1,1,0,0,3.0
1315,0,cooking,0,0,0,0,0.0
1316,381,dance,0,0,0,0,0.0
1316,365,gaming,1,1,0,0,3.0
1316,78,music,1,1,0,0,3.0
1316,341,dance,0,0,0,0,0.0
1316,452,education,1,0,0,0,1.0
1316,276,education,1,1,0,0,3.0
1316,490,sports,1,0,0,0,1.0
1316,15,sports,1,0,0,0,1.0
1317,134,travel,0,0,0,0,0.0
1317,47,cooking,1,0,0,0,1.0
1317,401,cooking,0,0,0,0,0.0
1317,28,travel,1,1,0,0,3.0
1317,345,travel,1,0,0,0,1.0
1317,301,gaming,0,0,0,0,0.0
1317,75,cooking,1,1,0,1,6.0
1317,251,gaming,1,1,0,0,3.0
1317,497,sports,1,1,1,0,7.0
1317,245,travel,1,0,0,0,1.0
1317,188,dance,0,0,0,0,0.0
1317,30,gaming,1,0,0,0,1.0
1317,453,gaming,1,1,0,0,3.0
1318,267,education,1,0,0,0,1.0
1318,220,dance,0,0,0,0,0.0
1318,66,dance,1,1,0,0,3.0
1318,188,sports,0,0,0,0,0.0
1318,16,dance,1,0,0,0,1.0
1318,398,sports,1,0,0,0,1.0
1318,116,dance,1,0,0,0,1.0
1318,73,education,1,0,0,0,1.0
1318,424,comedy,1,1,0,0,3.0
1318,341,dance,1,0,0,0,1.0
1318,278,education,0,0,0,0,0.0
1318,354,travel,1,0,0,0,1.0
1319,129,cooking,0,0,0,0,0.0
1319,150,cooking,0,0,0,0,0.0
1319,200,gaming,1,1,0,0,3.0
1319,401,gaming,1,1,0,0,3.0
1319,334,education,1,1,0,0,3.0
1319,416,education,1,1,0,0,3.0
1319,467,education,1,1,0,0,3.0
1319,360,cooking,0,0,0,0,0.0
1319,452,sports,1,1,0,0,3.0
1319,461,education,1,1,0,0,3.0
1319,352,gaming,1,1,0,0,3.0
1319,99,gaming,1,0,0,0,1.0
1319,129,cooking,0,0,0,0,0.0
1319,243,education,1,1,0,0,3.0
1319,28,education,1,0,0,1,4.0
1320,418,gaming,1,0,0,0,1.0
1320,282,cooking,1,0,0,0,1.0
1320,36,travel,1,0,0,0,1.0
1320,177,travel,1,0,0,0,1.0
1320,80,travel,1,0,0,0,1.0
1320,395,comedy,1,0,0,0,1.0
1320,198,travel,1,1,0,0,3.0
1321,282,comedy,1,0,0,0,1.0
1321,175,music,1,0,0,0,1.0
1321,203,dance,0,0,0,0,0.0
1321,402,comedy,1,0,0,0,1.0
1321,220,dance,0,0,0,0,0.0
1321,395,travel,1,1,0,0,3.0
1321,468,dance,0,0,0,0,0.0
1321,102,comedy,1,1,0,0,3.0
1321,247,gaming,1,1,0,0,3.0
1321,426,travel,1,0,0,1,4.0
1321,322,travel,0,0,0,0,0.0
1321,369,education,1,0,0,0,1.0
1322,119,comedy,1,0,0,0,1.0
1322,470,travel,1,0,0,0,1.0
1322,161,cooking,1,0,0,0,1.0
1322,1,cooking,0,0,0,0,0.0
1322,335,comedy,1,0,0,0,1.0
1322,342,sports,1,0,0,0,1.0
1322,343,dance,1,0,0,0,1.0
1322,78,comedy,1,1,0,0,3.0
1322,164,cooking,0,0,0,0,0.0
1322,75,cooking,0,0,0,0,0.0
1322,2,cooking,1,1,0,0,3.0
1322,64,travel,1,0,0,0,1.0
1322,171,cooking,1,1,0,0,3.0
1322,240,gaming,1,0,0,0,1.0
1322,400,cooking,1,1,0,0,3.0
1322,137,cooking,1,0,0,0,1.0
1323,173,music,1,0,0,0,1.0
1323,189,sports,1,0,0,1,4.0
1323,19,music,1,0,0,0,1.0
1323,266,gaming,1,1,0,0,3.0
1323,282,sports,1,0,0,0,1.0
1323,487,comedy,1,1,0,0,3.0
1323,476,gaming,0,0,0,0,0.0
1323,14,sports,1,1,0,1,6.0
1324,176,gaming,1,1,0,0,3.0
1324,55,education,1,1,0,0,3.0
1324,411,education,1,0,0,0,1.0
1324,113,sports,1,0,0,0,1.0
1324,490,music,1,1,1,0,7.0
1324,362,gaming,1,1,1,0,7.0
1324,67,education,1,0,0,0,1.0
1324,165,education,1,1,0,0,3.0
1324,491,sports,1,0,0,0,1.0
1324,36,sports,1,1,0,0,3.0
1324,73,cooking,1,0,0,0,1.0
1324,462,cooking,0,0,0,0,0.0
1324,305,gaming,1,0,0,0,1.0
1324,346,comedy,1,1,0,0,3.0
1324,294,music,1,1,0,1,6.0
1324,189,music,1,0,0,0,1.0
1324,24,education,1,1,0,0,3.0
1324,242,comedy,1,1,0,1,6.0
1325,477,gaming,0,0,0,0,0.0
1325,346,travel,1,1,0,0,3.0
1325,342,sports,1,0,0,0,1.0
1325,331,comedy,0,0,0,0,0.0
1325,195,education,1,0,0,0,1.0
1325,231,dance,1,0,0,0,1.0
1325,42,gaming,1,0,0,0,1.0
1325,468,gaming,1,0,0,0,1.0
1326,71,gaming,1,0,0,0,1.0
1326,163,comedy,1,0,0,0,1.0
1326,163,dance,1,0,0,0,1.0
1326,230,dance,1,0,0,0,1.0
1326,387,dance,0,0,0,0,0.0
1326,232,comedy,0,0,0,0,0.0
1326,446,dance,1,0,0,0,1.0
1326,395,comedy,1,0,0,0,1.0
1326,243,dance,1,1,0,0,3.0
1326,294,gaming,1,0,0,1,4.0
1326,239,dance,1,0,0,0,1.0
1326,141,education,1,1,1,0,7.0
1326,55,education,1,0,0,0,1.0
1326,289,sports,0,0,0,0,0.0
1326,123,comedy,1,0,0,0,1.0
1327,177,dance,1,0,0,0,1.0
1327,408,dance,0,0,0,0,0.0
1327,415,dance,0,0,0,0,0.0
1327,145,comedy,0,0,0,0,0.0
1327,493,gaming,0,0,0,0,0.0
1327,398,dance,1,0,0,0,1.0
1327,492,dance,0,0,0,0,0.0
1327,432,dance,1,0,0,0,1.0
1327,141,cooking,1,0,0,0,1.0
1328,61,education,1,1,1,0,7.0
1328,149,dance,0,0,0,0,0.0
1328,168,dance,1,0,0,0,1.0
1328,149,dance,1,0,0,0,1.0
1328,327,gaming,1,1,0,1,6.0
1328,434,dance,1,0,0,0,1.0
1328,4,sports,1,0,0,0,1.0
1328,90,dance,1,0,0,0,1.0
1328,385,comedy,1,1,0,0,3.0
1329,380,cooking,1,0,0,0,1.0
1329,476,cooking,1,0,0,0,1.0
1329,100,travel,1,0,0,0,1.0
1329,376,travel,0,0,0,0,0.0
1329,466,sports,1,1,0,0,3.0
1329,3,cooking,1,1,0,0,3.0
1329,231,sports,1,1,1,0,7.0
1329,150,sports,1,1,0,0,3.0
1329,265,sports,0,0,0,0,0.0
1329,205,cooking,1,0,0,1,4.0
1329,350,sports,1,1,0,0,3.0
1329,45,gaming,1,1,1,0,7.0
1329,412,dance,0,0,0,0,0.0
1329,469,sports,1,0,0,0,1.0
1329,341,sports,0,0,0,0,0.0
1329,177,cooking,0,0,0,0,0.0
1329,351,cooking,1,0,0,0,1.0
1329,240,sports,1,0,0,0,1.0
1329,496,cooking,1,1,0,0,3.0
1330,399,travel,1,1,1,0,7.0
1330,481,sports,1,1,0,0,3.0
1330,382,sports,1,1,0,0,3.0
1330,101,gaming,1,0,0,0,1.0
1330,332,travel,1,0,0,0,1.0
1330,346,education,1,1,0,0,3.0
1330,2,travel,1,1,0,0,3.0
1330,269,comedy,1,0,0,0,1.0
1330,76,sports,0,0,0,0,0.0
1330,188,comedy,0,0,0,0,0.0
1331,110,sports,1,0,0,0,1.0
1331,141,travel,0,0,0,0,0.0
1331,288,education,1,0,0,0,1.0
1331,245,cooking,1,1,0,0,3.0
1331,451,sports,1,0,0,0,1.0
1331,191,dance,1,0,0,0,1.0
1331,333,gaming,1,0,0,0,1.0
1331,29,gaming,1,1,0,0,3.0
1331,473,comedy,1,0,0,0,1.0
1331,27,comedy,1,0,0,0,1.0
1331,52,education,0,0,0,0,0.0
1331,57,gaming,1,0,0,0,1.0
1331,383,sports,1,0,0,0,1.0
1331,336,comedy,1,0,0,0,1.0
1331,25,dance,1,0,0,0,1.0
1331,394,education,1,0,0,0,1.0
1331,338,comedy,1,0,0,0,1.0
1331,157,gaming,1,0,0,0,1.0
1331,1,dance,1,0,0,0,1.0
1332,397,music,0,0,0,0,0.0
1332,407,sports,1,1,1,0,7.0
1332,404,education,1,0,0,0,1.0
1332,117,travel,1,0,0,0,1.0
1332,123,music,0,0,0,0,0.0
1332,286,dance,1,1,0,0,3.0
1332,13,sports,0,0,0,0,0.0
1332,78,travel,1,0,0,0,1.0
1332,11,gaming,1,1,0,0,3.0
1332,395,education,1,0,0,0,1.0
1332,323,gaming,1,1,0,0,3.0
1332,409,music,0,0,0,0,0.0
1332,4,education,1,0,0,0,1.0
1333,406,travel,1,0,0,0,1.0
1333,175,dance,1,1,0,0,3.0
1333,161,cooking,1,0,0,0,1.0
1333,366,music,1,1,0,0,3.0
1333,459,travel,1,1,0,0,3.0
1333,242,dance,1,0,0,0,1.0
1333,231,dance,1,1,0,0,3.0
1334,261,sports,1,1,0,0,3.0
1334,378,sports,1,0,0,0,1.0
1334,294,cooking,1,0,0,0,1.0
1334,326,cooking,0,0,0,0,0.0
1334,100,music,1,0,0,0,1.0
1334,109,sports,0,0,0,0,0.0
1334,136,cooking,1,0,0,0,1.0
1334,158,cooking,1,1,0,0,3.0
1334,255,sports,1,0,0,0,1.0
1334,421,travel,1,0,0,0,1.0
1334,10,music,1,0,0,0,1.0
1334,343,music,0,0,0,0,0.0
1334,205,music,1,1,0,0,3.0
1335,302,cooking,1,0,0,0,1.0
1335,201,cooking,1,0,0,0,1.0
1335,96,comedy,1,0,0,0,1.0
1335,71,comedy,0,0,0,0,0.0
1335,243,sports,1,0,0,0,1.0
1335,415,cooking,1,1,0,0,3.0
1335,274,comedy,1,0,0,0,1.0
1335,327,comedy,1,0,0,0,1.0
1335,271,cooking,1,1,0,0,3.0
1336,432,gaming,0,0,0,0,0.0
1336,151,gaming,1,1,1,0,7.0
1336,492,dance,0,0,0,0,0.0
1336,474,gaming,1,0,0,0,1.0
1336,63,music,0,0,0,0,0.0
1336,404,travel,1,1,0,0,3.0
1336,267,travel,1,1,0,0,3.0
1336,450,gaming,1,1,0,1,6.0
1336,461,education,1,0,0,0,1.0
1336,56,gaming,1,0,0,0,1.0
1336,299,travel,1,0,0,0,1.0
1336,252,music,1,0,0,0,1.0
1336,83,dance,1,0,0,0,1.0
1336,208,music,1,0,0,0,1.0
1337,343,sports,1,0,0,0,1.0
1337,484,gaming,1,0,0,0,1.0
1337,184,dance,1,1,0,0,3.0
1337,449,education,1,0,0,0,1.0
1337,183,dance,1,0,0,0,1.0
1337,258,dance,1,0,0,0,1.0
1337,102,education,1,0,0,0,1.0
1337,228,dance,1,0,0,1,4.0
1337,107,dance,1,0,0,0,1.0
1337,156,dance,1,0,0,0,1.0
1337,154,dance,0,0,0,0,0.0
1337,145,cooking,1,1,0,0,3.0
1338,72,education,0,0,0,0,0.0
1338,165,comedy,0,0,0,0,0.0
1338,162,gaming,1,0,0,0,1.0
1338,201,education,1,0,0,0,1.0
1338,19,comedy,0,0,0,0,0.0
1338,323,sports,1,1,0,0,3.0
1338,62,comedy,1,1,0,0,3.0
1338,233,travel,0,0,0,0,0.0
1338,256,gaming,1,0,0,0,1.0
1339,46,comedy,1,1,0,1,6.0
1339,250,music,1,0,0,0,1.0
1339,361,education,1,0,0,0,1.0
1339,135,music,1,1,0,0,3.0
1339,147,dance,1,0,0,0,1.0
1339,199,cooking,1,0,0,0,1.0
1339,73,education,0,0,0,0,0.0
1339,311,education,1,0,0,0,1.0
1339,472,dance,1,1,0,0,3.0
1339,468,dance,1,1,0,0,3.0
1339,226,education,0,0,0,0,0.0
1339,205,education,1,0,0,0,1.0
1339,185,dance,1,0,0,0,1.0
1340,228,gaming,1,1,0,0,3.0
1340,20,dance,1,0,0,0,1.0
1340,155,comedy,1,0,0,0,1.0
1340,406,travel,1,0,0,0,1.0
1340,194,sports,1,0,0,0,1.0
1340,343,travel,1,1,0,0,3.0
1340,89,dance,1,0,0,0,1.0
1340,186,sports,1,0,0,0,1.0
1340,461,music,1,0,0,0,1.0
1340,446,sports,1,0,0,0,1.0
1340,349,cooking,1,1,0,0,3.0
1340,419,dance,0,0,0,0,0.0
1340,17,education,1,1,0,0,3.0
1341,434,sports,0,0,0,0,0.0
1341,471,education,1,0,0,0,1.0
1341,360,comedy,1,0,0,0,1.0
1341,24,music,1,0,0,0,1.0
1341,51,sports,1,1,0,0,3.0
1341,1,gaming,1,1,0,0,3.0
1341,270,cooking,1,0,0,0,1.0
1341,347,sports,1,1,0,0,3.0
1341,297,sports,0,0,0,0,0.0
1341,129,cooking,0,0,0,0,0.0
1342,452,dance,1,0,0,0,1.0
1342,177,dance,0,0,0,0,0.0
1342,408,cooking,1,0,0,0,1.0
1342,441,cooking,1,0,0,0,1.0
1342,481,sports,1,0,0,0,1.0
1342,352,cooking,0,0,0,0,0.0
1343,23,education,1,0,0,0,1.0
1343,464,music,1,0,0,0,1.0
1343,378,education,1,1,0,0,3.0
1343,306,education,1,0,0,0,1.0
1343,92,music,1,0,0,0,1.0
1343,22,dance,0,0,0,0,0.0
1343,208,comedy,1,0,0,0,1.0
1343,7,sports,1,0,0,0,1.0
1343,114,education,1,0,0,1,4.0
1344,52,cooking,0,0,0,0,0.0
1344,367,comedy,1,0,0,0,1.0
1344,234,dance,0,0,0,0,0.0
1344,464,gaming,1,0,0,0,1.0
1344,378,gaming,1,0,0,0,1.0
1344,411,cooking,1,0,0,0,1.0
1344,124,cooking,0,0,0,0,0.0
1344,196,sports,0,0,0,0,0.0
1345,306,gaming,1,0,0,0,1.0
1345,306,dance,1,0,0,0,1.0
1345,269,travel,1,1,0,0,3.0
1345,84,music,0,0,0,0,0.0
1345,7,education,1,0,0,0,1.0
1345,4,gaming,1,0,0,0,1.0
1345,64,music,1,0,0,0,1.0
1345,173,cooking,0,0,0,0,0.0
1345,342,cooking,1,0,0,0,1.0
1345,438,music,1,0,0,0,1.0
1345,478,comedy,1,0,0,0,1.0
1346,348,sports,1,0,0,0,1.0
1346,231,education,1,1,0,0,3.0
1346,222,sports,1,0,0,0,1.0
1346,98,sports,1,0,0,0,1.0
1346,494,sports,1,1,0,1,6.0
1346,30,dance,0,0,0,0,0.0
1346,324,music,1,1,0,1,6.0
1346,489,sports,0,0,0,0,0.0
1346,77,comedy,1,0,0,0,1.0
1347,209,travel,1,0,0,0,1.0
1347,319,music,1,0,0,0,1.0
1347,62,travel,0,0,0,0,0.0
1347,440,comedy,1,0,0,0,1.0
1347,147,travel,1,1,0,0,3.0
1347,319,travel,0,0,0,0,0.0
1347,489,music,1,0,0,0,1.0
1347,495,comedy,1,0,0,0,1.0
1347,135,cooking,1,0,0,0,1.0
1347,211,travel,1,0,0,0,1.0
1347,405,travel,1,0,0,0,1.0
1347,43,music,1,1,0,0,3.0
1347,204,music,1,1,0,0,3.0
1347,37,comedy,1,0,0,0,1.0
1348,240,travel,1,0,0,0,1.0
1348,281,music,1,0,0,0,1.0
1348,204,travel,1,1,0,0,3.0
1348,202,cooking,1,0,0,0,1.0
1348,141,travel,1,1,0,0,3.0
1348,219,travel,1,0,0,0,1.0
1348,178,dance,0,0,0,0,0.0
1348,318,travel,0,0,0,0,0.0
1348,13,travel,1,0,0,0,1.0
1348,203,travel,1,0,0,0,1.0
1348,247,travel,1,1,0,0,3.0
1349,498,dance,0,0,0,0,0.0
1349,311,travel,1,1,0,0,3.0
1349,306,dance,0,0,0,0,0.0
1349,460,dance,1,1,0,0,3.0
1349,301,music,1,1,0,0,3.0
1349,277,travel,1,1,0,0,3.0
1349,6,travel,1,0,0,1,4.0
1349,286,cooking,1,0,0,0,1.0
1349,11,travel,1,0,0,0,1.0
1349,319,dance,1,0,0,0,1.0
1349,98,cooking,0,0,0,0,0.0
1349,457,comedy,1,1,0,0,3.0
1349,27,travel,1,1,0,0,3.0
1350,487,comedy,1,0,0,0,1.0
1350,442,sports,1,1,1,0,7.0
1350,480,music,1,0,0,0,1.0
1350,494,sports,1,0,0,0,1.0
1350,379,music,1,0,0,0,1.0
1350,148,music,1,0,0,0,1.0
1351,27,sports,1,0,0,0,1.0
1351,270,dance,1,0,0,0,1.0
1351,343,education,1,1,1,0,7.0
1351,100,gaming,1,1,0,0,3.0
1351,201,sports,1,0,0,0,1.0
1351,308,sports,0,0,0,0,0.0
1351,209,dance,1,1,0,0,3.0
1351,384,gaming,1,1,0,0,3.0
1351,476,travel,1,0,0,0,1.0
1351,87,cooking,1,1,1,0,7.0
1351,200,education,1,0,0,0,1.0
1351,258,gaming,1,0,0,0,1.0
1351,467,gaming,0,0,0,0,0.0
1351,178,comedy,1,0,0,0,1.0
1351,32,education,1,0,0,0,1.0
1351,398,gaming,1,0,0,0,1.0
1352,14,dance,0,0,0,0,0.0
1352,367,sports,1,0,0,0,1.0
1352,96,comedy,1,1,0,0,3.0
1352,305,travel,1,0,0,0,1.0
1352,2,education,0,0,0,0,0.0
1352,76,travel,1,1,0,0,3.0
1353,59,comedy,1,0,0,0,1.0
1353,53,sports,1,0,0,0,1.0
1353,454,comedy,1,0,0,0,1.0
1353,317,music,0,0,0,0,0.0
1353,257,music,1,1,0,0,3.0
1353,486,music,0,0,0,0,0.0
1353,120,sports,1,0,0,0,1.0
1353,232,dance,1,0,0,0,1.0
1353,418,music,1,0,0,0,1.0
1353,178,sports,1,0,0,0,1.0
1353,101,comedy,1,0,0,0,1.0
1353,78,music,1,0,0,0,1.0
1353,442,cooking,1,1,0,0,3.0
1354,68,gaming,1,0,0,0,1.0
1354,54,sports,1,1,1,0,7.0
1354,186,sports,1,0,0,0,1.0
1354,12,sports,1,0,0,0,1.0
1354,181,cooking,1,0,0,0,1.0
1354,267,travel,1,0,0,0,1.0
1354,362,sports,1,0,0,0,1.0
1354,194,gaming,1,0,0,0,1.0
1354,114,cooking,1,0,0,0,1.0
1355,149,gaming,0,0,0,0,0.0
1355,357,education,1,1,0,0,3.0
1355,277,gaming,1,0,0,0,1.0
1355,425,gaming,1,0,0,0,1.0
1355,437,comedy,1,1,0,0,3.0
1355,107,cooking,1,0,0,0,1.0
1355,211,travel,1,1,0,0,3.0
1355,388,dance,1,0,0,0,1.0
1355,40,cooking,1,0,0,0,1.0
1355,58,cooking,1,1,0,0,3.0
1355,472,sports,1,1,0,0,3.0
1355,234,dance,0,0,0,0,0.0
1355,405,education,1,0,0,0,1.0
1355,298,gaming,1,0,0,0,1.0
1356,239,dance,1,1,0,0,3.0
1356,37,gaming,1,0,0,0,1.0
1356,82,cooking,0,0,0,0,0.0
1356,170,education,1,0,0,0,1.0
1356,22,cooking,1,0,0,0,1.0
1356,307,dance,1,1,0,0,3.0
1356,467,cooking,1,1,1,0,7.0
1356,267,cooking,1,1,0,1,6.0
1356,64,cooking,0,0,0,0,0.0
1356,244,dance,1,0,0,0,1.0
1357,361,music,0,0,0,0,0.0
1357,36,music,1,0,0,0,1.0
1357,1,education,1,0,0,0,1.0
1357,393,education,1,1,0,0,3.0
1357,154,education,0,0,0,0,0.0
1357,317,dance,1,1,0,1,6.0
1357,421,music,1,0,0,0,1.0
1357,158,sports,1,0,0,0,1.0
1357,286,dance,0,0,0,0,0.0
1357,278,gaming,1,1,0,0,3.0
1357,488,music,1,0,0,0,1.0
1357,299,music,0,0,0,0,0.0
1358,149,cooking,0,0,0,0,0.0
1358,166,dance,1,0,0,0,1.0
1358,113,gaming,1,0,0,0,1.0
1358,453,comedy,1,0,0,0,1.0
1358,347,sports,1,0,0,0,1.0
1358,144,comedy,1,0,0,0,1.0
1358,57,sports,1,0,0,0,1.0
1358,155,comedy,1,0,0,0,1.0
1358,315,comedy,1,0,0,0,1.0
1358,321,comedy,1,1,0,0,3.0
1359,312,education,1,0,0,0,1.0
1359,449,cooking,1,0,0,0,1.0
1359,461,dance,1,0,0,0,1.0
1359,358,gaming,1,0,0,0,1.0
1359,226,gaming,1,0,0,0,1.0
1359,336,cooking,1,1,0,0,3.0
1359,153,travel,1,0,0,1,4.0
1359,284,dance,1,0,0,0,1.0
1359,308,gaming,1,0,0,0,1.0
1359,242,education,1,0,0,0,1.0
1359,6,dance,1,0,0,1,4.0
1359,110,cooking,1,1,0,0,3.0
1360,367,sports,1,1,0,0,3.0
1360,315,sports,1,1,0,0,3.0
1360,7,sports,1,0,0,0,1.0
1360,401,music,1,0,0,1,4.0
1360,345,music,1,1,0,0,3.0
1360,32,cooking,1,0,0,0,1.0
1360,128,cooking,0,0,0,0,0.0
1360,310,gaming,1,1,0,0,3.0
1360,124,cooking,1,0,0,0,1.0
1360,6,cooking,1,0,0,0,1.0
1360,17,education,1,0,0,0,1.0
1360,492,education,1,0,0,0,1.0
1360,30,cooking,1,0,0,0,1.0
1360,290,gaming,1,0,0,0,1.0
1360,143,cooking,0,0,0,0,0.0
1360,135,education,1,0,0,0,1.0
1361,180,music,1,0,0,0,1.0
1361,442,dance,1,1,1,0,7.0
1361,355,dance,1,1,0,1,6.0
1361,36,travel,1,0,0,0,1.0
1361,416,music,1,0,0,0,1.0
1361,384,education,0,0,0,0,0.0
1361,249,education,1,0,0,0,1.0
1361,448,music,0,0,0,0,0.0
1361,482,music,1,1,0,0,3.0
1361,16,education,0,0,0,0,0.0
1361,414,music,1,0,0,0,1.0
1362,163,gaming,0,0,0,0,0.0
1362,169,music,1,0,0,0,1.0
1362,169,cooking,1,0,0,0,1.0
1362,318,gaming,1,1,0,0,3.0
1362,40,gaming,1,0,0,1,4.0
1362,206,gaming,1,1,0,0,3.0
1362,19,cooking,1,0,0,0,1.0
1362,432,gaming,1,0,0,0,1.0
1362,493,gaming,1,1,0,0,3.0
1362,67,cooking,1,1,0,0,3.0
1363,295,comedy,1,1,0,0,3.0
1363,279,comedy,1,1,0,0,3.0
1363,142,music,1,0,0,0,1.0
1363,164,gaming,1,0,0,0,1.0
1363,249,dance,1,1,0,0,3.0
1363,308,gaming,0,0,0,0,0.0
1363,129,sports,1,1,0,0,3.0
1363,93,music,1,0,0,0,1.0
1364,318,education,1,0,0,0,1.0
1364,239,cooking,1,0,0,0,1.0
1364,227,education,0,0,0,0,0.0
1364,87,education,1,0,0,0,1.0
1364,92,cooking,1,0,0,0,1.0
1364,185,comedy,1,0,0,0,1.0
1364,402,education,1,0,0,0,1.0
1364,185,comedy,1,0,0,0,1.0
1364,237,comedy,0,0,0,0,0.0
1365,116,gaming,1,0,0,0,1.0
1365,214,comedy,1,0,0,0,1.0
1365,168,music,1,1,0,0,3.0
1365,52,travel,1,0,0,0,1.0
1365,228,dance,1,0,0,0,1.0
1365,195,gaming,1,1,0,0,3.0
1365,214,comedy,1,0,0,0,1.0
1365,343,music,1,0,0,0,1.0
1365,196,travel,1,0,0,0,1.0
1365,140,travel,1,0,0,0,1.0
1365,12,dance,1,0,0,0,1.0
1366,497,cooking,1,0,0,0,1.0
1366,56,dance,1,1,0,0,3.0
1366,276,travel,1,1,0,0,3.0
1366,446,education,1,1,0,0,3.0
1366,31,education,1,0,0,0,1.0
1366,188,cooking,0,0,0,0,0.0
1366,26,comedy,1,0,0,0,1.0
1366,130,cooking,1,1,0,0,3.0
1366,263,education,0,0,0,0,0.0
1366,132,cooking,0,0,0,0,0.0
1366,9,gaming,1,1,0,0,3.0
1367,360,dance,1,0,0,0,1.0
1367,50,dance,1,0,0,0,1.0
1367,152,dance,1,1,0,0,3.0
1367,490,music,1,0,0,1,4.0
1367,313,music,1,1,0,0,3.0
1367,44,gaming,1,0,0,0,1.0
1367,203,dance,1,0,0,0,1.0
1367,314,gaming,1,1,0,1,6.0
1367,407,education,0,0,0,0,0.0
1367,177,cooking,0,0,0,0,0.0
1367,81,dance,1,0,0,0,1.0
1368,248,cooking,1,0,0,0,1.0
1368,85,cooking,1,1,0,0,3.0
1368,166,cooking,1,0,0,1,4.0
1368,129,cooking,0,0,0,0,0.0
1368,321,cooking,1,0,0,0,1.0
1368,60,dance,1,0,0,0,1.0
1368,414,gaming,1,0,0,0,1.0
1368,194,cooking,0,0,0,0,0.0
1368,41,cooking,1,1,0,0,3.0
1368,489,cooking,1,0,0,0,1.0
1368,107,cooking,1,0,0,0,1.0
1368,290,cooking,0,0,0,0,0.0
1368,126,comedy,1,0,0,0,1.0
1368,38,cooking,1,0,0,0,1.0
1368,290,cooking,1,1,0,0,3.0
1368,403,sports,1,0,0,0,1.0
1368,140,cooking,1,1,0,1,6.0
1369,426,music,0,0,0,0,0.0
1369,149,gaming,0,0,0,0,0.0
1369,398,gaming,1,1,1,0,7.0
1369,436,sports,1,0,0,1,4.0
1369,259,sports,1,0,0,0,1.0
1369,55,cooking,0,0,0,0,0.0
1369,453,sports,1,1,0,0,3.0
1369,281,cooking,1,0,0,0,1.0
1369,432,cooking,1,0,0,0,1.0
1370,297,music,1,0,0,0,1.0
1370,321,education,1,1,0,0,3.0
1370,433,education,0,0,0,0,0.0
1370,320,music,1,0,0,0,1.0
1370,431,sports,1,0,0,0,1.0
1370,173,music,0,0,0,0,0.0
1370,384,music,1,1,0,0,3.0
1370,267,dance,0,0,0,0,0.0
1370,377,cooking,1,0,0,0,1.0
1370,29,education,1,0,0,0,1.0
1370,141,comedy,0,0,0,0,0.0
1370,92,education,1,1,0,0,3.0
1370,135,music,0,0,0,0,0.0
1371,174,sports,1,0,0,0,1.0
1371,225,cooking,1,0,0,0,1.0
1371,477,music,1,0,0,0,1.0
1371,313,education,1,0,0,0,1.0
1371,74,sports,1,0,0,0,1.0
1371,268,travel,1,0,0,0,1.0
1371,495,dance,1,0,0,0,1.0
1371,87,travel,1,0,0,0,1.0
1371,405,travel,1,1,0,0,3.0
1371,358,sports,1,0,0,0,1.0
1372,497,travel,1,1,0,0,3.0
1372,422,comedy,0,0,0,0,0.0
1372,3,travel,1,0,0,0,1.0
1372,300,gaming,1,0,0,0,1.0
1372,238,dance,0,0,0,0,0.0
1372,248,travel,1,0,0,0,1.0
1372,418,music,1,0,0,0,1.0
1372,208,travel,1,0,0,0,1.0
1372,221,dance,1,0,0,0,1.0
1372,464,travel,1,0,0,0,1.0
1372,294,education,1,1,0,0,3.0
1372,235,comedy,1,0,0,0,1.0
1372,452,comedy,1,0,0,0,1.0
1372,176,comedy,1,0,0,1,4.0
1372,260,gaming,1,0,0,0,1.0
1373,483,cooking,0,0,0,0,0.0
1373,248,cooking,1,0,0,0,1.0
1373,180,cooking,0,0,0,0,0.0
1373,259,travel,1,1,0,0,3.0
1373,31,music,1,0,0,0,1.0
1373,416,dance,1,1,0,0,3.0
1373,195,gaming,1,1,0,0,3.0
1373,174,comedy,1,0,0,0,1.0
1373,111,music,1,0,0,0,1.0
1373,207,cooking,1,1,0,0,3.0
1373,24,gaming,0,0,0,0,0.0
1374,423,music,1,0,0,0,1.0
1374,147,cooking,0,0,0,0,0.0
1374,289,music,0,0,0,0,0.0
1374,168,comedy,1,0,0,0,1.0
1374,456,travel,0,0,0,0,0.0
1374,92,education,0,0,0,0,0.0
1374,16,dance,1,0,0,0,1.0
1374,42,dance,1,1,0,1,6.0
1374,307,music,1,0,0,0,1.0
1374,493,dance,1,0,0,0,1.0
1374,30,music,1,0,0,0,1.0
1374,50,education,1,0,0,0,1.0
1375,327,education,1,1,0,0,3.0
1375,340,gaming,0,0,0,0,0.0
1375,121,gaming,1,0,0,0,1.0
1375,29,travel,1,0,0,1,4.0
1375,167,travel,1,0,0,0,1.0
1375,118,dance,1,0,0,0,1.0
1375,395,dance,1,0,0,0,1.0
1375,377,cooking,1,0,0,0,1.0
1376,133,travel,0,0,0,0,0.0
1376,121,dance,1,0,0,0,1.0
1376,127,gaming,1,0,0,0,1.0
1376,38,sports,1,0,0,0,1.0
1376,306,travel,1,0,0,0,1.0
1376,372,music,1,0,0,0,1.0
1376,310,music,0,0,0,0,0.0
1376,274,music,0,0,0,0,0.0
1376,269,music,1,1,0,0,3.0
1377,152,travel,0,0,0,0,0.0
1377,270,comedy,1,0,0,0,1.0
1377,45,sports,1,1,0,0,3.0
1377,241,sports,1,1,0,0,3.0
1377,271,sports,1,0,0,0,1.0
1377,2,comedy,1,0,0,0,1.0
1377,242,dance,1,1,0,0,3.0
1377,307,travel,1,0,0,0,1.0
1378,238,comedy,1,0,0,0,1.0
1378,219,dance,1,1,0,0,3.0
1378,488,comedy,1,0,0,0,1.0
1378,277,dance,0,0,0,0,0.0
1378,385,comedy,1,1,0,0,3.0
1378,201,music,1,0,0,0,1.0
1378,169,comedy,1,1,0,0,3.0
1378,68,comedy,1,0,0,0,1.0
1379,168,music,0,0,0,0,0.0
1379,499,comedy,0,0,0,0,0.0
1379,105,gaming,1,0,0,0,1.0
1379,248,gaming,0,0,0,0,0.0
1379,351,sports,1,1,1,0,7.0
1379,389,sports,0,0,0,0,0.0
1379,102,sports,1,0,0,0,1.0
1379,56,gaming,1,0,0,0,1.0
1379,130,comedy,1,1,0,0,3.0
1379,25,education,1,0,0,0,1.0
1379,378,travel,1,1,0,0,3.0
1379,326,comedy,0,0,0,0,0.0
1379,120,gaming,1,1,0,0,3.0
1379,263,gaming,0,0,0,0,0.0
1379,330,gaming,1,1,0,0,3.0
1379,143,comedy,1,0,0,0,1.0
1379,44,sports,1,0,0,0,1.0
1379,471,sports,1,1,0,0,3.0
1380,365,education,1,0,0,0,1.0
1380,68,education,1,0,0,0,1.0
1380,26,education,1,0,0,0,1.0
1380,196,education,0,0,0,0,0.0
1380,475,comedy,1,0,0,0,1.0
1380,271,dance,1,0,0,0,1.0
1380,352,comedy,1,1,0,0,3.0
1380,383,music,1,0,0,0,1.0
1380,58,education,1,1,0,0,3.0
1380,464,cooking,1,0,0,0,1.0
1380,58,education,1,1,1,0,7.0
1380,403,sports,1,0,0,0,1.0
1380,303,education,1,0,0,0,1.0
1380,267,travel,1,0,0,0,1.0
1380,22,sports,0,0,0,0,0.0
1380,59,education,1,0,0,0,1.0
1380,15,dance,1,0,0,0,1.0
1381,24,cooking,0,0,0,0,0.0
1381,92,cooking,1,0,0,0,1.0
1381,358,music,0,0,0,0,0.0
1381,309,travel,1,1,1,0,7.0
1381,330,travel,1,0,0,0,1.0
1381,111,comedy,1,0,0,0,1.0
1381,165,sports,1,1,0,0,3.0
1381,425,travel,1,1,0,0,3.0
1381,42,gaming,1,0,0,0,1.0
1381,131,cooking,1,1,0,0,3.0
1381,1,travel,1,1,0,0,3.0
1382,451,comedy,1,1,0,0,3.0
1382,372,comedy,1,0,0,0,1.0
1382,122,dance,1,0,0,0,1.0
1382,440,comedy,1,0,0,0,1.0
1382,333,comedy,0,0,0,0,0.0
1382,392,sports,0,0,0,0,0.0
1382,179,travel,1,0,0,0,1.0
1382,166,comedy,1,0,0,0,1.0
1382,269,music,1,0,0,0,1.0
1382,423,travel,0,0,0,0,0.0
1382,465,music,0,0,0,0,0.0
1383,143,gaming,0,0,0,0,0.0
1383,299,travel,1,0,0,0,1.0
1383,124,comedy,1,0,0,0,1.0
1383,121,education,1,1,1,0,7.0
1383,50,gaming,1,0,0,0,1.0
1383,438,music,1,0,0,0,1.0
1383,226,gaming,1,1,0,0,3.0
1383,41,gaming,1,0,0,0,1.0
1383,360,gaming,1,1,0,0,3.0
1383,285,gaming,1,0,0,0,1.0
1383,259,gaming,0,0,0,0,0.0
1383,257,music,1,0,0,0,1.0
1383,328,cooking,1,1,0,0,3.0
1384,98,music,1,1,0,0,3.0
1384,455,sports,1,0,0,0,1.0
1384,27,education,1,1,0,0,3.0
1384,39,education,1,0,0,0,1.0
1384,345,gaming,1,0,0,0,1.0
1384,221,sports,1,0,0,0,1.0
1384,379,sports,1,0,0,0,1.0
1384,206,gaming,1,0,0,0,1.0
1384,151,sports,0,0,0,0,0.0
1384,396,dance,1,0,0,0,1.0
1384,95,sports,1,0,0,1,4.0
1385,207,travel,1,0,0,0,1.0
1385,398,dance,0,0,0,0,0.0
1385,469,sports,1,0,0,0,1.0
1385,289,education,1,0,0,0,1.0
1385,175,dance,1,0,0,1,4.0
1385,222,education,1,1,0,0,3.0
1385,149,music,1,0,0,0,1.0
1385,91,music,1,0,0,0,1.0
1385,336,education,1,0,0,0,1.0
1385,180,music,0,0,0,0,0.0
1386,131,sports,1,0,0,0,1.0
1386,125,sports,1,0,0,0,1.0
1386,117,education,0,0,0,0,0.0
1386,249,comedy,0,0,0,0,0.0
1386,327,travel,0,0,0,0,0.0
1386,302,dance,1,0,0,0,1.0
1386,373,sports,1,1,0,0,3.0
1386,158,gaming,1,0,0,0,1.0
1386,187,sports,1,0,0,0,1.0
1386,62,education,0,0,0,0,0.0
1386,306,education,1,0,0,0,1.0
1386,363,dance,1,1,0,0,3.0
1386,310,education,1,0,0,0,1.0
1387,419,education,0,0,0,0,0.0
1387,406,sports,1,1,0,0,3.0
1387,25,dance,0,0,0,0,0.0
1387,475,sports,1,1,0,0,3.0
1387,351,sports,1,1,0,0,3.0
1387,223,travel,1,0,0,1,4.0
1387,106,sports,1,0,0,0,1.0
1387,378,sports,1,1,0,0,3.0
1387,299,comedy,1,1,0,0,3.0
1387,11,sports,1,0,0,0,1.0
1387,287,comedy,0,0,0,0,0.0
1387,221,cooking,1,0,0,0,1.0
1387,494,cooking,0,0,0,0,0.0
1388,160,travel,0,0,0,0,0.0
1388,321,dance,0,0,0,0,0.0
1388,443,education,1,0,0,1,4.0
1388,270,education,1,1,0,0,3.0
1388,348,dance,1,0,0,0,1.0
1388,93,dance,1,0,0,0,1.0
1388,303,dance,1,0,0,0,1.0
1388,169,dance,1,1,0,0,3.0
1388,123,cooking,1,1,0,0,3.0
1388,154,music,1,0,0,0,1.0
1388,141,dance,1,0,0,0,1.0
1388,271,education,0,0,0,0,0.0
1389,49,education,1,0,0,0,1.0
1389,46,travel,1,0,0,0,1.0
1389,440,travel,1,0,0,0,1.0
1389,405,music,1,1,0,0,3.0
1389,166,sports,1,0,0,0,1.0
1389,302,education,0,0,0,0,0.0
1389,338,music,1,0,0,0,1.0
1389,337,gaming,0,0,0,0,0.0
1389,40,music,1,0,0,0,1.0
1389,110,education,0,0,0,0,0.0
1390,311,cooking,1,0,0,0,1.0
1390,275,travel,1,0,0,0,1.0
1390,208,dance,0,0,0,0,0.0
1390,442,sports,1,0,0,0,1.0
1390,300,dance,1,1,0,0,3.0
1390,395,travel,1,1,1,0,7.0
1390,106,dance,1,1,0,0,3.0
1390,481,travel,1,0,0,0,1.0
1391,461,cooking,1,0,0,0,1.0
1391,455,travel,1,0,0,0,1.0
1391,251,comedy,1,0,0,0,1.0
1391,404,dance,0,0,0,0,0.0
1391,74,dance,1,0,0,0,1.0
1391,401,cooking,1,0,0,0,1.0
1391,306,travel,1,0,0,0,1.0
1391,394,travel,1,0,0,0,1.0
1391,53,travel,0,0,0,0,0.0
1391,266,dance,1,0,0,0,1.0
1391,369,music,1,0,0,0,1.0
1392,178,dance,1,0,0,0,1.0
1392,55,music,1,0,0,0,1.0
1392,236,comedy,1,0,0,0,1.0
1392,499,comedy,1,0,0,0,1.0
1392,222,sports,1,0,0,0,1.0
1392,29,cooking,1,0,0,0,1.0
1392,64,sports,1,0,0,0,1.0
1392,105,comedy,1,0,0,0,1.0
1392,239,cooking,0,0,0,0,0.0
1392,234,sports,1,0,0,0,1.0
1392,259,sports,1,0,0,0,1.0
1392,219,comedy,0,0,0,0,0.0
1392,443,comedy,1,0,0,0,1.0
1392,483,cooking,1,1,0,0,3.0
1393,320,comedy,1,1,0,0,3.0
1393,123,music,1,1,0,0,3.0
1393,395,music,1,0,0,0,1.0
1393,374,comedy,1,1,0,0,3.0
1393,108,education,0,0,0,0,0.0
1393,255,education,1,0,0,0,1.0
1393,93,education,1,0,0,0,1.0
1393,4,music,1,1,0,0,3.0
1393,434,comedy,1,0,0,0,1.0
1393,19,comedy,1,0,0,0,1.0
1393,240,cooking,1,0,0,0,1.0
1393,50,music,1,1,0,0,3.0
1394,437,comedy,0,0,0,0,0.0
1394,252,education,1,0,0,1,4.0
1394,3,music,1,0,0,0,1.0
1394,457,education,1,1,0,0,3.0
1394,123,comedy,1,1,0,0,3.0
1394,220,music,1,0,0,0,1.0
1394,436,travel,1,0,0,0,1.0
1394,55,education,0,0,0,0,0.0
1394,73,comedy,1,0,0,0,1.0
1394,334,dance,1,0,0,0,1.0
1394,134,music,1,0,0,0,1.0
1395,278,music,1,1,0,0,3.0
1395,306,education,1,0,0,0,1.0
1395,118,education,1,0,0,0,1.0
1395,74,education,1,0,0,0,1.0
1395,246,sports,1,1,0,0,3.0
1395,245,cooking,1,0,0,0,1.0
1395,462,education,0,0,0,0,0.0
1395,67,education,1,1,0,1,6.0
1395,90,gaming,1,0,0,0,1.0
1396,280,gaming,1,0,0,0,1.0
1396,5,sports,0,0,0,0,0.0
1396,124,dance,1,0,0,0,1.0
1396,493,travel,1,1,0,0,3.0
1396,316,travel,1,0,0,1,4.0
1396,199,music,1,0,0,0,1.0
1396,273,music,1,1,0,0,3.0
1396,194,education,1,1,0,0,3.0
1396,85,travel,0,0,0,0,0.0
1396,189,music,0,0,0,0,0.0
1396,117,sports,0,0,0,0,0.0
1397,260,dance,1,1,1,0,7.0
1397,116,comedy,1,0,0,0,1.0
1397,219,music,1,0,0,0,1.0
1397,347,travel,0,0,0,0,0.0
1397,358,comedy,1,1,0,0,3.0
1397,472,education,1,0,0,0,1.0
1397,143,comedy,1,0,0,0,1.0
1397,419,travel,1,1,0,0,3.0
1397,475,comedy,1,1,0,0,3.0
1397,387,cooking,1,0,0,0,1.0
1397,438,music,1,1,0,0,3.0
1398,132,comedy,1,0,0,0,1.0
1398,262,dance,0,0,0,0,0.0
1398,479,cooking,1,0,0,0,1.0
1398,283,comedy,1,0,0,0,1.0
1398,34,sports,1,1,0,1,6.0
1398,188,cooking,1,0,0,0,1.0
1398,221,comedy,1,1,0,0,3.0
1398,94,dance,1,1,0,0,3.0
1398,254,dance,1,1,0,0,3.0
1398,224,comedy,1,1,0,0,3.0
1398,131,dance,1,1,0,0,3.0
1398,355,gaming,1,0,0,0,1.0
1399,21,music,1,1,0,0,3.0
1399,206,music,1,1,0,0,3.0
1399,481,music,1,0,0,0,1.0
1399,387,gaming,1,1,0,0,3.0
1399,324,gaming,1,0,0,0,1.0
1399,428,music,1,0,0,0,1.0
1399,68,gaming,1,1,0,0,3.0
1399,274,music,1,1,1,0,7.0
1399,390,gaming,1,0,0,0,1.0
1399,321,cooking,1,0,0,1,4.0
1399,7,gaming,1,0,0,0,1.0
1399,353,music,1,0,0,0,1.0
1400,390,dance,1,0,0,0,1.0
1400,226,travel,1,0,0,0,1.0
1400,437,education,1,1,0,0,3.0
1400,457,cooking,1,0,0,0,1.0
1400,53,cooking,1,0,0,0,1.0
1400,141,cooking,0,0,0,0,0.0
1400,261,music,1,1,0,0,3.0
1400,212,music,0,0,0,0,0.0
1400,276,travel,1,0,0,0,1.0
1400,188,cooking,1,1,0,0,3.0
1400,51,sports,1,1,0,0,3.0
1400,487,music,1,0,0,0,1.0
1400,244,travel,1,0,0,0,1.0
1400,67,music,1,0,0,0,1.0
1401,227,sports,1,0,0,0,1.0
1401,308,sports,1,0,0,0,1.0
1401,220,travel,1,0,0,0,1.0
1401,160,travel,1,0,0,0,1.0
1401,433,travel,1,0,0,1,4.0
1401,449,travel,1,0,0,0,1.0
1401,165,sports,0,0,0,0,0.0
1401,236,comedy,1,1,0,1,6.0
1401,422,music,1,0,0,0,1.0
1401,421,travel,1,1,0,0,3.0
1402,392,comedy,1,0,0,0,1.0
1402,208,gaming,1,1,0,0,3.0
1402,66,travel,1,1,0,0,3.0
1402,439,gaming,1,1,0,0,3.0
1402,444,education,1,1,1,0,7.0
1402,116,gaming,0,0,0,0,0.0
1402,211,travel,1,0,0,0,1.0
1403,466,travel,1,1,0,0,3.0
1403,120,gaming,1,0,0,0,1.0
1403,148,sports,1,0,0,0,1.0
1403,33,sports,1,0,0,0,1.0
1403,168,sports,1,0,0,1,4.0
1403,191,gaming,1,0,0,0,1.0
1403,151,comedy,0,0,0,0,0.0
1403,449,education,1,1,0,0,3.0
1403,158,sports,1,0,0,0,1.0
1403,403,sports,1,0,0,0,1.0
1403,403,comedy,1,0,0,0,1.0
1404,314,comedy,1,0,0,0,1.0
1404,338,comedy,1,0,0,0,1.0
1404,124,comedy,1,0,0,0,1.0
1404,363,cooking,1,0,0,0,1.0
1404,175,cooking,1,1,0,0,3.0
1404,348,sports,1,1,0,0,3.0
1404,372,sports,1,1,0,0,3.0
1404,204,gaming,1,0,0,0,1.0
1404,18,sports,0,0,0,0,0.0
1404,136,cooking,1,0,0,0,1.0
1404,8,music,1,0,0,0,1.0
1405,66,comedy,1,1,0,0,3.0
1405,179,travel,1,1,0,0,3.0
1405,270,gaming,1,1,1,0,7.0
1405,433,cooking,0,0,0,0,0.0
1405,236,comedy,1,0,0,0,1.0
1405,257,comedy,1,0,0,0,1.0
1405,183,comedy,1,1,0,0,3.0
1405,372,cooking,1,0,0,0,1.0
1405,283,comedy,1,0,0,0,1.0
1405,359,travel,1,1,1,0,7.0
1406,421,comedy,0,0,0,0,0.0
1406,339,cooking,1,0,0,0,1.0
1406,420,travel,1,0,0,0,1.0
1406,69,sports,1,1,0,0,3.0
1406,226,travel,1,0,0,0,1.0
1406,461,gaming,1,1,0,0,3.0
1406,443,music,1,0,0,0,1.0
1406,473,music,1,0,0,0,1.0
1406,326,comedy,1,1,0,0,3.0
1406,472,music,1,0,0,0,1.0
1406,293,sports,1,1,0,0,3.0
1407,246,education,1,1,0,0,3.0
1407,452,comedy,0,0,0,0,0.0
1407,242,education,1,0,0,0,1.0
1407,261,education,1,0,0,0,1.0
1407,380,gaming,0,0,0,0,0.0
1407,34,education,1,0,0,0,1.0
1407,158,travel,0,0,0,0,0.0
1407,241,education,1,0,0,0,1.0
1407,313,education,1,0,0,0,1.0
1407,381,comedy,1,0,0,0,1.0
1407,422,education,0,0,0,0,0.0
1407,367,education,1,0,0,0,1.0
1407,326,travel,0,0,0,0,0.0
1407,281,comedy,1,0,0,0,1.0
1407,104,education,1,0,0,0,1.0
1407,14,comedy,1,0,0,1,4.0
1408,55,dance,0,0,0,0,0.0
1408,373,music,1,1,0,0,3.0
1408,161,sports,1,0,0,0,1.0
1408,421,music,1,0,0,0,1.0
1408,227,dance,1,0,0,0,1.0
1408,35,music,1,0,0,0,1.0
1408,148,dance,0,0,0,0,0.0
1408,262,music,1,1,1,0,7.0
1408,8,education,1,0,0,0,1.0
1408,81,music,1,0,0,0,1.0
1408,261,music,1,0,0,0,1.0
1408,365,education,1,0,0,0,1.0
1408,482,music,1,0,0,0,1.0
1408,159,cooking,0,0,0,0,0.0
1408,375,music,1,0,0,0,1.0
1408,203,cooking,1,0,0,0,1.0
1409,363,gaming,1,1,0,0,3.0
1409,396,gaming,0,0,0,0,0.0
1409,277,music,0,0,0,0,0.0
1409,1,sports,1,1,0,0,3.0
1409,211,travel,1,0,0,0,1.0
1409,0,music,1,0,0,0,1.0
1409,303,gaming,1,0,0,0,1.0
1409,422,cooking,1,1,0,0,3.0
1409,441,gaming,1,0,0,1,4.0
1409,60,dance,0,0,0,0,0.0
1410,32,education,1,1,0,0,3.0
1410,174,travel,1,0,0,0,1.0
1410,209,travel,1,0,0,0,1.0
1410,239,travel,1,0,0,0,1.0
1410,433,travel,1,0,0,0,1.0
1410,160,travel,1,0,0,0,1.0
1410,190,travel,0,0,0,0,0.0
1410,480,travel,0,0,0,0,0.0
1410,57,travel,0,0,0,0,0.0
1410,332,comedy,1,0,0,0,1.0
1410,171,education,1,0,0,0,1.0
1411,69,sports,1,0,0,0,1.0
1411,206,comedy,1,1,0,0,3.0
1411,378,comedy,1,0,0,0,1.0
1411,138,dance,1,0,0,0,1.0
1411,393,music,0,0,0,0,0.0
1411,408,music,1,1,0,0,3.0
1411,392,music,1,0,0,0,1.0
1411,111,comedy,0,0,0,0,0.0
1411,242,dance,1,1,0,0,3.0
1412,162,education,1,0,0,0,1.0
1412,426,dance,1,0,0,0,1.0
1412,145,education,1,1,0,0,3.0
1412,346,dance,1,0,0,0,1.0
1412,137,dance,0,0,0,0,0.0
1412,67,cooking,1,1,1,0,7.0
1412,58,dance,1,1,0,0,3.0
1412,268,travel,1,1,0,0,3.0
1412,459,travel,1,1,0,0,3.0
1412,92,music,1,0,0,1,4.0
1412,487,gaming,1,0,0,0,1.0
1413,484,education,1,1,0,0,3.0
1413,5,music,1,0,0,0,1.0
1413,181,gaming,1,0,0,0,1.0
1413,79,education,1,0,0,0,1.0
1413,428,gaming,0,0,0,0,0.0
1413,337,sports,1,1,0,0,3.0
1413,428,comedy,0,0,0,0,0.0
1413,464,education,1,0,0,0,1.0
1413,467,education,0,0,0,0,0.0
1413,307,music,0,0,0,0,0.0
1414,73,gaming,1,0,0,1,4.0
1414,277,sports,1,0,0,0,1.0
1414,28,sports,1,0,0,0,1.0
1414,403,gaming,1,0,0,0,1.0
1414,117,comedy,1,0,0,0,1.0
1414,1,education,1,0,0,0,1.0
1414,78,gaming,1,1,0,0,3.0
1414,121,gaming,1,1,0,0,3.0
1414,407,comedy,0,0,0,0,0.0
1414,56,dance,0,0,0,0,0.0
1414,314,travel,0,0,0,0,0.0
1414,270,sports,1,1,0,0,3.0
1414,12,comedy,0,0,0,0,0.0
1414,414,comedy,0,0,0,0,0.0
1415,259,music,1,0,0,0,1.0
1415,119,music,1,0,0,0,1.0
1415,202,music,1,0,0,0,1.0
1415,470,dance,0,0,0,0,0.0
1415,428,music,1,1,0,0,3.0
1415,140,education,1,0,0,1,4.0
1415,304,education,1,1,0,0,3.0
1415,257,comedy,1,0,0,0,1.0
1415,103,comedy,1,0,0,0,1.0
1416,353,cooking,0,0,0,0,0.0
1416,180,music,1,0,0,0,1.0
1416,237,education,1,0,0,0,1.0
1416,292,education,1,0,0,0,1.0
1416,472,education,1,0,0,0,1.0
1416,98,music,1,1,0,0,3.0
1416,10,cooking,1,0,0,0,1.0
1417,102,comedy,0,0,0,0,0.0
1417,333,gaming,0,0,0,0,0.0
1417,227,gaming,0,0,0,0,0.0
1417,316,sports,1,1,1,0,7.0
1417,251,gaming,1,1,0,0,3.0
1417,358,education,0,0,0,0,0.0
1417,143,gaming,1,1,0,0,3.0
1417,82,gaming,1,0,0,0,1.0
1417,277,gaming,1,0,0,0,1.0
1417,463,gaming,1,1,0,0,3.0
1417,162,gaming,1,0,0,0,1.0
1417,34,education,1,0,0,0,1.0
1417,145,gaming,1,1,0,0,3.0
1417,358,gaming,1,0,0,1,4.0
1417,17,education,1,0,0,0,1.0
1417,468,gaming,0,0,0,0,0.0
1417,65,education,1,1,0,0,3.0
1417,100,travel,1,1,0,0,3.0
1418,398,education,1,1,0,0,3.0
1418,234,education,1,1,0,0,3.0
1418,200,cooking,0,0,0,0,0.0
1418,324,comedy,1,0,0,0,1.0
1418,214,comedy,0,0,0,0,0.0
1418,385,education,1,0,0,0,1.0
1418,236,comedy,1,0,0,0,1.0
1418,439,education,1,0,0,0,1.0
1418,236,education,1,1,0,0,3.0
1419,67,cooking,1,1,0,0,3.0
1419,139,comedy,1,1,0,0,3.0
1419,445,travel,1,0,0,0,1.0
1419,81,gaming,0,0,0,0,0.0
1419,449,travel,1,0,0,0,1.0
1419,136,education,0,0,0,0,0.0
1419,284,education,1,0,0,0,1.0
1419,205,dance,1,1,0,0,3.0
1419,314,cooking,0,0,0,0,0.0
1419,33,dance,1,0,0,0,1.0
1420,15,gaming,0,0,0,0,0.0
1420,113,travel,1,0,0,0,1.0
1420,405,education,0,0,0,0,0.0
1420,156,dance,0,0,0,0,0.0
1420,24,education,1,0,0,0,1.0
1420,295,gaming,0,0,0,0,0.0
1420,5,gaming,1,1,0,0,3.0
1420,231,sports,0,0,0,0,0.0
1420,150,cooking,1,1,0,0,3.0
1420,199,gaming,1,1,0,0,3.0
1420,53,music,1,0,0,0,1.0
1421,310,education,1,0,0,0,1.0
1421,284,education,1,1,0,0,3.0
1421,356,comedy,1,0,0,1,4.0
1421,154,dance,1,0,0,0,1.0
1421,85,education,1,0,0,0,1.0
1421,59,travel,1,0,0,0,1.0
1421,71,travel,0,0,0,0,0.0
1421,319,comedy,0,0,0,0,0.0
1422,233,dance,1,1,0,0,3.0
1422,105,dance,1,1,0,0,3.0
1422,246,dance,1,0,0,0,1.0
1422,460,comedy,0,0,0,0,0.0
1422,238,dance,1,0,0,0,1.0
1422,215,cooking,1,0,0,0,1.0
1422,299,cooking,1,0,0,0,1.0
1423,141,dance,1,1,0,0,3.0
1423,207,sports,1,0,0,0,1.0
1423,71,music,1,0,0,0,1.0
1423,203,music,0,0,0,0,0.0
1423,442,music,1,0,0,0,1.0
1423,227,music,1,1,0,0,3.0
1423,352,sports,1,0,0,0,1.0
1423,258,cooking,1,0,0,0,1.0
1423,74,cooking,1,0,0,0,1.0
1423,480,sports,1,1,0,0,3.0
1423,315,music,1,0,0,0,1.0
1424,492,cooking,1,0,0,0,1.0
1424,463,education,1,0,0,0,1.0
1424,327,comedy,1,0,0,0,1.0
1424,458,cooking,0,0,0,0,0.0
1424,30,comedy,1,1,0,0,3.0
1424,442,cooking,1,0,0,0,1.0
1424,57,education,1,0,0,0,1.0
1424,178,dance,1,0,0,0,1.0
1425,325,sports,1,0,0,0,1.0
1425,490,education,0,0,0,0,0.0
1425,359,education,0,0,0,0,0.0
1425,100,gaming,1,0,0,1,4.0
1425,80,cooking,1,1,0,0,3.0
1425,349,music,1,0,0,0,1.0
1425,3,cooking,1,0,0,0,1.0
1425,387,gaming,1,0,0,0,1.0
1425,317,music,1,0,0,0,1.0
1426,71,sports,0,0,0,0,0.0
1426,443,travel,1,0,0,0,1.0
1426,283,dance,1,0,0,0,1.0
1426,444,travel,1,1,0,0,3.0
1426,176,gaming,1,0,0,0,1.0
1426,230,travel,1,1,0,0,3.0
1426,385,comedy,1,0,0,0,1.0
1426,95,sports,1,0,0,0,1.0
1426,461,travel,0,0,0,0,0.0
1426,197,dance,1,0,0,0,1.0
1426,176,dance,1,0,0,0,1.0
1426,309,comedy,0,0,0,0,0.0
1426,275,comedy,1,0,0,0,1.0
1426,394,gaming,1,0,0,0,1.0
1426,186,sports,1,1,0,0,3.0
1426,40,travel,0,0,0,0,0.0
1426,404,gaming,1,0,0,0,1.0
1427,79,music,1,0,0,0,1.0
1427,484,music,1,0,0,0,1.0
1427,183,education,1,1,0,0,3.0
1427,233,music,1,1,0,0,3.0
1427,56,dance,0,0,0,0,0.0
1427,266,dance,1,1,0,1,6.0
1427,472,travel,1,1,0,0,3.0
1427,417,dance,1,0,0,0,1.0
1427,169,dance,1,0,0,0,1.0
1427,262,dance,1,0,0,0,1.0
1427,281,sports,1,1,0,0,3.0
1428,137,gaming,1,1,0,0,3.0
1428,162,gaming,1,0,0,0,1.0
1428,358,dance,1,1,0,0,3.0
1428,1,cooking,0,0,0,0,0.0
1428,81,sports,1,0,0,1,4.0
1428,478,gaming,1,0,0,0,1.0
1428,31,sports,1,0,0,0,1.0
1428,109,gaming,1,0,0,0,1.0
1428,111,sports,1,0,0,0,1.0
1428,56,sports,1,1,0,0,3.0
1428,18,dance,1,1,0,0,3.0
1429,447,dance,0,0,0,0,0.0
1429,338,education,1,0,0,0,1.0
1429,34,gaming,1,0,0,0,1.0
1429,35,education,0,0,0,0,0.0
1429,17,travel,0,0,0,0,0.0
1429,206,gaming,1,1,0,0,3.0
1429,423,travel,1,1,0,0,3.0
1429,238,gaming,1,0,0,0,1.0
1429,223,dance,1,0,0,0,1.0
1429,290,education,1,0,0,0,1.0
1429,148,education,0,0,0,0,0.0
1430,355,music,1,0,0,0,1.0
1430,322,gaming,1,1,0,0,3.0
1430,351,cooking,1,0,0,0,1.0
1430,69,dance,1,0,0,0,1.0
1430,466,travel,1,0,0,0,1.0
1430,288,cooking,0,0,0,0,0.0
1430,415,cooking,1,0,0,0,1.0
1430,493,education,1,0,0,0,1.0
1431,372,cooking,1,0,0,0,1.0
1431,368,comedy,1,0,0,0,1.0
1431,376,travel,1,1,0,0,3.0
1431,387,comedy,1,0,0,0,1.0
1431,183,travel,1,0,0,0,1.0
1431,356,comedy,1,0,0,0,1.0
1431,478,travel,1,0,0,0,1.0
1431,97,travel,1,1,0,0,3.0
1431,466,travel,1,1,0,0,3.0
1432,390,comedy,0,0,0,0,0.0
1432,345,dance,1,0,0,1,4.0
1432,97,dance,0,0,0,0,0.0
1432,163,education,1,0,0,0,1.0
1432,223,comedy,1,1,0,0,3.0
1432,311,travel,0,0,0,0,0.0
1432,190,sports,1,1,0,0,3.0
1432,171,music,0,0,0,0,0.0
1432,42,dance,1,0,0,0,1.0
1433,483,dance,1,1,0,0,3.0
1433,279,cooking,1,0,0,0,1.0
1433,62,sports,1,0,0,0,1.0
1433,164,sports,1,0,0,1,4.0
1433,323,music,1,0,0,0,1.0
1433,146,cooking,1,0,0,0,1.0
1433,318,music,1,0,0,0,1.0
1433,362,sports,0,0,0,0,0.0
1433,306,cooking,1,0,0,0,1.0
1433,53,dance,1,1,0,0,3.0
1433,449,cooking,1,0,0,0,1.0
1434,296,dance,1,0,0,0,1.0
1434,118,gaming,1,0,0,0,1.0
1434,232,education,1,0,0,0,1.0
1434,348,dance,0,0,0,0,0.0
1434,99,dance,1,1,0,0,3.0
1435,392,education,0,0,0,0,0.0
1435,13,education,1,0,0,0,1.0
1435,394,travel,1,1,0,0,3.0
1435,350,cooking,1,0,0,0,1.0
1435,79,comedy,1,0,0,0,1.0
1435,70,education,1,1,0,0,3.0
1435,371,education,0,0,0,0,0.0
1435,288,gaming,1,0,0,0,1.0
1435,150,dance,1,1,0,0,3.0
1435,339,gaming,1,1,0,0,3.0
1435,461,dance,1,0,0,0,1.0
1435,258,cooking,1,0,0,0,1.0
1435,131,education,1,0,0,0,1.0
1435,396,education,1,0,0,0,1.0
1435,104,education,1,1,0,0,3.0
1435,220,travel,1,1,0,0,3.0
1435,278,travel,1,0,0,0,1.0
1436,216,education,1,0,0,0,1.0
1436,483,sports,1,0,0,0,1.0
1436,83,education,1,1,0,0,3.0
1436,238,cooking,1,1,0,0,3.0
1436,197,comedy,1,0,0,0,1.0
1436,250,gaming,1,1,0,0,3.0
1436,419,education,0,0,0,0,0.0
1436,5,gaming,1,0,0,0,1.0
1436,203,gaming,1,0,0,0,1.0
1436,276,cooking,1,1,0,0,3.0
1436,371,music,1,1,0,0,3.0
1436,429,music,1,0,0,0,1.0
1436,7,cooking,1,0,0,0,1.0
1436,42,cooking,1,1,0,1,6.0
1437,411,sports,1,0,0,0,1.0
1437,83,cooking,0,0,0,0,0.0
1437,308,sports,0,0,0,0,0.0
1437,483,sports,1,0,0,0,1.0
1437,366,sports,1,0,0,0,1.0
1437,479,sports,1,1,0,0,3.0
1437,415,travel,1,0,0,0,1.0
1437,339,travel,1,1,0,0,3.0
1437,52,sports,0,0,0,0,0.0
1437,81,travel,0,0,0,0,0.0
1437,296,sports,1,0,0,0,1.0
1437,150,sports,1,0,0,0,1.0
1438,92,comedy,1,0,0,0,1.0
1438,486,dance,1,0,0,0,1.0
1438,398,gaming,1,0,0,0,1.0
1438,10,comedy,1,1,1,0,7.0
1438,101,gaming,1,0,0,0,1.0
1438,2,education,1,1,0,0,3.0
1438,436,dance,0,0,0,0,0.0
1438,69,education,1,0,0,0,1.0
1438,151,education,0,0,0,0,0.0
1438,370,education,0,0,0,0,0.0
1438,89,gaming,1,0,0,0,1.0
1439,203,sports,1,0,0,0,1.0
1439,320,education,1,1,0,0,3.0
1439,44,comedy,1,1,0,0,3.0
1439,209,dance,1,0,0,0,1.0
1439,170,education,0,0,0,0,0.0
1439,3,travel,0,0,0,0,0.0
1439,301,education,0,0,0,0,0.0
1439,443,gaming,1,0,0,0,1.0
1439,316,education,1,1,0,0,3.0
1440,186,cooking,1,0,0,0,1.0
1440,64,education,1,0,0,0,1.0
1440,276,dance,0,0,0,0,0.0
1440,157,gaming,1,0,0,0,1.0
1440,196,cooking,1,1,0,0,3.0
1440,214,gaming,1,1,0,0,3.0
1440,185,cooking,0,0,0,0,0.0
1440,291,dance,1,1,0,0,3.0
1441,40,education,1,1,0,0,3.0
1441,203,music,1,1,0,0,3.0
1441,254,comedy,1,0,0,0,1.0
1441,301,comedy,1,0,0,0,1.0
1441,212,comedy,1,1,0,0,3.0
1441,208,music,1,0,0,0,1.0
1441,479,music,1,1,0,0,3.0
1441,233,music,1,0,0,0,1.0
1441,349,sports,1,0,0,0,1.0
1442,95,sports,1,0,0,0,1.0
1442,391,dance,1,0,0,0,1.0
1442,255,dance,1,0,0,0,1.0
1442,144,dance,1,0,0,0,1.0
1442,406,travel,1,1,1,0,7.0
1442,165,music,1,0,0,0,1.0
1442,231,music,0,0,0,0,0.0
1442,95,sports,1,1,0,0,3.0
1442,22,music,1,1,0,0,3.0
1442,18,music,1,0,0,0,1.0
1442,4,travel,1,0,0,0,1.0
1442,221,education,1,0,0,0,1.0
1442,260,education,1,0,0,0,1.0
1442,240,sports,1,0,0,0,1.0
1442,400,dance,0,0,0,0,0.0
1442,160,music,1,0,0,0,1.0
1442,42,dance,1,0,0,0,1.0
1442,485,education,1,0,0,0,1.0
1443,446,education,1,1,0,0,3.0
1443,39,comedy,1,0,0,0,1.0
1443,243,dance,1,0,0,0,1.0
1443,307,dance,1,0,0,1,4.0
1443,455,sports,1,0,0,0,1.0
1443,458,sports,1,0,0,0,1.0
1443,472,gaming,1,0,0,0,1.0
1443,146,sports,1,1,0,0,3.0
1443,148,sports,1,1,0,0,3.0
1443,434,sports,1,1,0,0,3.0
1444,17,cooking,1,0,0,0,1.0
1444,187,music,1,0,0,0,1.0
1444,283,dance,1,0,0,0,1.0
1444,165,dance,1,1,1,0,7.0
1444,107,gaming,1,0,0,0,1.0
1444,328,dance,0,0,0,0,0.0
1444,77,cooking,1,0,0,0,1.0
1444,481,dance,1,1,0,0,3.0
1444,328,music,1,0,0,0,1.0
1444,387,travel,1,0,0,0,1.0
1444,291,music,1,0,0,0,1.0
1444,20,comedy,0,0,0,0,0.0
1445,293,music,1,0,0,0,1.0
1445,459,dance,0,0,0,0,0.0
1445,79,education,1,0,0,0,1.0
1445,361,music,1,1,0,0,3.0
1445,423,dance,1,0,0,0,1.0
1445,147,education,0,0,0,0,0.0
1445,386,education,0,0,0,0,0.0
1445,397,music,1,0,0,0,1.0
1445,400,music,1,0,0,0,1.0
1445,17,gaming,1,0,0,0,1.0
1445,418,gaming,1,1,0,1,6.0
1445,165,music,0,0,0,0,0.0
1445,238,education,1,0,0,0,1.0
1445,183,sports,1,1,0,0,3.0
1445,278,sports,0,0,0,0,0.0
1446,27,travel,1,0,0,0,1.0
1446,73,travel,1,1,0,0,3.0
1446,285,comedy,1,1,0,0,3.0
1446,26,travel,1,1,0,0,3.0
1446,429,cooking,1,0,0,0,1.0
1446,56,travel,1,1,0,0,3.0
1446,18,travel,1,1,0,0,3.0
1446,301,travel,0,0,0,0,0.0
1446,370,travel,1,1,0,0,3.0
1446,252,comedy,1,0,0,0,1.0
1446,255,travel,1,0,0,0,1.0
1447,224,sports,1,0,0,0,1.0
1447,224,sports,1,1,0,0,3.0
1447,472,comedy,1,0,0,0,1.0
1447,473,dance,0,0,0,0,0.0
1447,235,sports,1,0,0,0,1.0
1447,108,comedy,1,1,0,0,3.0
1447,420,dance,1,0,0,0,1.0
1447,207,comedy,0,0,0,0,0.0
1447,5,travel,1,1,0,0,3.0
1447,219,travel,1,0,0,0,1.0
1447,204,dance,0,0,0,0,0.0
1447,291,travel,0,0,0,0,0.0
1447,372,education,1,1,0,0,3.0
1447,490,sports,1,0,0,1,4.0
1448,102,sports,0,0,0,0,0.0
1448,111,gaming,1,0,0,0,1.0
1448,477,gaming,1,0,0,0,1.0
1448,216,music,1,0,0,0,1.0
1448,388,travel,1,0,0,0,1.0
1448,79,dance,1,1,0,0,3.0
1448,278,gaming,1,0,0,0,1.0
1448,67,comedy,1,0,0,0,1.0
1448,217,cooking,0,0,0,0,0.0
1448,457,gaming,1,1,0,0,3.0
1448,155,gaming,1,0,0,0,1.0
1448,17,comedy,1,0,0,0,1.0
1448,491,gaming,1,0,0,0,1.0
1449,397,sports,1,0,0,0,1.0
1449,100,music,1,0,0,0,1.0
1449,389,education,1,0,0,0,1.0
1449,478,cooking,1,0,0,0,1.0
1449,347,education,1,1,0,0,3.0
1449,78,education,0,0,0,0,0.0
1449,111,gaming,0,0,0,0,0.0
1449,294,dance,1,1,0,0,3.0
1449,457,education,1,0,0,0,1.0
1449,4,sports,0,0,0,0,0.0
1449,27,gaming,1,0,0,0,1.0
1449,104,comedy,1,0,0,0,1.0
1450,296,education,1,0,0,0,1.0
1450,475,comedy,1,1,0,0,3.0
1450,326,cooking,0,0,0,0,0.0
1450,13,cooking,1,1,0,0,3.0
1450,177,education,1,0,0,0,1.0
1450,140,gaming,1,0,0,0,1.0
1450,52,gaming,1,1,0,0,3.0
1450,102,education,1,0,0,0,1.0
1450,70,comedy,1,0,0,0,1.0
1450,471,cooking,1,1,0,0,3.0
1450,198,cooking,1,0,0,0,1.0
1450,81,cooking,1,0,0,0,1.0
1451,172,education,1,0,0,0,1.0
1451,89,cooking,0,0,0,0,0.0
1451,480,education,0,0,0,0,0.0
1451,362,cooking,1,1,0,0,3.0
1451,438,cooking,1,0,0,0,1.0
1451,251,sports,1,0,0,0,1.0
1451,215,comedy,1,1,0,0,3.0
1452,142,dance,1,0,0,0,1.0
1452,267,education,0,0,0,0,0.0
1452,415,cooking,1,0,0,0,1.0
1452,459,music,1,0,0,0,1.0
1452,394,education,1,1,0,0,3.0
1452,242,cooking,0,0,0,0,0.0
1452,128,dance,1,0,0,0,1.0
1452,232,dance,1,0,0,0,1.0
1452,372,music,1,0,0,0,1.0
1453,134,education,0,0,0,0,0.0
1453,333,travel,1,0,0,0,1.0
1453,255,travel,1,0,0,0,1.0
1453,385,education,1,0,0,0,1.0
1453,184,sports,1,0,0,0,1.0
1453,175,gaming,1,0,0,1,4.0
1453,370,gaming,1,1,0,0,3.0
1453,99,sports,1,1,0,0,3.0
1453,483,music,1,0,0,0,1.0
1453,335,education,1,1,0,0,3.0
1453,254,music,0,0,0,0,0.0
1453,235,education,0,0,0,0,0.0
1453,97,travel,1,1,0,0,3.0
1453,422,travel,1,1,0,1,6.0
1453,49,education,1,1,0,0,3.0
1453,499,education,1,0,0,0,1.0
1453,254,sports,1,0,0,0,1.0
1453,477,gaming,1,0,0,0,1.0
1453,412,education,1,0,0,0,1.0
1454,236,sports,1,0,0,0,1.0
1454,253,cooking,0,0,0,0,0.0
1454,334,cooking,1,1,0,0,3.0
1454,93,travel,1,0,0,0,1.0
1454,344,sports,1,0,0,0,1.0
1454,368,music,1,1,0,0,3.0
1454,122,comedy,1,0,0,0,1.0
1454,20,travel,1,0,0,0,1.0
1454,235,music,1,0,0,0,1.0
1455,461,sports,1,0,0,0,1.0
1455,455,dance,1,1,0,0,3.0
1455,130,dance,1,0,0,0,1.0
1455,277,gaming,1,1,0,0,3.0
1455,145,dance,1,0,0,0,1.0
1455,371,music,1,0,0,0,1.0
1455,345,dance,1,0,0,0,1.0
1455,228,dance,1,1,0,0,3.0
1455,226,dance,1,0,0,0,1.0
1455,479,sports,1,0,0,0,1.0
1455,376,travel,1,0,0,0,1.0
1455,300,travel,0,0,0,0,0.0
1456,222,comedy,0,0,0,0,0.0
1456,195,travel,1,1,0,0,3.0
1456,200,comedy,1,0,0,0,1.0
1456,81,travel,1,0,0,0,1.0
1456,252,travel,1,0,0,0,1.0
1456,160,sports,1,0,0,0,1.0
1456,331,comedy,1,1,0,0,3.0
1456,341,gaming,1,1,0,0,3.0
1456,224,travel,1,0,0,0,1.0
1456,109,comedy,1,1,0,0,3.0
1456,310,comedy,1,0,0,0,1.0
1456,137,education,1,0,0,0,1.0
1456,448,gaming,1,0,0,0,1.0
1456,202,travel,1,0,0,0,1.0
1457,52,music,1,0,0,0,1.0
1457,311,dance,1,0,0,1,4.0
1457,244,cooking,1,1,0,0,3.0
1457,355,cooking,0,0,0,0,0.0
1457,401,education,1,0,0,0,1.0
1457,149,comedy,1,0,0,0,1.0
1457,161,gaming,1,0,0,0,1.0
1457,435,travel,1,0,0,0,1.0
1457,343,cooking,1,0,0,0,1.0
1457,136,cooking,1,0,0,0,1.0
1457,391,cooking,1,0,0,0,1.0
1457,143,comedy,0,0,0,0,0.0
1457,356,music,1,0,0,0,1.0
1457,227,gaming,1,0,0,0,1.0
1458,313,travel,1,0,0,0,1.0
1458,20,sports,1,1,0,1,6.0
1458,121,comedy,1,0,0,0,1.0
1458,282,dance,1,1,0,0,3.0
1458,172,education,0,0,0,0,0.0
1458,157,sports,0,0,0,0,0.0
1458,357,education,1,0,0,0,1.0
1458,61,education,0,0,0,0,0.0
1458,492,education,0,0,0,0,0.0
1458,428,dance,0,0,0,0,0.0
1459,252,comedy,1,0,0,0,1.0
1459,425,comedy,0,0,0,0,0.0
1459,36,travel,1,0,0,0,1.0
1459,388,cooking,1,0,0,0,1.0
1459,313,cooking,1,0,0,1,4.0
1459,364,comedy,1,0,0,0,1.0
1459,393,music,1,0,0,0,1.0
1459,466,comedy,1,0,0,0,1.0
1459,379,comedy,0,0,0,0,0.0
1459,88,comedy,1,1,0,0,3.0
1460,350,dance,1,0,0,0,1.0
1460,118,music,0,0,0,0,0.0
1460,147,gaming,0,0,0,0,0.0
1460,212,music,0,0,0,0,0.0
1460,414,education,1,0,0,0,1.0
1460,38,music,1,0,0,0,1.0
1460,108,education,1,1,0,0,3.0
1460,176,gaming,0,0,0,0,0.0
1461,98,comedy,1,0,0,0,1.0
1461,452,cooking,0,0,0,0,0.0
1461,86,dance,1,0,0,0,1.0
1461,468,dance,0,0,0,0,0.0
1461,476,cooking,1,0,0,0,1.0
1461,391,cooking,1,0,0,0,1.0
1461,290,sports,0,0,0,0,0.0
1461,61,gaming,1,1,0,0,3.0
1461,72,music,1,0,0,0,1.0
1461,377,cooking,1,0,0,0,1.0
1461,454,cooking,1,0,0,0,1.0
1461,361,travel,1,0,0,0,1.0
1461,298,cooking,0,0,0,0,0.0
1462,45,comedy,1,0,0,0,1.0
1462,355,comedy,1,0,0,0,1.0
1462,76,education,1,0,0,1,4.0
1462,473,comedy,0,0,0,0,0.0
1462,233,comedy,0,0,0,0,0.0
1462,3,education,1,1,0,0,3.0
1462,97,dance,0,0,0,0,0.0
1462,191,education,1,0,0,0,1.0
1462,479,cooking,1,0,0,0,1.0
1462,160,comedy,1,0,0,0,1.0
1462,428,gaming,1,0,0,0,1.0
1462,49,education,1,1,0,0,3.0
1463,380,sports,1,0,0,0,1.0
1463,287,education,0,0,0,0,0.0
1463,28,comedy,1,1,0,0,3.0
1463,266,sports,1,0,0,0,1.0
1463,494,sports,1,1,0,0,3.0
1463,48,education,0,0,0,0,0.0
1463,399,sports,1,0,0,0,1.0
1463,176,education,1,0,0,0,1.0
1463,454,travel,1,0,0,0,1.0
1463,459,education,1,0,0,0,1.0
1463,251,sports,1,0,0,0,1.0
1463,457,cooking,1,0,0,1,4.0
1464,293,gaming,1,0,0,0,1.0
1464,9,travel,1,0,0,0,1.0
1464,345,cooking,0,0,0,0,0.0
1464,82,education,1,0,0,0,1.0
1464,22,sports,1,0,0,0,1.0
1464,12,dance,1,1,0,0,3.0
1464,80,cooking,1,1,0,0,3.0
1464,414,gaming,1,1,0,0,3.0
1464,2,gaming,1,0,0,0,1.0
1464,482,cooking,1,0,0,0,1.0
1465,372,sports,1,0,0,0,1.0
1465,122,comedy,1,0,0,0,1.0
1465,300,comedy,1,1,0,0,3.0
1465,16,music,1,0,0,0,1.0
1465,381,comedy,1,0,0,0,1.0
1465,358,sports,1,1,1,0,7.0
1465,260,gaming,1,1,0,0,3.0
1465,316,comedy,1,0,0,0,1.0
1465,438,sports,1,0,0,0,1.0
1465,95,gaming,1,1,0,0,3.0
1466,403,gaming,1,0,0,0,1.0
1466,272,education,1,0,0,0,1.0
1466,456,travel,1,0,0,0,1.0
1466,180,gaming,1,0,0,0,1.0
1466,451,gaming,0,0,0,0,0.0
1466,262,gaming,1,0,0,0,1.0
1466,338,gaming,1,0,0,1,4.0
1466,7,dance,0,0,0,0,0.0
1467,28,dance,1,0,0,0,1.0
1467,177,dance,1,0,0,0,1.0
1467,242,travel,1,0,0,0,1.0
1467,292,gaming,0,0,0,0,0.0
1467,484,sports,1,0,0,0,1.0
1467,48,gaming,0,0,0,0,0.0
1467,201,education,1,1,0,0,3.0
1467,172,music,0,0,0,0,0.0
1467,378,education,1,1,0,0,3.0
1467,286,gaming,1,0,0,0,1.0
1468,68,dance,1,1,0,0,3.0
1468,120,dance,1,1,0,0,3.0
1468,390,travel,1,0,0,0,1.0
1468,73,dance,1,1,0,0,3.0
1468,72,gaming,1,0,0,0,1.0
1468,215,travel,1,1,0,0,3.0
1468,174,travel,1,1,0,0,3.0
1468,207,gaming,0,0,0,0,0.0
1468,272,dance,0,0,0,0,0.0
1468,496,gaming,1,0,0,0,1.0
1468,60,gaming,0,0,0,0,0.0
1468,274,dance,1,0,0,1,4.0
1469,200,dance,1,0,0,0,1.0
1469,177,music,0,0,0,0,0.0
1469,54,dance,1,0,0,0,1.0
1469,281,travel,0,0,0,0,0.0
1469,436,cooking,1,0,0,0,1.0
1469,334,travel,1,0,0,0,1.0
1470,82,sports,1,0,0,0,1.0
1470,94,dance,1,0,0,0,1.0
1470,310,dance,1,0,0,0,1.0
1470,254,music,0,0,0,0,0.0
1470,14,sports,1,1,0,1,6.0
1470,178,sports,1,0,0,0,1.0
1470,222,music,1,0,0,0,1.0
1470,172,cooking,1,0,0,0,1.0
1470,459,music,1,1,0,0,3.0
1470,308,cooking,0,0,0,0,0.0
1470,200,dance,1,0,0,0,1.0
1470,468,education,1,0,0,0,1.0
1471,379,travel,0,0,0,0,0.0
1471,324,travel,0,0,0,0,0.0
1471,418,travel,1,0,0,0,1.0
1471,402,travel,1,0,0,0,1.0
1471,489,travel,0,0,0,0,0.0
1471,91,travel,1,1,0,0,3.0
1471,158,travel,0,0,0,0,0.0
1471,168,gaming,0,0,0,0,0.0
1471,49,travel,1,0,0,0,1.0
1471,157,music,1,0,0,0,1.0
1471,470,travel,1,0,0,0,1.0
1471,177,travel,0,0,0,0,0.0
1471,416,travel,1,0,0,1,4.0
1471,115,travel,1,0,0,0,1.0
1471,149,travel,1,0,0,0,1.0
1472,178,sports,1,0,0,0,1.0
1472,169,cooking,0,0,0,0,0.0
1472,205,comedy,1,1,0,0,3.0
1472,370,education,0,0,0,0,0.0
1472,417,education,1,1,0,0,3.0
1472,265,travel,1,1,1,0,7.0
1472,151,gaming,1,0,0,0,1.0
1472,23,comedy,1,0,0,0,1.0
1472,184,comedy,1,0,0,0,1.0
1472,94,education,1,0,0,0,1.0
1472,229,travel,0,0,0,0,0.0
1472,160,music,1,0,0,0,1.0
1472,303,comedy,0,0,0,0,0.0
1472,377,cooking,1,0,0,0,1.0
1472,394,gaming,1,0,0,1,4.0
1472,368,travel,1,0,0,1,4.0
1473,1,dance,0,0,0,0,0.0
1473,180,sports,1,0,0,0,1.0
1473,384,education,1,1,1,0,7.0
1473,4,comedy,1,1,1,0,7.0
1473,317,comedy,1,0,0,0,1.0
1473,357,comedy,1,0,0,0,1.0
1473,277,education,1,0,0,0,1.0
1473,414,education,0,0,0,0,0.0
1473,438,education,0,0,0,0,0.0
1474,165,dance,1,0,0,0,1.0
1474,438,comedy,1,0,0,0,1.0
1474,379,dance,0,0,0,0,0.0
1474,268,dance,0,0,0,0,0.0
1474,434,sports,0,0,0,0,0.0
1474,74,dance,0,0,0,0,0.0
1475,39,music,1,0,0,0,1.0
1475,158,music,1,0,0,0,1.0
1475,470,travel,1,1,0,0,3.0
1475,447,music,1,0,0,0,1.0
1475,311,music,1,1,0,0,3.0
1475,250,travel,0,0,0,0,0.0
1475,157,music,1,1,0,0,3.0
1475,40,sports,1,1,0,0,3.0
1475,485,sports,0,0,0,0,0.0
1475,44,music,1,1,0,0,3.0
1475,221,music,1,0,0,0,1.0
1475,67,music,0,0,0,0,0.0
1475,342,music,1,0,0,0,1.0
1475,124,sports,1,0,0,0,1.0
1475,360,sports,1,0,0,0,1.0
1475,89,music,1,1,0,0,3.0
1475,319,music,1,0,0,0,1.0
1475,438,sports,1,0,0,0,1.0
1475,35,cooking,1,0,0,0,1.0
1475,255,music,0,0,0,0,0.0
1476,111,education,1,1,0,0,3.0
1476,84,gaming,1,0,0,0,1.0
1476,484,education,1,0,0,0,1.0
1476,118,education,0,0,0,0,0.0
1476,343,education,1,0,0,0,1.0
1476,47,education,0,0,0,0,0.0
1476,132,education,1,0,0,0,1.0
1476,297,sports,1,1,1,0,7.0
1476,300,education,1,0,0,0,1.0
1477,304,dance,1,0,0,0,1.0
1477,457,music,1,0,0,0,1.0
1477,275,music,1,0,0,0,1.0
1477,27,travel,1,1,0,0,3.0
1477,286,music,1,0,0,0,1.0
1477,35,comedy,1,1,0,0,3.0
1477,40,dance,0,0,0,0,0.0
1477,446,education,1,0,0,0,1.0
1477,421,education,1,1,0,0,3.0
1477,86,music,0,0,0,0,0.0
1477,205,comedy,0,0,0,0,0.0
1477,478,cooking,0,0,0,0,0.0
1478,219,sports,1,1,0,0,3.0
1478,484,gaming,1,1,0,0,3.0
1478,164,sports,0,0,0,0,0.0
1478,250,dance,1,1,0,0,3.0
1478,94,sports,0,0,0,0,0.0
1478,465,dance,1,0,0,0,1.0
1478,178,dance,1,0,0,0,1.0
1478,41,sports,0,0,0,0,0.0
1478,485,dance,0,0,0,0,0.0
1478,399,sports,1,0,0,0,1.0
1479,102,music,1,1,0,0,3.0
1479,25,cooking,1,0,0,0,1.0
1479,286,comedy,1,1,0,0,3.0
1479,216,education,0,0,0,0,0.0
1479,36,cooking,1,1,0,0,3.0
1479,493,comedy,1,1,0,0,3.0
1479,18,education,0,0,0,0,0.0
1479,249,comedy,1,0,0,0,1.0
1479,247,dance,0,0,0,0,0.0
1479,20,cooking,0,0,0,0,0.0
1479,228,comedy,1,0,0,0,1.0
1479,329,comedy,1,0,0,0,1.0
1480,187,travel,0,0,0,0,0.0
1480,6,music,1,0,0,0,1.0
1480,435,music,1,0,0,0,1.0
1480,126,gaming,1,1,0,0,3.0
1480,77,travel,1,0,0,0,1.0
1480,276,music,1,1,0,0,3.0
1480,349,travel,0,0,0,0,0.0
1480,131,music,0,0,0,0,0.0
1480,30,music,0,0,0,0,0.0
1481,361,music,1,1,0,0,3.0
1481,23,music,1,0,0,0,1.0
1481,305,music,1,1,0,0,3.0
1481,72,music,1,0,0,0,1.0
1481,313,comedy,1,0,0,0,1.0
1481,308,music,1,0,0,0,1.0
1481,213,cooking,1,1,0,0,3.0
1482,455,education,1,0,0,0,1.0
1482,53,music,0,0,0,0,0.0
1482,89,comedy,1,1,0,0,3.0
1482,223,music,1,1,0,0,3.0
1482,157,music,1,1,1,1,10.0
1482,257,gaming,1,1,0,0,3.0
1483,197,travel,1,1,0,0,3.0
1483,263,cooking,1,1,0,1,6.0
1483,439,dance,1,0,0,0,1.0
1483,66,music,0,0,0,0,0.0
1483,368,travel,1,0,0,0,1.0
1483,306,dance,1,0,0,0,1.0
1483,344,travel,1,1,0,0,3.0
1483,373,music,0,0,0,0,0.0
1483,460,music,1,1,0,0,3.0
1483,266,dance,1,0,0,0,1.0
1483,397,cooking,0,0,0,0,0.0
1484,224,education,1,0,0,0,1.0
1484,69,music,1,0,0,0,1.0
1484,228,travel,0,0,0,0,0.0
1484,5,gaming,1,0,0,1,4.0
1484,486,gaming,1,1,0,0,3.0
1484,394,cooking,1,0,0,0,1.0
1484,352,sports,1,0,0,0,1.0
1484,127,sports,1,0,0,0,1.0
1484,156,sports,0,0,0,0,0.0
1484,194,travel,0,0,0,0,0.0
1485,461,education,1,0,0,0,1.0
1485,270,music,1,1,1,0,7.0
1485,122,dance,1,0,0,0,1.0
1485,419,education,0,0,0,0,0.0
1485,373,dance,0,0,0,0,0.0
1485,227,music,1,0,0,0,1.0
1485,90,music,1,0,0,0,1.0
1485,265,dance,1,0,0,0,1.0
1485,79,music,1,0,0,0,1.0
1485,101,music,1,1,0,0,3.0
1485,23,music,0,0,0,0,0.0
1485,52,travel,1,0,0,0,1.0
1485,39,music,0,0,0,0,0.0
1485,93,music,1,0,0,0,1.0
1485,123,education,1,1,1,0,7.0
1485,24,gaming,1,0,0,0,1.0
1485,324,music,1,0,0,1,4.0
1486,199,gaming,1,0,0,0,1.0
1486,392,cooking,1,0,0,0,1.0
1486,199,cooking,0,0,0,0,0.0
1486,201,dance,1,0,0,0,1.0
1486,211,comedy,1,1,0,0,3.0
1486,182,travel,1,0,0,0,1.0
1486,364,gaming,1,0,0,0,1.0
1486,40,dance,1,0,0,0,1.0
1486,56,travel,1,0,0,0,1.0
1486,65,education,1,1,0,0,3.0
1487,361,cooking,1,0,0,1,4.0
1487,417,cooking,1,0,0,0,1.0
1487,464,cooking,1,0,0,0,1.0
1487,208,cooking,1,0,0,0,1.0
1487,318,gaming,1,0,0,0,1.0
1487,2,cooking,1,1,0,0,3.0
1487,17,education,1,0,0,0,1.0
1487,429,comedy,1,0,0,0,1.0
1487,446,education,1,0,0,0,1.0
1487,246,cooking,1,0,0,0,1.0
1487,208,gaming,1,0,0,0,1.0
1488,256,comedy,1,0,0,0,1.0
1488,99,travel,1,0,0,0,1.0
1488,474,gaming,0,0,0,0,0.0
1488,48,travel,1,0,0,0,1.0
1488,64,dance,1,0,0,0,1.0
1488,28,education,1,1,0,0,3.0
1488,222,sports,1,0,0,0,1.0
1488,13,travel,0,0,0,0,0.0
1488,411,comedy,0,0,0,0,0.0
1489,274,cooking,1,1,0,0,3.0
1489,131,sports,1,1,0,0,3.0
1489,422,music,1,0,0,0,1.0
1489,96,cooking,1,1,0,0,3.0
1489,139,comedy,1,0,0,0,1.0
1489,171,cooking,1,0,0,0,1.0
1489,326,comedy,1,0,0,0,1.0
1489,33,cooking,1,0,0,1,4.0
1489,6,cooking,1,1,0,0,3.0
1489,350,cooking,1,0,0,0,1.0
1489,427,education,1,1,0,0,3.0
1489,129,gaming,1,0,0,0,1.0
1489,427,sports,1,0,0,0,1.0
1489,362,comedy,1,0,0,0,1.0
1489,410,cooking,0,0,0,0,0.0
1489,348,comedy,1,1,0,0,3.0
1489,426,cooking,0,0,0,0,0.0
1490,298,sports,1,0,0,0,1.0
1490,201,cooking,1,1,0,1,6.0
1490,472,sports,1,0,0,0,1.0
1490,380,sports,1,1,0,0,3.0
1490,244,dance,1,0,0,0,1.0
1490,99,dance,0,0,0,0,0.0
1490,356,cooking,1,0,0,0,1.0
1490,230,sports,1,0,0,0,1.0
1490,22,sports,1,0,0,0,1.0
1491,367,dance,0,0,0,0,0.0
1491,50,education,1,0,0,0,1.0
1491,289,sports,1,0,0,0,1.0
1491,176,sports,1,1,0,0,3.0
1491,125,travel,1,0,0,0,1.0
1491,427,gaming,1,0,0,0,1.0
1491,49,education,1,0,0,0,1.0
1491,106,education,1,1,0,0,3.0
1491,128,education,0,0,0,0,0.0
1491,499,travel,1,0,0,0,1.0
1491,423,dance,0,0,0,0,0.0
1492,377,dance,0,0,0,0,0.0
1492,61,sports,0,0,0,0,0.0
1492,269,gaming,1,0,0,0,1.0
1492,457,dance,0,0,0,0,0.0
1492,369,gaming,1,0,0,0,1.0
1492,468,cooking,1,1,1,0,7.0
1492,339,gaming,0,0,0,0,0.0
1492,371,travel,1,1,1,0,7.0
1492,406,gaming,1,0,0,0,1.0
1492,147,gaming,0,0,0,0,0.0
1493,68,comedy,1,0,0,0,1.0
1493,290,travel,1,1,0,0,3.0
1493,295,sports,0,0,0,0,0.0
1493,374,dance,1,0,0,1,4.0
1493,281,dance,1,0,0,0,1.0
1493,367,travel,1,0,0,0,1.0
1493,122,travel,1,1,0,1,6.0
1493,228,dance,0,0,0,0,0.0
1493,219,comedy,1,1,0,0,3.0
1493,487,cooking,1,0,0,1,4.0
1493,319,cooking,1,0,0,0,1.0
1493,81,dance,1,0,0,0,1.0
1493,295,comedy,1,0,0,0,1.0
1493,41,travel,1,0,0,0,1.0
1494,486,sports,0,0,0,0,0.0
1494,387,gaming,1,0,0,0,1.0
1494,370,comedy,1,0,0,0,1.0
1494,451,comedy,1,0,0,0,1.0
1494,22,cooking,1,0,0,0,1.0
1494,486,cooking,1,1,0,0,3.0
1494,112,education,1,0,0,0,1.0
1494,145,cooking,0,0,0,0,0.0
1494,295,cooking,1,1,0,0,3.0
1494,153,education,1,1,0,0,3.0
1494,412,music,1,0,0,0,1.0
1494,91,gaming,1,0,0,0,1.0
1494,178,sports,1,0,0,0,1.0
1495,324,travel,1,0,0,0,1.0
1495,461,travel,1,1,0,0,3.0
1495,142,dance,1,1,0,0,3.0
1495,269,dance,1,0,0,0,1.0
1495,358,dance,1,0,0,0,1.0
1495,219,dance,1,0,0,0,1.0
1495,449,education,1,0,0,0,1.0
1495,375,dance,1,1,0,0,3.0
1495,405,travel,1,0,0,0,1.0
1495,36,dance,1,0,0,1,4.0
1495,384,dance,0,0,0,0,0.0
1495,125,dance,0,0,0,0,0.0
1496,490,gaming,1,0,0,0,1.0
1496,102,gaming,1,0,0,0,1.0
1496,274,dance,1,1,0,0,3.0
1496,223,gaming,0,0,0,0,0.0
1496,466,comedy,0,0,0,0,0.0
1496,377,gaming,0,0,0,0,0.0
1496,449,gaming,1,0,0,0,1.0
1496,467,cooking,1,0,0,0,1.0
1496,326,cooking,1,0,0,0,1.0
1496,368,gaming,1,1,0,0,3.0
1496,353,comedy,1,1,0,0,3.0
1496,116,comedy,1,0,0,0,1.0
1497,381,comedy,1,0,0,0,1.0
1497,213,travel,1,0,0,0,1.0
1497,301,travel,1,0,0,0,1.0
1497,116,comedy,1,1,0,0,3.0
1497,207,comedy,1,1,0,0,3.0
1497,371,comedy,1,0,0,0,1.0
1497,215,comedy,0,0,0,0,0.0
1497,85,comedy,0,0,0,0,0.0
1497,63,comedy,1,0,0,0,1.0
1497,177,comedy,1,0,0,0,1.0
1497,208,education,1,0,0,0,1.0
1498,393,cooking,0,0,0,0,0.0
1498,472,cooking,0,0,0,0,0.0
1498,472,cooking,0,0,0,0,0.0
1498,7,music,1,0,0,0,1.0
1498,416,comedy,1,0,0,0,1.0
1498,295,music,1,0,0,0,1.0
1498,335,dance,1,1,0,0,3.0
1498,94,cooking,1,1,0,0,3.0
1498,73,dance,1,0,0,0,1.0
1499,267,education,1,1,1,0,7.0
1499,54,travel,1,0,0,0,1.0
1499,31,travel,1,0,0,0,1.0
1499,267,music,1,0,0,0,1.0
1499,185,music,1,0,0,0,1.0
1499,148,dance,1,0,0,0,1.0
1499,311,education,1,1,0,0,3.0
1499,103,dance,1,1,0,0,3.0
1500,260,dance,1,0,0,1,4.0
1500,243,sports,0,0,0,0,0.0
1500,68,sports,0,0,0,0,0.0
1500,89,cooking,0,0,0,0,0.0
1500,428,cooking,1,0,0,0,1.0
1500,332,gaming,1,0,0,0,1.0
1500,293,dance,1,1,0,0,3.0
1500,93,travel,1,0,0,0,1.0
1500,191,cooking,0,0,0,0,0.0
1500,382,sports,1,0,0,0,1.0
1500,183,cooking,1,1,0,0,3.0
1500,206,cooking,1,0,0,0,1.0
1500,468,travel,1,0,0,0,1.0
1500,364,education,1,0,0,0,1.0
1500,168,gaming,0,0,0,0,0.0
1500,462,education,1,0,0,0,1.0
1500,205,dance,1,1,1,0,7.0
1500,298,travel,1,0,0,0,1.0
1501,375,education,1,0,0,0,1.0
1501,20,gaming,0,0,0,0,0.0
1501,451,education,1,0,0,0,1.0
1501,283,comedy,1,0,0,0,1.0
1501,457,comedy,1,1,0,0,3.0
1501,263,music,0,0,0,0,0.0
1501,446,gaming,0,0,0,0,0.0
1502,470,comedy,1,0,0,0,1.0
1502,201,gaming,1,0,0,1,4.0
1502,383,gaming,1,1,0,0,3.0
1502,411,comedy,0,0,0,0,0.0
1502,168,cooking,1,0,0,0,1.0
1502,423,comedy,1,0,0,0,1.0
1502,79,gaming,1,1,0,0,3.0
1502,487,gaming,1,0,0,0,1.0
1502,57,gaming,1,1,0,0,3.0
1502,250,travel,1,1,0,0,3.0
1502,130,travel,1,0,0,0,1.0
1502,444,cooking,1,0,0,0,1.0
1502,14,cooking,1,1,0,0,3.0
1503,101,dance,1,1,0,0,3.0
1503,325,gaming,1,0,0,0,1.0
1503,156,education,1,1,1,0,7.0
1503,453,education,1,0,0,0,1.0
1503,420,education,1,1,0,0,3.0
1503,119,education,1,0,0,0,1.0
1503,116,education,1,0,0,0,1.0
1503,160,sports,1,0,0,0,1.0
1503,183,education,1,1,0,0,3.0
1503,450,sports,1,0,0,0,1.0
1503,420,sports,1,0,0,0,1.0
1503,270,travel,1,0,0,0,1.0
1503,151,education,1,0,0,0,1.0
1503,371,sports,1,0,0,0,1.0
1503,79,music,1,0,0,0,1.0
1503,480,travel,0,0,0,0,0.0
1503,453,education,0,0,0,0,0.0
1503,424,dance,1,1,0,0,3.0
1503,321,education,1,1,0,0,3.0
1503,367,education,1,1,1,0,7.0
1504,356,education,1,0,0,0,1.0
1504,266,travel,1,0,0,0,1.0
1504,402,education,0,0,0,0,0.0
1504,165,education,1,1,0,0,3.0
1504,432,comedy,1,0,0,0,1.0
1504,287,comedy,1,0,0,1,4.0
1504,178,cooking,0,0,0,0,0.0
1504,361,cooking,1,1,0,0,3.0
1504,21,cooking,1,0,0,1,4.0
1505,297,music,1,1,0,0,3.0
1505,184,travel,1,0,0,1,4.0
1505,460,comedy,1,1,0,0,3.0
1505,72,gaming,1,1,0,1,6.0
1505,1,dance,1,1,0,0,3.0
1505,456,gaming,1,1,0,0,3.0
1505,142,dance,1,0,0,0,1.0
1505,142,gaming,1,0,0,0,1.0
1505,62,education,0,0,0,0,0.0
1505,361,travel,1,0,0,0,1.0
1505,458,gaming,1,0,0,0,1.0
1505,462,music,1,0,0,0,1.0
1505,427,travel,1,0,0,0,1.0
1505,472,music,1,0,0,0,1.0
1506,244,sports,1,0,0,0,1.0
1506,393,cooking,1,1,0,1,6.0
1506,33,travel,1,0,0,0,1.0
1506,36,travel,0,0,0,0,0.0
1506,314,cooking,1,1,0,0,3.0
1506,394,music,1,0,0,0,1.0
1507,176,travel,0,0,0,0,0.0
1507,459,dance,0,0,0,0,0.0
1507,346,cooking,1,0,0,0,1.0
1507,184,sports,1,0,0,0,1.0
1507,238,music,1,1,0,0,3.0
1507,247,music,0,0,0,0,0.0
1507,348,music,1,0,0,0,1.0
1507,449,cooking,0,0,0,0,0.0
1507,249,dance,1,0,0,1,4.0
1507,409,cooking,0,0,0,0,0.0
1507,326,gaming,1,0,0,0,1.0
1507,122,cooking,1,0,0,0,1.0
1508,185,comedy,1,0,0,0,1.0
1508,36,sports,0,0,0,0,0.0
1508,172,sports,1,0,0,0,1.0
1508,339,education,1,0,0,0,1.0
1508,305,sports,0,0,0,0,0.0
1508,188,dance,0,0,0,0,0.0
1508,173,sports,0,0,0,0,0.0
1509,103,music,0,0,0,0,0.0
1509,178,comedy,0,0,0,0,0.0
1509,258,sports,0,0,0,0,0.0
1509,472,sports,1,0,0,0,1.0
1509,449,dance,1,0,0,0,1.0
1509,365,comedy,0,0,0,0,0.0
1509,420,comedy,0,0,0,0,0.0
1510,70,dance,0,0,0,0,0.0
1510,239,cooking,1,0,0,0,1.0
1510,274,gaming,1,1,0,0,3.0
1510,482,travel,1,0,0,0,1.0
1510,256,comedy,1,0,0,0,1.0
1510,70,travel,1,0,0,0,1.0
1510,149,comedy,1,0,0,0,1.0
1510,39,comedy,1,0,0,0,1.0
1510,472,comedy,1,0,0,0,1.0
1510,280,travel,1,0,0,0,1.0
1510,248,travel,1,1,0,0,3.0
1510,94,dance,1,1,0,0,3.0
1510,471,comedy,1,0,0,0,1.0
1510,38,travel,1,1,0,0,3.0
1510,65,gaming,0,0,0,0,0.0
1510,499,travel,0,0,0,0,0.0
1510,111,comedy,0,0,0,0,0.0
1510,60,cooking,1,1,0,0,3.0
1511,60,dance,0,0,0,0,0.0
1511,194,cooking,1,0,0,0,1.0
1511,189,dance,1,0,0,0,1.0
1511,429,cooking,1,1,1,0,7.0
1511,299,cooking,1,0,0,0,1.0
1511,356,dance,1,1,0,0,3.0
1511,347,cooking,1,1,0,0,3.0
1511,183,dance,1,1,0,0,3.0
1511,166,comedy,1,0,0,0,1.0
1511,226,gaming,0,0,0,0,0.0
1512,107,sports,1,0,0,0,1.0
1512,249,comedy,1,0,0,0,1.0
1512,287,travel,1,0,0,0,1.0
1512,385,sports,1,0,0,0,1.0
1512,292,travel,1,1,0,0,3.0
1512,20,travel,0,0,0,0,0.0
1512,107,sports,1,1,0,0,3.0
1512,274,sports,1,0,0,0,1.0
1512,220,gaming,1,1,0,0,3.0
1512,101,travel,1,0,0,0,1.0
1512,356,education,1,0,0,0,1.0
1513,21,dance,1,0,0,1,4.0
1513,464,comedy,1,0,0,0,1.0
1513,41,sports,1,0,0,0,1.0
1513,42,education,1,0,0,0,1.0
1513,325,sports,1,1,0,0,3.0
1513,139,comedy,1,1,0,1,6.0
1513,284,education,1,0,0,0,1.0
1513,301,gaming,1,0,0,1,4.0
1513,138,comedy,1,0,0,0,1.0
1513,413,comedy,1,0,0,1,4.0
1513,252,comedy,1,0,0,0,1.0
1514,342,education,1,0,0,0,1.0
1514,145,education,1,0,0,0,1.0
1514,352,gaming,1,0,0,0,1.0
1514,212,music,0,0,0,0,0.0
1514,267,dance,1,1,0,0,3.0
1514,54,education,0,0,0,0,0.0
1514,185,education,1,0,0,0,1.0
1514,371,cooking,1,0,0,0,1.0
1514,210,education,1,0,0,0,1.0
1515,413,gaming,1,1,0,0,3.0
1515,481,gaming,0,0,0,0,0.0
1515,448,education,1,0,0,0,1.0
1515,224,cooking,0,0,0,0,0.0
1515,402,gaming,0,0,0,0,0.0
1515,398,gaming,1,0,0,0,1.0
1515,385,dance,1,1,0,0,3.0
1515,50,gaming,1,1,0,0,3.0
1515,9,gaming,1,0,0,0,1.0
1515,291,gaming,1,1,1,0,7.0
1516,300,music,1,0,0,0,1.0
1516,96,education,1,1,0,0,3.0
1516,285,sports,1,0,0,0,1.0
1516,37,dance,1,0,0,0,1.0
1516,91,gaming,0,0,0,0,0.0
1516,329,comedy,1,1,0,0,3.0
1516,425,dance,1,0,0,0,1.0
1516,173,dance,1,1,0,0,3.0
1516,394,dance,1,0,0,0,1.0
1516,194,dance,0,0,0,0,0.0
1516,404,dance,1,0,0,0,1.0
1517,357,dance,1,0,0,0,1.0
1517,17,music,0,0,0,0,0.0
1517,303,music,1,0,0,0,1.0
1517,307,cooking,1,0,0,0,1.0
1517,460,dance,1,0,0,0,1.0
1517,137,cooking,1,0,0,0,1.0
1517,334,travel,1,1,0,0,3.0
1517,55,dance,0,0,0,0,0.0
1517,447,cooking,1,0,0,0,1.0
1517,234,cooking,1,0,0,0,1.0
1517,33,gaming,1,0,0,0,1.0
1517,234,cooking,1,0,0,0,1.0
1517,408,travel,1,0,0,0,1.0
1517,387,cooking,0,0,0,0,0.0
1518,399,travel,1,0,0,0,1.0
1518,16,comedy,1,0,0,0,1.0
1518,164,dance,1,0,0,0,1.0
1518,234,cooking,1,0,0,0,1.0
1518,435,education,1,0,0,0,1.0
1518,435,travel,1,0,0,0,1.0
1518,84,comedy,1,0,0,0,1.0
1518,244,travel,0,0,0,0,0.0
1518,305,dance,1,1,0,0,3.0
1519,370,comedy,0,0,0,0,0.0
1519,92,sports,1,0,0,0,1.0
1519,163,comedy,1,0,0,0,1.0
1519,470,comedy,0,0,0,0,0.0
1519,427,education,1,0,0,0,1.0
1519,201,sports,0,0,0,0,0.0
1519,273,travel,1,0,0,1,4.0
1519,256,comedy,1,0,0,0,1.0
1519,53,education,1,0,0,0,1.0
1519,330,education,1,1,0,0,3.0
1519,159,travel,1,0,0,0,1.0
1519,166,education,1,0,0,0,1.0
1519,306,travel,1,0,0,0,1.0
1520,163,comedy,1,0,0,0,1.0
1520,394,sports,0,0,0,0,0.0
1520,193,music,1,1,0,0,3.0
1520,472,sports,1,0,0,0,1.0
1520,352,cooking,1,0,0,0,1.0
1520,66,music,1,1,0,0,3.0
1520,206,cooking,1,1,0,0,3.0
1520,134,cooking,1,0,0,0,1.0
1520,313,sports,1,0,0,0,1.0
1521,275,travel,0,0,0,0,0.0
1521,328,cooking,1,0,0,0,1.0
1521,211,sports,1,0,0,0,1.0
1521,294,education,1,0,0,0,1.0
1521,108,cooking,1,1,0,0,3.0
1521,393,sports,0,0,0,0,0.0
1521,492,cooking,1,0,0,0,1.0
1521,221,cooking,1,0,0,0,1.0
1521,126,sports,1,1,0,0,3.0
1521,86,cooking,1,0,0,0,1.0
1521,223,cooking,1,0,0,0,1.0
1522,487,sports,1,1,1,0,7.0
1522,182,education,1,1,0,0,3.0
1522,159,gaming,1,0,0,0,1.0
1522,372,cooking,1,0,0,0,1.0
1522,471,cooking,1,0,0,0,1.0
1522,464,comedy,0,0,0,0,0.0
1522,496,education,1,1,0,0,3.0
1523,342,music,1,1,0,0,3.0
1523,215,travel,1,1,0,0,3.0
1523,20,cooking,0,0,0,0,0.0
1523,481,cooking,1,0,0,0,1.0
1523,33,education,1,0,0,0,1.0
1523,43,education,1,1,0,0,3.0
1524,182,dance,1,0,0,0,1.0
1524,157,comedy,1,0,0,0,1.0
1524,211,gaming,0,0,0,0,0.0
1524,390,comedy,0,0,0,0,0.0
1524,154,comedy,1,0,0,0,1.0
1524,103,gaming,0,0,0,0,0.0
1524,169,comedy,0,0,0,0,0.0
1524,193,dance,1,0,0,0,1.0
1524,58,dance,1,0,0,0,1.0
1524,496,dance,0,0,0,0,0.0
1525,352,comedy,0,0,0,0,0.0
1525,303,travel,1,0,0,0,1.0
1525,393,sports,1,0,0,0,1.0
1525,47,comedy,0,0,0,0,0.0
1525,250,sports,0,0,0,0,0.0
1525,412,sports,1,0,0,0,1.0
1525,245,comedy,1,0,0,0,1.0
1525,379,comedy,1,1,0,0,3.0
1525,188,travel,1,1,0,0,3.0
1525,72,dance,1,1,0,0,3.0
1526,104,cooking,1,0,0,0,1.0
1526,313,travel,1,1,0,0,3.0
1526,175,cooking,1,1,0,0,3.0
1526,15,travel,1,0,0,0,1.0
1526,250,cooking,1,0,0,0,1.0
1526,343,cooking,1,0,0,0,1.0
1526,19,education,1,0,0,0,1.0
1526,481,education,1,1,0,0,3.0
1526,39,gaming,1,1,0,0,3.0
1526,403,cooking,1,0,0,0,1.0
1526,250,music,0,0,0,0,0.0
1526,392,music,1,0,0,0,1.0
1526,300,gaming,1,1,0,0,3.0
1526,314,cooking,1,0,0,0,1.0
1526,187,cooking,1,0,0,0,1.0
1526,177,music,1,0,0,0,1.0
1527,14,gaming,1,0,0,0,1.0
1527,233,sports,1,0,0,0,1.0
1527,308,dance,1,1,0,0,3.0
1527,120,gaming,1,0,0,0,1.0
1527,146,dance,1,0,0,0,1.0
1527,322,travel,1,0,0,0,1.0
1527,223,dance,1,0,0,0,1.0
1527,9,dance,1,0,0,0,1.0
1527,203,travel,1,1,0,0,3.0
1528,13,gaming,1,0,0,0,1.0
1528,137,gaming,1,0,0,0,1.0
1528,456,gaming,1,0,0,0,1.0
1528,280,comedy,1,0,0,1,4.0
1528,222,gaming,0,0,0,0,0.0
1528,496,dance,1,1,0,0,3.0
1528,214,music,1,1,0,0,3.0
1529,451,gaming,1,0,0,0,1.0
1529,269,sports,1,0,0,0,1.0
1529,222,gaming,1,1,0,0,3.0
1529,121,gaming,1,1,0,0,3.0
1529,366,music,1,1,0,0,3.0
1529,235,gaming,1,0,0,0,1.0
1529,103,gaming,1,0,0,0,1.0
1529,252,music,1,0,0,0,1.0
1530,123,education,1,0,0,0,1.0
1530,451,sports,0,0,0,0,0.0
1530,242,sports,1,0,0,0,1.0
1530,28,sports,1,0,0,0,1.0
1530,237,sports,1,0,0,0,1.0
1530,16,sports,1,0,0,0,1.0
1530,347,gaming,1,1,0,0,3.0
1530,405,sports,1,0,0,0,1.0
1530,341,sports,1,0,0,0,1.0
1530,63,sports,1,0,0,0,1.0
1530,15,sports,1,0,0,0,1.0
1530,54,sports,0,0,0,0,0.0
1530,38,sports,1,0,0,0,1.0
1530,71,sports,1,0,0,1,4.0
1530,10,sports,1,0,0,0,1.0
1530,16,education,1,0,0,0,1.0
1530,183,sports,0,0,0,0,0.0
1531,172,sports,1,0,0,0,1.0
1531,315,sports,0,0,0,0,0.0
1531,465,music,1,0,0,0,1.0
1531,114,travel,0,0,0,0,0.0
1531,297,travel,0,0,0,0,0.0
1531,192,education,1,0,0,0,1.0
1531,150,sports,1,1,0,0,3.0
1531,53,music,1,0,0,0,1.0
1531,51,comedy,1,1,0,0,3.0
1531,352,comedy,1,0,0,0,1.0
1531,138,sports,1,0,0,0,1.0
1531,285,cooking,1,0,0,0,1.0
1531,134,comedy,1,1,0,0,3.0
1532,81,sports,0,0,0,0,0.0
1532,464,music,1,1,0,0,3.0
1532,365,music,1,0,0,0,1.0
1532,142,music,1,0,0,0,1.0
1532,191,music,1,1,0,0,3.0
1532,95,dance,0,0,0,0,0.0
1532,333,music,1,0,0,0,1.0
1532,441,music,0,0,0,0,0.0
1532,190,sports,1,0,0,0,1.0
1532,114,music,1,1,0,1,6.0
1533,22,comedy,1,1,0,0,3.0
1533,88,travel,1,1,0,0,3.0
1533,328,music,1,1,0,0,3.0
1533,94,cooking,1,0,0,0,1.0
1533,21,travel,0,0,0,0,0.0
1533,29,travel,0,0,0,0,0.0
1533,459,travel,0,0,0,0,0.0
1533,348,music,1,0,0,0,1.0
1533,441,music,0,0,0,0,0.0
1534,0,music,1,1,0,0,3.0
1534,331,gaming,1,1,0,0,3.0
1534,429,dance,1,0,0,0,1.0
1534,312,travel,1,0,0,0,1.0
1534,445,education,1,0,0,0,1.0
1534,372,travel,0,0,0,0,0.0
1534,253,comedy,0,0,0,0,0.0
1534,186,travel,1,0,0,0,1.0
1534,83,dance,1,0,0,0,1.0
1534,264,dance,1,0,0,0,1.0
1534,263,dance,1,1,0,0,3.0
1534,3,education,1,0,0,0,1.0
1534,74,cooking,1,0,0,0,1.0
1535,369,gaming,1,0,0,0,1.0
1535,211,dance,1,0,0,0,1.0
1535,168,sports,1,0,0,0,1.0
1535,385,comedy,1,0,0,0,1.0
1535,49,comedy,1,0,0,0,1.0
1535,288,comedy,1,1,0,0,3.0
1535,211,comedy,1,0,0,0,1.0
1535,403,cooking,0,0,0,0,0.0
1535,72,sports,1,0,0,0,1.0
1535,378,cooking,1,1,1,0,7.0
1535,155,comedy,1,0,0,0,1.0
1535,290,comedy,1,0,0,0,1.0
1535,359,comedy,1,0,0,0,1.0
1536,81,travel,0,0,0,0,0.0
1536,146,gaming,1,0,0,0,1.0
1536,225,music,1,0,0,0,1.0
1536,129,travel,1,0,0,0,1.0
1536,122,music,1,0,0,0,1.0
1536,33,music,0,0,0,0,0.0
1536,28,education,1,0,0,0,1.0
1537,149,cooking,0,0,0,0,0.0
1537,449,education,0,0,0,0,0.0
1537,310,dance,1,1,0,0,3.0
1537,278,music,1,1,0,0,3.0
1537,481,music,1,0,0,0,1.0
1537,201,comedy,1,0,0,0,1.0
1537,494,gaming,1,0,0,0,1.0
1537,490,gaming,1,0,0,0,1.0
1537,444,cooking,1,1,0,0,3.0
1537,366,gaming,1,0,0,0,1.0
1537,394,comedy,1,0,0,0,1.0
1537,272,music,1,0,0,0,1.0
1538,183,sports,1,0,0,0,1.0
1538,47,education,1,0,0,0,1.0
1538,259,gaming,1,0,0,0,1.0
1538,188,sports,0,0,0,0,0.0
1538,442,sports,1,0,0,0,1.0
1538,41,sports,0,0,0,0,0.0
1538,90,dance,1,0,0,0,1.0
1538,57,cooking,1,0,0,0,1.0
1538,16,sports,0,0,0,0,0.0
1538,291,dance,1,0,0,0,1.0
1538,173,dance,1,0,0,0,1.0
1538,225,dance,1,0,0,0,1.0
1539,319,dance,1,0,0,0,1.0
1539,460,gaming,0,0,0,0,0.0
1539,106,comedy,1,0,0,0,1.0
1539,309,gaming,1,0,0,0,1.0
1539,373,gaming,1,0,0,0,1.0
1539,90,gaming,0,0,0,0,0.0
1539,191,gaming,1,0,0,0,1.0
1539,258,education,1,1,0,0,3.0
1539,265,gaming,1,0,0,0,1.0
1539,432,gaming,1,0,0,0,1.0
1539,448,music,1,0,0,0,1.0
1539,14,education,1,1,0,0,3.0
1540,460,comedy,1,0,0,0,1.0
1540,104,comedy,1,0,0,0,1.0
1540,87,dance,1,1,0,0,3.0
1540,483,dance,0,0,0,0,0.0
1540,213,comedy,1,0,0,0,1.0
1540,358,music,1,0,0,0,1.0
1540,140,cooking,1,1,0,0,3.0
1540,492,sports,1,0,0,0,1.0
1540,492,comedy,1,0,0,0,1.0
1541,482,sports,1,1,0,0,3.0
1541,426,sports,1,1,0,0,3.0
1541,349,education,1,0,0,0,1.0
1541,270,sports,1,0,0,0,1.0
1541,336,dance,1,0,0,0,1.0
1541,293,cooking,1,1,0,0,3.0
1542,492,gaming,0,0,0,0,0.0
1542,435,music,1,1,0,0,3.0
1542,90,music,1,0,0,0,1.0
1542,398,music,1,1,0,0,3.0
1542,231,travel,1,0,0,0,1.0
1542,491,music,0,0,0,0,0.0
1542,218,music,1,0,0,0,1.0
1543,231,gaming,1,0,0,0,1.0
1543,106,sports,1,0,0,0,1.0
1543,400,dance,0,0,0,0,0.0
1543,470,sports,1,1,0,0,3.0
1543,140,gaming,1,0,0,0,1.0
1543,387,gaming,1,1,0,0,3.0
1543,126,dance,1,0,0,0,1.0
1543,404,comedy,1,0,0,0,1.0
1543,271,gaming,1,0,0,0,1.0
1544,184,comedy,1,0,0,0,1.0
1544,426,music,0,0,0,0,0.0
1544,458,comedy,0,0,0,0,0.0
1544,64,cooking,1,0,0,0,1.0
1544,228,music,1,0,0,0,1.0
1544,130,music,1,0,0,0,1.0
1544,238,travel,1,0,0,0,1.0
1544,16,comedy,1,0,0,0,1.0
1544,450,travel,0,0,0,0,0.0
1544,147,music,1,0,0,0,1.0
1544,52,education,1,0,0,0,1.0
1545,489,gaming,1,1,0,0,3.0
1545,200,education,1,0,0,0,1.0
1545,17,dance,1,0,0,0,1.0
1545,173,gaming,0,0,0,0,0.0
1545,24,travel,1,0,0,0,1.0
1545,131,music,1,0,0,0,1.0
1545,492,dance,0,0,0,0,0.0
1545,369,dance,1,0,0,0,1.0
1545,308,dance,1,0,0,0,1.0
1545,56,comedy,1,0,0,0,1.0
1545,119,gaming,1,0,0,0,1.0
1545,341,travel,1,0,0,0,1.0
1545,8,gaming,1,1,0,0,3.0
1545,453,dance,1,1,0,0,3.0
1546,453,comedy,1,0,0,0,1.0
1546,395,gaming,1,0,0,0,1.0
1546,354,gaming,1,0,0,0,1.0
1546,152,travel,1,0,0,0,1.0
1546,313,comedy,1,0,0,0,1.0
1546,241,travel,1,0,0,0,1.0
1546,395,comedy,1,1,0,0,3.0
1546,76,cooking,1,0,0,0,1.0
1547,23,cooking,0,0,0,0,0.0
1547,150,sports,1,0,0,0,1.0
1547,155,sports,1,1,1,0,7.0
1547,274,education,1,0,0,0,1.0
1547,72,sports,1,0,0,0,1.0
1547,334,sports,1,0,0,0,1.0
1547,271,education,1,0,0,0,1.0
1547,152,comedy,1,0,0,0,1.0
1547,438,gaming,1,0,0,0,1.0
1548,39,comedy,0,0,0,0,0.0
1548,276,music,1,0,0,0,1.0
1548,61,gaming,0,0,0,0,0.0
1548,297,education,1,0,0,0,1.0
1548,133,travel,1,0,0,0,1.0
1548,394,travel,0,0,0,0,0.0
1548,331,gaming,1,0,0,0,1.0
1548,439,travel,1,0,0,0,1.0
1548,211,music,1,0,0,0,1.0
1548,112,gaming,1,0,0,0,1.0
1549,439,education,1,0,0,0,1.0
1549,87,dance,1,0,0,0,1.0
1549,360,comedy,1,0,0,0,1.0
1549,497,education,0,0,0,0,0.0
1549,147,dance,1,0,0,0,1.0
1549,169,comedy,1,0,0,0,1.0
1549,4,music,0,0,0,0,0.0
1549,262,education,1,1,0,0,3.0
1549,345,comedy,1,1,0,0,3.0
1549,308,dance,1,0,0,0,1.0
1549,270,education,0,0,0,0,0.0
1549,281,education,1,0,0,0,1.0
1550,322,music,1,0,0,0,1.0
1550,254,education,1,1,1,0,7.0
1550,74,music,0,0,0,0,0.0
1550,84,music,0,0,0,0,0.0
1550,178,dance,1,0,0,0,1.0
1550,0,music,1,0,0,0,1.0
1550,207,music,1,0,0,0,1.0
1550,462,music,0,0,0,0,0.0
1550,180,dance,1,1,0,0,3.0
1550,66,sports,1,0,0,0,1.0
1550,69,education,1,0,0,0,1.0
1550,445,comedy,1,1,0,0,3.0
1550,476,music,1,0,0,0,1.0
1551,80,cooking,1,0,0,0,1.0
1551,152,cooking,1,0,0,0,1.0
1551,125,sports,1,0,0,0,1.0
1551,71,comedy,1,0,0,0,1.0
1551,197,dance,1,0,0,0,1.0
1551,443,cooking,1,1,0,0,3.0
1551,433,dance,1,0,0,0,1.0
1551,465,comedy,0,0,0,0,0.0
1551,388,comedy,1,0,0,0,1.0
1552,186,gaming,1,0,0,0,1.0
1552,80,gaming,1,0,0,0,1.0
1552,205,music,1,0,0,0,1.0
1552,197,music,1,1,1,0,7.0
1552,198,music,1,0,0,0,1.0
1552,428,education,1,0,0,0,1.0
1552,20,music,1,0,0,0,1.0
1552,267,music,1,1,0,0,3.0
1552,371,music,1,1,0,0,3.0
1553,157,comedy,0,0,0,0,0.0
1553,307,education,1,0,0,0,1.0
1553,147,comedy,1,1,0,0,3.0
1553,362,education,1,0,0,0,1.0
1553,43,education,1,0,0,0,1.0
1553,198,sports,1,1,1,0,7.0
1553,221,education,1,0,0,0,1.0
1553,262,dance,0,0,0,0,0.0
1553,224,comedy,1,0,0,0,1.0
1553,483,comedy,0,0,0,0,0.0
1553,405,travel,1,0,0,0,1.0
1553,206,travel,1,1,1,0,7.0
1553,316,dance,1,1,1,0,7.0
1553,292,cooking,1,0,0,1,4.0
1553,100,comedy,1,0,0,0,1.0
1554,15,sports,0,0,0,0,0.0
1554,401,dance,1,0,0,0,1.0
1554,327,dance,1,1,0,0,3.0
1554,271,travel,1,0,0,0,1.0
1554,407,dance,1,1,0,0,3.0
1554,444,cooking,1,0,0,0,1.0
1554,412,cooking,1,1,0,0,3.0
1554,70,comedy,1,0,0,0,1.0
1554,43,sports,1,0,0,0,1.0
1555,174,gaming,1,1,0,0,3.0
1555,321,gaming,1,0,0,0,1.0
1555,255,dance,1,1,0,0,3.0
1555,71,gaming,1,0,0,0,1.0
1555,476,dance,1,0,0,0,1.0
1555,70,comedy,0,0,0,0,0.0
1555,351,gaming,1,0,0,0,1.0
1556,472,sports,1,1,0,0,3.0
1556,79,education,0,0,0,0,0.0
1556,166,education,1,0,0,0,1.0
1556,463,cooking,1,1,1,0,7.0
1556,148,cooking,1,0,0,0,1.0
1556,70,education,1,0,0,0,1.0
1556,313,education,1,1,0,0,3.0
1556,203,education,1,1,0,0,3.0
1556,377,dance,1,0,0,0,1.0
1557,343,travel,0,0,0,0,0.0
1557,419,travel,1,0,0,0,1.0
1557,466,travel,1,0,0,0,1.0
1557,147,travel,0,0,0,0,0.0
1557,323,gaming,1,0,0,0,1.0
1557,493,travel,1,1,0,0,3.0
1557,220,travel,1,1,1,0,7.0
1557,472,travel,1,1,0,0,3.0
1557,415,gaming,1,0,0,0,1.0
1558,254,gaming,1,0,0,0,1.0
1558,108,cooking,0,0,0,0,0.0
1558,444,music,1,0,0,0,1.0
1558,464,travel,1,0,0,0,1.0
1558,49,music,1,1,0,0,3.0
1558,343,music,0,0,0,0,0.0
1558,147,dance,1,0,0,0,1.0
1558,397,music,1,0,0,0,1.0
1558,269,music,1,0,0,0,1.0
1558,0,sports,0,0,0,0,0.0
1558,115,music,1,0,0,0,1.0
1559,20,comedy,1,1,0,0,3.0
1559,430,comedy,1,0,0,0,1.0
1559,112,gaming,1,0,0,0,1.0
1559,314,sports,1,1,0,0,3.0
1559,376,education,1,0,0,0,1.0
1559,325,education,1,1,1,0,7.0
1559,415,education,1,0,0,0,1.0
1560,54,comedy,1,0,0,0,1.0
1560,10,education,1,0,0,0,1.0
1560,473,dance,0,0,0,0,0.0
1560,279,music,0,0,0,0,0.0
1560,137,education,1,0,0,0,1.0
1560,265,comedy,1,1,0,0,3.0
1561,369,education,1,0,0,0,1.0
1561,27,education,1,0,0,0,1.0
1561,90,comedy,1,1,0,0,3.0
1561,305,education,1,1,0,0,3.0
1561,363,comedy,1,0,0,0,1.0
1561,143,education,0,0,0,0,0.0
1561,67,gaming,1,0,0,0,1.0
1561,337,comedy,0,0,0,0,0.0
1561,249,gaming,1,0,0,0,1.0
1562,468,travel,1,1,1,0,7.0
1562,85,music,1,0,0,0,1.0
1562,194,education,1,0,0,0,1.0
1562,374,education,1,0,0,0,1.0
1562,499,music,1,0,0,0,1.0
1562,205,sports,1,0,0,0,1.0
1562,320,music,1,1,0,0,3.0
1562,407,music,0,0,0,0,0.0
1562,127,travel,1,0,0,0,1.0
1563,89,cooking,0,0,0,0,0.0
1563,363,gaming,1,0,0,0,1.0
1563,9,gaming,0,0,0,0,0.0
1563,292,gaming,1,0,0,0,1.0
1563,28,gaming,1,0,0,0,1.0
1563,123,sports,1,0,0,0,1.0
1563,159,gaming,1,0,0,0,1.0
1563,308,gaming,0,0,0,0,0.0
1563,322,gaming,0,0,0,0,0.0
1563,235,comedy,0,0,0,0,0.0
1563,128,comedy,1,0,0,0,1.0
1564,270,cooking,1,1,0,0,3.0
1564,0,cooking,1,0,0,1,4.0
1564,270,cooking,1,0,0,0,1.0
1564,233,education,1,1,0,0,3.0
1564,464,cooking,0,0,0,0,0.0
1564,250,cooking,1,0,0,0,1.0
1564,58,cooking,1,0,0,0,1.0
1564,325,cooking,1,0,0,0,1.0
1564,261,travel,1,1,0,0,3.0
1564,208,cooking,0,0,0,0,0.0
1564,261,dance,1,0,0,0,1.0
1564,455,comedy,1,0,0,0,1.0
1564,424,cooking,1,0,0,0,1.0
1564,138,cooking,1,0,0,0,1.0
1564,272,education,1,0,0,0,1.0
1564,398,education,1,0,0,0,1.0
1565,250,comedy,1,0,0,0,1.0
1565,266,cooking,0,0,0,0,0.0
1565,340,education,1,0,0,0,1.0
1565,183,comedy,0,0,0,0,0.0
1565,300,dance,1,1,0,0,3.0
1565,259,sports,1,0,0,0,1.0
1565,63,comedy,1,1,1,0,7.0
1565,424,comedy,1,1,0,0,3.0
1565,17,cooking,1,0,0,0,1.0
1565,429,comedy,1,0,0,0,1.0
1565,32,cooking,1,1,0,0,3.0
1566,398,dance,1,0,0,0,1.0
1566,456,sports,1,0,0,0,1.0
1566,191,gaming,1,0,0,0,1.0
1566,477,sports,0,0,0,0,0.0
1566,61,travel,1,0,0,0,1.0
1566,177,cooking,1,0,0,0,1.0
1566,19,sports,1,0,0,0,1.0
1566,356,cooking,1,0,0,0,1.0
1566,464,education,1,0,0,0,1.0
1566,348,dance,1,0,0,0,1.0
1566,69,sports,1,1,1,0,7.0
1566,360,dance,1,1,0,0,3.0
1566,83,dance,1,0,0,0,1.0
1567,302,dance,0,0,0,0,0.0
1567,384,travel,1,0,0,0,1.0
1567,324,travel,1,0,0,0,1.0
1567,330,dance,1,1,0,0,3.0
1567,468,dance,1,1,0,0,3.0
1567,167,travel,1,1,1,0,7.0
1567,14,cooking,1,0,0,0,1.0
1567,350,music,1,1,0,0,3.0
1567,481,cooking,1,0,0,0,1.0
1567,245,travel,1,0,0,0,1.0
1567,394,travel,1,0,0,0,1.0
1567,68,dance,1,1,0,0,3.0
1567,37,travel,1,0,0,0,1.0
1568,470,gaming,1,0,0,0,1.0
1568,444,sports,1,1,0,0,3.0
1568,495,travel,1,0,0,0,1.0
1568,316,cooking,0,0,0,0,0.0
1568,379,cooking,0,0,0,0,0.0
1568,225,comedy,1,0,0,0,1.0
1569,120,travel,1,1,0,0,3.0
1569,152,dance,1,0,0,0,1.0
1569,294,cooking,1,0,0,0,1.0
1569,201,education,1,1,0,0,3.0
1569,254,sports,1,0,0,0,1.0
1569,453,cooking,1,1,0,0,3.0
1569,266,sports,1,0,0,0,1.0
1569,244,cooking,1,1,1,0,7.0
1569,263,travel,1,1,0,1,6.0
1569,363,music,0,0,0,0,0.0
1569,493,sports,1,1,1,0,7.0
1569,95,music,0,0,0,0,0.0
1569,128,travel,1,0,0,0,1.0
1569,469,music,1,0,0,0,1.0
1570,168,cooking,1,1,0,0,3.0
1570,25,cooking,1,0,0,0,1.0
1570,7,cooking,1,0,0,0,1.0
1570,383,dance,1,1,0,0,3.0
1570,48,comedy,1,0,0,0,1.0
1570,443,cooking,1,0,0,0,1.0
1570,101,sports,1,1,0,0,3.0
1570,409,travel,1,0,0,0,1.0
1570,190,dance,1,1,0,0,3.0
1570,202,music,1,0,0,0,1.0
1570,430,sports,1,0,0,0,1.0
1570,17,cooking,1,0,0,0,1.0
1571,116,education,0,0,0,0,0.0
1571,342,dance,1,0,0,0,1.0
1571,222,sports,1,0,0,0,1.0
1571,455,sports,0,0,0,0,0.0
1571,90,education,1,0,0,1,4.0
1571,322,dance,1,0,0,0,1.0
1571,404,education,1,0,0,0,1.0
1572,79,gaming,1,0,0,0,1.0
1572,366,cooking,1,1,0,0,3.0
1572,173,cooking,1,1,0,1,6.0
1572,335,travel,1,1,0,0,3.0
1572,482,cooking,1,0,0,0,1.0
1572,246,cooking,1,0,0,0,1.0
1572,294,comedy,1,1,0,0,3.0
1572,26,comedy,1,0,0,0,1.0
1572,254,cooking,1,0,0,0,1.0
1572,371,comedy,0,0,0,0,0.0
1572,422,travel,1,0,0,0,1.0
1572,4,music,1,0,0,0,1.0
1572,230,gaming,1,1,0,0,3.0
1572,78,cooking,1,0,0,1,4.0
1572,421,cooking,0,0,0,0,0.0
1572,380,travel,1,0,0,0,1.0
1573,227,travel,1,0,0,0,1.0
1573,177,sports,1,0,0,1,4.0
1573,45,travel,0,0,0,0,0.0
1574,49,music,1,0,0,0,1.0
1574,319,music,1,0,0,0,1.0
1574,196,travel,0,0,0,0,0.0
1574,274,dance,1,1,0,0,3.0
1574,380,music,1,0,0,0,1.0
1574,276,music,1,0,0,0,1.0
1574,460,music,0,0,0,0,0.0
1574,67,comedy,0,0,0,0,0.0
1574,472,cooking,1,0,0,0,1.0
1574,326,music,1,1,0,0,3.0
1574,167,music,1,0,0,0,1.0
1575,342,music,1,0,0,0,1.0
1575,31,gaming,0,0,0,0,0.0
1575,197,sports,0,0,0,0,0.0
1575,497,travel,1,1,0,0,3.0
1575,357,sports,1,0,0,0,1.0
1575,96,gaming,1,1,0,0,3.0
1575,110,music,1,0,0,0,1.0
1575,50,gaming,1,0,0,0,1.0
1576,289,gaming,1,1,0,0,3.0
1576,459,music,1,1,0,0,3.0
1576,44,travel,0,0,0,0,0.0
1576,194,travel,1,1,0,0,3.0
1576,149,cooking,0,0,0,0,0.0
1576,23,travel,0,0,0,0,0.0
1576,432,comedy,1,0,0,0,1.0
1576,426,travel,1,0,0,0,1.0
1576,264,comedy,1,0,0,0,1.0
1576,86,comedy,1,0,0,0,1.0
1576,353,travel,1,0,0,0,1.0
1576,493,travel,1,1,0,0,3.0
1576,29,comedy,1,0,0,0,1.0
1577,7,travel,1,1,0,0,3.0
1577,304,travel,1,0,0,0,1.0
1577,53,sports,1,0,0,0,1.0
1577,277,music,0,0,0,0,0.0
1577,144,travel,1,1,0,0,3.0
1577,301,travel,1,1,0,1,6.0
1577,105,music,1,0,0,0,1.0
1577,433,cooking,1,0,0,0,1.0
1577,256,travel,1,0,0,0,1.0
1577,203,cooking,1,0,0,0,1.0
1577,172,sports,1,0,0,0,1.0
1577,103,sports,0,0,0,0,0.0
1577,266,cooking,1,0,0,0,1.0
1578,383,cooking,1,1,0,0,3.0
1578,386,music,1,0,0,0,1.0
1578,155,cooking,1,0,0,0,1.0
1578,22,dance,1,0,0,0,1.0
1578,413,music,0,0,0,0,0.0
1578,435,sports,0,0,0,0,0.0
1578,257,sports,0,0,0,0,0.0
1578,53,sports,1,0,0,0,1.0
1579,317,music,1,0,0,0,1.0
1579,16,cooking,1,1,1,0,7.0
1579,476,education,1,0,0,0,1.0
1579,444,comedy,1,1,0,0,3.0
1579,106,music,1,1,0,0,3.0
1579,183,comedy,1,0,0,0,1.0
1579,177,cooking,1,0,0,0,1.0
1579,138,music,1,1,0,0,3.0
1579,198,cooking,1,0,0,0,1.0
1579,43,music,1,0,0,0,1.0
1580,17,sports,1,0,0,0,1.0
1580,459,sports,0,0,0,0,0.0
1580,31,gaming,1,1,0,0,3.0
1580,406,education,0,0,0,0,0.0
1580,322,sports,1,0,0,1,4.0
1580,0,education,0,0,0,0,0.0
1580,22,cooking,1,0,0,0,1.0
1580,256,education,1,0,0,1,4.0
1580,15,sports,1,0,0,0,1.0
1580,431,sports,1,1,0,0,3.0
1580,173,cooking,0,0,0,0,0.0
1580,396,cooking,1,0,0,0,1.0
1580,354,sports,1,0,0,1,4.0
1580,273,sports,1,0,0,0,1.0
1580,225,sports,1,0,0,1,4.0
1581,244,dance,1,0,0,0,1.0
1581,102,education,1,0,0,0,1.0
1581,436,dance,1,0,0,0,1.0
1581,109,comedy,0,0,0,0,0.0
1581,403,cooking,0,0,0,0,0.0
1581,310,dance,1,0,0,0,1.0
1581,439,travel,0,0,0,0,0.0
1581,168,dance,1,0,0,0,1.0
1581,396,comedy,0,0,0,0,0.0
1581,0,travel,1,0,0,0,1.0
1581,166,dance,1,1,0,0,3.0
1581,479,comedy,0,0,0,0,0.0
1582,123,sports,1,0,0,0,1.0
1582,445,music,1,1,1,0,7.0
1582,125,gaming,1,1,0,0,3.0
1582,15,sports,1,1,0,1,6.0
1582,276,sports,1,0,0,1,4.0
1582,100,cooking,1,0,0,1,4.0
1582,31,education,1,1,0,0,3.0
1582,246,sports,1,1,0,0,3.0
1582,231,education,1,1,0,0,3.0
1582,212,sports,0,0,0,0,0.0
1582,204,travel,1,1,1,0,7.0
1582,253,travel,1,1,1,0,7.0
1583,280,comedy,0,0,0,0,0.0
1583,257,music,1,1,0,0,3.0
1583,210,education,1,1,1,0,7.0
1583,63,education,1,0,0,0,1.0
1583,238,education,1,0,0,0,1.0
1583,334,cooking,1,0,0,0,1.0
1583,32,sports,0,0,0,0,0.0
1583,439,sports,1,0,0,0,1.0
1583,165,education,0,0,0,0,0.0
1583,28,education,1,0,0,0,1.0
1583,349,dance,1,0,0,0,1.0
1583,437,comedy,0,0,0,0,0.0
1584,382,dance,1,1,0,0,3.0
1584,12,cooking,1,0,0,0,1.0
1584,55,education,1,0,0,0,1.0
1584,235,travel,1,0,0,0,1.0
1584,115,travel,0,0,0,0,0.0
1584,241,dance,1,0,0,0,1.0
1584,121,cooking,1,0,0,0,1.0
1584,3,sports,0,0,0,0,0.0
1584,236,cooking,1,1,0,0,3.0
1584,492,sports,1,1,0,0,3.0
1584,400,music,1,1,1,0,7.0
1584,317,dance,0,0,0,0,0.0
1584,313,sports,0,0,0,0,0.0
1584,322,sports,1,1,0,0,3.0
1585,115,dance,1,0,0,0,1.0
1585,54,dance,0,0,0,0,0.0
1585,391,music,1,0,0,0,1.0
1585,278,dance,1,0,0,1,4.0
1585,243,comedy,1,0,0,0,1.0
1585,313,music,0,0,0,0,0.0
1585,437,comedy,1,1,0,0,3.0
1585,293,sports,0,0,0,0,0.0
1585,273,dance,1,0,0,0,1.0
1585,263,sports,1,0,0,0,1.0
1585,337,dance,1,1,0,0,3.0
1585,215,comedy,0,0,0,0,0.0
1586,438,gaming,1,1,1,0,7.0
1586,8,sports,0,0,0,0,0.0
1586,53,music,1,1,0,0,3.0
1586,89,dance,1,0,0,0,1.0
1586,384,travel,1,1,1,0,7.0
1586,242,cooking,1,1,0,0,3.0
1586,362,dance,1,0,0,0,1.0
1586,156,sports,1,0,0,0,1.0
1587,99,travel,1,1,0,0,3.0
1587,444,comedy,0,0,0,0,0.0
1587,238,education,1,0,0,0,1.0
1587,438,comedy,1,1,0,0,3.0
1587,147,education,1,1,0,0,3.0
1587,206,education,1,0,0,0,1.0
1587,369,education,1,1,0,0,3.0
1587,101,comedy,1,1,0,0,3.0
1587,103,music,1,0,0,0,1.0
1587,243,education,1,0,0,1,4.0
1587,334,gaming,1,1,0,0,3.0
1587,280,gaming,1,0,0,0,1.0
1587,6,comedy,1,0,0,0,1.0
1587,389,music,1,0,0,0,1.0
1588,42,sports,1,0,0,0,1.0
1588,219,comedy,0,0,0,0,0.0
1588,32,sports,1,0,0,0,1.0
1588,395,comedy,1,0,0,0,1.0
1588,257,travel,1,0,0,0,1.0
1588,273,education,1,0,0,0,1.0
1588,178,comedy,1,0,0,0,1.0
1589,452,dance,1,0,0,0,1.0
1589,342,cooking,1,1,1,0,7.0
1589,470,cooking,0,0,0,0,0.0
1589,92,comedy,1,1,0,0,3.0
1589,84,dance,1,1,0,0,3.0
1589,439,travel,1,0,0,0,1.0
1589,3,dance,1,1,0,0,3.0
1589,274,comedy,1,0,0,0,1.0
1590,108,travel,1,1,0,0,3.0
1590,133,music,0,0,0,0,0.0
1590,234,gaming,1,1,0,0,3.0
1590,157,music,1,0,0,0,1.0
1590,176,cooking,1,0,0,0,1.0
1590,197,sports,1,0,0,0,1.0
1590,8,education,1,1,0,0,3.0
1590,158,travel,1,0,0,1,4.0
1590,75,sports,1,1,1,0,7.0
1590,303,cooking,0,0,0,0,0.0
1591,322,music,1,0,0,0,1.0
1591,191,education,1,1,0,0,3.0
1591,39,sports,0,0,0,0,0.0
1591,142,dance,1,1,1,0,7.0
1591,154,dance,1,0,0,0,1.0
1591,5,gaming,1,1,0,0,3.0
1592,152,education,1,0,0,0,1.0
1592,342,comedy,1,1,0,0,3.0
1592,438,education,1,0,0,0,1.0
1592,326,dance,1,0,0,0,1.0
1592,160,cooking,0,0,0,0,0.0
1592,455,cooking,1,1,0,0,3.0
1592,434,dance,1,0,0,0,1.0
1592,194,sports,0,0,0,0,0.0
1592,64,education,1,1,0,0,3.0
1592,269,comedy,0,0,0,0,0.0
1592,462,travel,1,0,0,0,1.0
1592,392,sports,1,1,0,0,3.0
1592,462,comedy,1,0,0,0,1.0
1592,490,education,1,0,0,0,1.0
1593,488,sports,0,0,0,0,0.0
1593,445,sports,1,1,0,0,3.0
1593,405,sports,1,0,0,0,1.0
1593,496,dance,1,0,0,0,1.0
1593,431,sports,1,1,0,0,3.0
1593,271,dance,1,0,0,0,1.0
1593,407,dance,1,1,0,0,3.0
1594,426,dance,0,0,0,0,0.0
1594,341,music,1,0,0,0,1.0
1594,114,sports,1,0,0,0,1.0
1594,287,dance,0,0,0,0,0.0
1594,391,education,1,1,0,0,3.0
1594,288,education,1,0,0,0,1.0
1594,298,education,0,0,0,0,0.0
1594,245,travel,1,1,0,0,3.0
1594,458,sports,1,0,0,0,1.0
1594,48,cooking,1,0,0,0,1.0
1595,323,gaming,1,0,0,0,1.0
1595,330,gaming,1,0,0,0,1.0
1595,93,music,1,0,0,0,1.0
1595,215,music,1,0,0,0,1.0
1595,100,dance,1,0,0,0,1.0
1595,22,sports,1,1,1,0,7.0
1595,197,cooking,1,0,0,0,1.0
1595,240,comedy,0,0,0,0,0.0
1595,249,gaming,1,0,0,0,1.0
1595,281,sports,1,0,0,0,1.0
1595,359,gaming,1,1,0,0,3.0
1596,177,education,1,1,0,0,3.0
1596,303,education,1,0,0,0,1.0
1596,154,education,0,0,0,0,0.0
1596,197,sports,0,0,0,0,0.0
1596,87,sports,1,0,0,0,1.0
1596,384,dance,1,0,0,0,1.0
1596,86,comedy,0,0,0,0,0.0
1596,159,education,1,0,0,0,1.0
1596,308,dance,1,0,0,0,1.0
1596,291,education,1,1,0,0,3.0
1596,192,sports,1,0,0,0,1.0
1596,150,sports,1,1,0,0,3.0
1596,260,sports,1,1,0,0,3.0
1596,275,comedy,0,0,0,0,0.0
1596,473,comedy,1,1,0,0,3.0
1596,474,cooking,1,0,0,0,1.0
1596,45,comedy,1,0,0,0,1.0
1597,354,education,0,0,0,0,0.0
1597,340,cooking,0,0,0,0,0.0
1597,454,education,0,0,0,0,0.0
1597,279,comedy,1,1,0,0,3.0
1597,74,music,1,0,0,0,1.0
1597,206,comedy,1,0,0,0,1.0
1597,434,comedy,1,1,0,0,3.0
1597,395,comedy,1,0,0,0,1.0
1597,289,cooking,1,1,0,0,3.0
1597,427,cooking,1,0,0,0,1.0
1597,320,music,1,1,0,0,3.0
1598,421,sports,0,0,0,0,0.0
1598,327,sports,1,0,0,0,1.0
1598,458,sports,1,0,0,0,1.0
1598,363,sports,0,0,0,0,0.0
1598,153,sports,1,1,0,0,3.0
1598,338,sports,1,0,0,0,1.0
1598,113,sports,1,1,0,0,3.0
1598,443,comedy,1,1,1,0,7.0
1598,455,sports,1,0,0,0,1.0
1599,258,comedy,1,1,0,0,3.0
1599,175,comedy,1,0,0,0,1.0
1599,62,sports,1,0,0,0,1.0
1599,120,sports,0,0,0,0,0.0
1599,35,sports,1,0,0,0,1.0
1599,100,comedy,1,0,0,0,1.0
1599,157,music,0,0,0,0,0.0
1599,134,music,0,0,0,0,0.0
1599,447,sports,0,0,0,0,0.0
1599,326,sports,1,1,0,0,3.0
1599,424,sports,1,0,0,0,1.0
1599,133,education,1,0,0,0,1.0
1599,150,education,1,0,0,0,1.0
1600,169,dance,1,1,1,0,7.0
1600,489,travel,1,0,0,0,1.0
1600,478,education,0,0,0,0,0.0
1600,471,cooking,0,0,0,0,0.0
1600,121,education,0,0,0,0,0.0
1600,375,music,1,0,0,1,4.0
1600,252,gaming,1,1,0,0,3.0
1600,107,education,0,0,0,0,0.0
1600,337,education,1,0,0,0,1.0
1600,442,dance,1,1,0,0,3.0
1600,162,cooking,1,0,0,0,1.0
1601,201,music,0,0,0,0,0.0
1601,119,sports,1,0,0,0,1.0
1601,258,dance,0,0,0,0,0.0
1601,429,music,1,1,0,0,3.0
1601,176,dance,1,0,0,0,1.0
1601,191,sports,1,0,0,0,1.0
1601,134,education,0,0,0,0,0.0
1601,396,sports,1,0,0,0,1.0
1601,120,education,1,1,0,0,3.0
1601,336,comedy,1,1,0,0,3.0
1601,73,sports,0,0,0,0,0.0
1601,456,sports,1,0,0,0,1.0
1601,316,music,0,0,0,0,0.0
1601,123,comedy,1,0,0,0,1.0
1601,276,sports,1,0,0,0,1.0
1602,96,cooking,1,0,0,0,1.0
1602,469,dance,1,0,0,0,1.0
1602,285,gaming,0,0,0,0,0.0
1602,467,cooking,1,0,0,0,1.0
1602,211,dance,1,0,0,0,1.0
1602,26,education,1,0,0,0,1.0
1602,284,dance,1,0,0,0,1.0
1602,263,comedy,0,0,0,0,0.0
1602,190,comedy,1,1,0,0,3.0
1602,431,comedy,1,0,0,0,1.0
1602,58,comedy,1,1,0,0,3.0
1602,408,gaming,1,1,0,0,3.0
1602,164,comedy,1,0,0,0,1.0
1602,244,travel,0,0,0,0,0.0
1602,99,dance,0,0,0,0,0.0
1603,88,education,1,1,0,0,3.0
1603,374,dance,1,1,0,0,3.0
1603,99,dance,1,0,0,0,1.0
1603,341,music,0,0,0,0,0.0
1603,52,music,1,0,0,0,1.0
1603,84,dance,1,1,1,0,7.0
1603,39,music,1,0,0,0,1.0
1603,333,dance,1,0,0,0,1.0
1603,39,education,1,1,0,0,3.0
1603,445,education,1,1,0,0,3.0
1603,70,dance,1,0,0,0,1.0
1603,84,dance,1,0,0,0,1.0
1603,88,cooking,0,0,0,0,0.0
1603,58,education,1,1,1,0,7.0
1603,392,education,1,1,1,0,7.0
1603,199,education,1,0,0,0,1.0
1604,366,comedy,0,0,0,0,0.0
1604,487,comedy,0,0,0,0,0.0
1604,467,music,1,0,0,0,1.0
1604,322,gaming,0,0,0,0,0.0
1604,337,cooking,1,0,0,0,1.0
1604,448,music,1,0,0,0,1.0
1604,498,cooking,1,1,0,0,3.0
1604,4,music,1,1,1,0,7.0
1604,353,cooking,1,0,0,0,1.0
1604,313,cooking,1,0,0,0,1.0
1604,447,music,1,0,0,0,1.0
1605,377,travel,1,1,0,0,3.0
1605,339,comedy,1,0,0,0,1.0
1605,49,cooking,1,0,0,0,1.0
1605,180,dance,1,0,0,0,1.0
1605,89,travel,1,0,0,0,1.0
1605,259,dance,1,0,0,0,1.0
1605,482,travel,1,1,0,0,3.0
1605,419,travel,1,0,0,0,1.0
1605,396,dance,0,0,0,0,0.0
1605,426,comedy,1,0,0,0,1.0
1606,323,cooking,1,1,0,0,3.0
1606,450,cooking,1,0,0,0,1.0
1606,188,travel,1,0,0,0,1.0
1606,235,music,1,0,0,0,1.0
1606,136,music,1,0,0,0,1.0
1606,101,music,1,0,0,0,1.0
1606,375,music,1,1,1,0,7.0
1606,108,music,1,0,0,0,1.0
1606,451,music,1,1,0,0,3.0
1606,144,cooking,1,0,0,0,1.0
1607,29,cooking,1,1,0,0,3.0
1607,480,cooking,1,0,0,0,1.0
1607,111,dance,1,0,0,0,1.0
1607,469,dance,1,0,0,0,1.0
1607,492,dance,1,0,0,0,1.0
1607,111,cooking,0,0,0,0,0.0
1607,265,gaming,1,0,0,0,1.0
1607,226,travel,1,0,0,0,1.0
1607,447,cooking,1,0,0,0,1.0
1607,105,cooking,1,1,0,0,3.0
1607,394,cooking,1,1,0,0,3.0
1607,70,cooking,1,0,0,0,1.0
1607,150,music,1,0,0,0,1.0
1607,345,cooking,1,1,0,0,3.0
1608,483,gaming,1,1,0,1,6.0
1608,437,music,1,0,0,0,1.0
1608,296,gaming,1,0,0,0,1.0
1608,7,gaming,1,0,0,0,1.0
1608,189,sports,1,0,0,0,1.0
1608,399,gaming,0,0,0,0,0.0
1608,246,comedy,1,0,0,0,1.0
1608,202,gaming,1,0,0,0,1.0
1608,144,music,1,0,0,0,1.0
1608,384,travel,1,1,0,1,6.0
1608,364,comedy,1,0,0,0,1.0
1608,470,gaming,1,0,0,0,1.0
1609,211,education,1,0,0,0,1.0
1609,456,education,1,0,0,0,1.0
1609,275,education,1,1,0,0,3.0
1609,475,education,1,1,0,0,3.0
1609,364,sports,0,0,0,0,0.0
1609,142,education,1,1,0,0,3.0
1609,400,dance,0,0,0,0,0.0
1609,231,education,1,1,0,0,3.0
1609,331,music,0,0,0,0,0.0
1609,144,travel,0,0,0,0,0.0
1610,123,sports,1,0,0,0,1.0
1610,418,comedy,1,0,0,0,1.0
1610,60,sports,1,0,0,0,1.0
1610,230,comedy,1,0,0,0,1.0
1610,469,travel,1,1,0,0,3.0
1610,141,dance,1,0,0,0,1.0
1610,480,dance,1,1,0,0,3.0
1610,28,comedy,1,1,0,0,3.0
1610,227,comedy,0,0,0,0,0.0
1610,226,dance,1,0,0,0,1.0
1611,64,cooking,1,0,0,0,1.0
1611,418,dance,1,1,0,1,6.0
1611,413,cooking,1,1,0,0,3.0
1611,433,comedy,1,0,0,0,1.0
1611,292,cooking,0,0,0,0,0.0
1611,259,dance,1,0,0,0,1.0
1611,370,comedy,1,1,0,0,3.0
1611,471,cooking,1,1,0,0,3.0
1611,14,sports,0,0,0,0,0.0
1611,104,sports,1,0,0,1,4.0
1611,93,education,1,1,0,0,3.0
1611,479,cooking,0,0,0,0,0.0
1611,313,cooking,1,0,0,0,1.0
1611,349,dance,0,0,0,0,0.0
1612,375,dance,1,0,0,0,1.0
1612,456,dance,1,1,1,0,7.0
1612,105,comedy,1,0,0,0,1.0
1612,82,gaming,1,1,0,0,3.0
1612,2,comedy,1,0,0,0,1.0
1612,242,gaming,1,1,1,0,7.0
1612,1,education,1,0,0,0,1.0
1612,288,gaming,1,1,0,1,6.0
1613,169,music,1,0,0,0,1.0
1613,220,cooking,1,0,0,0,1.0
1613,290,gaming,1,1,0,0,3.0
1613,78,sports,1,1,1,0,7.0
1613,159,music,1,0,0,0,1.0
1613,7,education,1,0,0,0,1.0
1613,17,cooking,1,0,0,0,1.0
1613,221,gaming,1,0,0,0,1.0
1613,380,gaming,1,0,0,0,1.0
1614,397,education,1,0,0,0,1.0
1614,431,dance,0,0,0,0,0.0
1614,268,dance,1,0,0,1,4.0
1614,128,dance,1,1,0,0,3.0
1614,263,dance,0,0,0,0,0.0
1614,415,education,1,0,0,0,1.0
1614,423,dance,0,0,0,0,0.0
1614,375,dance,1,0,0,0,1.0
1614,175,gaming,1,1,0,0,3.0
1614,19,education,1,1,0,0,3.0
1614,191,dance,1,0,0,0,1.0
1614,141,education,1,0,0,0,1.0
1615,325,sports,1,1,0,0,3.0
1615,441,dance,1,0,0,1,4.0
1615,180,comedy,1,0,0,0,1.0
1615,102,gaming,1,0,0,0,1.0
1615,281,education,1,1,1,1,10.0
1615,304,dance,1,0,0,0,1.0
1615,191,dance,1,0,0,0,1.0
1615,462,travel,1,1,0,0,3.0
1615,400,education,0,0,0,0,0.0
1615,276,gaming,1,1,0,0,3.0
1615,350,sports,1,0,0,0,1.0
1616,397,travel,1,0,0,0,1.0
1616,114,gaming,1,0,0,0,1.0
1616,112,comedy,1,0,0,0,1.0
1616,323,gaming,1,0,0,0,1.0
1616,164,travel,0,0,0,0,0.0
1616,307,cooking,1,0,0,0,1.0
1616,402,sports,0,0,0,0,0.0
1616,253,comedy,1,0,0,0,1.0
1616,316,comedy,1,0,0,0,1.0
1616,240,gaming,1,0,0,0,1.0
1616,225,education,1,1,0,0,3.0
1617,119,music,0,0,0,0,0.0
1617,478,gaming,1,1,0,0,3.0
1617,471,cooking,1,0,0,0,1.0
1617,462,cooking,1,0,0,1,4.0
1617,254,gaming,1,1,0,0,3.0
1617,11,dance,1,0,0,0,1.0
1617,268,dance,1,0,0,0,1.0
1617,291,gaming,0,0,0,0,0.0
1617,81,cooking,0,0,0,0,0.0
1617,129,cooking,1,1,0,0,3.0
1617,153,sports,1,1,0,0,3.0
1617,90,gaming,1,1,1,0,7.0
1617,335,gaming,0,0,0,0,0.0
1617,297,music,1,0,0,0,1.0
1617,409,cooking,0,0,0,0,0.0
1617,372,dance,1,0,0,0,1.0
1618,141,education,1,0,0,0,1.0
1618,449,cooking,1,1,0,0,3.0
1618,130,music,0,0,0,0,0.0
1618,100,music,1,0,0,0,1.0
1618,186,gaming,0,0,0,0,0.0
1618,329,comedy,0,0,0,0,0.0
1618,70,gaming,1,0,0,0,1.0
1618,305,music,0,0,0,0,0.0
1618,306,education,1,0,0,0,1.0
1618,80,gaming,0,0,0,0,0.0
1618,153,music,1,0,0,0,1.0
1619,95,music,1,0,0,0,1.0
1619,48,gaming,1,0,0,0,1.0
1619,347,travel,1,0,0,0,1.0
1619,395,music,1,0,0,0,1.0
1619,391,gaming,1,0,0,0,1.0
1619,5,cooking,1,0,0,0,1.0
1619,201,cooking,1,0,0,0,1.0
1619,403,music,1,1,0,0,3.0
1620,229,cooking,1,0,0,0,1.0
1620,303,travel,1,0,0,0,1.0
1620,283,gaming,0,0,0,0,0.0
1620,343,gaming,1,0,0,1,4.0
1620,21,education,1,1,0,0,3.0
1620,280,education,0,0,0,0,0.0
1620,371,education,1,1,0,0,3.0
1620,372,education,1,0,0,0,1.0
1620,421,education,1,0,0,0,1.0
1620,262,gaming,0,0,0,0,0.0
1621,221,gaming,1,1,0,0,3.0
1621,123,sports,1,0,0,0,1.0
1621,44,dance,1,0,0,0,1.0
1621,280,sports,1,1,0,1,6.0
1621,106,music,1,0,0,0,1.0
1621,409,gaming,1,0,0,0,1.0
1621,411,travel,1,0,0,0,1.0
1621,354,travel,1,0,0,0,1.0
1621,116,music,0,0,0,0,0.0
1621,297,travel,0,0,0,0,0.0
1621,55,sports,1,0,0,0,1.0
1621,491,gaming,1,0,0,0,1.0
1621,295,travel,1,1,0,0,3.0
1621,212,sports,1,0,0,0,1.0
1621,10,sports,1,1,0,0,3.0
1622,162,gaming,0,0,0,0,0.0
1622,49,sports,1,0,0,0,1.0
1622,97,gaming,1,0,0,0,1.0
1622,489,cooking,1,0,0,0,1.0
1622,416,gaming,1,1,0,0,3.0
1622,306,cooking,1,0,0,1,4.0
1623,389,comedy,1,1,0,0,3.0
1623,40,gaming,1,1,0,1,6.0
1623,101,education,1,1,0,0,3.0
1623,416,education,1,0,0,0,1.0
1624,432,sports,1,0,0,0,1.0
1624,466,cooking,1,0,0,0,1.0
1624,70,cooking,1,0,0,0,1.0
1624,95,sports,1,0,0,0,1.0
1624,229,music,1,0,0,0,1.0
1624,64,sports,1,0,0,0,1.0
1624,371,sports,1,0,0,0,1.0
1624,14,cooking,1,0,0,0,1.0
1625,375,dance,1,1,0,0,3.0
1625,73,gaming,1,0,0,0,1.0
1625,30,gaming,1,1,0,0,3.0
1625,260,travel,1,0,0,0,1.0
1625,223,dance,1,0,0,0,1.0
1625,38,sports,1,0,0,0,1.0
1625,472,sports,0,0,0,0,0.0
1625,375,gaming,1,0,0,0,1.0
1625,250,travel,0,0,0,0,0.0
1625,399,travel,0,0,0,0,0.0
1625,98,education,1,1,1,0,7.0
1625,376,gaming,1,1,1,0,7.0
1625,298,cooking,1,0,0,0,1.0
1626,340,sports,1,1,0,0,3.0
1626,122,travel,0,0,0,0,0.0
1626,229,gaming,1,1,0,0,3.0
1626,420,music,1,0,0,1,4.0
1626,203,sports,1,1,0,0,3.0
1626,397,travel,1,1,0,0,3.0
1626,318,music,1,1,1,0,7.0
1626,358,travel,1,0,0,0,1.0
1626,437,travel,1,1,0,0,3.0
1626,368,education,1,0,0,0,1.0
1627,266,sports,1,0,0,0,1.0
1627,251,travel,1,0,0,0,1.0
1627,297,sports,1,0,0,0,1.0
1627,34,sports,1,0,0,0,1.0
1627,407,sports,1,0,0,0,1.0
1627,59,sports,1,0,0,0,1.0
1627,389,comedy,0,0,0,0,0.0
1627,109,sports,1,0,0,0,1.0
1627,474,sports,1,0,0,0,1.0
1627,166,sports,1,0,0,0,1.0
1627,67,comedy,0,0,0,0,0.0
1627,142,gaming,1,1,0,0,3.0
1627,330,dance,0,0,0,0,0.0
1627,224,sports,1,1,0,0,3.0
1627,160,dance,1,0,0,0,1.0
1627,190,dance,1,0,0,0,1.0
1628,348,sports,1,0,0,0,1.0
1628,108,dance,1,0,0,0,1.0
1628,308,dance,0,0,0,0,0.0
1628,348,music,1,0,0,0,1.0
1628,210,dance,1,0,0,0,1.0
1629,250,gaming,1,0,0,0,1.0
1629,271,travel,0,0,0,0,0.0
1629,21,gaming,1,0,0,0,1.0
1629,325,travel,1,0,0,0,1.0
1629,65,sports,0,0,0,0,0.0
1629,119,travel,0,0,0,0,0.0
1629,378,cooking,1,0,0,0,1.0
1629,285,music,1,0,0,1,4.0
1629,0,gaming,0,0,0,0,0.0
1629,2,sports,0,0,0,0,0.0
1629,345,travel,1,0,0,0,1.0
1629,401,sports,1,0,0,0,1.0
1629,366,gaming,1,0,0,0,1.0
1630,42,gaming,1,1,1,0,7.0
1630,108,dance,1,1,0,0,3.0
1630,42,education,1,1,0,0,3.0
1630,317,sports,1,1,0,0,3.0
1630,327,sports,0,0,0,0,0.0
1630,216,education,1,1,0,0,3.0
1630,201,cooking,1,0,0,0,1.0
1630,43,dance,0,0,0,0,0.0
1630,390,comedy,1,0,0,0,1.0
1630,168,sports,1,0,0,0,1.0
1630,195,dance,1,1,0,0,3.0
1630,254,education,1,0,0,0,1.0
1630,448,comedy,0,0,0,0,0.0
1630,169,sports,1,0,0,0,1.0
1630,426,comedy,1,0,0,0,1.0
1630,32,dance,1,0,0,0,1.0
1630,180,education,1,0,0,0,1.0
1630,201,education,1,0,0,0,1.0
1631,44,music,1,0,0,0,1.0
1631,62,gaming,0,0,0,0,0.0
1631,114,education,1,0,0,0,1.0
1631,337,music,1,1,0,0,3.0
1631,382,dance,0,0,0,0,0.0
1631,70,education,1,0,0,0,1.0
1631,230,education,1,1,0,0,3.0
1631,159,dance,1,0,0,0,1.0
1631,184,education,1,0,0,0,1.0
1631,120,education,1,1,0,0,3.0
1631,162,dance,1,1,0,0,3.0
1631,159,education,1,0,0,0,1.0
1632,210,music,1,0,0,0,1.0
1632,392,gaming,0,0,0,0,0.0
1632,477,gaming,1,0,0,0,1.0
1632,164,music,1,1,0,0,3.0
1632,219,music,1,0,0,0,1.0
1632,121,gaming,1,0,0,0,1.0
1632,317,gaming,1,0,0,0,1.0
1632,37,music,1,0,0,0,1.0
1632,283,cooking,1,1,0,0,3.0
1632,328,gaming,1,1,0,0,3.0
1632,74,gaming,1,1,0,0,3.0
1632,355,music,1,0,0,1,4.0
1632,282,music,1,0,0,0,1.0
1633,82,sports,1,1,0,0,3.0
1633,185,sports,0,0,0,0,0.0
1633,215,education,1,1,0,0,3.0
1633,246,comedy,1,0,0,0,1.0
1633,392,gaming,1,0,0,0,1.0
1633,34,music,1,0,0,1,4.0
1633,301,comedy,0,0,0,0,0.0
1633,469,cooking,1,0,0,0,1.0
1633,464,education,1,1,0,0,3.0
1633,440,gaming,1,0,0,0,1.0
1634,182,gaming,1,1,0,0,3.0
1634,271,education,1,0,0,0,1.0
1634,33,gaming,1,1,0,0,3.0
1634,22,sports,1,1,0,0,3.0
1634,86,comedy,1,0,0,0,1.0
1634,387,cooking,1,0,0,0,1.0
1634,428,gaming,1,1,0,0,3.0
1635,98,gaming,1,0,0,0,1.0
1635,214,gaming,1,1,0,0,3.0
1635,42,gaming,0,0,0,0,0.0
1635,264,gaming,1,0,0,0,1.0
1635,41,gaming,0,0,0,0,0.0
1635,244,music,1,0,0,0,1.0
1635,253,gaming,1,1,0,0,3.0
1635,78,gaming,1,0,0,0,1.0
1635,268,sports,1,1,0,0,3.0
1636,460,comedy,1,0,0,0,1.0
1636,414,cooking,0,0,0,0,0.0
1636,275,dance,1,0,0,0,1.0
1636,38,gaming,1,0,0,0,1.0
1636,90,gaming,1,0,0,0,1.0
1636,207,gaming,1,0,0,0,1.0
1636,479,comedy,1,0,0,0,1.0
1636,271,gaming,1,1,0,0,3.0
1636,219,travel,1,1,0,0,3.0
1636,260,gaming,1,0,0,0,1.0
1636,297,gaming,1,0,0,0,1.0
1636,112,education,0,0,0,0,0.0
1636,5,dance,1,1,0,0,3.0
1636,80,gaming,1,0,0,0,1.0
1637,485,gaming,1,0,0,0,1.0
1637,112,sports,0,0,0,0,0.0
1637,76,gaming,1,1,0,0,3.0
1637,133,gaming,1,1,0,0,3.0
1637,223,gaming,0,0,0,0,0.0
1637,480,gaming,1,1,0,0,3.0
1638,98,education,1,0,0,0,1.0
1638,480,travel,1,0,0,0,1.0
1638,96,music,0,0,0,0,0.0
1638,400,sports,1,1,0,0,3.0
1638,485,music,1,1,0,0,3.0
1638,135,education,1,0,0,0,1.0
1638,135,cooking,0,0,0,0,0.0
1638,53,music,1,0,0,0,1.0
1638,353,music,1,0,0,0,1.0
1638,491,music,1,0,0,0,1.0
1638,380,cooking,0,0,0,0,0.0
1639,325,cooking,0,0,0,0,0.0
1639,338,cooking,1,0,0,0,1.0
1639,18,cooking,1,1,0,0,3.0
1639,401,education,0,0,0,0,0.0
1639,357,comedy,1,0,0,0,1.0
1639,133,dance,0,0,0,0,0.0
1639,136,travel,0,0,0,0,0.0
1639,80,travel,1,0,0,0,1.0
1639,242,music,1,0,0,0,1.0
1639,243,travel,1,0,0,0,1.0
1640,146,sports,0,0,0,0,0.0
1640,418,sports,0,0,0,0,0.0
1640,449,sports,1,0,0,0,1.0
1640,176,dance,1,0,0,0,1.0
1640,222,sports,1,0,0,0,1.0
1640,464,sports,1,1,0,0,3.0
1640,468,dance,1,0,0,0,1.0
1640,194,sports,1,0,0,1,4.0
1641,265,comedy,0,0,0,0,0.0
1641,365,gaming,0,0,0,0,0.0
1641,259,gaming,0,0,0,0,0.0
1641,353,comedy,1,1,0,0,3.0
1641,97,gaming,0,0,0,0,0.0
1642,107,music,1,1,0,0,3.0
1642,133,travel,1,0,0,0,1.0
1642,162,dance,1,0,0,0,1.0
1642,438,music,1,0,0,0,1.0
1642,243,dance,1,0,0,0,1.0
1642,370,dance,0,0,0,0,0.0
1642,195,music,1,1,0,0,3.0
1642,407,education,1,0,0,0,1.0
1642,260,music,1,0,0,0,1.0
1642,205,music,1,0,0,0,1.0
1642,176,education,1,0,0,1,4.0
1642,50,dance,0,0,0,0,0.0
1643,333,dance,1,1,0,0,3.0
1643,139,comedy,0,0,0,0,0.0
1643,92,education,1,0,0,0,1.0
1643,172,cooking,1,1,0,0,3.0
1643,444,cooking,1,0,0,1,4.0
1643,438,cooking,1,0,0,0,1.0
1643,140,education,1,1,0,0,3.0
1643,470,music,1,0,0,0,1.0
1643,125,comedy,1,1,0,0,3.0
1643,444,education,1,0,0,0,1.0
1644,30,music,1,0,0,0,1.0
1644,42,travel,1,1,0,0,3.0
1644,43,travel,1,1,0,0,3.0
1644,230,travel,1,0,0,0,1.0
1644,234,travel,1,0,0,0,1.0
1644,6,travel,1,0,0,0,1.0
1644,26,travel,0,0,0,0,0.0
1644,244,travel,0,0,0,0,0.0
1644,247,comedy,1,1,0,0,3.0
1645,367,comedy,1,0,0,0,1.0
1645,34,travel,1,0,0,0,1.0
1645,358,education,0,0,0,0,0.0
1645,422,education,1,1,0,0,3.0
1645,422,dance,1,0,0,0,1.0
1645,487,travel,1,1,0,0,3.0
1645,162,education,1,0,0,0,1.0
1645,167,education,1,1,0,0,3.0
1645,170,dance,1,0,0,0,1.0
1646,116,gaming,1,0,0,0,1.0
1646,96,gaming,1,0,0,0,1.0
1646,374,cooking,1,0,0,0,1.0
1646,250,gaming,1,0,0,0,1.0
1646,5,comedy,1,0,0,1,4.0
1646,266,dance,1,1,0,0,3.0
1646,25,comedy,1,1,0,0,3.0
1646,357,comedy,1,1,0,0,3.0
1646,425,cooking,1,1,0,0,3.0
1646,342,comedy,1,0,0,0,1.0
1646,345,sports,1,0,0,0,1.0
1646,363,education,0,0,0,0,0.0
1646,126,education,1,1,1,0,7.0
1646,419,dance,1,0,0,0,1.0
1646,149,comedy,1,0,0,0,1.0
1646,301,education,1,1,0,0,3.0
1647,144,music,1,1,0,0,3.0
1647,420,gaming,1,1,0,0,3.0
1647,46,education,0,0,0,0,0.0
1647,118,gaming,1,0,0,0,1.0
1647,438,education,1,1,0,0,3.0
1647,289,gaming,1,0,0,0,1.0
1647,74,dance,1,0,0,0,1.0
1647,363,cooking,0,0,0,0,0.0
1647,303,dance,1,0,0,0,1.0
1647,81,education,1,0,0,0,1.0
1647,315,dance,1,0,0,0,1.0
1648,147,gaming,0,0,0,0,0.0
1648,326,travel,1,1,0,0,3.0
1648,448,cooking,1,0,0,0,1.0
1648,194,cooking,1,1,1,0,7.0
1648,255,cooking,1,1,0,0,3.0
1648,109,music,1,0,0,0,1.0
1648,338,cooking,0,0,0,0,0.0
1648,21,cooking,1,1,0,1,6.0
1648,456,cooking,1,0,0,0,1.0
1648,54,music,1,0,0,0,1.0
1649,343,music,1,0,0,0,1.0
1649,293,music,1,1,0,0,3.0
1649,450,music,1,0,0,0,1.0
1649,324,music,1,0,0,0,1.0
1649,280,travel,1,1,0,0,3.0
1649,365,music,1,1,1,0,7.0
1649,192,comedy,1,0,0,0,1.0
1649,70,music,1,1,1,0,7.0
1649,332,sports,0,0,0,0,0.0
1649,229,music,1,1,0,0,3.0
1649,52,sports,0,0,0,0,0.0
1649,238,music,1,0,0,0,1.0
1649,485,music,1,0,0,0,1.0
1649,405,comedy,1,0,0,0,1.0
1650,117,sports,1,0,0,0,1.0
1650,269,gaming,1,0,0,0,1.0
1650,337,cooking,1,0,0,0,1.0
1650,185,cooking,1,1,0,0,3.0
1650,437,cooking,1,0,0,0,1.0
1650,136,sports,1,1,0,0,3.0
1650,281,cooking,1,0,0,1,4.0
1650,129,cooking,0,0,0,0,0.0
1650,211,gaming,1,0,0,0,1.0
1650,364,cooking,1,1,1,0,7.0
1650,40,cooking,1,0,0,0,1.0
1650,104,music,1,0,0,0,1.0
1650,385,music,1,0,0,0,1.0
1650,102,cooking,1,0,0,0,1.0
1650,269,gaming,1,1,0,0,3.0
1650,260,sports,0,0,0,0,0.0
1650,377,travel,1,0,0,0,1.0
1651,17,education,1,0,0,0,1.0
1651,268,cooking,1,1,0,1,6.0
1651,317,cooking,1,0,0,0,1.0
1651,347,cooking,0,0,0,0,0.0
1651,346,comedy,0,0,0,0,0.0
1651,168,music,1,0,0,0,1.0
1651,177,education,0,0,0,0,0.0
1651,102,music,0,0,0,0,0.0
1651,171,education,1,1,0,0,3.0
1651,448,gaming,1,0,0,0,1.0
1651,318,education,1,1,0,0,3.0
1652,219,music,1,0,0,0,1.0
1652,12,music,0,0,0,0,0.0
1652,186,gaming,0,0,0,0,0.0
1652,204,education,1,0,0,0,1.0
1652,53,education,1,0,0,0,1.0
1652,395,cooking,0,0,0,0,0.0
1652,96,education,1,0,0,0,1.0
1652,455,comedy,1,0,0,0,1.0
1652,199,travel,1,1,0,0,3.0
1652,2,gaming,1,0,0,0,1.0
1652,21,gaming,1,1,0,0,3.0
1652,476,comedy,1,0,0,0,1.0
1652,468,comedy,1,0,0,0,1.0
1653,87,comedy,1,0,0,0,1.0
1653,7,gaming,1,0,0,0,1.0
1653,259,gaming,1,0,0,0,1.0
1653,259,education,1,0,0,0,1.0
1653,305,sports,1,0,0,0,1.0
1653,389,dance,1,0,0,0,1.0
1653,169,cooking,1,0,0,0,1.0
1653,239,education,1,1,0,0,3.0
1653,69,gaming,1,0,0,0,1.0
1653,347,education,0,0,0,0,0.0
1653,129,dance,1,1,0,0,3.0
1653,214,sports,1,1,0,0,3.0
1653,487,sports,1,0,0,0,1.0
1654,389,gaming,1,0,0,0,1.0
1654,154,travel,1,0,0,0,1.0
1654,236,sports,1,0,0,0,1.0
1654,369,sports,1,0,0,0,1.0
1654,97,cooking,1,0,0,0,1.0
1654,442,travel,1,0,0,0,1.0
1654,381,dance,1,0,0,0,1.0
1654,9,sports,1,0,0,1,4.0
1654,153,sports,1,0,0,0,1.0
1655,396,music,1,0,0,0,1.0
1655,83,cooking,1,1,0,0,3.0
1655,129,gaming,0,0,0,0,0.0
1655,146,sports,1,0,0,1,4.0
1655,65,music,1,0,0,0,1.0
1655,304,education,1,1,0,0,3.0
1655,479,sports,0,0,0,0,0.0
1655,76,cooking,0,0,0,0,0.0
1655,79,dance,0,0,0,0,0.0
1655,168,sports,0,0,0,0,0.0
1655,333,music,0,0,0,0,0.0
1655,3,music,1,0,0,0,1.0
1656,488,education,1,0,0,0,1.0
1656,291,dance,0,0,0,0,0.0
1656,337,gaming,1,1,0,0,3.0
1656,211,education,1,0,0,0,1.0
1656,245,education,1,0,0,0,1.0
1656,324,sports,1,0,0,0,1.0
1656,157,music,1,0,0,0,1.0
1656,235,education,1,0,0,0,1.0
1656,18,gaming,1,0,0,0,1.0
1657,373,music,1,0,0,0,1.0
1657,76,travel,1,0,0,0,1.0
1657,378,gaming,1,1,1,0,7.0
1657,1,music,1,0,0,0,1.0
1657,193,cooking,1,0,0,0,1.0
1657,142,travel,0,0,0,0,0.0
1657,57,travel,1,0,0,1,4.0
1657,41,music,1,1,0,0,3.0
1657,70,gaming,1,0,0,0,1.0
1657,493,travel,1,0,0,0,1.0
1657,456,music,1,0,0,0,1.0
1657,480,gaming,1,1,0,0,3.0
1658,482,comedy,1,0,0,1,4.0
1658,122,music,1,1,0,0,3.0
1658,385,music,1,0,0,0,1.0
1658,472,comedy,1,1,0,0,3.0
1659,359,gaming,1,0,0,0,1.0
1659,444,cooking,1,0,0,0,1.0
1659,408,comedy,1,0,0,0,1.0
1659,270,travel,1,0,0,0,1.0
1659,176,education,1,0,0,0,1.0
1659,404,education,0,0,0,0,0.0
1659,242,dance,1,0,0,0,1.0
1659,467,education,1,0,0,1,4.0
1659,317,education,1,0,0,0,1.0
1660,297,cooking,1,0,0,0,1.0
1660,318,education,1,0,0,0,1.0
1660,213,dance,1,0,0,0,1.0
1660,360,music,1,0,0,0,1.0
1660,92,cooking,1,0,0,0,1.0
1660,445,education,1,0,0,0,1.0
1660,119,cooking,1,0,0,0,1.0
1660,297,dance,1,0,0,0,1.0
1660,296,cooking,1,0,0,0,1.0
1660,366,dance,1,0,0,0,1.0
1660,369,music,0,0,0,0,0.0
1660,42,dance,0,0,0,0,0.0
1661,368,comedy,0,0,0,0,0.0
1661,250,education,1,0,0,0,1.0
1661,380,dance,1,0,0,0,1.0
1661,318,music,1,1,0,0,3.0
1661,77,music,0,0,0,0,0.0
1661,18,music,1,1,0,0,3.0
1661,59,comedy,1,0,0,0,1.0
1661,217,education,1,0,0,0,1.0
1661,384,dance,1,1,1,0,7.0
1661,94,education,1,0,0,0,1.0
1661,90,travel,1,0,0,0,1.0
1661,25,dance,1,0,0,0,1.0
1661,162,travel,1,0,0,0,1.0
1662,472,music,0,0,0,0,0.0
1662,36,gaming,1,0,0,0,1.0
1662,173,travel,1,0,0,0,1.0
1662,206,comedy,1,1,0,0,3.0
1662,289,gaming,0,0,0,0,0.0
1662,76,travel,1,1,1,0,7.0
1662,446,comedy,1,1,0,0,3.0
1662,394,dance,1,1,0,0,3.0
1662,282,music,1,0,0,0,1.0
1662,252,dance,0,0,0,0,0.0
1663,446,music,1,0,0,0,1.0
1663,493,sports,1,0,0,0,1.0
1663,375,music,1,1,1,0,7.0
1663,449,sports,1,0,0,0,1.0
1663,250,music,0,0,0,0,0.0
1663,60,comedy,1,0,0,0,1.0
1663,321,comedy,1,1,0,0,3.0
1663,133,music,1,0,0,0,1.0
1663,373,comedy,1,0,0,0,1.0
1664,339,dance,1,0,0,0,1.0
1664,324,travel,1,0,0,0,1.0
1664,369,education,0,0,0,0,0.0
1664,398,cooking,0,0,0,0,0.0
1664,94,comedy,1,0,0,0,1.0
1664,431,travel,1,0,0,0,1.0
1664,166,travel,1,0,0,0,1.0
1664,212,comedy,1,1,1,0,7.0
1664,403,gaming,1,0,0,0,1.0
1664,17,travel,1,0,0,0,1.0
1665,493,comedy,1,0,0,0,1.0
1665,74,music,0,0,0,0,0.0
1665,154,music,1,1,0,0,3.0
1665,397,education,1,0,0,0,1.0
1665,308,sports,1,1,0,0,3.0
1665,283,gaming,1,0,0,0,1.0
1665,124,travel,1,0,0,1,4.0
1665,58,gaming,0,0,0,0,0.0
1665,481,music,0,0,0,0,0.0
1665,232,gaming,1,1,0,0,3.0
1665,16,education,0,0,0,0,0.0
1665,145,comedy,1,0,0,0,1.0
1665,385,education,1,0,0,0,1.0
1665,466,dance,0,0,0,0,0.0
1666,441,cooking,1,0,0,0,1.0
1666,51,gaming,1,0,0,0,1.0
1666,85,cooking,1,0,0,0,1.0
1666,379,education,1,1,0,0,3.0
1666,499,cooking,1,0,0,0,1.0
1666,90,comedy,1,0,0,0,1.0
1666,451,comedy,1,0,0,0,1.0
1666,253,cooking,1,0,0,0,1.0
1666,24,travel,1,0,0,0,1.0
1666,186,comedy,0,0,0,0,0.0
1666,111,cooking,1,0,0,1,4.0
1667,122,comedy,1,1,0,0,3.0
1667,333,travel,1,1,0,1,6.0
1667,428,music,1,0,0,0,1.0
1667,485,education,1,0,0,0,1.0
1667,109,dance,1,0,0,0,1.0
1667,255,music,1,0,0,0,1.0
1667,272,music,1,0,0,0,1.0
1667,470,dance,1,0,0,0,1.0
1667,63,dance,0,0,0,0,0.0
1667,60,music,0,0,0,0,0.0
1667,218,dance,1,0,0,0,1.0
1668,56,travel,0,0,0,0,0.0
1668,47,comedy,1,0,0,0,1.0
1668,150,cooking,1,0,0,0,1.0
1668,119,cooking,0,0,0,0,0.0
1668,425,cooking,1,0,0,0,1.0
1668,411,travel,0,0,0,0,0.0
1668,350,travel,1,1,0,0,3.0
1668,420,dance,1,0,0,0,1.0
1668,66,music,1,0,0,1,4.0
1668,419,comedy,1,0,0,0,1.0
1669,400,sports,1,0,0,0,1.0
1669,311,cooking,1,1,0,0,3.0
1669,102,comedy,1,0,0,0,1.0
1669,307,cooking,1,0,0,0,1.0
1669,225,cooking,1,0,0,0,1.0
1669,484,cooking,1,0,0,0,1.0
1669,400,cooking,1,0,0,0,1.0
1669,428,cooking,1,0,0,0,1.0
1669,36,dance,0,0,0,0,0.0
1669,63,sports,1,1,0,0,3.0
1669,453,cooking,1,0,0,0,1.0
1669,113,travel,1,0,0,0,1.0
1669,284,cooking,1,0,0,0,1.0
1669,235,dance,1,0,0,0,1.0
1669,466,cooking,1,1,1,0,7.0
1669,95,cooking,0,0,0,0,0.0
1670,157,education,1,0,0,0,1.0
1670,400,cooking,1,1,0,0,3.0
1670,189,music,1,0,0,0,1.0
1670,117,education,1,0,0,0,1.0
1670,264,dance,1,0,0,0,1.0
1670,124,gaming,1,0,0,0,1.0
1670,391,dance,1,1,0,0,3.0
1670,75,sports,1,1,0,0,3.0
1671,239,cooking,1,0,0,0,1.0
1671,395,gaming,0,0,0,0,0.0
1671,407,dance,1,0,0,0,1.0
1671,130,dance,1,1,1,0,7.0
1671,292,dance,0,0,0,0,0.0
1671,148,education,1,0,0,0,1.0
1671,299,gaming,1,0,0,1,4.0
1671,339,gaming,0,0,0,0,0.0
1671,58,dance,1,1,0,0,3.0
1671,450,education,1,0,0,0,1.0
1672,390,sports,1,0,0,0,1.0
1672,354,travel,1,0,0,0,1.0
1672,373,cooking,0,0,0,0,0.0
1672,295,comedy,1,0,0,0,1.0
1672,190,education,0,0,0,0,0.0
1672,11,sports,1,1,1,0,7.0
1672,301,comedy,1,0,0,0,1.0
1672,466,comedy,1,0,0,0,1.0
1673,405,dance,1,0,0,0,1.0
1673,145,comedy,0,0,0,0,0.0
1673,320,music,1,1,0,0,3.0
1673,11,dance,0,0,0,0,0.0
1673,394,comedy,0,0,0,0,0.0
1673,222,dance,1,0,0,0,1.0
1673,98,dance,1,0,0,0,1.0
1673,402,music,0,0,0,0,0.0
1673,337,gaming,1,1,0,0,3.0
1673,6,gaming,1,0,0,0,1.0
1674,452,music,1,0,0,0,1.0
1674,5,comedy,1,0,0,0,1.0
1674,482,cooking,1,0,0,0,1.0
1674,43,music,1,0,0,0,1.0
1674,41,comedy,1,0,0,0,1.0
1674,310,music,1,0,0,0,1.0
1674,194,comedy,1,1,1,0,7.0
1674,100,music,1,0,0,1,4.0
1674,99,comedy,1,0,0,1,4.0
1674,166,cooking,1,0,0,0,1.0
1675,114,dance,1,0,0,0,1.0
1675,174,travel,1,0,0,0,1.0
1675,322,travel,1,0,0,0,1.0
1675,348,dance,1,0,0,0,1.0
1675,408,gaming,1,0,0,0,1.0
1675,387,gaming,1,0,0,0,1.0
1675,113,gaming,0,0,0,0,0.0
1675,117,comedy,1,0,0,0,1.0
1675,384,gaming,1,1,1,0,7.0
1675,179,dance,1,0,0,0,1.0
1675,443,dance,1,1,0,0,3.0
1675,448,comedy,1,0,0,0,1.0
1676,182,gaming,1,0,0,0,1.0
1676,284,travel,1,0,0,0,1.0
1676,455,travel,1,0,0,0,1.0
1676,231,travel,1,1,0,0,3.0
1676,112,travel,1,1,0,0,3.0
1676,485,gaming,1,0,0,0,1.0
1676,130,comedy,0,0,0,0,0.0
1676,160,education,1,1,0,0,3.0
1676,84,travel,1,0,0,0,1.0
1676,272,travel,1,0,0,0,1.0
1677,71,comedy,1,0,0,0,1.0
1677,306,comedy,1,0,0,0,1.0
1677,415,comedy,0,0,0,0,0.0
1677,362,sports,1,0,0,0,1.0
1677,163,comedy,1,0,0,0,1.0
1677,368,comedy,1,1,1,0,7.0
1677,114,comedy,1,0,0,0,1.0
1677,3,travel,1,1,0,0,3.0
1677,326,comedy,1,0,0,0,1.0
1678,311,dance,1,0,0,0,1.0
1678,207,dance,1,1,0,0,3.0
1678,175,gaming,1,0,0,1,4.0
1678,262,dance,1,0,0,0,1.0
1678,108,cooking,1,0,0,0,1.0
1678,9,sports,1,0,0,0,1.0
1678,108,comedy,1,1,0,0,3.0
1678,429,gaming,1,0,0,0,1.0
1679,100,dance,1,1,0,0,3.0
1679,220,travel,1,0,0,0,1.0
1679,388,sports,0,0,0,0,0.0
1679,327,education,1,0,0,0,1.0
1679,11,dance,1,0,0,0,1.0
1679,188,comedy,1,1,0,0,3.0
1679,148,music,1,0,0,0,1.0
1679,309,sports,1,0,0,0,1.0
1679,387,gaming,1,0,0,0,1.0
1679,188,cooking,1,1,0,0,3.0
1679,187,sports,1,0,0,0,1.0
1679,135,gaming,1,0,0,1,4.0
1679,425,travel,1,0,0,0,1.0
1679,341,music,0,0,0,0,0.0
1680,229,comedy,1,0,0,0,1.0
1680,294,comedy,0,0,0,0,0.0
1680,289,cooking,0,0,0,0,0.0
1680,401,cooking,0,0,0,0,0.0
1680,460,sports,0,0,0,0,0.0
1680,173,cooking,1,0,0,1,4.0
1680,148,comedy,1,0,0,0,1.0
1680,384,cooking,1,1,0,0,3.0
1680,167,gaming,1,0,0,0,1.0
1680,463,gaming,1,1,1,0,7.0
1680,30,travel,1,0,0,0,1.0
1681,390,education,0,0,0,0,0.0
1681,298,dance,0,0,0,0,0.0
1681,266,gaming,1,0,0,0,1.0
1681,23,education,1,0,0,0,1.0
1681,178,music,1,1,0,0,3.0
1681,194,sports,1,1,0,0,3.0
1681,103,music,1,0,0,0,1.0
1681,486,gaming,1,1,0,0,3.0
1681,203,dance,1,1,0,0,3.0
1681,319,dance,1,0,0,0,1.0
1681,381,dance,1,0,0,0,1.0
1681,55,music,1,1,0,0,3.0
1682,463,music,1,0,0,0,1.0
1682,294,music,0,0,0,0,0.0
1682,151,education,1,0,0,0,1.0
1682,497,sports,0,0,0,0,0.0
1682,60,music,1,0,0,0,1.0
1682,70,education,1,0,0,0,1.0
1682,195,education,1,0,0,1,4.0
1682,92,music,1,0,0,0,1.0
1683,43,gaming,1,0,0,0,1.0
1683,159,sports,1,0,0,0,1.0
1683,154,sports,1,0,0,0,1.0
1683,405,travel,1,1,0,0,3.0
1683,215,sports,1,1,0,0,3.0
1683,237,dance,0,0,0,0,0.0
1683,249,cooking,1,1,0,0,3.0
1683,327,dance,1,1,0,0,3.0
1683,459,comedy,1,0,0,0,1.0
1683,111,gaming,1,1,0,0,3.0
1684,191,cooking,1,1,0,0,3.0
1684,56,education,1,0,0,0,1.0
1684,146,gaming,1,0,0,0,1.0
1684,230,education,1,0,0,0,1.0
1684,111,cooking,1,1,0,0,3.0
1684,115,travel,1,0,0,0,1.0
1684,311,dance,1,0,0,0,1.0
1684,358,gaming,1,0,0,0,1.0
1684,239,gaming,1,0,0,0,1.0
1684,154,education,1,0,0,0,1.0
1684,276,education,0,0,0,0,0.0
1684,321,cooking,1,1,0,0,3.0
1684,249,education,1,0,0,0,1.0
1685,193,education,1,1,1,0,7.0
1685,65,cooking,0,0,0,0,0.0
1685,106,cooking,1,1,0,0,3.0
1685,471,cooking,1,0,0,0,1.0
1685,387,cooking,1,0,0,0,1.0
1685,375,cooking,1,1,0,0,3.0
1685,247,education,1,0,0,0,1.0
1686,24,education,1,1,0,0,3.0
1686,166,sports,0,0,0,0,0.0
1686,359,comedy,1,1,0,0,3.0
1686,397,cooking,1,0,0,0,1.0
1686,49,travel,1,0,0,0,1.0
1686,481,dance,1,1,0,0,3.0
1686,39,travel,0,0,0,0,0.0
1686,319,education,1,1,0,0,3.0
1686,115,music,1,1,0,1,6.0
1687,450,dance,0,0,0,0,0.0
1687,126,cooking,1,1,0,0,3.0
1687,286,sports,1,0,0,0,1.0
1687,294,education,0,0,0,0,0.0
1687,309,dance,1,0,0,0,1.0
1687,356,dance,1,0,0,0,1.0
1687,466,cooking,0,0,0,0,0.0
1687,223,dance,1,0,0,0,1.0
1687,404,cooking,1,1,0,0,3.0
1687,401,sports,1,1,0,0,3.0
1687,412,dance,1,0,0,0,1.0
1688,152,gaming,0,0,0,0,0.0
1688,373,comedy,1,1,0,0,3.0
1688,492,gaming,1,0,0,0,1.0
1688,326,comedy,1,0,0,0,1.0
1688,495,cooking,1,0,0,0,1.0
1688,230,cooking,1,1,0,0,3.0
1688,109,sports,1,0,0,0,1.0
1688,21,comedy,0,0,0,0,0.0
1688,101,sports,0,0,0,0,0.0
1688,0,comedy,1,0,0,0,1.0
1689,138,cooking,1,0,0,0,1.0
1689,450,comedy,1,0,0,0,1.0
1689,121,cooking,1,1,0,0,3.0
1689,2,sports,0,0,0,0,0.0
1689,161,cooking,1,1,0,0,3.0
1689,310,dance,1,1,0,0,3.0
1689,325,cooking,1,0,0,0,1.0
1689,447,comedy,0,0,0,0,0.0
1689,173,comedy,0,0,0,0,0.0
1689,17,dance,1,0,0,0,1.0
1689,218,sports,1,1,1,0,7.0
1689,162,cooking,1,0,0,0,1.0
1689,282,cooking,1,1,0,0,3.0
1689,429,gaming,1,0,0,0,1.0
1689,131,comedy,1,0,0,0,1.0
1689,397,cooking,1,1,0,0,3.0
1689,84,dance,1,0,0,0,1.0
1689,357,cooking,1,0,0,0,1.0
1690,340,cooking,1,0,0,1,4.0
1690,110,sports,0,0,0,0,0.0
1690,114,sports,1,1,0,0,3.0
1690,286,travel,1,0,0,0,1.0
1690,367,travel,0,0,0,0,0.0
1690,445,cooking,1,1,0,0,3.0
1690,95,travel,0,0,0,0,0.0
1690,406,sports,1,0,0,0,1.0
1690,123,sports,1,1,0,0,3.0
1690,389,sports,1,0,0,0,1.0
1690,0,sports,0,0,0,0,0.0
1690,443,dance,0,0,0,0,0.0
1690,45,travel,0,0,0,0,0.0
1691,259,education,0,0,0,0,0.0
1691,28,cooking,1,0,0,0,1.0
1691,196,music,1,1,0,0,3.0
1691,378,travel,1,0,0,0,1.0
1691,448,dance,1,0,0,0,1.0
1691,475,gaming,1,0,0,0,1.0
1691,212,education,0,0,0,0,0.0
1691,262,education,1,0,0,0,1.0
1691,272,travel,1,0,0,0,1.0
1691,238,dance,1,0,0,0,1.0
1691,192,education,1,0,0,0,1.0
1691,145,education,1,0,0,0,1.0
1691,249,education,1,0,0,0,1.0
1691,421,education,0,0,0,0,0.0
1691,350,gaming,1,1,0,0,3.0
1692,48,education,1,1,0,0,3.0
1692,43,music,1,0,0,0,1.0
1692,99,gaming,1,0,0,0,1.0
1692,284,education,1,1,0,1,6.0
1692,188,education,1,0,0,0,1.0
1692,179,education,1,0,0,0,1.0
1692,114,cooking,1,0,0,0,1.0
1692,300,cooking,1,0,0,0,1.0
1692,278,gaming,1,0,0,0,1.0
1692,404,comedy,0,0,0,0,0.0
1693,398,music,1,0,0,0,1.0
1693,389,gaming,1,0,0,0,1.0
1693,115,comedy,1,0,0,0,1.0
1693,66,gaming,1,1,0,0,3.0
1693,2,sports,1,1,1,0,7.0
1693,71,education,1,0,0,0,1.0
1693,41,music,1,0,0,0,1.0
1693,325,music,1,0,0,0,1.0
1693,322,comedy,1,0,0,1,4.0
1693,338,sports,1,1,1,0,7.0
1694,418,education,1,1,0,0,3.0
1694,372,cooking,1,0,0,0,1.0
1694,306,dance,1,0,0,0,1.0
1694,20,sports,1,0,0,0,1.0
1694,408,dance,1,0,0,0,1.0
1694,430,cooking,1,1,0,0,3.0
1694,414,cooking,1,0,0,0,1.0
1694,431,gaming,1,0,0,0,1.0
1694,346,education,1,0,0,0,1.0
1694,173,education,1,1,0,1,6.0
1694,345,dance,1,0,0,0,1.0
1695,8,education,1,1,0,0,3.0
1695,415,travel,1,1,0,0,3.0
1695,34,education,1,0,0,0,1.0
1695,60,travel,1,0,0,0,1.0
1695,405,education,1,0,0,0,1.0
1695,32,education,1,1,0,0,3.0
1695,351,education,1,1,0,0,3.0
1695,404,education,1,1,0,0,3.0
1695,109,education,1,0,0,0,1.0
1695,436,cooking,1,0,0,0,1.0
1696,433,dance,1,0,0,0,1.0
1696,381,dance,1,1,0,0,3.0
1696,96,education,1,0,0,0,1.0
1696,489,music,1,0,0,0,1.0
1696,78,music,1,0,0,0,1.0
1696,265,dance,1,0,0,0,1.0
1696,134,comedy,1,1,0,0,3.0
1696,479,dance,0,0,0,0,0.0
1696,116,comedy,1,0,0,0,1.0
1696,102,dance,1,0,0,0,1.0
1696,390,cooking,1,0,0,0,1.0
1696,352,dance,0,0,0,0,0.0
1696,372,dance,1,0,0,0,1.0
1697,220,education,0,0,0,0,0.0
1697,316,gaming,1,1,1,0,7.0
1697,374,gaming,0,0,0,0,0.0
1697,111,sports,1,0,0,0,1.0
1697,59,gaming,1,1,0,0,3.0
1697,266,gaming,1,0,0,0,1.0
1697,161,education,1,0,0,0,1.0
1697,323,education,0,0,0,0,0.0
1697,347,education,1,0,0,0,1.0
1697,386,education,1,1,0,0,3.0
1697,418,education,1,0,0,0,1.0
1697,183,travel,0,0,0,0,0.0
1698,368,education,0,0,0,0,0.0
1698,443,gaming,1,0,0,0,1.0
1698,267,education,0,0,0,0,0.0
1698,431,education,0,0,0,0,0.0
1698,128,education,0,0,0,0,0.0
1698,100,education,1,1,0,0,3.0
1698,301,dance,1,0,0,0,1.0
1698,441,gaming,1,0,0,0,1.0
1698,22,education,1,0,0,0,1.0
1698,400,dance,1,0,0,0,1.0
1698,69,education,1,0,0,0,1.0
1698,213,education,1,0,0,0,1.0
1698,55,education,1,0,0,0,1.0
1698,286,travel,0,0,0,0,0.0
1698,325,gaming,1,0,0,0,1.0
1698,105,education,1,0,0,0,1.0
1699,307,education,1,0,0,0,1.0
1699,397,dance,1,0,0,0,1.0
1699,87,dance,1,0,0,0,1.0
1699,444,comedy,1,1,0,0,3.0
1699,371,gaming,1,0,0,0,1.0
1699,16,music,1,1,0,0,3.0
1699,255,dance,1,1,1,0,7.0
1699,359,comedy,1,1,1,0,7.0
1699,66,dance,1,1,0,0,3.0
1699,22,sports,1,0,0,0,1.0
1699,192,comedy,1,1,0,0,3.0
1699,213,education,1,0,0,0,1.0
1699,232,gaming,1,0,0,0,1.0
1700,107,travel,1,0,0,0,1.0
1700,300,sports,1,0,0,1,4.0
1700,405,gaming,1,0,0,1,4.0
1700,49,dance,0,0,0,0,0.0
1700,314,gaming,1,1,0,0,3.0
1700,3,sports,1,0,0,0,1.0
1700,422,travel,1,0,0,0,1.0
1700,244,education,1,0,0,0,1.0
1700,52,travel,1,0,0,0,1.0
1700,87,gaming,1,1,0,0,3.0
1700,38,gaming,1,0,0,0,1.0
1700,160,gaming,1,0,0,0,1.0
1700,483,gaming,1,0,0,0,1.0
1700,85,sports,1,0,0,1,4.0
1700,419,travel,1,0,0,0,1.0
1701,28,sports,0,0,0,0,0.0
1701,67,sports,0,0,0,0,0.0
1701,48,gaming,1,0,0,0,1.0
1701,299,gaming,0,0,0,0,0.0
1701,396,sports,0,0,0,0,0.0
1701,250,gaming,1,0,0,0,1.0
1701,98,comedy,1,0,0,0,1.0
1701,398,sports,1,0,0,0,1.0
1701,476,sports,1,1,0,0,3.0
1701,481,music,0,0,0,0,0.0
1701,6,travel,1,1,0,0,3.0
1702,470,travel,1,1,1,0,7.0
1702,68,comedy,1,0,0,0,1.0
1702,327,gaming,1,1,0,0,3.0
1702,216,gaming,0,0,0,0,0.0
1702,231,travel,1,0,0,0,1.0
1702,211,travel,1,0,0,0,1.0
1702,60,travel,1,0,0,0,1.0
1702,212,travel,0,0,0,0,0.0
1702,356,travel,1,0,0,0,1.0
1702,342,cooking,0,0,0,0,0.0
1702,57,comedy,1,0,0,0,1.0
1702,67,gaming,1,1,0,0,3.0
1703,389,travel,1,1,0,0,3.0
1703,138,cooking,0,0,0,0,0.0
1703,342,music,1,0,0,0,1.0
1703,179,cooking,1,1,0,0,3.0
1703,307,comedy,1,0,0,0,1.0
1703,435,cooking,1,1,0,0,3.0
1703,240,comedy,1,0,0,0,1.0
1703,319,comedy,1,0,0,0,1.0
1703,457,education,1,0,0,0,1.0
1703,271,cooking,1,1,0,0,3.0
1703,67,cooking,1,0,0,0,1.0
1703,298,music,1,0,0,0,1.0
1703,26,music,1,1,0,0,3.0
1703,404,cooking,1,0,0,0,1.0
1703,282,cooking,1,1,0,0,3.0
1703,16,comedy,1,0,0,0,1.0
1703,13,cooking,1,0,0,0,1.0
1703,25,cooking,1,1,0,0,3.0
1704,375,travel,1,0,0,0,1.0
1704,253,gaming,1,0,0,0,1.0
1704,333,education,1,1,0,0,3.0
1704,186,comedy,1,0,0,0,1.0
1704,168,travel,1,0,0,0,1.0
1704,393,education,1,1,0,0,3.0
1704,450,cooking,1,1,0,0,3.0
1705,356,travel,0,0,0,0,0.0
1705,377,dance,1,1,0,0,3.0
1705,55,gaming,0,0,0,0,0.0
1705,80,gaming,1,0,0,0,1.0
1705,454,sports,1,1,0,0,3.0
1705,427,gaming,1,0,0,0,1.0
1705,180,education,1,0,0,0,1.0
1705,495,music,1,0,0,0,1.0
1705,495,music,1,0,0,0,1.0
1706,459,gaming,1,1,0,0,3.0
1706,275,dance,1,1,1,0,7.0
1706,94,education,1,1,0,0,3.0
1706,232,education,1,1,0,0,3.0
1706,308,gaming,1,0,0,0,1.0
1706,188,gaming,0,0,0,0,0.0
1707,489,music,1,0,0,0,1.0
1707,194,cooking,1,0,0,0,1.0
1707,135,gaming,1,0,0,0,1.0
1707,68,dance,0,0,0,0,0.0
1707,253,dance,0,0,0,0,0.0
1707,499,dance,0,0,0,0,0.0
1707,300,comedy,1,0,0,0,1.0
1707,242,gaming,1,0,0,0,1.0
1707,364,dance,1,0,0,0,1.0
1708,49,cooking,1,1,0,0,3.0
1708,355,music,1,1,0,0,3.0
1708,357,music,1,0,0,0,1.0
1708,304,music,1,1,0,0,3.0
1708,15,comedy,1,0,0,0,1.0
1708,241,music,1,0,0,0,1.0
1708,447,music,1,1,0,0,3.0
1708,449,cooking,0,0,0,0,0.0
1708,347,comedy,0,0,0,0,0.0
1708,306,comedy,1,0,0,0,1.0
1708,161,music,1,0,0,0,1.0
1709,377,education,1,0,0,0,1.0
1709,237,education,1,0,0,0,1.0
1709,203,travel,1,1,0,0,3.0
1709,19,sports,0,0,0,0,0.0
1709,309,education,1,0,0,0,1.0
1709,228,education,1,0,0,0,1.0
1709,214,education,1,0,0,0,1.0
1709,166,education,0,0,0,0,0.0
1709,182,education,1,0,0,0,1.0
1709,305,education,1,0,0,1,4.0
1709,298,cooking,1,0,0,0,1.0
1709,283,education,1,0,0,0,1.0
1710,247,gaming,1,0,0,0,1.0
1710,168,sports,1,0,0,0,1.0
1710,414,education,1,0,0,0,1.0
1710,102,gaming,1,0,0,0,1.0
1710,229,travel,1,0,0,0,1.0
1710,396,sports,1,1,0,0,3.0
1710,387,gaming,1,1,0,0,3.0
1710,26,dance,0,0,0,0,0.0
1710,497,comedy,1,0,0,0,1.0
1710,386,dance,1,0,0,0,1.0
1710,169,comedy,1,0,0,0,1.0
1710,289,gaming,1,0,0,0,1.0
1710,46,gaming,1,0,0,0,1.0
1711,424,comedy,1,1,0,0,3.0
1711,53,comedy,0,0,0,0,0.0
1711,54,comedy,0,0,0,0,0.0
1711,99,comedy,1,0,0,0,1.0
1711,116,education,1,1,0,0,3.0
1711,179,education,1,0,0,0,1.0
1711,10,music,1,0,0,0,1.0
1711,203,music,0,0,0,0,0.0
1711,261,comedy,1,0,0,0,1.0
1711,251,gaming,1,1,0,0,3.0
1711,175,comedy,0,0,0,0,0.0
1711,354,comedy,1,0,0,0,1.0
1712,331,music,1,0,0,0,1.0
1712,399,cooking,1,0,0,0,1.0
1712,339,education,1,0,0,0,1.0
1712,262,music,1,0,0,0,1.0
1712,321,music,1,1,0,1,6.0
1712,449,dance,1,0,0,0,1.0
1712,188,music,0,0,0,0,0.0
1712,442,sports,1,0,0,0,1.0
1712,294,music,0,0,0,0,0.0
1712,244,dance,1,1,0,0,3.0
1712,37,music,1,0,0,0,1.0
1713,352,music,1,1,0,0,3.0
1713,47,sports,1,1,0,0,3.0
1713,203,music,1,0,0,0,1.0
1713,284,music,1,0,0,0,1.0
1713,314,music,1,1,0,0,3.0
1713,222,cooking,0,0,0,0,0.0
1713,65,music,0,0,0,0,0.0
1713,362,education,1,1,0,0,3.0
1713,336,cooking,1,0,0,0,1.0
1713,376,music,1,0,0,0,1.0
1713,450,dance,1,0,0,0,1.0
1714,289,dance,1,0,0,0,1.0
1714,473,music,0,0,0,0,0.0
1714,456,dance,1,0,0,0,1.0
1714,378,cooking,1,1,0,0,3.0
1714,175,cooking,1,0,0,0,1.0
1714,271,dance,1,0,0,0,1.0
1714,230,dance,1,1,0,0,3.0
1714,229,music,0,0,0,0,0.0
1715,126,cooking,1,1,0,0,3.0
1715,333,travel,0,0,0,0,0.0
1715,193,cooking,1,0,0,0,1.0
1715,176,travel,1,0,0,0,1.0
1715,446,music,1,0,0,0,1.0
1715,21,travel,1,0,0,0,1.0
1715,365,travel,1,0,0,0,1.0
1715,398,travel,1,0,0,0,1.0
1715,474,education,1,0,0,0,1.0
1716,350,music,1,0,0,0,1.0
1716,220,music,1,0,0,0,1.0
1716,469,cooking,1,1,0,0,3.0
1716,402,cooking,1,1,0,0,3.0
1716,75,sports,1,0,0,0,1.0
1716,328,education,1,1,1,0,7.0
1716,141,music,0,0,0,0,0.0
1716,496,sports,1,0,0,0,1.0
1716,54,sports,0,0,0,0,0.0
1716,323,comedy,1,0,0,0,1.0
1716,358,music,1,1,0,0,3.0
1716,330,cooking,1,0,0,0,1.0
1716,487,sports,0,0,0,0,0.0
1716,416,education,1,0,0,0,1.0
1716,66,travel,0,0,0,0,0.0
1716,44,cooking,1,0,0,0,1.0
1716,161,music,1,1,0,0,3.0
1716,386,cooking,1,0,0,0,1.0
1716,34,travel,0,0,0,0,0.0
1717,464,gaming,1,1,0,0,3.0
1717,251,dance,0,0,0,0,0.0
1717,466,dance,1,0,0,0,1.0
1717,379,dance,1,1,0,0,3.0
1717,457,gaming,1,0,0,0,1.0
1717,176,sports,1,0,0,0,1.0
1717,330,music,1,0,0,0,1.0
1717,138,sports,1,0,0,0,1.0
1717,307,dance,1,0,0,0,1.0
1717,350,dance,1,1,0,0,3.0
1717,53,sports,0,0,0,0,0.0
1717,395,dance,1,0,0,1,4.0
1717,177,gaming,1,0,0,0,1.0
1718,144,education,1,0,0,0,1.0
1718,479,education,1,0,0,1,4.0
1718,90,education,0,0,0,0,0.0
1718,205,gaming,1,1,0,0,3.0
1718,434,sports,1,1,0,0,3.0
1718,309,education,1,1,0,0,3.0
1718,74,education,0,0,0,0,0.0
1718,492,education,1,1,1,0,7.0
1718,73,music,1,0,0,0,1.0
1718,260,education,1,1,0,0,3.0
1718,53,education,0,0,0,0,0.0
1718,266,gaming,1,0,0,0,1.0
1718,446,education,0,0,0,0,0.0
1718,125,education,0,0,0,0,0.0
1718,258,education,0,0,0,0,0.0
1719,440,comedy,1,1,0,0,3.0
1719,48,cooking,1,0,0,0,1.0
1719,99,music,1,1,0,0,3.0
1719,180,sports,1,0,0,0,1.0
1719,461,cooking,1,1,0,0,3.0
1719,59,travel,0,0,0,0,0.0
1719,52,music,1,1,0,0,3.0
1719,39,cooking,1,1,1,1,10.0
1719,180,cooking,1,1,0,0,3.0
1719,403,music,0,0,0,0,0.0
1719,160,music,0,0,0,0,0.0
1719,477,cooking,0,0,0,0,0.0
1719,141,sports,0,0,0,0,0.0
1719,251,cooking,0,0,0,0,0.0
1719,422,cooking,1,1,0,0,3.0
1719,104,travel,1,0,0,0,1.0
1719,149,cooking,1,0,0,0,1.0
1719,127,gaming,0,0,0,0,0.0
1720,288,comedy,1,0,0,0,1.0
1720,315,cooking,1,0,0,0,1.0
1720,38,gaming,1,1,0,0,3.0
1720,477,sports,1,1,0,0,3.0
1720,323,gaming,1,0,0,1,4.0
1720,162,sports,1,1,0,0,3.0
1720,0,sports,0,0,0,0,0.0
1720,35,sports,1,0,0,0,1.0
1720,298,music,1,0,0,0,1.0
1720,494,music,0,0,0,0,0.0
1720,296,comedy,1,0,0,0,1.0
1720,333,gaming,1,0,0,0,1.0
1720,83,education,1,0,0,0,1.0
1720,265,gaming,0,0,0,0,0.0
1720,9,music,1,0,0,1,4.0
1721,294,gaming,0,0,0,0,0.0
1721,401,sports,1,0,0,0,1.0
1721,192,sports,1,1,0,0,3.0
1721,221,sports,1,1,0,0,3.0
1721,168,sports,1,0,0,0,1.0
1721,410,dance,1,1,0,0,3.0
1721,125,dance,1,1,1,0,7.0
1721,440,music,1,0,0,0,1.0
1721,273,dance,1,1,0,0,3.0
1722,91,education,1,1,0,0,3.0
1722,195,music,1,1,0,0,3.0
1722,220,music,1,1,0,0,3.0
1722,214,music,1,0,0,0,1.0
1722,37,education,1,0,0,0,1.0
1722,120,music,1,0,0,0,1.0
1722,89,comedy,1,1,0,0,3.0
1722,155,music,1,0,0,0,1.0
1722,385,music,0,0,0,0,0.0
1722,222,travel,1,1,0,0,3.0
1722,202,music,1,0,0,0,1.0
1723,229,music,1,0,0,0,1.0
1723,422,cooking,1,0,0,0,1.0
1723,366,music,0,0,0,0,0.0
1723,398,cooking,0,0,0,0,0.0
1723,196,music,1,0,0,0,1.0
1723,190,cooking,1,0,0,0,1.0
1723,93,cooking,1,0,0,0,1.0
1723,129,gaming,1,1,0,0,3.0
1723,199,cooking,1,0,0,0,1.0
1723,0,music,1,0,0,0,1.0
1723,4,cooking,1,1,0,0,3.0
1723,245,cooking,1,0,0,0,1.0
1723,30,gaming,1,0,0,0,1.0
1724,205,cooking,1,0,0,0,1.0
1724,436,gaming,1,0,0,0,1.0
1724,119,sports,1,0,0,1,4.0
1724,51,music,1,1,1,0,7.0
1724,235,education,1,0,0,0,1.0
1724,206,education,1,1,0,0,3.0
1724,197,travel,0,0,0,0,0.0
1724,457,travel,1,0,0,0,1.0
1724,212,education,1,0,0,0,1.0
1724,315,music,1,0,0,0,1.0
1724,205,travel,0,0,0,0,0.0
1725,55,dance,1,0,0,1,4.0
1725,103,travel,1,1,0,0,3.0
1725,56,travel,1,0,0,0,1.0
1725,72,education,1,1,0,0,3.0
1725,351,gaming,1,1,0,1,6.0
1725,379,education,1,0,0,0,1.0
1725,223,education,1,0,0,0,1.0
1725,11,dance,1,0,0,0,1.0
1725,317,music,1,0,0,0,1.0
1725,337,education,1,0,0,0,1.0
1725,142,education,1,0,0,0,1.0
1726,244,travel,1,0,0,0,1.0
1726,484,music,1,1,0,0,3.0
1726,466,travel,0,0,0,0,0.0
1726,112,dance,1,1,0,0,3.0
1726,352,comedy,0,0,0,0,0.0
1726,204,music,1,1,0,0,3.0
1726,74,travel,1,1,0,0,3.0
1726,232,dance,1,0,0,1,4.0
1726,253,dance,1,0,0,0,1.0
1726,385,travel,1,0,0,0,1.0
1726,355,music,1,0,0,0,1.0
1726,51,comedy,0,0,0,0,0.0
1726,118,music,1,1,0,0,3.0
1726,444,music,1,0,0,0,1.0
1726,373,education,1,0,0,0,1.0
1727,188,education,1,0,0,0,1.0
1727,375,travel,1,0,0,0,1.0
1727,414,education,1,0,0,0,1.0
1727,165,travel,1,0,0,0,1.0
1727,354,travel,1,1,0,0,3.0
1727,188,travel,0,0,0,0,0.0
1727,286,travel,1,1,0,0,3.0
1727,439,travel,1,1,0,0,3.0
1727,441,travel,0,0,0,0,0.0
1727,495,travel,1,0,0,0,1.0
1728,389,education,0,0,0,0,0.0
1728,79,gaming,1,0,0,0,1.0
1728,136,education,0,0,0,0,0.0
1728,296,dance,1,0,0,0,1.0
1728,14,travel,1,0,0,0,1.0
1728,216,cooking,1,0,0,0,1.0
1728,403,education,1,1,0,0,3.0
1728,84,dance,1,0,0,0,1.0
1728,26,comedy,1,0,0,0,1.0
1728,138,travel,1,0,0,0,1.0
1728,72,education,1,0,0,1,4.0
1728,271,dance,1,1,0,0,3.0
1729,404,comedy,1,0,0,0,1.0
1729,314,gaming,0,0,0,0,0.0
1729,252,comedy,1,1,0,0,3.0
1729,312,comedy,1,1,0,0,3.0
1729,210,gaming,1,1,1,0,7.0
1729,244,gaming,1,0,0,0,1.0
1729,431,gaming,1,0,0,0,1.0
1729,362,music,0,0,0,0,0.0
1729,221,comedy,1,1,0,0,3.0
1729,164,cooking,1,0,0,0,1.0
1729,293,gaming,0,0,0,0,0.0
1730,279,music,1,1,0,0,3.0
1730,220,gaming,1,0,0,0,1.0
1730,217,gaming,1,0,0,0,1.0
1730,445,travel,1,0,0,0,1.0
1730,284,music,1,0,0,0,1.0
1730,268,comedy,1,0,0,0,1.0
1731,392,music,1,0,0,0,1.0
1731,22,music,0,0,0,0,0.0
1731,199,music,1,0,0,0,1.0
1731,392,music,1,0,0,0,1.0
1731,225,music,1,0,0,0,1.0
1731,43,gaming,1,0,0,0,1.0
1731,297,music,1,1,1,0,7.0
1731,5,dance,1,1,0,0,3.0
1731,200,dance,1,1,0,0,3.0
1732,491,cooking,1,0,0,0,1.0
1732,66,music,0,0,0,0,0.0
1732,420,gaming,1,1,0,0,3.0
1732,397,comedy,0,0,0,0,0.0
1732,127,gaming,1,0,0,0,1.0
1732,115,sports,1,0,0,0,1.0
1732,385,comedy,0,0,0,0,0.0
1733,422,travel,1,0,0,0,1.0
1733,319,education,1,0,0,0,1.0
1733,157,dance,1,0,0,0,1.0
1733,349,dance,1,1,0,0,3.0
1733,367,dance,1,1,0,0,3.0
1733,315,dance,1,0,0,0,1.0
1733,469,dance,1,0,0,0,1.0
1733,206,dance,1,1,0,0,3.0
1733,247,dance,0,0,0,0,0.0
1733,121,sports,1,0,0,0,1.0
1733,220,education,1,0,0,0,1.0
1733,151,dance,1,1,0,0,3.0
1733,141,sports,1,0,0,0,1.0
1734,295,education,1,1,0,0,3.0
1734,132,comedy,1,1,0,0,3.0
1734,223,dance,1,1,0,0,3.0
1734,333,comedy,1,0,0,0,1.0
1734,279,comedy,1,0,0,0,1.0
1734,332,travel,1,0,0,0,1.0
1734,292,travel,0,0,0,0,0.0
1734,498,travel,1,0,0,0,1.0
1734,42,gaming,1,0,0,0,1.0
1734,122,gaming,1,0,0,0,1.0
1734,365,travel,0,0,0,0,0.0
1734,190,cooking,1,1,0,0,3.0
1735,241,education,0,0,0,0,0.0
1735,103,cooking,1,0,0,0,1.0
1735,308,cooking,1,0,0,0,1.0
1735,151,cooking,1,0,0,0,1.0
1735,74,education,1,0,0,0,1.0
1735,466,travel,0,0,0,0,0.0
1735,467,cooking,1,0,0,0,1.0
1735,433,education,1,0,0,0,1.0
1736,87,sports,1,0,0,0,1.0
1736,79,education,1,0,0,0,1.0
1736,362,gaming,1,0,0,0,1.0
1736,422,cooking,1,0,0,0,1.0
1736,257,comedy,0,0,0,0,0.0
1736,360,education,1,0,0,0,1.0
1736,396,travel,1,0,0,0,1.0
1736,448,gaming,1,1,0,0,3.0
1736,230,comedy,1,1,0,0,3.0
1736,103,cooking,1,0,0,0,1.0
1736,372,cooking,1,0,0,0,1.0
1736,53,sports,1,0,0,0,1.0
1736,155,sports,1,1,0,0,3.0
1736,358,gaming,0,0,0,0,0.0
1736,290,cooking,1,0,0,0,1.0
1736,245,comedy,1,0,0,0,1.0
1736,378,cooking,1,1,0,0,3.0
1737,259,education,1,1,1,0,7.0
1737,130,dance,1,0,0,0,1.0
1737,179,education,0,0,0,0,0.0
1737,353,education,0,0,0,0,0.0
1737,484,cooking,1,1,0,0,3.0
1737,244,gaming,1,0,0,0,1.0
1737,366,cooking,1,0,0,0,1.0
1737,202,gaming,0,0,0,0,0.0
1737,81,dance,0,0,0,0,0.0
1737,166,education,1,0,0,0,1.0
1737,224,dance,1,0,0,0,1.0
1737,56,dance,1,1,0,0,3.0
1738,130,travel,1,1,0,0,3.0
1738,216,dance,1,0,0,0,1.0
1738,20,music,0,0,0,0,0.0
1738,158,dance,1,0,0,0,1.0
1738,201,music,1,0,0,0,1.0
1738,181,travel,0,0,0,0,0.0
1738,371,education,1,0,0,1,4.0
1738,298,music,1,0,0,0,1.0
1738,275,education,1,1,0,0,3.0
1738,249,music,1,0,0,0,1.0
1738,204,travel,1,1,0,0,3.0
1739,103,gaming,1,1,0,0,3.0
1739,65,gaming,0,0,0,0,0.0
1739,418,music,1,0,0,0,1.0
1739,406,music,1,0,0,0,1.0
1739,267,travel,1,1,0,0,3.0
1739,337,sports,1,0,0,0,1.0
1739,53,cooking,1,0,0,1,4.0
1739,199,comedy,1,1,0,0,3.0
1739,312,travel,0,0,0,0,0.0
1739,330,travel,1,1,0,0,3.0
1739,112,travel,0,0,0,0,0.0
1740,65,music,1,0,0,0,1.0
1740,142,education,1,0,0,0,1.0
1740,182,dance,1,0,0,0,1.0
1740,421,education,1,0,0,0,1.0
1740,236,dance,1,0,0,0,1.0
1740,451,cooking,1,0,0,0,1.0
1740,70,gaming,1,1,0,0,3.0
1740,421,music,1,0,0,0,1.0
1740,149,cooking,1,0,0,0,1.0
1740,143,travel,1,0,0,0,1.0
1740,475,cooking,1,1,0,0,3.0
1740,63,music,1,1,0,0,3.0
1740,278,music,0,0,0,0,0.0
1740,399,dance,1,1,0,0,3.0
1740,197,dance,1,1,0,0,3.0
1740,64,education,1,1,0,0,3.0
1740,110,music,1,0,0,0,1.0
1740,0,music,1,0,0,0,1.0
1740,453,music,1,1,0,0,3.0
1741,238,cooking,1,1,0,0,3.0
1741,299,cooking,1,0,0,0,1.0
1741,481,travel,1,0,0,0,1.0
1741,167,sports,1,0,0,0,1.0
1741,252,dance,1,0,0,0,1.0
1741,419,cooking,1,0,0,0,1.0
1741,173,sports,1,0,0,0,1.0
1741,149,comedy,0,0,0,0,0.0
1741,180,cooking,1,0,0,0,1.0
1741,175,cooking,1,0,0,0,1.0
1741,129,cooking,1,0,0,1,4.0
1741,186,cooking,1,1,0,0,3.0
1741,425,cooking,0,0,0,0,0.0
1741,68,comedy,0,0,0,0,0.0
1742,101,comedy,1,0,0,0,1.0
1742,68,comedy,1,0,0,0,1.0
1742,411,comedy,1,1,0,1,6.0
1742,370,gaming,1,0,0,0,1.0
1742,486,dance,0,0,0,0,0.0
1742,352,gaming,1,1,0,0,3.0
1742,215,music,1,0,0,0,1.0
1742,46,sports,1,1,0,0,3.0
1742,260,dance,1,0,0,0,1.0
1743,473,comedy,1,0,0,0,1.0
1743,21,dance,1,0,0,0,1.0
1743,214,sports,0,0,0,0,0.0
1743,289,gaming,1,1,0,0,3.0
1743,101,travel,1,0,0,0,1.0
1743,248,music,1,1,0,0,3.0
1743,91,cooking,0,0,0,0,0.0
1743,177,travel,1,0,0,1,4.0
1743,473,sports,1,0,0,0,1.0
1743,466,music,1,0,0,1,4.0
1743,194,sports,0,0,0,0,0.0
1743,494,music,1,1,0,0,3.0
1744,95,travel,1,0,0,0,1.0
1744,414,comedy,0,0,0,0,0.0
1744,412,sports,1,1,0,0,3.0
1744,384,gaming,1,0,0,0,1.0
1744,92,comedy,1,1,0,0,3.0
1744,230,comedy,1,0,0,0,1.0
1744,5,comedy,1,0,0,0,1.0
1744,463,dance,1,0,0,0,1.0
1744,262,dance,0,0,0,0,0.0
1744,124,comedy,1,0,0,0,1.0
1744,83,comedy,1,1,0,0,3.0
1744,41,sports,1,0,0,0,1.0
1744,319,gaming,0,0,0,0,0.0
1744,110,dance,0,0,0,0,0.0
1744,466,education,1,0,0,0,1.0
1745,194,cooking,0,0,0,0,0.0
1745,174,gaming,1,0,0,0,1.0
1745,367,travel,1,1,0,0,3.0
1745,423,gaming,1,1,0,0,3.0
1745,123,gaming,1,0,0,0,1.0
1745,456,comedy,1,0,0,0,1.0
1745,209,travel,0,0,0,0,0.0
1745,343,gaming,1,0,0,0,1.0
1745,314,travel,0,0,0,0,0.0
1745,459,comedy,1,0,0,0,1.0
1745,392,music,0,0,0,0,0.0
1745,146,dance,1,0,0,1,4.0
1745,301,education,0,0,0,0,0.0
1745,342,music,1,0,0,0,1.0
1745,184,gaming,1,1,0,1,6.0
1745,3,comedy,1,0,0,0,1.0
1745,269,cooking,1,0,0,0,1.0
1746,28,music,0,0,0,0,0.0
1746,473,comedy,1,0,0,0,1.0
1746,165,music,1,0,0,0,1.0
1746,459,comedy,1,0,0,0,1.0
1746,126,sports,1,0,0,0,1.0
1746,217,cooking,1,0,0,1,4.0
1746,436,sports,1,0,0,0,1.0
1746,289,cooking,1,0,0,0,1.0
1746,451,cooking,1,1,0,0,3.0
1746,271,sports,0,0,0,0,0.0
1746,378,dance,1,0,0,0,1.0
1746,365,comedy,1,0,0,0,1.0
1746,59,cooking,1,1,0,0,3.0
1746,451,travel,1,0,0,0,1.0
1746,389,travel,1,0,0,0,1.0
1746,251,cooking,1,0,0,1,4.0
1747,174,travel,0,0,0,0,0.0
1747,121,sports,0,0,0,0,0.0
1747,463,gaming,1,1,0,0,3.0
1747,403,cooking,1,1,0,0,3.0
1747,12,gaming,1,0,0,1,4.0
1747,164,cooking,1,0,0,0,1.0
1747,191,cooking,0,0,0,0,0.0
1747,363,dance,1,1,0,0,3.0
1747,344,cooking,1,0,0,0,1.0
1747,259,cooking,0,0,0,0,0.0
1747,374,dance,1,0,0,0,1.0
1747,267,cooking,1,0,0,0,1.0
1747,320,cooking,1,0,0,0,1.0
1747,161,cooking,1,0,0,0,1.0
1748,92,dance,1,0,0,0,1.0
1748,261,dance,0,0,0,0,0.0
1748,369,cooking,1,0,0,0,1.0
1748,299,dance,1,0,0,0,1.0
1748,257,comedy,0,0,0,0,0.0
1749,26,gaming,0,0,0,0,0.0
1749,460,music,1,0,0,0,1.0
1749,320,travel,1,0,0,0,1.0
1749,453,comedy,1,0,0,0,1.0
1749,439,music,1,0,0,0,1.0
1749,135,cooking,1,0,0,0,1.0
1749,104,music,1,0,0,0,1.0
1749,200,gaming,1,0,0,0,1.0
1749,13,music,1,0,0,0,1.0
1750,409,sports,0,0,0,0,0.0
1750,231,music,1,1,0,0,3.0
1750,371,gaming,1,0,0,1,4.0
1750,288,music,0,0,0,0,0.0
1750,233,cooking,1,0,0,0,1.0
1750,27,education,1,1,0,0,3.0
1750,92,cooking,1,0,0,0,1.0
1750,243,sports,1,1,0,1,6.0
1750,473,education,0,0,0,0,0.0
1750,370,travel,1,1,0,0,3.0
1750,394,cooking,1,0,0,0,1.0
1751,246,music,0,0,0,0,0.0
1751,382,comedy,0,0,0,0,0.0
1751,122,cooking,1,0,0,0,1.0
1751,102,sports,1,0,0,0,1.0
1751,409,education,1,0,0,0,1.0
1751,293,education,1,0,0,0,1.0
1751,289,comedy,1,0,0,1,4.0
1751,321,sports,1,0,0,0,1.0
1751,196,sports,1,1,0,0,3.0
1751,332,dance,1,0,0,0,1.0
1752,286,travel,1,0,0,0,1.0
1752,82,travel,1,0,0,0,1.0
1752,11,education,1,1,0,0,3.0
1752,113,music,1,0,0,0,1.0
1752,401,education,1,0,0,1,4.0
1752,70,education,1,0,0,0,1.0
1752,31,dance,0,0,0,0,0.0
1752,430,music,1,0,0,0,1.0
1752,163,sports,1,1,1,0,7.0
1753,8,gaming,1,0,0,0,1.0
1753,257,dance,1,0,0,0,1.0
1753,400,education,1,0,0,0,1.0
1753,290,gaming,1,1,0,0,3.0
1753,272,gaming,1,0,0,0,1.0
1753,148,travel,1,0,0,0,1.0
1753,188,travel,1,0,0,0,1.0
1753,298,comedy,0,0,0,0,0.0
1753,223,gaming,1,1,0,0,3.0
1753,255,gaming,1,1,1,0,7.0
1753,207,comedy,1,0,0,0,1.0
1753,114,education,1,0,0,0,1.0
1754,262,education,1,1,0,0,3.0
1754,12,cooking,1,0,0,0,1.0
1754,159,dance,0,0,0,0,0.0
1754,405,education,1,1,0,0,3.0
1754,358,sports,1,0,0,1,4.0
1754,272,sports,1,0,0,0,1.0
1754,181,travel,0,0,0,0,0.0
1754,249,dance,1,1,0,0,3.0
1754,391,travel,1,0,0,0,1.0
1754,128,comedy,1,0,0,0,1.0
1754,275,sports,0,0,0,0,0.0
1754,317,music,1,0,0,0,1.0
1755,128,cooking,1,0,0,0,1.0
1755,457,education,1,0,0,0,1.0
1755,433,education,1,1,1,0,7.0
1755,57,education,0,0,0,0,0.0
1755,467,cooking,1,1,0,0,3.0
1755,337,cooking,1,1,1,0,7.0
1755,275,education,1,1,0,0,3.0
1755,85,gaming,1,0,0,1,4.0
1755,214,cooking,1,1,0,0,3.0
1755,206,education,1,0,0,0,1.0
1755,97,education,1,0,0,0,1.0
1755,490,music,1,0,0,0,1.0
1755,204,cooking,0,0,0,0,0.0
1755,212,education,1,0,0,1,4.0
1755,368,education,1,0,0,0,1.0
1755,488,education,0,0,0,0,0.0
1755,431,cooking,1,0,0,0,1.0
1755,244,travel,1,0,0,0,1.0
1756,207,dance,1,0,0,0,1.0
1756,271,education,0,0,0,0,0.0
1756,190,dance,0,0,0,0,0.0
1756,340,dance,1,0,0,1,4.0
1756,340,dance,1,0,0,0,1.0
1756,225,gaming,0,0,0,0,0.0
1756,129,gaming,1,0,0,0,1.0
1756,239,dance,1,0,0,0,1.0
1757,131,dance,0,0,0,0,0.0
1757,207,travel,0,0,0,0,0.0
1757,329,cooking,1,0,0,0,1.0
1757,367,sports,1,0,0,0,1.0
1757,443,sports,1,0,0,0,1.0
1757,179,travel,0,0,0,0,0.0
1757,15,cooking,1,0,0,0,1.0
1757,173,comedy,1,1,0,0,3.0
1757,2,cooking,1,0,0,0,1.0
1757,80,music,1,1,0,1,6.0
1757,232,sports,1,0,0,0,1.0
1757,176,sports,1,0,0,0,1.0
1757,269,sports,1,0,0,0,1.0
1757,90,cooking,1,0,0,0,1.0
1758,18,education,1,0,0,0,1.0
1758,140,education,1,0,0,0,1.0
1758,305,education,0,0,0,0,0.0
1758,419,travel,1,1,0,0,3.0
1758,227,education,1,0,0,1,4.0
1758,200,education,1,1,0,0,3.0
1758,42,education,1,1,0,0,3.0
1758,343,music,1,1,0,0,3.0
1758,247,education,0,0,0,0,0.0
1758,92,education,1,0,0,0,1.0
1759,58,travel,1,0,0,0,1.0
1759,155,gaming,1,0,0,0,1.0
1759,273,comedy,1,1,0,0,3.0
1759,438,comedy,1,0,0,0,1.0
1759,60,music,1,0,0,0,1.0
1759,223,comedy,1,0,0,0,1.0
1759,439,comedy,1,0,0,0,1.0
1759,111,music,0,0,0,0,0.0
1759,111,comedy,1,1,0,0,3.0
1759,84,sports,1,1,0,0,3.0
1759,379,sports,1,0,0,0,1.0
1759,384,comedy,1,0,0,0,1.0
1760,479,travel,1,0,0,0,1.0
1760,274,comedy,1,1,0,0,3.0
1760,169,education,1,0,0,0,1.0
1760,93,education,1,0,0,0,1.0
1760,368,education,1,0,0,0,1.0
1760,138,comedy,1,0,0,0,1.0
1760,235,cooking,1,1,0,0,3.0
1760,486,travel,1,0,0,0,1.0
1760,310,music,1,0,0,0,1.0
1760,360,education,1,1,0,0,3.0
1760,234,education,1,0,0,0,1.0
1760,155,travel,1,1,1,0,7.0
1761,428,cooking,1,1,1,0,7.0
1761,261,comedy,1,1,0,0,3.0
1761,242,cooking,1,0,0,1,4.0
1761,289,sports,0,0,0,0,0.0
1761,132,travel,1,0,0,0,1.0
1761,70,gaming,1,0,0,0,1.0
1761,203,cooking,0,0,0,0,0.0
1761,136,education,1,1,0,0,3.0
1761,119,comedy,1,0,0,0,1.0
1761,409,cooking,1,0,0,0,1.0
1762,76,comedy,1,1,0,0,3.0
1762,337,education,1,0,0,0,1.0
1762,359,cooking,1,0,0,0,1.0
1762,217,cooking,0,0,0,0,0.0
1762,356,travel,0,0,0,0,0.0
1762,210,dance,1,0,0,0,1.0
1762,366,comedy,0,0,0,0,0.0
1762,337,music,1,1,0,0,3.0
1762,383,comedy,1,1,0,0,3.0
1762,161,sports,1,0,0,0,1.0
1763,267,dance,1,1,0,0,3.0
1763,371,dance,1,0,0,0,1.0
1763,41,gaming,1,0,0,0,1.0
1763,299,music,0,0,0,0,0.0
1763,188,travel,0,0,0,0,0.0
1763,162,gaming,1,1,0,0,3.0
1763,54,music,1,0,0,0,1.0
1763,333,travel,1,0,0,0,1.0
1763,492,music,0,0,0,0,0.0
1763,323,dance,0,0,0,0,0.0
1763,402,gaming,1,1,0,0,3.0
1763,440,dance,1,0,0,0,1.0
1763,129,music,0,0,0,0,0.0
1763,212,music,1,0,0,0,1.0
1764,376,travel,1,0,0,0,1.0
1764,371,education,1,1,0,0,3.0
1764,140,comedy,1,0,0,0,1.0
1764,25,dance,1,1,0,0,3.0
1764,189,cooking,0,0,0,0,0.0
1764,222,travel,1,1,0,0,3.0
1764,144,travel,1,0,0,0,1.0
1764,272,travel,1,1,0,0,3.0
1764,494,travel,1,0,0,0,1.0
1764,325,education,1,0,0,0,1.0
1764,350,travel,1,0,0,0,1.0
1764,27,comedy,0,0,0,0,0.0
1764,313,comedy,1,1,0,0,3.0
1764,451,music,1,1,0,0,3.0
1764,156,travel,1,0,0,0,1.0
1764,369,travel,1,1,0,0,3.0
1764,431,comedy,1,0,0,1,4.0
1765,391,education,0,0,0,0,0.0
1765,75,travel,1,1,0,0,3.0
1765,400,cooking,0,0,0,0,0.0
1765,489,education,1,0,0,0,1.0
1765,497,education,0,0,0,0,0.0
1765,468,cooking,1,0,0,0,1.0
1765,77,travel,1,1,0,0,3.0
1765,470,education,1,1,0,0,3.0
1766,127,comedy,1,1,0,0,3.0
1766,232,travel,1,0,0,0,1.0
1766,267,comedy,0,0,0,0,0.0
1766,362,travel,0,0,0,0,0.0
1766,226,dance,1,0,0,0,1.0
1766,180,travel,1,0,0,0,1.0
1766,65,sports,0,0,0,0,0.0
1766,299,music,1,0,0,0,1.0
1766,304,music,1,1,0,0,3.0
1766,418,comedy,0,0,0,0,0.0
1766,480,cooking,1,0,0,0,1.0
1766,476,comedy,1,0,0,0,1.0
1766,252,sports,1,1,0,0,3.0
1767,221,travel,0,0,0,0,0.0
1767,101,cooking,1,0,0,0,1.0
1767,172,travel,1,0,0,0,1.0
1767,7,sports,0,0,0,0,0.0
1767,55,education,1,1,0,0,3.0
1767,86,cooking,1,0,0,0,1.0
1767,403,music,1,1,0,0,3.0
1767,436,travel,1,1,0,0,3.0
1767,87,education,1,0,0,0,1.0
1767,18,gaming,1,1,0,0,3.0
1767,262,dance,1,0,0,0,1.0
1767,266,education,1,0,0,0,1.0
1767,148,dance,1,0,0,0,1.0
1767,272,gaming,1,0,0,0,1.0
1767,161,cooking,1,0,0,0,1.0
1767,59,education,1,0,0,0,1.0
1767,375,travel,1,1,0,0,3.0
1767,226,music,1,1,0,0,3.0
1768,274,gaming,1,0,0,0,1.0
1768,354,dance,1,0,0,0,1.0
1768,54,gaming,1,0,0,0,1.0
1768,50,dance,1,0,0,0,1.0
1768,18,comedy,1,0,0,0,1.0
1768,331,cooking,1,0,0,0,1.0
1768,155,sports,1,0,0,0,1.0
1768,463,education,1,0,0,0,1.0
1768,273,travel,1,0,0,0,1.0
1768,360,cooking,1,0,0,0,1.0
1769,32,cooking,1,1,0,0,3.0
1769,348,travel,1,0,0,0,1.0
1769,110,comedy,1,0,0,0,1.0
1769,395,sports,1,0,0,0,1.0
1769,226,travel,1,1,0,0,3.0
1769,463,music,1,1,0,0,3.0
1769,68,sports,1,0,0,0,1.0
1769,457,education,0,0,0,0,0.0
1769,439,cooking,0,0,0,0,0.0
1769,183,music,1,1,0,0,3.0
1769,147,education,1,0,0,0,1.0
1769,153,cooking,0,0,0,0,0.0
1770,335,education,1,1,1,0,7.0
1770,400,education,0,0,0,0,0.0
1770,332,education,1,1,0,0,3.0
1770,482,education,1,1,0,0,3.0
1770,293,gaming,1,1,0,0,3.0
1770,334,education,1,0,0,0,1.0
1770,254,travel,0,0,0,0,0.0
1770,487,music,1,0,0,0,1.0
1770,239,education,1,1,0,0,3.0
1770,51,gaming,1,0,0,0,1.0
1770,22,travel,1,1,0,0,3.0
1770,149,cooking,1,0,0,0,1.0
1770,96,sports,1,0,0,0,1.0
1770,415,gaming,1,0,0,0,1.0
1770,400,gaming,1,0,0,0,1.0
1770,442,education,1,0,0,0,1.0
1770,422,music,0,0,0,0,0.0
1771,12,dance,1,0,0,0,1.0
1771,99,gaming,1,1,0,0,3.0
1771,345,education,0,0,0,0,0.0
1771,297,gaming,1,0,0,0,1.0
1771,76,travel,1,0,0,0,1.0
1771,233,travel,1,0,0,0,1.0
1771,104,travel,1,1,0,0,3.0
1771,296,education,0,0,0,0,0.0
1771,440,education,1,0,0,0,1.0
1772,162,gaming,0,0,0,0,0.0
1772,78,comedy,1,0,0,0,1.0
1772,234,travel,0,0,0,0,0.0
1772,455,travel,0,0,0,0,0.0
1772,236,dance,1,1,0,0,3.0
1772,102,music,1,1,1,0,7.0
1772,328,gaming,1,0,0,0,1.0
1772,351,travel,1,1,0,0,3.0
1772,103,travel,1,0,0,1,4.0
1772,101,sports,0,0,0,0,0.0
1772,224,travel,1,0,0,0,1.0
1773,439,comedy,1,0,0,0,1.0
1773,294,travel,1,0,0,0,1.0
1773,120,sports,1,1,0,0,3.0
1773,104,education,1,0,0,0,1.0
1773,1,comedy,1,1,0,0,3.0
1773,270,travel,1,1,1,1,10.0
1773,137,music,1,1,0,0,3.0
1773,420,education,1,0,0,0,1.0
1773,477,sports,1,1,0,0,3.0
1773,443,cooking,0,0,0,0,0.0
1773,414,sports,1,0,0,0,1.0
1774,104,gaming,1,0,0,0,1.0
1774,212,cooking,1,0,0,1,4.0
1774,439,travel,0,0,0,0,0.0
1774,482,music,0,0,0,0,0.0
1774,219,education,1,0,0,0,1.0
1774,35,gaming,0,0,0,0,0.0
1774,232,gaming,1,1,0,0,3.0
1774,483,gaming,0,0,0,0,0.0
1774,41,travel,1,0,0,0,1.0
1774,156,travel,1,1,0,0,3.0
1774,108,comedy,1,1,0,0,3.0
1774,261,comedy,1,0,0,0,1.0
1774,1,gaming,0,0,0,0,0.0
1774,393,cooking,0,0,0,0,0.0
1774,97,comedy,1,1,0,0,3.0
1774,259,sports,1,0,0,0,1.0
1774,246,comedy,0,0,0,0,0.0
1774,74,cooking,1,0,0,0,1.0
1775,115,comedy,1,0,0,0,1.0
1775,457,cooking,1,1,0,0,3.0
1775,431,gaming,1,0,0,0,1.0
1775,297,comedy,1,0,0,0,1.0
1775,281,comedy,1,0,0,0,1.0
1775,91,music,1,1,1,0,7.0
1775,207,music,1,0,0,0,1.0
1775,238,gaming,1,1,0,0,3.0
1775,446,gaming,1,0,0,0,1.0
1776,315,sports,1,0,0,0,1.0
1776,134,sports,1,0,0,0,1.0
1776,447,sports,1,1,0,0,3.0
1776,383,cooking,1,0,0,0,1.0
1776,63,sports,0,0,0,0,0.0
1776,48,sports,1,0,0,0,1.0
1776,303,dance,1,0,0,0,1.0
1776,215,cooking,1,0,0,0,1.0
1776,216,sports,0,0,0,0,0.0
1776,426,dance,1,0,0,1,4.0
1776,149,cooking,0,0,0,0,0.0
1777,95,gaming,1,0,0,0,1.0
1777,466,gaming,1,0,0,0,1.0
1777,269,gaming,1,1,0,0,3.0
1777,480,cooking,0,0,0,0,0.0
1777,476,cooking,1,1,0,0,3.0
1777,393,cooking,1,0,0,0,1.0
1777,346,music,1,1,1,0,7.0
1778,335,gaming,1,0,0,0,1.0
1778,216,dance,0,0,0,0,0.0
1778,2,education,1,0,0,0,1.0
1778,383,cooking,0,0,0,0,0.0
1778,75,comedy,1,0,0,0,1.0
1778,385,education,1,0,0,0,1.0
1778,190,gaming,0,0,0,0,0.0
1778,35,gaming,1,0,0,0,1.0
1778,110,education,1,0,0,0,1.0
1779,273,education,1,1,0,0,3.0
1779,231,dance,1,0,0,0,1.0
1779,435,education,1,0,0,0,1.0
1779,176,sports,0,0,0,0,0.0
1779,427,education,0,0,0,0,0.0
1779,482,comedy,1,0,0,0,1.0
1779,225,sports,0,0,0,0,0.0
1779,62,comedy,1,0,0,0,1.0
1779,128,education,1,0,0,0,1.0
1780,450,dance,1,1,0,0,3.0
1780,243,gaming,1,0,0,0,1.0
1780,399,comedy,1,0,0,0,1.0
1780,442,comedy,1,0,0,0,1.0
1780,233,sports,0,0,0,0,0.0
1780,314,comedy,0,0,0,0,0.0
1780,454,comedy,0,0,0,0,0.0
1780,474,education,1,0,0,0,1.0
1780,77,dance,1,1,0,0,3.0
1780,255,dance,1,0,0,0,1.0
1780,250,music,1,0,0,0,1.0
1780,461,dance,1,0,0,0,1.0
1780,237,dance,0,0,0,0,0.0
1781,194,travel,1,1,0,0,3.0
1781,269,travel,1,0,0,0,1.0
1781,293,travel,1,0,0,0,1.0
1781,489,travel,1,0,0,0,1.0
1781,469,comedy,1,1,0,0,3.0
1781,349,cooking,1,0,0,0,1.0
1782,486,comedy,1,1,0,0,3.0
1782,170,comedy,1,0,0,0,1.0
1782,73,comedy,0,0,0,0,0.0
1782,401,comedy,1,1,0,0,3.0
1782,258,comedy,0,0,0,0,0.0
1782,149,comedy,1,0,0,0,1.0
1782,8,comedy,1,0,0,0,1.0
1782,119,comedy,1,1,0,0,3.0
1782,116,comedy,1,1,1,0,7.0
1783,113,comedy,1,0,0,0,1.0
1783,185,education,1,0,0,0,1.0
1783,24,education,1,0,0,0,1.0
1783,13,education,1,0,0,0,1.0
1783,153,education,1,0,0,0,1.0
1783,366,education,0,0,0,0,0.0
1783,135,education,1,0,0,0,1.0
1783,11,music,0,0,0,0,0.0
1784,493,gaming,0,0,0,0,0.0
1784,89,sports,1,1,0,0,3.0
1784,102,travel,0,0,0,0,0.0
1784,474,cooking,1,1,0,0,3.0
1784,196,travel,1,0,0,0,1.0
1784,219,travel,1,1,0,0,3.0
1784,29,gaming,1,1,1,0,7.0
1784,126,travel,0,0,0,0,0.0
1784,121,education,1,0,0,0,1.0
1784,207,comedy,1,0,0,0,1.0
1784,339,travel,0,0,0,0,0.0
1784,115,cooking,1,0,0,0,1.0
1784,46,travel,1,0,0,0,1.0
1784,422,cooking,1,1,0,0,3.0
1784,384,travel,0,0,0,0,0.0
1785,96,gaming,1,0,0,0,1.0
1785,277,sports,1,0,0,0,1.0
1785,297,comedy,0,0,0,0,0.0
1785,78,dance,0,0,0,0,0.0
1785,14,comedy,1,0,0,0,1.0
1785,22,cooking,1,0,0,0,1.0
1785,172,gaming,1,0,0,0,1.0
1785,376,dance,1,0,0,0,1.0
1785,388,education,1,1,0,0,3.0
1786,300,education,1,1,1,0,7.0
1786,109,gaming,0,0,0,0,0.0
1786,26,music,1,0,0,0,1.0
1786,423,comedy,1,1,0,0,3.0
1786,341,travel,1,1,0,0,3.0
1786,34,cooking,0,0,0,0,0.0
1786,92,gaming,1,1,0,0,3.0
1786,223,education,1,0,0,0,1.0
1786,64,music,1,1,0,0,3.0
1786,4,education,0,0,0,0,0.0
1786,96,gaming,0,0,0,0,0.0
1787,369,sports,1,1,0,0,3.0
1787,261,cooking,1,1,0,0,3.0
1787,158,cooking,0,0,0,0,0.0
1787,90,dance,1,1,0,0,3.0
1787,67,dance,1,0,0,0,1.0
1787,487,cooking,1,0,0,0,1.0
1787,465,education,0,0,0,0,0.0
1787,484,dance,0,0,0,0,0.0
1787,354,cooking,1,0,0,0,1.0
1787,271,dance,1,0,0,0,1.0
1787,317,cooking,1,0,0,0,1.0
1788,106,comedy,1,0,0,0,1.0
1788,437,comedy,1,1,0,0,3.0
1788,53,gaming,1,0,0,0,1.0
1788,87,dance,1,0,0,0,1.0
1788,139,gaming,1,0,0,0,1.0
1788,133,music,0,0,0,0,0.0
1788,249,travel,1,0,0,0,1.0
1788,364,sports,0,0,0,0,0.0
1788,51,dance,1,0,0,0,1.0
1788,301,comedy,1,1,0,0,3.0
1789,28,education,1,0,0,0,1.0
1789,275,music,1,0,0,0,1.0
1789,288,comedy,1,0,0,0,1.0
1789,270,dance,1,0,0,0,1.0
1789,363,dance,1,0,0,0,1.0
1789,188,travel,1,0,0,0,1.0
1789,287,dance,0,0,0,0,0.0
1789,34,travel,1,1,0,0,3.0
1789,396,comedy,1,0,0,0,1.0
1789,125,sports,1,0,0,1,4.0
1789,445,comedy,1,1,0,0,3.0
1790,75,music,1,1,0,0,3.0
1790,28,cooking,1,0,0,0,1.0
1790,14,travel,1,1,0,0,3.0
1790,37,music,0,0,0,0,0.0
1790,296,travel,1,0,0,0,1.0
1790,397,sports,1,1,0,0,3.0
1790,329,cooking,1,0,0,0,1.0
1790,222,education,1,0,0,0,1.0
1790,58,travel,0,0,0,0,0.0
1790,366,sports,1,0,0,0,1.0
1790,387,music,1,0,0,0,1.0
1790,390,music,1,0,0,0,1.0
1791,48,gaming,1,0,0,0,1.0
1791,142,gaming,1,1,0,0,3.0
1791,21,gaming,1,0,0,0,1.0
1791,478,comedy,1,0,0,0,1.0
1791,284,gaming,0,0,0,0,0.0
1791,212,gaming,1,0,0,0,1.0
1791,101,travel,1,1,0,0,3.0
1791,339,gaming,1,0,0,0,1.0
1792,72,gaming,1,0,0,0,1.0
1792,132,dance,1,1,0,0,3.0
1792,430,gaming,1,0,0,0,1.0
1792,230,comedy,1,1,0,0,3.0
1792,79,sports,1,1,0,0,3.0
1792,39,sports,1,0,0,0,1.0
1792,116,comedy,1,1,0,0,3.0
1792,461,gaming,1,0,0,0,1.0
1792,404,gaming,1,0,0,0,1.0
1792,277,sports,1,0,0,0,1.0
1792,473,gaming,0,0,0,0,0.0
1792,206,cooking,1,0,0,0,1.0
1792,115,comedy,0,0,0,0,0.0
1792,1,gaming,1,0,0,0,1.0
1792,98,comedy,0,0,0,0,0.0
1793,133,education,0,0,0,0,0.0
1793,432,dance,1,0,0,0,1.0
1793,351,gaming,1,0,0,0,1.0
1793,180,dance,1,0,0,0,1.0
1793,420,gaming,1,0,0,0,1.0
1793,14,cooking,0,0,0,0,0.0
1793,388,dance,1,0,0,0,1.0
1793,465,dance,1,0,0,0,1.0
1793,17,cooking,1,0,0,0,1.0
1793,282,dance,1,0,0,0,1.0
1793,205,dance,1,0,0,0,1.0
1794,338,music,1,0,0,0,1.0
1794,11,music,1,0,0,0,1.0
1794,426,travel,0,0,0,0,0.0
1794,30,gaming,1,0,0,0,1.0
1794,209,cooking,1,1,0,0,3.0
1794,135,music,1,0,0,0,1.0
1794,19,travel,1,0,0,0,1.0
1794,76,gaming,1,1,0,0,3.0
1794,279,travel,1,0,0,0,1.0
1794,452,music,1,0,0,0,1.0
1794,474,travel,1,1,0,0,3.0
1795,317,education,1,0,0,0,1.0
1795,207,dance,1,0,0,0,1.0
1795,284,education,1,0,0,0,1.0
1795,495,dance,1,0,0,0,1.0
1795,191,travel,0,0,0,0,0.0
1795,402,gaming,1,0,0,1,4.0
1795,51,cooking,1,0,0,0,1.0
1795,405,gaming,1,0,0,0,1.0
1795,406,gaming,1,1,1,0,7.0
1796,323,dance,1,0,0,0,1.0
1796,299,travel,1,0,0,0,1.0
1796,313,sports,1,0,0,0,1.0
1796,335,dance,1,0,0,1,4.0
1796,230,comedy,0,0,0,0,0.0
1796,266,education,1,0,0,0,1.0
1796,189,travel,1,0,0,0,1.0
1796,82,travel,1,0,0,0,1.0
1796,388,travel,1,1,0,0,3.0
1796,29,travel,1,1,1,0,7.0
1797,211,comedy,1,1,0,0,3.0
1797,22,music,0,0,0,0,0.0
1797,135,cooking,1,1,0,0,3.0
1797,394,gaming,1,0,0,0,1.0
1797,464,dance,0,0,0,0,0.0
1797,193,comedy,1,0,0,0,1.0
1798,347,dance,1,0,0,0,1.0
1798,60,comedy,0,0,0,0,0.0
1798,246,education,1,0,0,0,1.0
1798,120,music,1,1,0,0,3.0
1798,70,dance,0,0,0,0,0.0
1799,484,music,1,0,0,0,1.0
1799,256,music,1,0,0,0,1.0
1799,380,travel,1,0,0,0,1.0
1799,493,comedy,0,0,0,0,0.0
1799,372,comedy,1,0,0,0,1.0
1799,393,music,1,0,0,0,1.0
1799,496,music,1,0,0,0,1.0
1799,399,education,0,0,0,0,0.0
1799,313,music,1,0,0,0,1.0
1799,310,education,0,0,0,0,0.0
1799,433,sports,1,0,0,0,1.0
1799,149,education,1,0,0,0,1.0
1799,82,music,1,0,0,0,1.0
1800,131,gaming,1,1,0,0,3.0
1800,237,gaming,1,0,0,0,1.0
1800,210,travel,0,0,0,0,0.0
1800,337,sports,1,0,0,0,1.0
1801,236,gaming,1,0,0,1,4.0
1801,105,gaming,1,0,0,0,1.0
1801,312,dance,1,0,0,0,1.0
1801,85,music,0,0,0,0,0.0
1801,399,comedy,1,0,0,0,1.0
1801,114,dance,1,0,0,0,1.0
1801,496,sports,1,1,0,0,3.0
1801,86,comedy,1,0,0,0,1.0
1802,170,education,1,0,0,1,4.0
1802,402,music,1,0,0,0,1.0
1802,382,education,1,0,0,0,1.0
1802,207,education,1,0,0,0,1.0
1802,465,music,1,0,0,0,1.0
1802,201,comedy,0,0,0,0,0.0
1802,79,music,1,1,0,0,3.0
1802,485,education,1,0,0,0,1.0
1802,128,cooking,1,1,0,0,3.0
1802,70,education,1,1,1,0,7.0
1802,376,education,1,1,0,0,3.0
1802,398,education,1,0,0,0,1.0
1803,480,comedy,0,0,0,0,0.0
1803,219,music,1,1,0,0,3.0
1803,321,travel,1,0,0,0,1.0
1803,243,travel,0,0,0,0,0.0
1803,74,travel,0,0,0,0,0.0
1803,87,dance,1,0,0,0,1.0
1803,131,travel,1,0,0,0,1.0
1803,211,gaming,1,1,0,0,3.0
1803,486,comedy,0,0,0,0,0.0
1804,306,education,0,0,0,0,0.0
1804,30,comedy,1,0,0,0,1.0
1804,376,education,1,1,1,0,7.0
1804,255,education,1,0,0,0,1.0
1804,76,music,1,0,0,0,1.0
1804,248,comedy,1,1,0,0,3.0
1804,151,comedy,1,0,0,0,1.0
1804,228,travel,1,0,0,0,1.0
1804,20,comedy,1,0,0,0,1.0
1804,247,travel,1,1,0,0,3.0
1805,97,music,1,1,0,0,3.0
1805,53,comedy,1,0,0,0,1.0
1805,55,sports,1,1,0,0,3.0
1805,226,travel,1,0,0,1,4.0
1805,12,travel,1,0,0,0,1.0
1805,488,sports,1,1,1,0,7.0
1805,9,travel,1,1,0,0,3.0
1805,218,sports,1,0,0,0,1.0
1805,42,travel,1,0,0,0,1.0
1805,177,travel,1,1,0,0,3.0
1806,70,comedy,1,1,0,0,3.0
1806,7,dance,1,1,0,0,3.0
1806,313,cooking,1,0,0,0,1.0
1806,204,cooking,1,0,0,0,1.0
1806,207,sports,1,0,0,0,1.0
1806,353,gaming,1,1,0,0,3.0
1806,190,sports,0,0,0,0,0.0
1806,399,music,0,0,0,0,0.0
1806,80,comedy,0,0,0,0,0.0
1807,161,music,0,0,0,0,0.0
1807,85,music,1,0,0,1,4.0
1807,128,music,1,0,0,0,1.0
1807,333,music,1,0,0,1,4.0
1807,97,music,1,1,0,0,3.0
1807,445,music,1,0,0,0,1.0
1807,319,education,1,1,0,0,3.0
1807,331,education,1,0,0,0,1.0
1808,239,travel,1,0,0,0,1.0
1808,291,dance,1,0,0,1,4.0
1808,39,dance,1,1,0,0,3.0
1808,212,travel,1,1,0,0,3.0
1808,201,gaming,1,1,0,0,3.0
1808,25,dance,0,0,0,0,0.0
1808,403,music,0,0,0,0,0.0
1808,470,gaming,1,1,0,0,3.0
1808,265,travel,1,0,0,0,1.0
1808,230,dance,1,0,0,0,1.0
1808,72,cooking,1,1,0,0,3.0
1808,275,dance,1,0,0,0,1.0
1808,107,dance,1,1,0,0,3.0
1808,138,sports,1,1,0,0,3.0
1808,442,gaming,1,0,0,0,1.0
1809,29,cooking,1,0,0,0,1.0
1809,431,sports,1,0,0,0,1.0
1809,297,comedy,1,1,0,0,3.0
1809,225,music,0,0,0,0,0.0
1809,169,cooking,0,0,0,0,0.0
1809,187,gaming,1,1,0,0,3.0
1809,374,music,1,0,0,0,1.0
1809,251,comedy,1,0,0,0,1.0
1809,395,comedy,1,1,0,0,3.0
1809,172,comedy,1,0,0,0,1.0
1809,351,cooking,1,0,0,1,4.0
1809,249,cooking,1,0,0,0,1.0
1809,75,education,1,0,0,1,4.0
1810,161,gaming,1,0,0,0,1.0
1810,232,sports,1,0,0,0,1.0
1810,342,gaming,1,0,0,0,1.0
1810,80,gaming,1,0,0,0,1.0
1810,354,cooking,0,0,0,0,0.0
1810,57,comedy,0,0,0,0,0.0
1810,355,gaming,1,0,0,0,1.0
1810,341,cooking,0,0,0,0,0.0
1811,233,education,1,0,0,0,1.0
1811,491,education,0,0,0,0,0.0
1811,197,education,1,0,0,0,1.0
1811,44,travel,1,0,0,0,1.0
1811,106,education,1,0,0,0,1.0
1811,289,gaming,1,0,0,0,1.0
1811,172,sports,1,1,0,0,3.0
1811,113,travel,0,0,0,0,0.0
1812,187,dance,1,1,1,0,7.0
1812,53,cooking,0,0,0,0,0.0
1812,297,music,1,0,0,0,1.0
1812,420,dance,1,0,0,0,1.0
1812,162,music,1,0,0,0,1.0
1812,135,gaming,1,0,0,0,1.0
1812,274,sports,1,1,0,0,3.0
1812,199,music,1,1,0,0,3.0
1812,21,cooking,1,0,0,0,1.0
1813,5,education,0,0,0,0,0.0
1813,486,travel,1,0,0,0,1.0
1813,278,music,1,0,0,0,1.0
1813,448,music,1,1,0,0,3.0
1813,450,education,1,1,0,0,3.0
1813,83,gaming,0,0,0,0,0.0
1813,344,travel,1,0,0,0,1.0
1813,298,dance,1,1,0,0,3.0
1813,431,travel,1,0,0,0,1.0
1813,310,music,1,0,0,0,1.0
1813,207,education,1,0,0,0,1.0
1813,83,travel,1,0,0,0,1.0
1813,373,music,1,1,0,0,3.0
1813,128,music,1,0,0,0,1.0
1813,55,education,1,1,0,0,3.0
1813,451,comedy,1,1,0,0,3.0
1813,325,gaming,1,0,0,0,1.0
1813,351,education,1,0,0,0,1.0
1813,250,music,1,1,0,0,3.0
1813,428,travel,1,0,0,0,1.0
1813,300,education,1,0,0,0,1.0
1814,361,cooking,1,0,0,0,1.0
1814,464,gaming,0,0,0,0,0.0
1814,191,travel,0,0,0,0,0.0
1814,297,education,1,0,0,0,1.0
1814,357,comedy,0,0,0,0,0.0
1814,434,travel,1,0,0,0,1.0
1814,447,travel,1,0,0,0,1.0
1814,256,gaming,0,0,0,0,0.0
1814,273,cooking,1,0,0,0,1.0
1814,468,comedy,1,0,0,0,1.0
1814,79,travel,0,0,0,0,0.0
1814,204,music,0,0,0,0,0.0
1814,253,dance,1,1,1,0,7.0
1814,359,cooking,1,0,0,0,1.0
1815,313,comedy,1,1,0,0,3.0
1815,371,dance,1,1,0,0,3.0
1815,389,music,1,0,0,0,1.0
1815,69,education,1,1,0,1,6.0
1815,26,education,1,0,0,0,1.0
1815,339,comedy,1,0,0,0,1.0
1815,23,education,0,0,0,0,0.0
1815,412,music,0,0,0,0,0.0
1815,89,dance,1,1,0,0,3.0
1815,314,dance,1,0,0,0,1.0
1815,97,comedy,1,0,0,0,1.0
1815,309,education,1,1,0,0,3.0
1815,95,dance,1,1,0,0,3.0
1815,189,education,1,1,0,0,3.0
1816,50,dance,1,0,0,0,1.0
1816,364,sports,1,1,0,0,3.0
1816,436,travel,0,0,0,0,0.0
1816,147,dance,1,0,0,0,1.0
1816,32,sports,0,0,0,0,0.0
1816,469,sports,1,0,0,0,1.0
1816,381,sports,1,0,0,0,1.0
1816,60,comedy,1,1,0,0,3.0
1816,230,sports,1,0,0,1,4.0
1816,180,travel,0,0,0,0,0.0
1816,80,comedy,1,1,0,0,3.0
1817,27,dance,0,0,0,0,0.0
1817,468,cooking,1,1,0,0,3.0
1817,463,music,0,0,0,0,0.0
1817,350,education,0,0,0,0,0.0
1817,315,cooking,1,0,0,0,1.0
1817,196,gaming,1,0,0,0,1.0
1817,105,dance,1,1,0,0,3.0
1817,209,education,1,0,0,0,1.0
1818,408,education,1,0,0,0,1.0
1818,80,sports,0,0,0,0,0.0
1818,111,cooking,1,1,0,0,3.0
1818,440,education,1,0,0,0,1.0
1818,246,sports,0,0,0,0,0.0
1818,358,comedy,0,0,0,0,0.0
1818,456,sports,1,0,0,0,1.0
1818,471,cooking,1,1,0,0,3.0
1818,117,comedy,1,0,0,0,1.0
1818,273,travel,1,1,0,0,3.0
1818,165,education,0,0,0,0,0.0
1818,454,music,0,0,0,0,0.0
1818,279,gaming,1,1,0,0,3.0
1818,306,cooking,1,0,0,0,1.0
1818,447,dance,1,0,0,0,1.0
1818,206,comedy,0,0,0,0,0.0
1818,235,education,1,0,0,0,1.0
1819,259,dance,1,0,0,0,1.0
1819,78,travel,1,0,0,0,1.0
1819,214,music,1,0,0,0,1.0
1819,305,comedy,1,1,0,0,3.0
1819,20,comedy,1,0,0,0,1.0
1819,269,comedy,1,1,0,0,3.0
1819,424,travel,1,0,0,0,1.0
1819,413,gaming,1,0,0,0,1.0
1819,405,comedy,1,1,0,0,3.0
1819,86,comedy,1,1,0,0,3.0
1819,275,dance,1,1,0,0,3.0
1819,59,sports,1,1,0,0,3.0
1820,339,music,1,0,0,0,1.0
1820,472,gaming,1,0,0,0,1.0
1820,63,travel,1,0,0,0,1.0
1820,241,dance,1,0,0,0,1.0
1820,158,dance,0,0,0,0,0.0
1820,398,gaming,1,0,0,0,1.0
1820,160,gaming,0,0,0,0,0.0
1820,122,travel,1,1,0,0,3.0
1820,84,sports,0,0,0,0,0.0
1820,438,gaming,1,0,0,0,1.0
1821,280,cooking,1,1,0,0,3.0
1821,118,sports,1,0,0,0,1.0
1821,334,cooking,1,0,0,1,4.0
1821,477,cooking,0,0,0,0,0.0
1821,364,dance,1,0,0,1,4.0
1821,444,gaming,1,0,0,1,4.0
1821,203,sports,0,0,0,0,0.0
1821,277,dance,1,1,0,0,3.0
1821,369,dance,1,1,0,0,3.0
1821,302,cooking,0,0,0,0,0.0
1821,397,education,1,0,0,0,1.0
1821,32,dance,1,0,0,0,1.0
1821,409,sports,1,0,0,0,1.0
1822,69,comedy,1,0,0,0,1.0
1822,456,music,0,0,0,0,0.0
1822,446,music,1,0,0,0,1.0
1822,263,dance,0,0,0,0,0.0
1822,353,dance,0,0,0,0,0.0
1822,357,music,1,0,0,0,1.0
1822,58,dance,0,0,0,0,0.0
1822,252,dance,1,0,0,0,1.0
1822,63,dance,1,1,0,0,3.0
1823,308,education,1,0,0,0,1.0
1823,145,gaming,0,0,0,0,0.0
1823,406,education,1,0,0,0,1.0
1823,90,comedy,1,0,0,0,1.0
1823,348,gaming,0,0,0,0,0.0
1823,230,gaming,1,0,0,1,4.0
1823,467,education,0,0,0,0,0.0
1823,320,gaming,1,0,0,0,1.0
1823,193,gaming,0,0,0,0,0.0
1823,224,travel,1,1,0,0,3.0
1823,282,gaming,1,0,0,0,1.0
1823,376,gaming,1,0,0,0,1.0
1823,134,gaming,1,0,0,0,1.0
1823,10,music,1,1,0,0,3.0
1823,237,gaming,0,0,0,0,0.0
1824,367,comedy,1,0,0,0,1.0
1824,252,music,1,1,0,0,3.0
1824,334,music,1,1,0,0,3.0
1824,138,gaming,1,1,0,0,3.0
1824,169,cooking,1,0,0,0,1.0
1824,448,gaming,1,0,0,0,1.0
1824,481,sports,0,0,0,0,0.0
1824,139,cooking,1,0,0,0,1.0
1825,419,travel,1,1,0,0,3.0
1825,46,gaming,0,0,0,0,0.0
1825,343,cooking,0,0,0,0,0.0
1825,480,dance,1,0,0,0,1.0
1825,267,travel,1,0,0,1,4.0
1825,311,cooking,1,0,0,0,1.0
1825,147,travel,0,0,0,0,0.0
1825,345,music,1,0,0,0,1.0
1826,353,comedy,1,0,0,0,1.0
1826,215,sports,1,0,0,1,4.0
1826,440,music,1,0,0,0,1.0
1826,6,music,1,0,0,0,1.0
1826,1,dance,1,1,0,0,3.0
1826,85,music,1,0,0,0,1.0
1826,144,sports,1,0,0,0,1.0
1826,72,sports,1,0,0,0,1.0
1826,101,gaming,1,1,0,0,3.0
1826,31,gaming,0,0,0,0,0.0
1826,139,music,0,0,0,0,0.0
1826,16,sports,0,0,0,0,0.0
1826,250,comedy,1,1,0,0,3.0
1826,49,gaming,1,0,0,0,1.0
1826,233,comedy,1,0,0,0,1.0
1826,58,gaming,1,0,0,1,4.0
1826,37,comedy,1,0,0,0,1.0
1827,314,music,1,0,0,0,1.0
1827,83,music,1,0,0,0,1.0
1827,20,music,1,1,0,0,3.0
1827,400,music,1,0,0,0,1.0
1827,252,sports,1,0,0,0,1.0
1827,24,sports,0,0,0,0,0.0
1827,163,music,1,0,0,0,1.0
1827,209,music,1,0,0,0,1.0
1827,358,gaming,1,0,0,0,1.0
1827,113,music,1,0,0,0,1.0
1828,33,gaming,1,0,0,0,1.0
1828,332,gaming,0,0,0,0,0.0
1828,343,music,1,0,0,0,1.0
1828,45,comedy,1,0,0,0,1.0
1828,243,travel,1,1,0,0,3.0
1828,368,gaming,1,1,0,0,3.0
1828,335,travel,1,1,1,0,7.0
1828,439,music,0,0,0,0,0.0
1828,52,dance,1,0,0,0,1.0
1829,332,cooking,1,0,0,1,4.0
1829,62,dance,1,0,0,0,1.0
1829,268,education,1,0,0,0,1.0
1829,482,music,1,1,0,0,3.0
1829,3,comedy,1,0,0,0,1.0
1829,85,sports,1,0,0,0,1.0
1829,155,gaming,0,0,0,0,0.0
1829,93,music,1,0,0,0,1.0
1829,96,music,0,0,0,0,0.0
1829,423,cooking,1,1,0,0,3.0
1830,109,gaming,1,1,1,0,7.0
1830,149,comedy,0,0,0,0,0.0
1830,333,travel,1,1,0,0,3.0
1830,76,comedy,1,0,0,0,1.0
1830,164,education,1,0,0,0,1.0
1830,76,gaming,1,1,0,0,3.0
1830,435,dance,1,0,0,0,1.0
1830,196,education,0,0,0,0,0.0
1830,454,education,1,0,0,0,1.0
1830,137,education,1,1,0,0,3.0
1830,41,gaming,1,1,0,0,3.0
1831,139,gaming,1,1,1,0,7.0
1831,69,gaming,1,0,0,0,1.0
1831,348,comedy,1,1,0,0,3.0
1831,83,comedy,0,0,0,0,0.0
1831,265,travel,1,0,0,0,1.0
1831,471,cooking,1,0,0,0,1.0
1831,176,education,1,0,0,1,4.0
1832,350,gaming,1,0,0,0,1.0
1832,272,comedy,1,1,0,0,3.0
1832,489,dance,1,0,0,0,1.0
1832,379,sports,1,0,0,0,1.0
1832,91,travel,0,0,0,0,0.0
1832,268,cooking,1,1,0,0,3.0
1832,361,sports,1,0,0,0,1.0
1832,256,sports,1,0,0,0,1.0
1832,179,comedy,1,0,0,0,1.0
1832,457,sports,0,0,0,0,0.0
1832,460,sports,0,0,0,0,0.0
1832,170,cooking,1,1,0,0,3.0
1833,177,sports,1,0,0,0,1.0
1833,21,music,1,0,0,0,1.0
1833,402,comedy,1,0,0,0,1.0
1833,164,sports,1,1,1,0,7.0
1833,59,gaming,0,0,0,0,0.0
1833,442,gaming,1,1,0,0,3.0
1833,333,gaming,1,1,0,0,3.0
1833,227,comedy,1,0,0,0,1.0
1833,466,music,1,0,0,0,1.0
1833,223,gaming,1,1,0,0,3.0
1833,288,dance,1,0,0,0,1.0
1833,436,education,1,0,0,0,1.0
1833,37,music,0,0,0,0,0.0
1833,223,travel,1,1,0,0,3.0
1833,340,travel,1,1,1,0,7.0
1834,277,comedy,1,1,0,0,3.0
1834,134,comedy,0,0,0,0,0.0
1834,145,cooking,1,0,0,0,1.0
1834,270,music,0,0,0,0,0.0
1834,195,music,1,0,0,1,4.0
1834,441,gaming,0,0,0,0,0.0
1834,486,gaming,1,1,0,0,3.0
1834,192,cooking,1,0,0,0,1.0
1834,461,cooking,1,0,0,0,1.0
1834,386,gaming,1,0,0,0,1.0
1834,64,gaming,0,0,0,0,0.0
1835,350,gaming,0,0,0,0,0.0
1835,221,gaming,1,0,0,0,1.0
1835,87,gaming,1,0,0,0,1.0
1835,191,education,1,1,1,0,7.0
1835,153,gaming,0,0,0,0,0.0
1835,425,education,0,0,0,0,0.0
1835,8,education,1,0,0,0,1.0
1835,209,dance,0,0,0,0,0.0
1835,106,travel,1,0,0,0,1.0
1835,330,music,1,0,0,0,1.0
1836,236,gaming,1,1,0,0,3.0
1836,418,dance,0,0,0,0,0.0
1836,437,dance,1,1,0,0,3.0
1836,314,dance,1,0,0,0,1.0
1836,286,dance,1,1,0,0,3.0
1836,462,education,1,0,0,0,1.0
1836,355,education,1,0,0,0,1.0
1836,331,cooking,1,0,0,0,1.0
1836,416,dance,1,1,0,0,3.0
1836,390,education,1,1,0,0,3.0
1836,242,dance,1,0,0,0,1.0
1837,116,music,1,0,0,0,1.0
1837,432,music,1,0,0,0,1.0
1837,232,music,1,0,0,0,1.0
1837,296,comedy,1,0,0,0,1.0
1837,105,music,1,0,0,0,1.0
1837,382,education,1,1,0,0,3.0
1837,346,music,0,0,0,0,0.0
1837,332,music,1,1,0,0,3.0
1837,255,sports,1,1,0,0,3.0
1837,116,travel,1,1,0,0,3.0
1837,322,music,1,0,0,0,1.0
1838,338,comedy,1,0,0,0,1.0
1838,437,music,1,1,1,1,10.0
1838,259,music,1,1,0,0,3.0
1838,425,sports,1,0,0,0,1.0
1838,483,dance,1,0,0,0,1.0
1838,138,music,1,0,0,0,1.0
1838,192,sports,0,0,0,0,0.0
1838,16,education,0,0,0,0,0.0
1838,233,dance,1,1,0,0,3.0
1838,346,dance,1,1,0,0,3.0
1838,337,dance,0,0,0,0,0.0
1838,490,dance,1,1,0,0,3.0
1838,30,sports,1,0,0,0,1.0
1838,390,dance,1,0,0,0,1.0
1838,176,dance,1,0,0,0,1.0
1839,404,dance,1,0,0,0,1.0
1839,31,music,1,0,0,0,1.0
1839,402,music,1,0,0,0,1.0
1839,71,music,1,1,0,0,3.0
1839,271,music,1,1,0,0,3.0
1839,257,music,1,1,0,0,3.0
1839,144,music,0,0,0,0,0.0
1839,133,cooking,1,0,0,0,1.0
1840,469,dance,1,0,0,0,1.0
1840,162,cooking,1,0,0,0,1.0
1840,31,music,0,0,0,0,0.0
1840,49,music,0,0,0,0,0.0
1840,249,music,1,1,0,0,3.0
1840,235,gaming,1,0,0,0,1.0
1840,325,dance,1,0,0,0,1.0
1840,276,gaming,1,0,0,0,1.0
1840,17,music,0,0,0,0,0.0
1840,33,education,1,1,0,0,3.0
1841,250,cooking,1,0,0,0,1.0
1841,457,dance,1,0,0,0,1.0
1841,96,comedy,1,0,0,0,1.0
1841,226,education,1,0,0,0,1.0
1841,413,dance,1,1,0,0,3.0
1841,341,travel,1,0,0,0,1.0
1841,398,travel,1,1,0,0,3.0
1841,362,music,0,0,0,0,0.0
1842,84,comedy,0,0,0,0,0.0
1842,257,music,1,0,0,0,1.0
1842,230,music,0,0,0,0,0.0
1842,58,travel,1,0,0,0,1.0
1842,80,music,1,0,0,0,1.0
1842,440,cooking,0,0,0,0,0.0
1842,125,education,0,0,0,0,0.0
1842,112,music,0,0,0,0,0.0
1843,475,sports,1,0,0,0,1.0
1843,224,cooking,1,0,0,0,1.0
1843,60,education,0,0,0,0,0.0
1843,131,cooking,0,0,0,0,0.0
1843,72,education,1,1,0,0,3.0
1843,33,cooking,1,1,0,0,3.0
1843,192,cooking,1,0,0,0,1.0
1843,113,travel,0,0,0,0,0.0
1843,77,cooking,1,0,0,0,1.0
1844,285,comedy,1,0,0,0,1.0
1844,448,travel,1,1,1,1,10.0
1844,114,comedy,1,1,0,0,3.0
1844,116,education,1,1,0,0,3.0
1844,445,cooking,1,0,0,0,1.0
1844,211,travel,0,0,0,0,0.0
1844,375,comedy,1,0,0,0,1.0
1844,333,travel,1,1,0,0,3.0
1844,195,music,1,0,0,0,1.0
1844,393,dance,1,0,0,0,1.0
1844,338,education,1,0,0,0,1.0
1844,376,dance,1,0,0,0,1.0
1845,52,sports,1,0,0,0,1.0
1845,316,comedy,0,0,0,0,0.0
1845,455,comedy,1,0,0,0,1.0
1845,431,gaming,1,0,0,0,1.0
1845,77,gaming,1,0,0,0,1.0
1845,210,travel,1,0,0,0,1.0
1845,469,dance,1,0,0,0,1.0
1846,487,travel,1,1,0,0,3.0
1846,133,sports,1,0,0,0,1.0
1846,99,sports,1,1,0,0,3.0
1846,314,music,0,0,0,0,0.0
1846,160,sports,1,0,0,0,1.0
1847,281,gaming,1,0,0,0,1.0
1847,489,education,1,0,0,0,1.0
1847,345,cooking,0,0,0,0,0.0
1847,253,music,1,0,0,0,1.0
1847,238,sports,1,1,0,0,3.0
1847,193,travel,1,0,0,0,1.0
1847,249,music,1,0,0,1,4.0
1847,377,sports,1,0,0,0,1.0
1847,266,sports,1,0,0,0,1.0
1847,78,dance,1,1,0,0,3.0
1848,447,cooking,1,1,0,0,3.0
1848,321,education,1,1,0,0,3.0
1848,224,gaming,0,0,0,0,0.0
1848,170,comedy,0,0,0,0,0.0
1848,308,dance,1,0,0,0,1.0
1848,168,cooking,1,0,0,0,1.0
1848,366,sports,1,0,0,0,1.0
1848,309,dance,1,0,0,0,1.0
1848,239,education,1,1,1,0,7.0
1848,206,sports,1,0,0,0,1.0
1848,365,comedy,1,0,0,0,1.0
1848,5,gaming,0,0,0,0,0.0
1849,56,sports,1,0,0,0,1.0
1849,368,comedy,1,0,0,0,1.0
1849,247,gaming,1,1,0,0,3.0
1849,211,music,1,0,0,0,1.0
1849,185,dance,1,0,0,0,1.0
1849,285,dance,0,0,0,0,0.0
1849,83,comedy,1,1,0,0,3.0
1849,416,sports,1,0,0,0,1.0
1849,465,gaming,1,0,0,0,1.0
1849,378,gaming,1,0,0,1,4.0
1849,145,gaming,0,0,0,0,0.0
1849,205,cooking,1,0,0,1,4.0
1849,488,gaming,1,0,0,0,1.0
1850,374,education,1,0,0,1,4.0
1850,444,dance,1,0,0,0,1.0
1850,290,education,0,0,0,0,0.0
1850,386,comedy,0,0,0,0,0.0
1850,45,education,1,0,0,0,1.0
1850,146,dance,1,0,0,0,1.0
1850,19,comedy,1,0,0,0,1.0
1850,415,gaming,1,0,0,0,1.0
1850,374,gaming,1,1,0,0,3.0
1850,281,comedy,1,0,0,0,1.0
1850,321,dance,1,0,0,0,1.0
1850,280,comedy,1,0,0,0,1.0
1850,179,travel,1,0,0,0,1.0
1850,371,cooking,0,0,0,0,0.0
1850,79,education,1,0,0,0,1.0
1851,41,comedy,1,1,0,0,3.0
1851,96,comedy,1,0,0,0,1.0
1851,271,sports,0,0,0,0,0.0
1851,470,comedy,1,0,0,0,1.0
1851,24,comedy,1,0,0,0,1.0
1851,427,travel,1,0,0,0,1.0
1851,275,travel,1,1,0,0,3.0
1851,472,gaming,1,0,0,0,1.0
1851,490,comedy,1,0,0,0,1.0
1851,491,comedy,1,0,0,0,1.0
1851,127,cooking,1,0,0,0,1.0
1851,379,comedy,1,0,0,0,1.0
1851,367,travel,1,0,0,0,1.0
1851,94,music,1,0,0,0,1.0
1852,355,dance,1,0,0,0,1.0
1852,23,dance,0,0,0,0,0.0
1852,437,dance,1,0,0,0,1.0
1852,186,comedy,1,1,0,0,3.0
1852,228,dance,1,1,0,0,3.0
1852,363,comedy,1,0,0,1,4.0
1852,350,gaming,1,1,0,0,3.0
1853,317,gaming,1,1,0,0,3.0
1853,185,comedy,1,0,0,0,1.0
1853,300,education,0,0,0,0,0.0
1853,153,cooking,1,0,0,0,1.0
1853,20,cooking,0,0,0,0,0.0
1853,231,education,0,0,0,0,0.0
1853,328,dance,1,0,0,0,1.0
1853,388,music,1,0,0,0,1.0
1853,381,cooking,1,1,0,0,3.0
1853,189,travel,1,1,0,0,3.0
1854,429,sports,1,0,0,0,1.0
1854,35,music,1,0,0,0,1.0
1854,468,education,1,0,0,0,1.0
1854,275,comedy,1,0,0,0,1.0
1854,450,education,0,0,0,0,0.0
1854,217,dance,1,0,0,0,1.0
1854,403,dance,1,1,0,0,3.0
1854,116,music,1,0,0,0,1.0
1854,455,education,1,1,0,0,3.0
1854,313,cooking,1,0,0,0,1.0
1854,323,sports,1,1,0,0,3.0
1855,249,gaming,0,0,0,0,0.0
1855,455,cooking,1,0,0,0,1.0
1855,362,gaming,1,0,0,0,1.0
1855,173,gaming,1,1,0,0,3.0
1855,469,gaming,1,1,0,0,3.0
1855,274,cooking,1,0,0,0,1.0
1855,468,music,1,1,0,0,3.0
1855,39,gaming,1,0,0,0,1.0
1855,429,gaming,0,0,0,0,0.0
1856,249,travel,1,1,0,0,3.0
1856,475,education,1,0,0,1,4.0
1856,339,education,1,1,0,0,3.0
1856,186,comedy,1,0,0,0,1.0
1856,55,gaming,1,0,0,0,1.0
1856,0,music,1,0,0,0,1.0
1856,103,education,1,1,0,0,3.0
1856,454,sports,0,0,0,0,0.0
1856,377,gaming,1,0,0,0,1.0
1856,194,gaming,1,1,0,0,3.0
1857,379,sports,1,0,0,0,1.0
1857,106,education,1,1,1,1,10.0
1857,85,sports,1,1,0,0,3.0
1857,23,music,0,0,0,0,0.0
1857,46,gaming,1,0,0,0,1.0
1857,445,travel,1,0,0,0,1.0
1857,263,cooking,0,0,0,0,0.0
1858,143,education,1,0,0,0,1.0
1858,248,dance,1,1,0,0,3.0
1858,189,education,1,1,0,0,3.0
1858,135,sports,1,0,0,0,1.0
1858,462,gaming,1,1,1,0,7.0
1858,10,cooking,1,0,0,0,1.0
1858,311,education,1,1,0,0,3.0
1858,350,education,0,0,0,0,0.0
1858,182,cooking,0,0,0,0,0.0
1859,217,cooking,1,0,0,0,1.0
1859,330,cooking,1,1,0,0,3.0
1859,86,cooking,1,1,0,0,3.0
1859,297,education,1,0,0,0,1.0
1859,378,cooking,1,0,0,0,1.0
1859,344,sports,1,0,0,0,1.0
1859,190,cooking,0,0,0,0,0.0
1859,348,travel,0,0,0,0,0.0
1859,95,sports,1,0,0,0,1.0
1859,315,travel,0,0,0,0,0.0
1859,193,sports,1,0,0,0,1.0
1859,375,sports,1,1,0,0,3.0
1859,40,education,0,0,0,0,0.0
1859,435,cooking,1,0,0,0,1.0
1859,382,cooking,1,0,0,0,1.0
1860,173,dance,1,0,0,0,1.0
1860,257,sports,0,0,0,0,0.0
1860,237,cooking,1,0,0,0,1.0
1860,428,dance,1,0,0,0,1.0
1860,451,cooking,0,0,0,0,0.0
1860,110,cooking,1,0,0,0,1.0
1860,401,dance,1,0,0,0,1.0
1860,66,sports,1,0,0,0,1.0
1860,102,dance,1,0,0,0,1.0
1860,105,sports,1,0,0,0,1.0
1860,34,dance,1,0,0,0,1.0
1860,207,education,1,0,0,0,1.0
1861,157,sports,0,0,0,0,0.0
1861,12,dance,1,1,0,0,3.0
1861,479,sports,1,0,0,1,4.0
1861,198,dance,1,0,0,0,1.0
1861,376,education,1,1,0,0,3.0
1861,445,comedy,1,0,0,0,1.0
1861,288,cooking,1,1,0,0,3.0
1861,331,education,1,0,0,0,1.0
1861,255,dance,0,0,0,0,0.0
1861,209,sports,1,0,0,0,1.0
1861,182,comedy,0,0,0,0,0.0
1861,144,comedy,0,0,0,0,0.0
1861,372,dance,1,1,0,0,3.0
1861,124,comedy,0,0,0,0,0.0
1861,26,dance,1,0,0,0,1.0
1862,43,gaming,0,0,0,0,0.0
1862,206,dance,1,1,0,0,3.0
1862,40,sports,1,0,0,0,1.0
1862,119,cooking,1,0,0,0,1.0
1862,79,dance,1,0,0,0,1.0
1862,351,dance,1,1,0,0,3.0
1862,121,sports,0,0,0,0,0.0
1862,80,dance,1,1,0,0,3.0
1862,380,dance,1,1,0,0,3.0
1863,37,comedy,1,0,0,0,1.0
1863,188,gaming,1,0,0,0,1.0
1863,153,comedy,1,0,0,0,1.0
1863,415,dance,1,0,0,0,1.0
1863,406,gaming,1,0,0,0,1.0
1863,349,sports,1,1,0,0,3.0
1863,352,sports,0,0,0,0,0.0
1863,292,comedy,1,0,0,0,1.0
1863,74,comedy,1,0,0,0,1.0
1863,422,gaming,1,1,0,1,6.0
1864,170,music,0,0,0,0,0.0
1864,388,travel,1,0,0,0,1.0
1864,102,gaming,1,0,0,0,1.0
1864,321,music,1,0,0,0,1.0
1864,442,cooking,0,0,0,0,0.0
1864,287,education,1,0,0,0,1.0
1864,152,travel,0,0,0,0,0.0
1864,48,education,1,0,0,0,1.0
1864,290,dance,1,1,0,0,3.0
1865,334,travel,1,0,0,0,1.0
1865,177,travel,1,0,0,0,1.0
1865,305,sports,0,0,0,0,0.0
1865,238,travel,1,0,0,0,1.0
1865,360,education,1,0,0,0,1.0
1865,463,comedy,1,1,0,0,3.0
1865,441,travel,1,1,0,0,3.0
1865,44,cooking,1,1,0,0,3.0
1865,9,education,1,1,0,0,3.0
1865,475,travel,1,0,0,0,1.0
1865,325,sports,1,0,0,0,1.0
1866,315,music,0,0,0,0,0.0
1866,480,music,1,0,0,0,1.0
1866,291,music,1,1,0,0,3.0
1866,115,music,1,0,0,0,1.0
1866,260,gaming,0,0,0,0,0.0
1866,124,gaming,1,0,0,0,1.0
1866,14,education,1,1,0,0,3.0
1866,339,gaming,1,1,0,1,6.0
1866,438,gaming,1,0,0,0,1.0
1866,479,gaming,0,0,0,0,0.0
1867,482,comedy,1,0,0,1,4.0
1867,70,comedy,1,0,0,0,1.0
1867,271,gaming,1,0,0,0,1.0
1867,228,comedy,1,0,0,0,1.0
1867,396,dance,1,0,0,0,1.0
1867,73,comedy,0,0,0,0,0.0
1867,211,comedy,0,0,0,0,0.0
1867,262,sports,0,0,0,0,0.0
1867,440,comedy,0,0,0,0,0.0
1867,84,sports,0,0,0,0,0.0
1867,370,dance,0,0,0,0,0.0
1867,220,comedy,1,0,0,0,1.0
1867,118,comedy,1,0,0,0,1.0
1868,21,cooking,1,0,0,0,1.0
1868,395,comedy,1,0,0,0,1.0
1868,18,comedy,1,0,0,0,1.0
1868,174,comedy,1,0,0,0,1.0
1868,144,comedy,1,0,0,0,1.0
1868,451,comedy,1,1,0,0,3.0
1868,46,comedy,1,0,0,0,1.0
1868,149,comedy,0,0,0,0,0.0
1868,97,comedy,0,0,0,0,0.0
1869,396,music,1,1,0,0,3.0
1869,128,music,1,1,0,0,3.0
1869,60,travel,1,1,0,0,3.0
1869,177,travel,1,0,0,0,1.0
1869,330,cooking,1,0,0,0,1.0
1869,326,gaming,1,1,0,0,3.0
1869,269,gaming,1,1,0,0,3.0
1869,438,music,0,0,0,0,0.0
1869,497,dance,0,0,0,0,0.0
1869,386,sports,1,0,0,0,1.0
1869,303,cooking,1,0,0,0,1.0
1870,377,dance,1,0,0,0,1.0
1870,22,cooking,1,0,0,0,1.0
1870,374,comedy,1,1,0,0,3.0
1870,143,gaming,1,1,0,0,3.0
1870,414,cooking,0,0,0,0,0.0
1870,357,comedy,1,1,0,0,3.0
1870,91,comedy,1,1,0,0,3.0
1870,92,travel,1,0,0,0,1.0
1870,207,comedy,0,0,0,0,0.0
1870,304,cooking,1,0,0,0,1.0
1870,272,comedy,0,0,0,0,0.0
1870,389,travel,1,0,0,0,1.0
1870,463,gaming,1,0,0,0,1.0
1871,202,education,1,1,0,0,3.0
1871,145,education,1,1,0,0,3.0
1871,241,education,0,0,0,0,0.0
1871,497,education,1,0,0,0,1.0
1871,309,dance,0,0,0,0,0.0
1871,270,education,0,0,0,0,0.0
1871,469,education,1,1,0,0,3.0
1871,365,sports,0,0,0,0,0.0
1871,391,education,0,0,0,0,0.0
1871,219,education,1,1,0,0,3.0
1871,115,travel,0,0,0,0,0.0
1871,385,sports,1,0,0,0,1.0
1871,197,education,0,0,0,0,0.0
1872,79,cooking,1,0,0,0,1.0
1872,166,cooking,1,0,0,0,1.0
1872,147,sports,0,0,0,0,0.0
1872,266,travel,1,0,0,0,1.0
1872,372,sports,1,1,0,0,3.0
1872,132,travel,1,0,0,0,1.0
1872,168,travel,1,0,0,0,1.0
1873,328,education,1,0,0,0,1.0
1873,211,comedy,1,1,0,0,3.0
1873,452,education,0,0,0,0,0.0
1873,59,sports,1,1,1,0,7.0
1873,283,travel,1,1,0,0,3.0
1873,7,comedy,1,0,0,1,4.0
1873,47,dance,1,1,0,0,3.0
1873,494,dance,1,1,0,0,3.0
1873,347,education,1,0,0,0,1.0
1873,273,music,1,0,0,0,1.0
1873,376,music,0,0,0,0,0.0
1873,241,music,1,1,0,0,3.0
1873,319,cooking,1,0,0,1,4.0
1873,135,education,1,0,0,0,1.0
1873,22,travel,1,0,0,0,1.0
1874,25,comedy,1,0,0,0,1.0
1874,407,sports,1,0,0,0,1.0
1874,168,travel,1,0,0,0,1.0
1874,342,education,1,0,0,0,1.0
1874,311,comedy,1,0,0,0,1.0
1874,158,sports,1,1,0,0,3.0
1874,202,education,1,1,0,0,3.0
1874,183,sports,1,0,0,0,1.0
1874,449,travel,1,0,0,0,1.0
1874,234,sports,1,0,0,0,1.0
1874,454,education,1,0,0,0,1.0
1874,5,sports,1,1,0,0,3.0
1874,88,education,0,0,0,0,0.0
1874,327,travel,1,1,1,0,7.0
1874,332,education,1,0,0,0,1.0
1875,211,comedy,1,0,0,0,1.0
1875,150,education,1,1,0,0,3.0
1875,154,travel,1,1,0,0,3.0
1875,156,travel,1,1,0,0,3.0
1875,140,cooking,1,0,0,0,1.0
1875,297,dance,1,1,0,0,3.0
1875,19,comedy,0,0,0,0,0.0
1875,320,dance,1,1,0,0,3.0
1875,307,dance,1,0,0,0,1.0
1876,276,travel,1,0,0,1,4.0
1876,19,travel,1,0,0,0,1.0
1876,379,music,1,1,0,0,3.0
1876,410,gaming,0,0,0,0,0.0
1876,361,travel,1,0,0,0,1.0
1876,232,travel,1,0,0,0,1.0
1876,52,comedy,1,0,0,0,1.0
1876,318,comedy,1,1,0,0,3.0
1876,344,cooking,1,0,0,0,1.0
1877,216,cooking,0,0,0,0,0.0
1877,48,cooking,1,0,0,0,1.0
1877,478,gaming,1,0,0,0,1.0
1877,389,sports,1,0,0,1,4.0
1877,466,comedy,1,0,0,0,1.0
1877,175,gaming,0,0,0,0,0.0
1877,216,cooking,1,0,0,0,1.0
1877,380,sports,1,0,0,0,1.0
1877,485,dance,1,0,0,0,1.0
1877,20,cooking,1,0,0,0,1.0
1877,224,comedy,1,0,0,0,1.0
1877,133,cooking,0,0,0,0,0.0
1877,302,music,1,0,0,0,1.0
1878,8,comedy,1,1,0,0,3.0
1878,233,sports,1,1,0,0,3.0
1878,399,travel,1,0,0,0,1.0
1878,451,sports,1,0,0,0,1.0
1878,120,comedy,1,0,0,0,1.0
1878,280,cooking,1,0,0,0,1.0
1878,278,sports,1,0,0,0,1.0
1878,332,sports,1,0,0,0,1.0
1878,411,education,1,1,0,0,3.0
1878,111,sports,1,0,0,0,1.0
1878,192,gaming,1,0,0,0,1.0
1878,354,gaming,0,0,0,0,0.0
1878,74,music,0,0,0,0,0.0
1879,140,music,1,0,0,0,1.0
1879,461,sports,1,0,0,0,1.0
1879,431,cooking,0,0,0,0,0.0
1879,118,comedy,1,0,0,0,1.0
1879,486,education,1,0,0,0,1.0
1879,219,comedy,1,0,0,0,1.0
1879,416,sports,0,0,0,0,0.0
1879,394,comedy,1,0,0,0,1.0
1880,340,dance,1,0,0,1,4.0
1880,162,cooking,1,0,0,0,1.0
1880,293,music,1,0,0,0,1.0
1880,367,travel,1,1,0,0,3.0
1880,461,cooking,1,1,0,0,3.0
1880,23,sports,0,0,0,0,0.0
1880,307,music,1,0,0,0,1.0
1880,166,music,1,1,0,0,3.0
1880,388,travel,0,0,0,0,0.0
1880,490,sports,1,0,0,0,1.0
1880,396,sports,0,0,0,0,0.0
1880,488,cooking,1,0,0,0,1.0
1880,317,dance,1,1,0,0,3.0
1880,203,music,1,0,0,0,1.0
1880,326,music,1,0,0,0,1.0
1880,106,sports,1,0,0,0,1.0
1880,271,music,1,0,0,0,1.0
1880,274,cooking,1,0,0,0,1.0
1880,378,music,1,0,0,0,1.0
1880,201,dance,0,0,0,0,0.0
1880,133,travel,0,0,0,0,0.0
1880,94,music,1,0,0,0,1.0
1881,188,cooking,1,1,1,0,7.0
1881,236,travel,1,0,0,0,1.0
1881,315,sports,1,1,0,0,3.0
1881,383,education,1,0,0,0,1.0
1881,30,education,0,0,0,0,0.0
1881,13,education,1,0,0,0,1.0
1882,363,comedy,1,1,0,0,3.0
1882,358,comedy,1,1,0,0,3.0
1882,360,gaming,1,0,0,0,1.0
1882,224,sports,1,1,0,0,3.0
1882,435,sports,1,1,0,1,6.0
1882,442,dance,1,0,0,0,1.0
1882,465,sports,1,1,0,0,3.0
1882,408,comedy,1,0,0,0,1.0
1882,370,dance,1,0,0,0,1.0
1882,227,comedy,1,1,0,0,3.0
1882,397,comedy,1,1,0,0,3.0
1882,419,comedy,1,0,0,0,1.0
1883,100,sports,1,1,0,0,3.0
1883,67,travel,1,0,0,0,1.0
1883,488,cooking,1,1,1,0,7.0
1883,408,sports,1,1,1,1,10.0
1883,58,music,0,0,0,0,0.0
1883,97,comedy,1,1,0,0,3.0
1883,76,cooking,1,0,0,0,1.0
1883,418,comedy,0,0,0,0,0.0
1883,380,gaming,1,0,0,0,1.0
1883,225,comedy,1,0,0,0,1.0
1883,389,travel,1,1,0,0,3.0
1883,42,cooking,1,0,0,0,1.0
1884,104,education,1,0,0,0,1.0
1884,470,sports,1,0,0,0,1.0
1884,327,education,0,0,0,0,0.0
1884,64,sports,1,1,0,0,3.0
1884,209,gaming,1,0,0,0,1.0
1884,363,sports,1,0,0,1,4.0
1884,357,education,1,0,0,0,1.0
1884,251,dance,0,0,0,0,0.0
1884,60,education,1,1,0,0,3.0
1884,298,education,1,0,0,0,1.0
1884,436,education,1,1,0,0,3.0
1884,338,dance,1,0,0,0,1.0
1884,268,education,1,0,0,0,1.0
1885,323,travel,0,0,0,0,0.0
1885,184,dance,1,1,0,0,3.0
1885,284,dance,1,0,0,0,1.0
1885,36,comedy,1,0,0,0,1.0
1885,330,dance,1,0,0,0,1.0
1885,59,education,1,0,0,0,1.0
1885,84,dance,1,0,0,0,1.0
1885,223,travel,1,0,0,0,1.0
1885,406,comedy,0,0,0,0,0.0
1885,477,education,1,0,0,0,1.0
1885,243,travel,1,0,0,0,1.0
1885,354,comedy,1,0,0,0,1.0
1885,499,education,1,0,0,0,1.0
1886,445,dance,1,1,1,0,7.0
1886,234,sports,1,0,0,0,1.0
1886,113,sports,1,0,0,0,1.0
1886,72,gaming,1,0,0,0,1.0
1886,363,dance,1,0,0,0,1.0
1886,27,dance,1,0,0,0,1.0
1886,485,cooking,0,0,0,0,0.0
1887,154,comedy,1,0,0,0,1.0
1887,429,music,1,0,0,1,4.0
1887,52,travel,1,0,0,0,1.0
1887,359,music,1,0,0,0,1.0
1887,286,gaming,1,0,0,0,1.0
1887,331,comedy,1,0,0,0,1.0
1887,307,comedy,1,0,0,0,1.0
1887,191,education,0,0,0,0,0.0
1887,275,travel,1,0,0,0,1.0
1887,495,gaming,1,0,0,0,1.0
1887,444,comedy,1,0,0,0,1.0
1887,156,education,1,1,0,0,3.0
1887,248,education,1,1,0,0,3.0
1887,452,dance,1,1,0,0,3.0
1887,289,education,0,0,0,0,0.0
1888,45,dance,0,0,0,0,0.0
1888,10,dance,1,0,0,0,1.0
1888,470,dance,1,0,0,0,1.0
1888,70,sports,1,0,0,0,1.0
1888,258,comedy,1,0,0,0,1.0
1888,340,comedy,1,0,0,0,1.0
1888,153,comedy,1,0,0,0,1.0
1888,438,dance,1,0,0,0,1.0
1888,136,comedy,1,0,0,0,1.0
1888,166,music,1,1,1,0,7.0
1888,136,travel,1,0,0,0,1.0
1888,92,travel,0,0,0,0,0.0
1888,94,comedy,1,1,0,0,3.0
1888,87,comedy,1,0,0,0,1.0
1888,217,gaming,0,0,0,0,0.0
1888,183,music,0,0,0,0,0.0
1889,259,dance,0,0,0,0,0.0
1889,196,cooking,1,0,0,0,1.0
1889,421,sports,1,0,0,0,1.0
1889,65,dance,1,1,0,0,3.0
1889,229,education,1,0,0,0,1.0
1889,462,cooking,0,0,0,0,0.0
1889,103,cooking,1,0,0,0,1.0
1889,184,cooking,1,0,0,1,4.0
1889,208,sports,1,0,0,0,1.0
1889,375,dance,0,0,0,0,0.0
1889,221,education,1,0,0,0,1.0
1889,251,sports,1,0,0,0,1.0
1890,351,dance,1,1,0,0,3.0
1890,345,sports,1,1,0,0,3.0
1890,75,sports,1,1,0,0,3.0
1890,347,dance,1,0,0,0,1.0
1890,226,dance,1,0,0,0,1.0
1890,122,education,1,0,0,0,1.0
1890,327,music,1,1,0,0,3.0
1890,295,travel,1,0,0,0,1.0
1890,383,sports,1,0,0,0,1.0
1890,16,dance,0,0,0,0,0.0
1890,39,travel,1,1,0,0,3.0
1890,102,gaming,0,0,0,0,0.0
1890,410,travel,0,0,0,0,0.0
1891,423,sports,1,0,0,0,1.0
1891,26,dance,1,1,0,0,3.0
1891,41,sports,0,0,0,0,0.0
1891,242,sports,1,1,0,0,3.0
1891,164,sports,1,0,0,0,1.0
1891,308,gaming,0,0,0,0,0.0
1891,226,sports,1,0,0,0,1.0
1891,448,education,1,0,0,0,1.0
1891,89,dance,1,1,0,0,3.0
1891,380,travel,1,0,0,0,1.0
1891,287,sports,1,0,0,0,1.0
1891,10,dance,1,0,0,0,1.0
1891,321,music,1,1,0,0,3.0
1891,339,dance,1,0,0,0,1.0
1892,16,cooking,1,0,0,0,1.0
1892,376,sports,1,1,0,0,3.0
1892,432,gaming,1,0,0,0,1.0
1892,228,travel,1,0,0,1,4.0
1892,198,cooking,1,1,0,0,3.0
1892,297,music,1,0,0,0,1.0
1892,369,sports,1,0,0,0,1.0
1892,273,cooking,1,0,0,0,1.0
1892,84,cooking,1,0,0,0,1.0
1892,469,music,1,0,0,0,1.0
1893,285,travel,1,0,0,0,1.0
1893,65,comedy,1,0,0,0,1.0
1893,458,sports,1,0,0,0,1.0
1893,484,music,1,0,0,0,1.0
1893,291,music,1,0,0,0,1.0
1893,337,gaming,1,1,0,0,3.0
1893,457,travel,1,0,0,0,1.0
1894,82,dance,1,1,0,0,3.0
1894,215,travel,1,1,0,0,3.0
1894,185,music,1,0,0,0,1.0
1894,152,sports,1,0,0,1,4.0
1894,253,dance,1,0,0,1,4.0
1894,135,travel,0,0,0,0,0.0
1894,441,dance,0,0,0,0,0.0
1895,138,sports,1,0,0,0,1.0
1895,23,comedy,1,1,0,0,3.0
1895,360,dance,0,0,0,0,0.0
1895,191,dance,1,0,0,0,1.0
1895,210,education,1,0,0,0,1.0
1896,390,travel,1,0,0,0,1.0
1896,464,comedy,0,0,0,0,0.0
1896,340,dance,0,0,0,0,0.0
1896,412,gaming,0,0,0,0,0.0
1896,138,travel,1,0,0,0,1.0
1896,420,education,0,0,0,0,0.0
1896,303,cooking,1,0,0,0,1.0
1896,332,dance,1,0,0,0,1.0
1896,175,music,0,0,0,0,0.0
1896,339,travel,1,0,0,0,1.0
1896,233,cooking,1,1,0,0,3.0
1896,289,dance,1,0,0,0,1.0
1897,99,travel,1,1,0,0,3.0
1897,108,education,1,0,0,0,1.0
1897,85,gaming,1,0,0,0,1.0
1897,183,gaming,1,0,0,0,1.0
1897,287,dance,0,0,0,0,0.0
1897,122,gaming,1,0,0,0,1.0
1897,269,travel,1,0,0,0,1.0
1897,103,travel,0,0,0,0,0.0
1897,24,travel,1,0,0,0,1.0
1897,348,travel,1,0,0,0,1.0
1897,409,travel,0,0,0,0,0.0
1897,475,travel,1,0,0,0,1.0
1898,67,education,0,0,0,0,0.0
1898,57,comedy,1,0,0,0,1.0
1898,454,travel,1,0,0,0,1.0
1898,182,sports,1,0,0,0,1.0
1898,458,travel,1,1,0,0,3.0
1898,442,travel,0,0,0,0,0.0
1898,135,travel,0,0,0,0,0.0
1898,160,travel,0,0,0,0,0.0
1898,234,sports,1,0,0,0,1.0
1898,409,travel,1,1,0,0,3.0
1898,188,travel,1,0,0,0,1.0
1898,75,travel,0,0,0,0,0.0
1898,116,cooking,1,1,0,0,3.0
1898,116,travel,1,1,0,0,3.0
1899,225,cooking,1,0,0,0,1.0
1899,373,gaming,1,0,0,0,1.0
1899,380,cooking,1,1,0,0,3.0
1899,20,cooking,1,1,0,0,3.0
1899,134,music,1,0,0,0,1.0
1899,116,music,1,1,0,0,3.0
1899,383,dance,1,0,0,0,1.0
1899,385,music,1,0,0,0,1.0
1899,430,travel,1,0,0,1,4.0
1899,437,cooking,1,0,0,0,1.0
1899,176,gaming,1,0,0,0,1.0
1899,316,cooking,1,0,0,0,1.0
1899,307,cooking,1,0,0,0,1.0
1899,472,gaming,1,0,0,0,1.0
1899,395,cooking,1,1,0,0,3.0
1899,149,sports,1,1,1,0,7.0
1899,183,cooking,0,0,0,0,0.0
1899,95,music,1,1,0,0,3.0
1899,348,comedy,0,0,0,0,0.0
1899,377,music,1,0,0,0,1.0
1900,321,gaming,1,1,0,0,3.0
1900,222,education,1,0,0,0,1.0
1900,208,travel,1,0,0,0,1.0
1900,302,travel,1,0,0,0,1.0
1900,93,sports,1,0,0,0,1.0
1900,342,gaming,0,0,0,0,0.0
1900,237,travel,1,1,0,0,3.0
1900,247,music,1,1,0,0,3.0
1900,196,education,1,0,0,0,1.0
1900,279,gaming,1,0,0,0,1.0
1900,237,dance,1,0,0,0,1.0
1900,65,dance,1,0,0,0,1.0
1900,185,travel,1,1,0,0,3.0
1900,113,dance,0,0,0,0,0.0
1901,60,music,1,1,0,0,3.0
1901,125,travel,1,0,0,0,1.0
1901,414,education,1,0,0,0,1.0
1901,459,music,0,0,0,0,0.0
1901,47,music,0,0,0,0,0.0
1902,388,travel,1,1,0,0,3.0
1902,314,gaming,1,0,0,0,1.0
1902,153,travel,0,0,0,0,0.0
1902,35,travel,1,0,0,0,1.0
1902,444,dance,1,0,0,0,1.0
1902,454,dance,0,0,0,0,0.0
1902,15,gaming,1,0,0,0,1.0
1902,116,gaming,0,0,0,0,0.0
1902,217,cooking,1,1,0,0,3.0
1902,89,cooking,1,1,0,0,3.0
1902,181,dance,0,0,0,0,0.0
1902,212,gaming,1,0,0,0,1.0
1902,425,gaming,1,1,1,0,7.0
1902,311,music,1,1,0,0,3.0
1902,146,music,0,0,0,0,0.0
1902,255,music,1,1,1,0,7.0
1902,174,travel,1,0,0,0,1.0
1903,183,music,1,0,0,0,1.0
1903,397,cooking,1,0,0,0,1.0
1903,352,cooking,1,0,0,0,1.0
1903,174,gaming,1,0,0,0,1.0
1903,147,cooking,1,0,0,0,1.0
1903,289,cooking,1,0,0,0,1.0
1903,51,cooking,0,0,0,0,0.0
1903,208,gaming,1,0,0,0,1.0
1903,293,education,1,1,0,0,3.0
1903,295,cooking,0,0,0,0,0.0
1904,498,sports,1,1,0,0,3.0
1904,160,education,1,0,0,0,1.0
1904,192,cooking,1,0,0,0,1.0
1904,85,dance,1,1,0,1,6.0
1904,286,dance,1,0,0,0,1.0
1904,449,dance,1,0,0,0,1.0
1904,39,cooking,0,0,0,0,0.0
1904,291,dance,0,0,0,0,0.0
1904,451,dance,1,1,0,0,3.0
1904,428,dance,1,1,0,0,3.0
1904,256,comedy,1,0,0,0,1.0
1904,173,travel,1,1,1,0,7.0
1904,380,dance,0,0,0,0,0.0
1904,200,travel,1,0,0,0,1.0
1904,208,music,1,0,0,0,1.0
1904,359,cooking,0,0,0,0,0.0
1904,419,dance,1,0,0,0,1.0
1905,84,dance,1,1,0,0,3.0
1905,431,comedy,1,0,0,0,1.0
1905,197,dance,1,0,0,0,1.0
1905,260,sports,1,1,0,0,3.0
1905,179,sports,0,0,0,0,0.0
1906,494,dance,1,0,0,0,1.0
1906,177,travel,1,0,0,0,1.0
1906,208,gaming,0,0,0,0,0.0
1906,76,education,1,0,0,0,1.0
1906,499,travel,1,1,1,0,7.0
1906,221,dance,0,0,0,0,0.0
1906,252,cooking,0,0,0,0,0.0
1906,309,sports,1,0,0,0,1.0
1906,108,music,0,0,0,0,0.0
1906,476,travel,1,0,0,0,1.0
1906,268,gaming,1,1,0,0,3.0
1906,102,sports,0,0,0,0,0.0
1906,181,cooking,0,0,0,0,0.0
1906,287,dance,1,1,0,0,3.0
1906,274,dance,1,1,0,0,3.0
1906,149,travel,0,0,0,0,0.0
1907,168,dance,1,0,0,0,1.0
1907,131,cooking,0,0,0,0,0.0
1907,446,education,1,0,0,0,1.0
1907,126,education,1,1,0,0,3.0
1907,64,cooking,1,0,0,0,1.0
1907,19,cooking,1,0,0,0,1.0
1908,366,comedy,1,0,0,0,1.0
1908,444,dance,1,0,0,0,1.0
1908,377,gaming,1,0,0,0,1.0
1908,407,dance,1,0,0,0,1.0
1908,273,gaming,1,0,0,1,4.0
1908,55,cooking,1,0,0,0,1.0
1908,170,music,0,0,0,0,0.0
1908,213,gaming,1,0,0,1,4.0
1908,437,education,1,0,0,0,1.0
1908,312,gaming,1,1,0,0,3.0
1908,306,education,1,1,0,0,3.0
1908,326,gaming,1,0,0,0,1.0
1908,439,dance,0,0,0,0,0.0
1908,191,sports,1,0,0,0,1.0
1909,118,gaming,1,0,0,0,1.0
1909,246,gaming,1,0,0,0,1.0
1909,91,cooking,1,1,0,0,3.0
1909,281,gaming,1,0,0,1,4.0
1909,228,gaming,1,0,0,0,1.0
1909,446,gaming,1,0,0,0,1.0
1909,463,travel,1,1,0,0,3.0
1909,489,gaming,0,0,0,0,0.0
1909,195,comedy,1,0,0,0,1.0
1909,132,gaming,1,1,0,0,3.0
1909,130,comedy,1,1,0,0,3.0
1909,167,dance,0,0,0,0,0.0
1909,285,gaming,1,1,0,0,3.0
1910,262,gaming,1,0,0,0,1.0
1910,419,cooking,1,0,0,1,4.0
1910,472,gaming,1,1,0,0,3.0
1910,230,sports,0,0,0,0,0.0
1910,363,education,1,0,0,0,1.0
1910,382,travel,1,0,0,0,1.0
1910,74,gaming,1,0,0,0,1.0
1910,106,comedy,1,0,0,0,1.0
1910,338,dance,1,0,0,0,1.0
1910,194,cooking,1,1,1,0,7.0
1910,153,comedy,1,1,0,0,3.0
1910,356,dance,1,0,0,0,1.0
1911,37,music,1,0,0,1,4.0
1911,174,gaming,1,1,0,0,3.0
1911,338,cooking,1,0,0,0,1.0
1911,450,comedy,1,0,0,0,1.0
1911,468,comedy,1,0,0,0,1.0
1911,449,comedy,1,0,0,0,1.0
1911,305,gaming,1,0,0,0,1.0
1911,315,comedy,1,0,0,0,1.0
1911,433,comedy,1,1,0,0,3.0
1911,269,comedy,1,0,0,0,1.0
1911,306,cooking,0,0,0,0,0.0
1911,363,cooking,1,0,0,0,1.0
1911,357,comedy,1,0,0,0,1.0
1911,376,sports,1,0,0,0,1.0
1912,244,music,1,0,0,0,1.0
1912,261,music,1,0,0,0,1.0
1912,99,music,1,0,0,0,1.0
1912,285,music,1,0,0,1,4.0
1912,88,music,1,0,0,0,1.0
1912,184,dance,1,1,0,0,3.0
1912,460,education,0,0,0,0,0.0
1912,94,education,1,0,0,0,1.0
1912,498,music,0,0,0,0,0.0
1912,155,dance,1,0,0,0,1.0
1912,463,dance,1,0,0,0,1.0
1912,319,dance,1,1,0,0,3.0
1912,176,sports,0,0,0,0,0.0
1912,467,education,1,0,0,0,1.0
1913,372,travel,1,0,0,0,1.0
1913,339,gaming,1,0,0,0,1.0
1913,90,dance,1,0,0,0,1.0
1913,49,travel,1,0,0,0,1.0
1913,24,dance,1,0,0,0,1.0
1913,258,travel,1,0,0,0,1.0
1913,243,gaming,1,1,0,0,3.0
1913,152,dance,1,0,0,0,1.0
1913,356,sports,1,1,0,0,3.0
1913,73,travel,0,0,0,0,0.0
1913,267,travel,1,1,1,0,7.0
1913,323,travel,0,0,0,0,0.0
1913,332,music,1,0,0,0,1.0
1913,312,travel,1,1,0,0,3.0
1913,399,music,1,0,0,0,1.0
1913,431,travel,0,0,0,0,0.0
1913,248,music,1,0,0,0,1.0
1914,334,sports,1,0,0,0,1.0
1914,158,travel,1,0,0,0,1.0
1914,8,travel,1,0,0,0,1.0
1914,53,sports,1,1,0,0,3.0
1914,129,gaming,1,0,0,0,1.0
1914,92,sports,1,0,0,0,1.0
1915,142,dance,1,1,0,0,3.0
1915,227,travel,0,0,0,0,0.0
1915,390,sports,1,1,0,0,3.0
1915,372,dance,1,0,0,0,1.0
1915,282,dance,0,0,0,0,0.0
1915,352,cooking,0,0,0,0,0.0
1915,148,education,1,0,0,0,1.0
1915,253,comedy,0,0,0,0,0.0
1915,356,gaming,1,0,0,0,1.0
1915,327,dance,1,1,0,0,3.0
1915,354,sports,1,0,0,0,1.0
1915,379,comedy,0,0,0,0,0.0
1915,390,sports,1,0,0,0,1.0
1915,381,sports,1,1,1,0,7.0
1915,442,sports,1,1,0,1,6.0
1915,179,comedy,1,0,0,0,1.0
1915,356,cooking,1,0,0,0,1.0
1916,302,cooking,1,0,0,0,1.0
1916,13,travel,1,0,0,0,1.0
1916,387,travel,0,0,0,0,0.0
1916,181,cooking,1,0,0,0,1.0
1916,359,dance,1,1,0,0,3.0
1916,329,sports,0,0,0,0,0.0
1916,309,gaming,1,0,0,0,1.0
1916,333,sports,1,0,0,0,1.0
1916,77,cooking,1,1,0,0,3.0
1916,67,gaming,1,0,0,0,1.0
1917,365,education,1,0,0,0,1.0
1917,229,comedy,1,1,0,1,6.0
1917,385,music,1,1,0,0,3.0
1917,124,travel,0,0,0,0,0.0
1917,272,music,1,0,0,0,1.0
1917,54,music,0,0,0,0,0.0
1917,378,music,1,0,0,0,1.0
1917,120,music,0,0,0,0,0.0
1917,465,comedy,1,1,0,0,3.0
1917,346,cooking,1,0,0,0,1.0
1917,107,cooking,1,0,0,0,1.0
1917,5,music,1,0,0,0,1.0
1917,96,education,1,0,0,0,1.0
1918,336,education,1,0,0,0,1.0
1918,138,sports,1,1,0,0,3.0
1918,452,comedy,0,0,0,0,0.0
1918,337,cooking,0,0,0,0,0.0
1918,445,sports,1,0,0,1,4.0
1918,292,cooking,1,1,0,0,3.0
1918,494,cooking,1,0,0,0,1.0
1918,485,sports,1,0,0,0,1.0
1919,336,cooking,1,1,0,0,3.0
1919,189,sports,0,0,0,0,0.0
1919,159,comedy,0,0,0,0,0.0
1919,189,dance,1,0,0,0,1.0
1919,32,sports,1,0,0,0,1.0
1919,234,cooking,0,0,0,0,0.0
1919,305,comedy,1,0,0,0,1.0
1920,431,dance,1,0,0,0,1.0
1920,111,travel,1,1,0,0,3.0
1920,355,travel,0,0,0,0,0.0
1920,200,travel,1,0,0,0,1.0
1920,199,music,1,1,0,0,3.0
1920,261,travel,0,0,0,0,0.0
1920,111,music,1,1,0,0,3.0
1920,448,travel,1,0,0,0,1.0
1920,434,music,1,1,0,0,3.0
1920,163,music,1,0,0,1,4.0
1920,423,music,0,0,0,0,0.0
1920,16,travel,1,0,0,0,1.0
1920,21,gaming,0,0,0,0,0.0
1920,416,gaming,1,0,0,0,1.0
1921,301,music,1,1,1,0,7.0
1921,347,music,1,0,0,0,1.0
1921,167,music,0,0,0,0,0.0
1921,285,comedy,1,1,0,1,6.0
1921,76,gaming,1,1,0,0,3.0
1921,229,comedy,1,0,0,0,1.0
1921,272,comedy,0,0,0,0,0.0
1921,342,sports,1,0,0,0,1.0
1921,124,music,1,0,0,0,1.0
1921,325,comedy,1,0,0,0,1.0
1921,377,gaming,1,0,0,0,1.0
1921,433,music,1,1,0,0,3.0
1921,274,gaming,0,0,0,0,0.0
1922,145,sports,1,1,0,0,3.0
1922,315,education,1,0,0,0,1.0
1922,233,education,1,1,0,0,3.0
1922,471,music,1,0,0,0,1.0
1922,200,education,1,0,0,0,1.0
1922,420,music,1,1,0,0,3.0
1922,168,cooking,1,0,0,0,1.0
1922,121,gaming,1,0,0,0,1.0
1922,470,music,1,0,0,0,1.0
1922,293,music,1,1,0,1,6.0
1922,11,comedy,1,1,0,0,3.0
1922,7,comedy,0,0,0,0,0.0
1923,315,comedy,1,1,0,0,3.0
1923,190,sports,1,0,0,0,1.0
1923,60,dance,1,0,0,0,1.0
1923,447,dance,1,0,0,0,1.0
1923,383,dance,1,1,0,0,3.0
1923,164,dance,1,0,0,0,1.0
1923,300,comedy,1,0,0,0,1.0
1923,319,dance,1,0,0,0,1.0
1923,27,dance,1,0,0,1,4.0
1923,189,cooking,0,0,0,0,0.0
1923,136,comedy,0,0,0,0,0.0
1923,77,dance,1,0,0,0,1.0
1923,309,dance,1,0,0,1,4.0
1923,143,music,1,0,0,0,1.0
1923,335,gaming,1,0,0,0,1.0
1924,454,education,0,0,0,0,0.0
1924,414,education,1,1,0,0,3.0
1924,7,education,1,0,0,0,1.0
1924,132,gaming,1,1,0,0,3.0
1924,83,travel,1,0,0,0,1.0
1924,294,cooking,1,1,1,0,7.0
1924,271,education,1,0,0,0,1.0
1924,21,education,1,0,0,0,1.0
1924,423,music,1,0,0,0,1.0
1924,234,sports,0,0,0,0,0.0
1924,14,cooking,1,1,0,0,3.0
1924,57,travel,1,0,0,0,1.0
1924,478,education,1,0,0,0,1.0
1925,319,travel,1,1,0,0,3.0
1925,55,education,0,0,0,0,0.0
1925,305,music,1,0,0,1,4.0
1925,346,music,1,1,0,0,3.0
1925,139,music,1,1,1,0,7.0
1925,45,education,1,0,0,0,1.0
1925,192,education,1,0,0,0,1.0
1925,477,dance,1,0,0,0,1.0
1925,187,music,1,0,0,0,1.0
1925,421,music,1,0,0,0,1.0
1925,486,music,0,0,0,0,0.0
1926,133,travel,0,0,0,0,0.0
1926,252,education,1,0,0,0,1.0
1926,490,music,1,0,0,0,1.0
1926,81,comedy,1,1,0,0,3.0
1926,265,gaming,1,0,0,0,1.0
1926,357,gaming,1,0,0,0,1.0
1926,33,music,1,0,0,0,1.0
1926,75,music,1,0,0,0,1.0
1926,467,sports,1,0,0,0,1.0
1926,358,gaming,0,0,0,0,0.0
1926,274,gaming,1,1,0,0,3.0
1927,416,comedy,0,0,0,0,0.0
1927,17,dance,0,0,0,0,0.0
1927,402,travel,1,0,0,0,1.0
1927,153,travel,0,0,0,0,0.0
1927,157,sports,1,1,0,0,3.0
1927,370,gaming,1,1,0,0,3.0
1927,129,sports,1,0,0,0,1.0
1927,475,comedy,1,0,0,0,1.0
1927,346,education,1,0,0,0,1.0
1928,199,gaming,1,1,0,0,3.0
1928,398,dance,0,0,0,0,0.0
1928,385,gaming,1,1,0,0,3.0
1928,109,dance,1,0,0,0,1.0
1928,352,education,1,0,0,0,1.0
1928,442,cooking,1,1,0,0,3.0
1928,105,gaming,1,0,0,0,1.0
1928,366,gaming,1,0,0,0,1.0
1928,135,music,1,0,0,0,1.0
1928,95,gaming,0,0,0,0,0.0
1929,472,travel,1,0,0,0,1.0
1929,310,comedy,1,0,0,0,1.0
1929,473,comedy,1,0,0,0,1.0
1929,208,education,1,0,0,0,1.0
1929,478,travel,1,1,0,0,3.0
1929,215,travel,1,1,0,0,3.0
1929,167,education,1,1,0,0,3.0
1929,144,music,0,0,0,0,0.0
1929,117,comedy,1,0,0,0,1.0
1929,415,music,0,0,0,0,0.0
1929,174,travel,1,0,0,0,1.0
1929,280,comedy,1,0,0,0,1.0
1929,456,travel,1,0,0,0,1.0
1930,283,music,1,0,0,0,1.0
1930,492,dance,1,0,0,1,4.0
1930,78,cooking,1,0,0,0,1.0
1930,331,dance,1,0,0,0,1.0
1930,277,sports,1,0,0,0,1.0
1930,112,dance,0,0,0,0,0.0
1931,2,comedy,0,0,0,0,0.0
1931,224,cooking,1,0,0,0,1.0
1931,30,cooking,1,0,0,1,4.0
1931,50,music,0,0,0,0,0.0
1931,228,education,1,0,0,0,1.0
1931,387,dance,1,0,0,0,1.0
1932,76,travel,0,0,0,0,0.0
1932,124,dance,1,1,0,0,3.0
1932,368,sports,1,0,0,0,1.0
1932,286,dance,1,0,0,0,1.0
1932,248,dance,1,1,0,0,3.0
1932,386,cooking,1,1,0,0,3.0
1933,152,comedy,1,0,0,1,4.0
1933,129,gaming,1,1,0,0,3.0
1933,71,sports,0,0,0,0,0.0
1933,457,music,1,0,0,0,1.0
1933,246,gaming,0,0,0,0,0.0
1933,345,sports,1,0,0,0,1.0
1933,138,education,1,0,0,0,1.0
1933,292,dance,1,0,0,1,4.0
1933,7,gaming,0,0,0,0,0.0
1933,253,education,1,1,0,0,3.0
1933,131,gaming,1,0,0,0,1.0
1933,152,education,1,0,0,0,1.0
1934,176,education,1,1,0,0,3.0
1934,114,travel,1,0,0,0,1.0
1934,468,music,1,0,0,0,1.0
1934,66,dance,1,0,0,1,4.0
1934,53,music,1,0,0,0,1.0
1934,202,dance,1,0,0,0,1.0
1934,284,dance,1,1,0,0,3.0
1934,452,dance,1,0,0,0,1.0
1934,170,music,1,0,0,0,1.0
1934,257,travel,1,1,0,1,6.0
1934,421,music,0,0,0,0,0.0
1935,293,dance,1,1,0,0,3.0
1935,28,travel,1,0,0,0,1.0
1935,350,cooking,0,0,0,0,0.0
1935,141,travel,1,0,0,0,1.0
1935,425,education,0,0,0,0,0.0
1935,76,sports,1,0,0,0,1.0
1935,373,comedy,1,0,0,0,1.0
1935,75,cooking,1,0,0,0,1.0
1935,113,dance,1,0,0,0,1.0
1935,119,travel,1,0,0,0,1.0
1935,447,dance,1,0,0,0,1.0
1935,102,cooking,0,0,0,0,0.0
1936,399,gaming,1,1,0,0,3.0
1936,22,music,0,0,0,0,0.0
1936,26,travel,1,1,0,0,3.0
1936,417,travel,1,0,0,0,1.0
1936,57,dance,1,0,0,0,1.0
1936,259,cooking,0,0,0,0,0.0
1936,381,comedy,0,0,0,0,0.0
1936,379,cooking,1,1,0,1,6.0
1936,33,education,1,1,0,0,3.0
1936,104,comedy,1,0,0,0,1.0
1937,381,gaming,1,0,0,0,1.0
1937,228,music,1,0,0,0,1.0
1937,155,gaming,1,0,0,0,1.0
1937,438,cooking,1,0,0,0,1.0
1937,479,dance,1,0,0,0,1.0
1937,159,gaming,1,0,0,0,1.0
1937,449,music,1,1,0,0,3.0
1937,311,travel,1,0,0,0,1.0
1937,84,gaming,1,0,0,0,1.0
1937,213,gaming,1,0,0,0,1.0
1937,92,music,0,0,0,0,0.0
1937,156,gaming,0,0,0,0,0.0
1937,440,music,1,0,0,0,1.0
1938,275,education,1,0,0,1,4.0
1938,233,sports,0,0,0,0,0.0
1938,5,comedy,1,0,0,0,1.0
1938,270,education,0,0,0,0,0.0
1938,440,comedy,1,0,0,0,1.0
1938,152,cooking,0,0,0,0,0.0
1938,176,cooking,1,0,0,0,1.0
1938,180,sports,0,0,0,0,0.0
1938,450,sports,1,1,0,0,3.0
1938,330,gaming,1,1,0,1,6.0
1938,394,gaming,1,0,0,0,1.0
1938,334,dance,0,0,0,0,0.0
1938,367,dance,0,0,0,0,0.0
1938,7,gaming,1,0,0,0,1.0
1938,453,education,1,1,1,0,7.0
1939,265,dance,1,0,0,0,1.0
1939,485,travel,0,0,0,0,0.0
1939,464,education,1,1,1,0,7.0
1939,494,gaming,1,0,0,0,1.0
1939,22,education,1,1,0,0,3.0
1939,154,sports,1,0,0,0,1.0
1939,389,travel,0,0,0,0,0.0
1940,315,travel,1,0,0,0,1.0
1940,92,comedy,0,0,0,0,0.0
1940,329,comedy,1,1,0,0,3.0
1940,437,comedy,1,0,0,0,1.0
1940,83,gaming,0,0,0,0,0.0
1940,147,sports,0,0,0,0,0.0
1940,199,sports,0,0,0,0,0.0
1940,276,sports,1,1,0,0,3.0
1940,122,gaming,0,0,0,0,0.0
1940,83,comedy,1,1,0,0,3.0
1941,55,dance,1,0,0,0,1.0
1941,193,sports,1,1,0,0,3.0
1941,354,music,1,0,0,0,1.0
1941,187,dance,1,1,0,0,3.0
1941,247,gaming,1,1,0,0,3.0
1941,430,gaming,0,0,0,0,0.0
1941,268,music,1,0,0,0,1.0
1942,291,cooking,1,0,0,0,1.0
1942,473,cooking,0,0,0,0,0.0
1942,446,sports,1,1,1,0,7.0
1942,155,dance,1,0,0,0,1.0
1942,175,education,1,0,0,0,1.0
1942,267,music,1,0,0,0,1.0
1942,325,music,0,0,0,0,0.0
1942,454,comedy,0,0,0,0,0.0
1942,1,dance,1,0,0,0,1.0
1942,262,gaming,1,0,0,0,1.0
1942,111,gaming,1,0,0,0,1.0
1942,278,cooking,1,1,0,1,6.0
1942,350,comedy,1,0,0,0,1.0
1943,287,education,1,0,0,0,1.0
1943,269,cooking,1,0,0,0,1.0
1943,456,travel,1,0,0,0,1.0
1943,112,education,0,0,0,0,0.0
1943,147,gaming,1,1,0,0,3.0
1943,282,comedy,1,1,0,0,3.0
1943,369,cooking,1,0,0,0,1.0
1943,82,dance,1,1,0,0,3.0
1944,164,gaming,1,0,0,0,1.0
1944,196,music,0,0,0,0,0.0
1944,41,travel,0,0,0,0,0.0
1944,15,cooking,1,0,0,0,1.0
1944,125,gaming,1,1,1,0,7.0
1944,482,music,1,0,0,0,1.0
1944,61,gaming,1,1,0,0,3.0
1944,115,gaming,1,0,0,0,1.0
1944,66,music,1,1,0,0,3.0
1944,306,sports,1,0,0,0,1.0
1944,199,education,1,0,0,0,1.0
1944,110,travel,0,0,0,0,0.0
1945,394,education,1,0,0,0,1.0
1945,318,education,1,0,0,0,1.0
1945,179,education,0,0,0,0,0.0
1945,450,education,0,0,0,0,0.0
1945,342,education,1,0,0,0,1.0
1945,376,sports,1,1,0,0,3.0
1945,477,dance,1,0,0,0,1.0
1945,186,cooking,0,0,0,0,0.0
1945,174,travel,0,0,0,0,0.0
1946,311,sports,1,0,0,0,1.0
1946,437,gaming,0,0,0,0,0.0
1946,332,gaming,1,1,0,0,3.0
1946,499,cooking,1,1,0,0,3.0
1946,8,gaming,0,0,0,0,0.0
1946,484,education,1,0,0,0,1.0
1946,56,education,1,0,0,0,1.0
1946,494,education,1,0,0,0,1.0
1946,369,music,1,0,0,1,4.0
1946,305,education,1,0,0,0,1.0
1946,219,gaming,1,0,0,0,1.0
1946,81,gaming,0,0,0,0,0.0
1946,377,music,1,0,0,0,1.0
1946,336,comedy,1,0,0,0,1.0
1946,361,music,1,1,0,0,3.0
1946,301,gaming,0,0,0,0,0.0
1946,272,education,1,0,0,0,1.0
1947,289,education,1,1,0,0,3.0
1947,438,cooking,1,0,0,0,1.0
1947,362,comedy,1,0,0,0,1.0
1947,272,travel,1,1,0,0,3.0
1947,203,music,1,1,0,0,3.0
1947,122,music,1,0,0,0,1.0
1947,22,comedy,1,0,0,0,1.0
1947,302,comedy,1,0,0,0,1.0
1947,376,music,1,0,0,0,1.0
1947,179,travel,1,0,0,0,1.0
1947,223,music,1,1,0,0,3.0
1947,246,comedy,1,0,0,0,1.0
1947,427,education,0,0,0,0,0.0
1947,156,gaming,1,0,0,0,1.0
1947,53,music,1,1,0,0,3.0
1947,475,music,1,0,0,0,1.0
1948,459,dance,1,0,0,0,1.0
1948,240,gaming,0,0,0,0,0.0
1948,220,travel,1,1,0,0,3.0
1948,43,sports,1,0,0,0,1.0
1948,403,gaming,0,0,0,0,0.0
1948,1,sports,0,0,0,0,0.0
1948,151,gaming,1,1,0,0,3.0
1948,257,education,1,0,0,0,1.0
1948,463,travel,1,0,0,1,4.0
1948,236,gaming,1,0,0,0,1.0
1948,495,travel,1,0,0,0,1.0
1948,243,travel,0,0,0,0,0.0
1948,181,education,1,1,0,0,3.0
1949,320,dance,0,0,0,0,0.0
1949,33,travel,1,0,0,0,1.0
1949,314,cooking,1,1,0,0,3.0
1949,472,dance,1,0,0,1,4.0
1949,158,dance,1,1,0,0,3.0
1949,462,cooking,1,0,0,1,4.0
1949,22,cooking,0,0,0,0,0.0
1949,380,comedy,1,0,0,0,1.0
1949,420,cooking,1,0,0,0,1.0
1950,18,comedy,1,0,0,0,1.0
1950,492,travel,0,0,0,0,0.0
1950,216,comedy,1,1,0,0,3.0
1950,114,education,0,0,0,0,0.0
1950,114,comedy,0,0,0,0,0.0
1950,140,comedy,1,0,0,0,1.0
1950,321,comedy,1,0,0,1,4.0
1950,321,comedy,0,0,0,0,0.0
1950,15,comedy,1,0,0,0,1.0
1950,111,sports,0,0,0,0,0.0
1950,379,music,1,0,0,0,1.0
1950,117,travel,0,0,0,0,0.0
1951,470,dance,1,0,0,0,1.0
1951,353,education,1,1,0,0,3.0
1951,290,music,1,0,0,0,1.0
1951,43,travel,1,0,0,0,1.0
1951,290,dance,1,0,0,0,1.0
1951,54,education,1,0,0,0,1.0
1951,71,sports,0,0,0,0,0.0
1951,324,sports,1,1,0,0,3.0
1951,19,dance,1,1,0,0,3.0
1951,368,dance,1,0,0,0,1.0
1951,195,cooking,1,1,0,0,3.0
1951,77,cooking,1,0,0,0,1.0
1952,491,cooking,1,0,0,0,1.0
1952,329,education,1,0,0,0,1.0
1952,195,gaming,1,0,0,0,1.0
1952,460,education,1,0,0,0,1.0
1952,204,gaming,1,0,0,0,1.0
1952,2,education,1,0,0,0,1.0
1952,236,education,1,1,0,0,3.0
1953,266,music,0,0,0,0,0.0
1953,411,sports,0,0,0,0,0.0
1953,413,travel,1,0,0,0,1.0
1953,498,education,1,1,0,0,3.0
1953,196,comedy,0,0,0,0,0.0
1953,182,gaming,0,0,0,0,0.0
1953,222,music,1,0,0,0,1.0
1953,134,dance,1,0,0,0,1.0
1953,309,music,1,1,0,0,3.0
1953,23,sports,1,0,0,0,1.0
1953,57,sports,0,0,0,0,0.0
1953,226,gaming,0,0,0,0,0.0
1953,426,gaming,1,0,0,0,1.0
1953,376,gaming,1,1,0,0,3.0
1953,298,gaming,1,1,0,0,3.0
1953,454,education,1,0,0,0,1.0
1953,295,sports,0,0,0,0,0.0
1953,407,sports,0,0,0,0,0.0
1953,434,music,1,1,0,0,3.0
1954,432,dance,1,0,0,0,1.0
1954,178,music,1,0,0,0,1.0
1954,362,music,1,0,0,0,1.0
1954,84,education,1,1,0,0,3.0
1954,102,dance,1,0,0,0,1.0
1954,165,dance,1,0,0,0,1.0
1954,76,gaming,1,0,0,0,1.0
1954,22,comedy,1,0,0,0,1.0
1954,351,dance,1,0,0,0,1.0
1954,1,gaming,1,1,0,0,3.0
1954,400,dance,1,0,0,0,1.0
1954,404,education,0,0,0,0,0.0
1955,230,cooking,1,0,0,0,1.0
1955,424,gaming,1,1,0,0,3.0
1955,495,cooking,0,0,0,0,0.0
1955,217,gaming,0,0,0,0,0.0
1955,111,travel,1,0,0,0,1.0
1955,255,cooking,1,1,0,0,3.0
1955,20,dance,1,1,1,0,7.0
1955,438,travel,1,0,0,0,1.0
1955,487,sports,1,0,0,0,1.0
1955,172,gaming,1,0,0,0,1.0
1955,239,cooking,1,0,0,0,1.0
1955,273,dance,1,0,0,0,1.0
1955,245,education,1,0,0,1,4.0
1956,388,sports,1,0,0,0,1.0
1956,31,sports,1,0,0,0,1.0
1956,69,travel,1,1,0,0,3.0
1956,313,dance,1,0,0,0,1.0
1956,86,travel,1,0,0,0,1.0
1956,406,travel,1,1,0,0,3.0
1956,221,music,1,0,0,0,1.0
1956,422,travel,1,0,0,0,1.0
1956,128,travel,1,0,0,0,1.0
1956,277,music,1,0,0,0,1.0
1956,349,dance,1,0,0,0,1.0
1956,362,travel,1,1,0,0,3.0
1956,230,travel,1,0,0,0,1.0
1957,93,comedy,1,1,0,0,3.0
1957,66,comedy,1,0,0,0,1.0
1957,134,comedy,1,0,0,1,4.0
1957,141,travel,1,0,0,0,1.0
1957,434,comedy,1,0,0,0,1.0
1957,183,comedy,1,0,0,0,1.0
1957,170,dance,1,0,0,0,1.0
1957,432,comedy,0,0,0,0,0.0
1957,58,dance,1,0,0,0,1.0
1957,50,comedy,1,1,0,1,6.0
1957,465,comedy,0,0,0,0,0.0
1957,29,music,1,0,0,0,1.0
1957,420,comedy,0,0,0,0,0.0
1957,366,travel,0,0,0,0,0.0
1957,275,comedy,1,0,0,0,1.0
1958,261,gaming,1,1,0,0,3.0
1958,306,comedy,1,1,1,0,7.0
1958,21,education,0,0,0,0,0.0
1958,484,dance,1,0,0,0,1.0
1958,28,gaming,1,0,0,1,4.0
1958,12,gaming,1,1,0,0,3.0
1958,266,gaming,0,0,0,0,0.0
1958,482,music,0,0,0,0,0.0
1959,340,education,1,0,0,0,1.0
1959,59,education,0,0,0,0,0.0
1959,333,sports,0,0,0,0,0.0
1959,41,travel,1,0,0,0,1.0
1959,94,education,1,1,0,0,3.0
1959,425,comedy,1,0,0,0,1.0
1959,97,sports,1,0,0,0,1.0
1959,240,education,1,0,0,0,1.0
1959,55,education,0,0,0,0,0.0
1959,262,gaming,1,0,0,0,1.0
1959,215,education,1,1,0,0,3.0
1959,328,gaming,1,1,0,0,3.0
1959,352,education,1,1,0,0,3.0
1959,226,travel,1,1,0,0,3.0
1959,241,travel,1,1,0,0,3.0
1959,70,education,1,0,0,0,1.0
1960,480,travel,1,0,0,0,1.0
1960,349,travel,0,0,0,0,0.0
1960,266,gaming,0,0,0,0,0.0
1960,365,gaming,0,0,0,0,0.0
1960,251,dance,1,1,0,0,3.0
1960,309,sports,1,0,0,0,1.0
1960,40,cooking,1,0,0,0,1.0
1960,27,music,1,0,0,0,1.0
1960,274,cooking,1,1,0,0,3.0
1960,10,dance,1,0,0,0,1.0
1961,331,dance,0,0,0,0,0.0
1961,51,comedy,1,1,0,0,3.0
1961,315,comedy,1,0,0,0,1.0
1961,280,gaming,1,0,0,0,1.0
1961,253,travel,1,0,0,0,1.0
1961,110,comedy,0,0,0,0,0.0
1961,276,sports,1,1,0,0,3.0
1961,251,gaming,0,0,0,0,0.0
1961,423,comedy,1,1,0,0,3.0
1961,456,comedy,1,0,0,0,1.0
1961,184,travel,1,1,0,0,3.0
1961,211,travel,1,0,0,0,1.0
1961,229,sports,1,0,0,0,1.0
1961,452,sports,1,0,0,0,1.0
1961,205,sports,0,0,0,0,0.0
1962,138,dance,0,0,0,0,0.0
1962,60,comedy,1,0,0,0,1.0
1962,410,music,1,0,0,0,1.0
1962,92,sports,1,0,0,0,1.0
1962,273,sports,1,0,0,0,1.0
1962,139,education,1,0,0,0,1.0
1962,398,travel,0,0,0,0,0.0
1962,106,comedy,1,0,0,0,1.0
1962,490,education,0,0,0,0,0.0
1963,491,music,0,0,0,0,0.0
1963,299,education,1,1,0,0,3.0
1963,480,gaming,0,0,0,0,0.0
1963,418,comedy,1,0,0,0,1.0
1963,240,gaming,1,1,0,0,3.0
1963,483,music,1,0,0,0,1.0
1963,190,gaming,1,0,0,0,1.0
1963,307,education,1,1,0,0,3.0
1963,306,music,1,1,0,0,3.0
1963,121,education,1,0,0,0,1.0
1963,454,music,1,0,0,0,1.0
1963,97,gaming,1,0,0,0,1.0
1963,409,gaming,0,0,0,0,0.0
1964,21,gaming,0,0,0,0,0.0
1964,322,travel,1,1,0,0,3.0
1964,354,sports,1,1,0,0,3.0
1964,280,comedy,1,0,0,0,1.0
1964,112,sports,1,0,0,0,1.0
1964,142,sports,1,0,0,0,1.0
1964,441,sports,1,1,0,1,6.0
1964,325,sports,1,0,0,1,4.0
1964,156,sports,1,0,0,0,1.0
1964,338,sports,1,0,0,0,1.0
1964,226,cooking,1,1,0,0,3.0
1964,369,cooking,0,0,0,0,0.0
1964,71,comedy,0,0,0,0,0.0
1965,33,music,1,0,0,0,1.0
1965,139,music,1,0,0,0,1.0
1965,283,travel,0,0,0,0,0.0
1965,231,gaming,1,0,0,0,1.0
1965,221,education,1,1,0,0,3.0
1965,149,dance,1,0,0,0,1.0
1965,185,travel,0,0,0,0,0.0
1965,484,music,1,1,1,0,7.0
1966,439,music,1,0,0,0,1.0
1966,312,sports,1,0,0,0,1.0
1966,370,education,1,0,0,0,1.0
1966,301,sports,1,0,0,0,1.0
1966,113,education,1,1,0,0,3.0
1966,356,cooking,0,0,0,0,0.0
1966,81,music,1,1,0,0,3.0
1966,413,education,1,1,0,0,3.0
1967,471,education,1,1,0,0,3.0
1967,209,travel,1,0,0,0,1.0
1967,332,travel,1,0,0,0,1.0
1967,348,travel,1,1,0,0,3.0
1967,313,travel,1,1,0,0,3.0
1967,354,travel,1,1,0,1,6.0
1967,451,comedy,1,1,0,0,3.0
1967,401,gaming,1,0,0,0,1.0
1967,161,cooking,0,0,0,0,0.0
1968,15,gaming,0,0,0,0,0.0
1968,300,education,1,1,0,0,3.0
1968,378,travel,1,0,0,0,1.0
1968,357,comedy,1,0,0,0,1.0
1968,127,comedy,0,0,0,0,0.0
1968,199,education,1,0,0,0,1.0
1968,389,music,0,0,0,0,0.0
1968,472,gaming,1,0,0,0,1.0
1968,265,comedy,1,0,0,0,1.0
1968,104,gaming,1,0,0,0,1.0
1968,37,travel,0,0,0,0,0.0
1968,97,comedy,1,1,0,0,3.0
1968,310,education,1,0,0,1,4.0
1968,200,travel,1,0,0,0,1.0
1968,140,sports,0,0,0,0,0.0
1969,244,education,1,0,0,0,1.0
1969,304,sports,1,0,0,0,1.0
1969,42,travel,1,0,0,0,1.0
1969,133,music,1,0,0,0,1.0
1969,288,education,1,0,0,0,1.0
1969,112,education,1,0,0,0,1.0
1969,224,music,1,0,0,0,1.0
1970,157,education,0,0,0,0,0.0
1970,312,education,1,0,0,0,1.0
1970,456,sports,1,1,0,1,6.0
1970,32,education,1,0,0,0,1.0
1970,187,travel,0,0,0,0,0.0
1970,95,gaming,1,0,0,0,1.0
1970,73,comedy,0,0,0,0,0.0
1970,22,travel,1,0,0,0,1.0
1970,74,travel,1,1,0,0,3.0
1970,151,education,1,0,0,0,1.0
1970,32,gaming,0,0,0,0,0.0
1970,398,travel,1,1,0,0,3.0
1970,39,gaming,1,0,0,0,1.0
1970,312,gaming,1,0,0,0,1.0
1970,156,education,0,0,0,0,0.0
1970,108,gaming,0,0,0,0,0.0
1971,325,dance,1,1,1,0,7.0
1971,231,travel,1,0,0,0,1.0
1971,289,cooking,1,0,0,1,4.0
1971,425,travel,0,0,0,0,0.0
1971,194,music,1,0,0,0,1.0
1971,264,travel,1,0,0,0,1.0
1971,118,dance,1,0,0,0,1.0
1971,353,cooking,1,0,0,0,1.0
1971,419,education,1,0,0,0,1.0
1971,103,cooking,1,1,0,0,3.0
1971,296,travel,1,0,0,0,1.0
1972,316,sports,1,0,0,0,1.0
1972,448,sports,1,0,0,0,1.0
1972,166,dance,0,0,0,0,0.0
1972,243,dance,1,1,0,0,3.0
1972,132,sports,1,0,0,0,1.0
1972,221,dance,1,0,0,0,1.0
1972,412,cooking,0,0,0,0,0.0
1972,169,dance,1,0,0,0,1.0
1972,244,dance,1,0,0,0,1.0
1973,262,gaming,0,0,0,0,0.0
1973,51,travel,1,0,0,0,1.0
1973,350,comedy,1,0,0,0,1.0
1973,97,cooking,1,0,0,0,1.0
1973,199,sports,1,1,0,1,6.0
1973,337,travel,1,0,0,0,1.0
1973,200,gaming,1,0,0,0,1.0
1973,119,sports,1,0,0,0,1.0
1973,387,cooking,0,0,0,0,0.0
1973,383,dance,0,0,0,0,0.0
1973,106,travel,1,0,0,0,1.0
1974,382,cooking,1,1,0,0,3.0
1974,183,sports,1,0,0,0,1.0
1974,39,cooking,1,1,0,0,3.0
1974,101,music,0,0,0,0,0.0
1974,495,cooking,1,0,0,0,1.0
1974,39,cooking,1,1,1,0,7.0
1974,216,cooking,1,0,0,0,1.0
1974,438,cooking,1,0,0,0,1.0
1974,325,comedy,1,1,0,0,3.0
1975,468,education,0,0,0,0,0.0
1975,312,gaming,0,0,0,0,0.0
1975,406,education,1,1,0,0,3.0
1975,453,education,1,0,0,1,4.0
1975,218,gaming,0,0,0,0,0.0
1975,371,education,0,0,0,0,0.0
1975,288,sports,0,0,0,0,0.0
1975,113,gaming,1,0,0,0,1.0
1975,222,gaming,1,0,0,0,1.0
1976,68,dance,1,0,0,0,1.0
1976,50,gaming,1,0,0,0,1.0
1976,235,comedy,1,0,0,0,1.0
1976,233,music,0,0,0,0,0.0
1976,498,cooking,1,0,0,0,1.0
1976,89,cooking,1,1,1,0,7.0
1976,390,dance,1,0,0,0,1.0
1976,302,dance,1,0,0,0,1.0
1976,436,dance,0,0,0,0,0.0
1976,335,dance,1,1,0,0,3.0
1976,279,dance,1,0,0,0,1.0
1977,51,dance,1,1,0,0,3.0
1977,364,gaming,1,1,0,0,3.0
1977,353,comedy,1,0,0,0,1.0
1977,423,cooking,1,0,0,0,1.0
1977,481,cooking,1,0,0,0,1.0
1977,130,cooking,1,0,0,0,1.0
1977,50,gaming,1,0,0,0,1.0
1977,184,cooking,0,0,0,0,0.0
1977,171,comedy,1,0,0,0,1.0
1977,383,comedy,1,0,0,0,1.0
1977,241,gaming,1,0,0,0,1.0
1977,95,travel,1,0,0,1,4.0
1977,313,cooking,1,1,0,0,3.0
1978,440,education,1,0,0,0,1.0
1978,282,travel,0,0,0,0,0.0
1978,31,travel,1,0,0,0,1.0
1978,245,sports,1,0,0,0,1.0
1978,200,travel,1,0,0,0,1.0
1978,73,travel,1,0,0,0,1.0
1978,229,comedy,1,0,0,0,1.0
1978,329,travel,1,0,0,0,1.0
1978,387,gaming,1,1,0,0,3.0
1978,492,travel,1,1,0,0,3.0
1979,242,music,1,1,0,0,3.0
1979,376,sports,1,0,0,0,1.0
1980,150,travel,1,1,0,0,3.0
1980,78,sports,1,1,0,0,3.0
1980,48,comedy,1,0,0,0,1.0
1980,128,gaming,0,0,0,0,0.0
1980,239,gaming,1,0,0,0,1.0
1980,302,gaming,1,1,0,0,3.0
1980,404,gaming,1,0,0,0,1.0
1980,318,comedy,1,0,0,0,1.0
1981,344,cooking,1,0,0,0,1.0
1981,301,music,1,1,0,0,3.0
1981,271,cooking,1,0,0,0,1.0
1981,250,travel,0,0,0,0,0.0
1981,28,gaming,1,0,0,0,1.0
1981,200,comedy,0,0,0,0,0.0
1981,33,sports,1,0,0,0,1.0
1981,184,comedy,0,0,0,0,0.0
1981,406,education,1,0,0,0,1.0
1981,360,cooking,1,0,0,0,1.0
1981,285,comedy,0,0,0,0,0.0
1981,289,cooking,1,1,0,0,3.0
1981,228,comedy,0,0,0,0,0.0
1982,360,dance,1,0,0,0,1.0
1982,102,cooking,0,0,0,0,0.0
1982,108,dance,1,0,0,0,1.0
1982,280,cooking,1,1,0,0,3.0
1982,233,cooking,1,1,1,0,7.0
1982,152,cooking,0,0,0,0,0.0
1982,331,cooking,1,0,0,0,1.0
1982,445,cooking,1,0,0,0,1.0
1982,9,cooking,1,0,0,0,1.0
1982,243,cooking,1,0,0,0,1.0
1983,71,travel,1,0,0,0,1.0
1983,263,music,1,1,0,0,3.0
1983,293,music,1,0,0,0,1.0
1983,346,music,1,1,0,1,6.0
1983,414,sports,1,1,0,0,3.0
1983,385,sports,1,0,0,0,1.0
1983,329,sports,1,1,0,0,3.0
1983,83,sports,1,0,0,0,1.0
1984,250,dance,1,0,0,0,1.0
1984,115,dance,1,1,0,0,3.0
1984,2,music,1,1,0,0,3.0
1984,117,dance,0,0,0,0,0.0
1984,173,sports,1,1,0,0,3.0
1984,386,dance,0,0,0,0,0.0
1984,311,sports,1,0,0,0,1.0
1984,314,comedy,1,1,0,0,3.0
1984,27,sports,1,0,0,0,1.0
1985,49,travel,1,1,1,0,7.0
1985,423,travel,1,1,1,0,7.0
1985,221,music,1,0,0,0,1.0
1985,306,music,0,0,0,0,0.0
1985,392,gaming,1,1,1,0,7.0
1985,59,sports,1,0,0,1,4.0
1985,326,travel,1,0,0,0,1.0
1985,498,sports,1,0,0,0,1.0
1985,203,comedy,1,0,0,0,1.0
1985,494,music,1,1,0,0,3.0
1985,52,travel,1,0,0,0,1.0
1985,198,music,1,1,0,0,3.0
1985,337,music,1,0,0,0,1.0
1985,193,music,1,0,0,0,1.0
1985,321,travel,1,1,0,0,3.0
1985,172,music,1,0,0,0,1.0
1985,363,travel,0,0,0,0,0.0
1985,189,gaming,1,0,0,0,1.0
1985,418,music,1,1,1,0,7.0
1985,166,music,1,1,0,0,3.0
1986,86,cooking,1,0,0,0,1.0
1986,126,comedy,1,0,0,0,1.0
1986,160,music,1,1,0,0,3.0
1986,187,sports,1,0,0,0,1.0
1986,382,music,1,0,0,0,1.0
1986,57,comedy,0,0,0,0,0.0
1986,344,comedy,1,1,0,0,3.0
1986,485,comedy,1,1,0,0,3.0
1986,377,comedy,1,0,0,0,1.0
1986,296,comedy,1,0,0,1,4.0
1986,434,comedy,1,0,0,0,1.0
1986,206,dance,0,0,0,0,0.0
1987,205,dance,1,0,0,0,1.0
1987,41,dance,1,0,0,0,1.0
1987,123,music,1,0,0,0,1.0
1987,36,comedy,1,0,0,0,1.0
1987,315,comedy,0,0,0,0,0.0
1987,498,comedy,1,0,0,1,4.0
1987,12,dance,1,0,0,0,1.0
1987,78,comedy,0,0,0,0,0.0
1987,320,cooking,1,1,0,0,3.0
1987,263,music,1,0,0,0,1.0
1987,81,music,1,1,0,0,3.0
1988,393,travel,1,0,0,0,1.0
1988,472,gaming,1,0,0,0,1.0
1988,44,travel,1,0,0,0,1.0
1988,117,education,1,0,0,0,1.0
1988,141,cooking,1,0,0,0,1.0
1988,349,gaming,1,0,0,0,1.0
1988,37,education,1,0,0,0,1.0
1988,255,travel,1,0,0,1,4.0
1989,0,sports,1,0,0,1,4.0
1989,0,sports,0,0,0,0,0.0
1989,278,dance,1,0,0,0,1.0
1989,263,education,0,0,0,0,0.0
1989,338,travel,0,0,0,0,0.0
1989,260,travel,1,0,0,0,1.0
1989,200,travel,1,0,0,0,1.0
1989,337,music,0,0,0,0,0.0
1989,21,education,1,0,0,0,1.0
1989,187,cooking,1,0,0,0,1.0
1989,216,gaming,1,1,0,0,3.0
1990,43,dance,1,1,0,0,3.0
1990,49,dance,1,1,0,0,3.0
1990,173,dance,1,0,0,1,4.0
1990,28,education,1,0,0,0,1.0
1990,332,dance,0,0,0,0,0.0
1990,275,comedy,1,1,1,0,7.0
1990,310,cooking,0,0,0,0,0.0
1990,166,comedy,0,0,0,0,0.0
1990,132,education,0,0,0,0,0.0
1990,203,gaming,1,1,0,0,3.0
1990,80,comedy,1,0,0,0,1.0
1990,452,comedy,1,0,0,0,1.0
1990,454,dance,1,1,0,0,3.0
1991,405,music,1,0,0,0,1.0
1991,21,music,1,0,0,0,1.0
1991,270,dance,1,1,0,0,3.0
1991,322,music,1,0,0,0,1.0
1991,273,music,1,0,0,0,1.0
1991,209,music,1,1,0,0,3.0
1991,437,music,0,0,0,0,0.0
1991,405,music,1,0,0,0,1.0
1991,285,music,1,0,0,0,1.0
1992,31,sports,0,0,0,0,0.0
1992,145,sports,0,0,0,0,0.0
1992,129,sports,1,0,0,0,1.0
1992,157,travel,0,0,0,0,0.0
1992,175,sports,0,0,0,0,0.0
1992,133,dance,1,1,0,0,3.0
1992,406,sports,0,0,0,0,0.0
1992,151,travel,1,1,0,0,3.0
1992,284,sports,1,0,0,0,1.0
1992,333,travel,1,0,0,0,1.0
1992,490,sports,0,0,0,0,0.0
1992,394,cooking,1,0,0,0,1.0
1993,283,sports,1,0,0,0,1.0
1993,236,sports,1,1,0,0,3.0
1993,310,cooking,1,0,0,0,1.0
1993,303,travel,1,0,0,0,1.0
1993,228,music,1,0,0,0,1.0
1993,71,education,1,1,0,1,6.0
1994,65,cooking,1,0,0,0,1.0
1994,201,cooking,0,0,0,0,0.0
1994,302,sports,1,0,0,0,1.0
1994,444,music,1,1,0,0,3.0
1994,154,music,1,0,0,0,1.0
1994,466,sports,1,0,0,0,1.0
1994,456,dance,0,0,0,0,0.0
1994,497,sports,1,0,0,0,1.0
1994,55,music,1,0,0,0,1.0
1994,387,travel,1,0,0,0,1.0
1994,209,dance,1,0,0,0,1.0
1994,9,sports,1,0,0,0,1.0
1994,341,comedy,1,1,0,0,3.0
1994,274,music,1,0,0,0,1.0
1994,64,dance,1,0,0,0,1.0
1994,205,sports,1,0,0,0,1.0
1994,361,sports,1,0,0,0,1.0
1994,283,sports,0,0,0,0,0.0
1995,2,travel,0,0,0,0,0.0
1995,254,cooking,0,0,0,0,0.0
1995,33,music,1,1,0,0,3.0
1995,58,music,1,0,0,0,1.0
1995,71,cooking,1,1,0,0,3.0
1995,170,education,1,0,0,0,1.0
1996,149,education,1,1,0,0,3.0
1996,309,music,1,0,0,0,1.0
1996,152,travel,1,0,0,0,1.0
1996,143,music,0,0,0,0,0.0
1996,451,music,1,0,0,0,1.0
1996,338,education,0,0,0,0,0.0
1996,22,music,0,0,0,0,0.0
1996,191,gaming,1,0,0,0,1.0
1996,270,gaming,1,1,0,0,3.0
1996,229,gaming,1,1,0,0,3.0
1996,146,gaming,1,1,0,0,3.0
1997,25,cooking,1,0,0,0,1.0
1997,96,music,0,0,0,0,0.0
1997,326,comedy,1,0,0,0,1.0
1997,37,travel,1,0,0,0,1.0
1997,328,cooking,0,0,0,0,0.0
1997,20,cooking,1,1,0,0,3.0
1997,387,music,1,1,0,0,3.0
1997,14,cooking,1,1,0,0,3.0
1997,472,dance,1,0,0,0,1.0
1997,104,cooking,1,0,0,0,1.0
1997,93,dance,1,0,0,0,1.0
1998,59,education,1,0,0,0,1.0
1998,80,education,1,1,0,0,3.0
1998,294,education,1,1,0,0,3.0
1998,418,education,1,1,0,0,3.0
1998,394,travel,1,1,0,0,3.0
1998,328,education,1,0,0,0,1.0
1998,449,education,0,0,0,0,0.0
1998,347,gaming,1,1,0,0,3.0
1999,180,comedy,1,0,0,0,1.0
1999,423,education,1,0,0,1,4.0
1999,43,dance,1,1,1,0,7.0
1999,426,gaming,1,1,1,0,7.0
1999,468,cooking,0,0,0,0,0.0
1999,354,dance,1,1,0,0,3.0
1999,28,gaming,1,0,0,1,4.0
1999,390,travel,1,1,0,0,3.0
1999,378,travel,1,0,0,0,1.0
